Age,Gender,Location,Phone Brand,OS,Screen Time (hrs/day),Data Usage (GB/month),Calls Duration (mins/day),Number of Apps Installed,Social Media Time (hrs/day),E-commerce Spend (INR/month),Streaming Time (hrs/day),Gaming Time (hrs/day),Monthly Recharge Cost (INR),Primary Use,Cluster,Total expenditure,Cluster Name,Actionable Insight
32,Male,Pune,Samsung,Android,11.0,25.6,156.2,146,5.2,1185,3.2,0.3,1560,Entertainment,3,2745,Young Low Spender,Retention / low spend segment
16,Male,Mumbai,Xiaomi,iOS,2.2,2.5,236.2,86,5.5,106,3.4,2.3,742,Social Media,3,848,Young Low Spender,Retention / low spend segment
35,Male,Jaipur,Realme,Android,10.3,32.4,247.1,124,5.2,3347,3.8,4.5,972,Social Media,3,4319,Young Low Spender,Retention / low spend segment
33,Female,Jaipur,Samsung,iOS,1.7,33.2,208.8,121,3.0,3185,4.2,0.5,1046,Entertainment,3,4231,Young Low Spender,Retention / low spend segment
16,Female,Hyderabad,Vivo,Android,1.4,25.5,222.0,141,1.6,1119,2.8,0.4,1118,Gaming,3,2237,Young Low Spender,Retention / low spend segment
29,Female,Bangalore,Realme,Android,7.0,41.7,51.0,130,1.4,2604,3.5,1.6,1154,Education,3,3758,Young Low Spender,Retention / low spend segment
15,Male,Delhi,Vivo,Android,9.2,42.7,230.9,180,0.5,4611,1.0,2.5,210,Gaming,3,4821,Young Low Spender,Retention / low spend segment
40,Female,Lucknow,OnePlus,Android,8.4,25.7,262.8,174,1.3,3010,4.9,3.0,419,Education,3,3429,Young Low Spender,Retention / low spend segment
23,Female,Chennai,Motorola,Android,11.4,48.4,216.8,98,3.2,5026,2.7,4.9,1079,Gaming,3,6105,Young Low Spender,Retention / low spend segment
23,Female,Ahmedabad,Vivo,iOS,10.7,29.0,9.0,175,2.9,633,6.4,0.0,1345,Social Media,3,1978,Young Low Spender,Retention / low spend segment
20,Other,Chennai,Samsung,iOS,11.9,45.5,195.8,150,4.1,479,5.6,1.7,169,Education,3,648,Young Low Spender,Retention / low spend segment
40,Male,Bangalore,Vivo,iOS,2.5,10.6,219.1,113,1.8,238,0.9,2.2,1924,Work,3,2162,Young Low Spender,Retention / low spend segment
23,Other,Hyderabad,Samsung,iOS,4.3,26.4,210.5,53,5.3,1250,7.5,0.6,314,Entertainment,3,1564,Young Low Spender,Retention / low spend segment
19,Male,Bangalore,Realme,iOS,3.1,24.8,82.1,75,3.9,1396,2.0,1.6,1245,Social Media,3,2641,Young Low Spender,Retention / low spend segment
21,Male,Delhi,Motorola,iOS,9.4,15.4,10.6,34,2.5,3130,2.5,4.8,1882,Education,3,5012,Young Low Spender,Retention / low spend segment
32,Other,Mumbai,Vivo,iOS,5.8,27.5,30.0,193,4.0,948,5.6,4.6,122,Social Media,3,1070,Young Low Spender,Retention / low spend segment
25,Male,Bangalore,OnePlus,Android,5.6,38.0,296.5,40,1.5,799,1.0,2.4,1831,Work,3,2630,Young Low Spender,Retention / low spend segment
38,Female,Ahmedabad,OnePlus,iOS,3.2,13.2,206.3,31,3.2,3342,4.2,0.3,1005,Work,3,4347,Young Low Spender,Retention / low spend segment
30,Female,Ahmedabad,Samsung,Android,1.7,10.4,74.0,64,2.5,468,4.9,4.1,1361,Work,3,1829,Young Low Spender,Retention / low spend segment
18,Male,Delhi,Oppo,iOS,5.3,10.4,257.0,116,2.3,4368,7.6,4.2,1359,Gaming,3,5727,Young Low Spender,Retention / low spend segment
24,Female,Delhi,Apple,iOS,11.2,14.7,241.5,158,1.4,563,2.3,3.5,1845,Work,3,2408,Young Low Spender,Retention / low spend segment
31,Male,Ahmedabad,Google Pixel,iOS,6.8,26.2,74.5,150,5.1,1073,1.1,0.8,1393,Work,3,2466,Young Low Spender,Retention / low spend segment
19,Other,Kolkata,Motorola,iOS,6.0,42.2,193.0,101,3.1,4606,2.2,3.9,705,Entertainment,3,5311,Young Low Spender,Retention / low spend segment
26,Other,Pune,Xiaomi,iOS,11.1,1.3,51.9,52,0.6,1308,4.7,1.1,1104,Social Media,3,2412,Young Low Spender,Retention / low spend segment
25,Female,Hyderabad,Nokia,Android,5.0,26.4,216.9,78,4.0,3751,1.7,4.4,1249,Entertainment,3,5000,Young Low Spender,Retention / low spend segment
33,Male,Jaipur,Vivo,Android,10.9,38.0,273.4,198,3.0,305,5.1,2.7,324,Education,3,629,Young Low Spender,Retention / low spend segment
17,Other,Hyderabad,Motorola,Android,11.8,35.2,111.2,140,0.7,856,7.0,2.0,1474,Entertainment,3,2330,Young Low Spender,Retention / low spend segment
22,Male,Mumbai,Google Pixel,Android,8.0,12.9,82.9,113,3.9,2936,4.7,0.0,443,Work,3,3379,Young Low Spender,Retention / low spend segment
29,Female,Kolkata,Motorola,Android,7.8,42.5,71.6,17,4.2,1972,3.7,3.3,990,Social Media,3,2962,Young Low Spender,Retention / low spend segment
29,Female,Jaipur,Xiaomi,iOS,4.8,8.4,253.0,62,5.9,1373,1.4,0.8,1216,Gaming,3,2589,Young Low Spender,Retention / low spend segment
32,Other,Delhi,OnePlus,Android,9.2,43.4,281.8,55,3.5,3082,4.6,3.9,1338,Work,3,4420,Young Low Spender,Retention / low spend segment
28,Female,Hyderabad,Samsung,Android,9.3,48.8,107.2,190,1.4,1623,7.6,2.9,1839,Education,3,3462,Young Low Spender,Retention / low spend segment
19,Female,Chennai,Motorola,iOS,7.2,16.0,163.5,191,1.9,6130,4.8,1.8,1202,Gaming,3,7332,Young Low Spender,Retention / low spend segment
31,Other,Mumbai,Realme,iOS,7.5,29.2,259.3,141,4.5,1991,1.3,1.1,1936,Work,3,3927,Young Low Spender,Retention / low spend segment
24,Male,Delhi,Samsung,Android,6.1,9.0,240.6,126,1.0,1035,3.2,1.3,944,Gaming,3,1979,Young Low Spender,Retention / low spend segment
21,Male,Mumbai,Oppo,iOS,6.5,1.5,115.0,196,2.1,1824,1.8,1.8,727,Entertainment,3,2551,Young Low Spender,Retention / low spend segment
25,Other,Hyderabad,OnePlus,Android,5.2,37.5,218.5,23,3.1,3433,6.6,2.0,147,Education,3,3580,Young Low Spender,Retention / low spend segment
18,Other,Lucknow,Apple,Android,3.7,40.8,226.0,167,0.8,4554,0.9,4.2,411,Social Media,3,4965,Young Low Spender,Retention / low spend segment
19,Male,Lucknow,Vivo,Android,4.1,14.3,134.6,193,4.9,977,6.2,0.2,512,Social Media,3,1489,Young Low Spender,Retention / low spend segment
18,Male,Hyderabad,Apple,Android,6.0,16.7,201.8,43,2.9,4640,5.2,4.6,1497,Entertainment,3,6137,Young Low Spender,Retention / low spend segment
16,Other,Chennai,Samsung,iOS,7.9,6.8,69.8,38,2.8,5468,7.7,4.2,1304,Entertainment,3,6772,Young Low Spender,Retention / low spend segment
34,Other,Kolkata,OnePlus,Android,1.9,1.4,187.6,34,2.5,2706,0.9,4.4,287,Social Media,3,2993,Young Low Spender,Retention / low spend segment
16,Other,Jaipur,Motorola,iOS,11.5,41.2,274.4,122,4.8,206,3.1,1.2,1935,Education,3,2141,Young Low Spender,Retention / low spend segment
38,Male,Jaipur,Nokia,iOS,5.0,27.2,166.8,152,1.8,1111,0.7,4.0,578,Work,3,1689,Young Low Spender,Retention / low spend segment
33,Other,Ahmedabad,Google Pixel,iOS,3.6,36.2,83.9,52,4.9,639,7.9,3.0,1480,Gaming,3,2119,Young Low Spender,Retention / low spend segment
19,Other,Mumbai,Xiaomi,Android,11.7,6.2,81.7,20,3.3,3667,6.1,4.2,722,Social Media,3,4389,Young Low Spender,Retention / low spend segment
30,Male,Mumbai,Realme,Android,5.8,15.2,116.0,10,2.5,1605,4.7,0.2,897,Entertainment,3,2502,Young Low Spender,Retention / low spend segment
42,Female,Mumbai,Realme,Android,10.2,21.4,296.3,175,1.1,2252,3.4,1.1,716,Work,3,2968,Young Low Spender,Retention / low spend segment
32,Other,Hyderabad,Vivo,Android,1.6,9.1,122.1,120,3.7,2559,6.0,1.3,1557,Gaming,3,4116,Young Low Spender,Retention / low spend segment
20,Male,Jaipur,Realme,Android,5.0,33.3,28.3,70,3.1,2828,3.7,2.1,418,Social Media,3,3246,Young Low Spender,Retention / low spend segment
36,Male,Hyderabad,Google Pixel,Android,3.0,41.0,188.4,95,1.8,627,1.7,4.0,1407,Social Media,3,2034,Young Low Spender,Retention / low spend segment
34,Female,Kolkata,Nokia,Android,3.9,43.6,296.2,193,0.8,2430,1.9,4.0,1128,Gaming,3,3558,Young Low Spender,Retention / low spend segment
17,Other,Mumbai,OnePlus,Android,4.1,20.9,29.9,161,5.0,3385,7.8,2.3,1139,Education,3,4524,Young Low Spender,Retention / low spend segment
25,Female,Delhi,Realme,iOS,1.5,19.1,235.2,17,2.0,5411,7.5,4.6,1540,Education,3,6951,Young Low Spender,Retention / low spend segment
21,Male,Ahmedabad,Realme,Android,2.7,25.3,76.5,169,5.9,2312,4.0,1.8,185,Gaming,3,2497,Young Low Spender,Retention / low spend segment
15,Other,Kolkata,Vivo,iOS,11.4,20.4,171.1,47,1.6,4815,7.8,4.2,535,Work,3,5350,Young Low Spender,Retention / low spend segment
20,Female,Jaipur,Oppo,Android,9.3,10.9,103.8,144,3.5,4535,1.7,2.8,1130,Entertainment,3,5665,Young Low Spender,Retention / low spend segment
21,Male,Jaipur,Google Pixel,iOS,12.0,18.0,211.5,113,3.1,1204,1.3,2.0,1766,Work,3,2970,Young Low Spender,Retention / low spend segment
26,Female,Jaipur,Google Pixel,Android,5.5,8.5,207.8,132,1.4,2955,3.0,0.5,388,Entertainment,3,3343,Young Low Spender,Retention / low spend segment
37,Female,Ahmedabad,Xiaomi,iOS,6.2,22.0,206.9,58,3.6,625,3.4,4.1,198,Entertainment,3,823,Young Low Spender,Retention / low spend segment
26,Female,Lucknow,Oppo,iOS,7.0,27.7,199.0,82,3.9,3790,5.4,3.2,1004,Entertainment,3,4794,Young Low Spender,Retention / low spend segment
20,Male,Chennai,Realme,Android,4.0,2.5,219.7,83,4.3,891,0.7,3.4,706,Education,3,1597,Young Low Spender,Retention / low spend segment
25,Female,Mumbai,Motorola,iOS,6.4,8.4,5.7,168,3.4,4312,1.1,2.4,651,Gaming,3,4963,Young Low Spender,Retention / low spend segment
36,Other,Jaipur,Nokia,Android,1.7,1.7,179.2,103,3.0,737,2.6,2.9,810,Entertainment,3,1547,Young Low Spender,Retention / low spend segment
24,Male,Lucknow,Samsung,iOS,11.1,31.5,177.7,94,3.3,6017,1.2,2.3,1413,Work,3,7430,Young Low Spender,Retention / low spend segment
26,Other,Hyderabad,Realme,Android,1.7,39.0,195.8,14,1.8,2268,7.2,1.0,669,Work,3,2937,Young Low Spender,Retention / low spend segment
23,Male,Bangalore,Samsung,Android,2.9,47.3,150.7,92,4.0,3099,2.7,1.9,525,Social Media,3,3624,Young Low Spender,Retention / low spend segment
23,Male,Delhi,Apple,Android,3.1,18.1,231.2,132,3.6,2624,2.3,1.6,1594,Work,3,4218,Young Low Spender,Retention / low spend segment
15,Other,Kolkata,Nokia,iOS,9.5,34.1,26.3,22,3.1,3896,1.3,2.3,782,Entertainment,3,4678,Young Low Spender,Retention / low spend segment
34,Male,Chennai,Oppo,iOS,10.6,28.3,154.5,180,4.5,689,7.0,4.1,708,Education,3,1397,Young Low Spender,Retention / low spend segment
31,Male,Delhi,Motorola,Android,10.4,21.4,60.6,119,1.3,248,7.4,4.9,1984,Education,3,2232,Young Low Spender,Retention / low spend segment
34,Male,Delhi,Realme,Android,3.7,12.8,62.7,111,3.5,1381,8.0,1.8,1500,Education,3,2881,Young Low Spender,Retention / low spend segment
19,Other,Kolkata,Apple,iOS,4.8,29.6,50.4,85,2.7,3899,7.0,0.2,783,Work,3,4682,Young Low Spender,Retention / low spend segment
17,Male,Lucknow,Vivo,Android,2.5,38.1,270.7,119,1.8,5179,6.4,1.3,408,Education,3,5587,Young Low Spender,Retention / low spend segment
15,Other,Mumbai,Google Pixel,iOS,10.9,13.5,97.5,132,2.5,5377,4.6,3.7,1300,Social Media,3,6677,Young Low Spender,Retention / low spend segment
17,Other,Bangalore,Motorola,iOS,8.7,20.9,21.0,34,2.1,1836,2.0,3.0,867,Social Media,3,2703,Young Low Spender,Retention / low spend segment
19,Female,Ahmedabad,Google Pixel,iOS,7.3,46.6,208.3,109,3.8,1010,5.3,2.5,921,Gaming,3,1931,Young Low Spender,Retention / low spend segment
19,Female,Kolkata,Samsung,Android,3.7,32.7,194.3,87,3.4,1306,6.3,2.6,1596,Gaming,3,2902,Young Low Spender,Retention / low spend segment
25,Male,Hyderabad,Oppo,iOS,2.8,31.8,98.3,72,3.9,3966,0.6,1.3,645,Gaming,3,4611,Young Low Spender,Retention / low spend segment
23,Female,Kolkata,Nokia,Android,10.0,17.4,61.9,199,4.3,1817,5.6,2.3,570,Social Media,3,2387,Young Low Spender,Retention / low spend segment
37,Female,Hyderabad,Xiaomi,Android,5.7,42.7,287.5,114,0.6,1074,6.8,1.0,273,Gaming,3,1347,Young Low Spender,Retention / low spend segment
20,Other,Hyderabad,Motorola,Android,5.2,10.2,287.1,169,6.0,479,6.1,4.2,1184,Education,3,1663,Young Low Spender,Retention / low spend segment
16,Male,Bangalore,Oppo,iOS,2.1,7.4,279.6,188,0.7,1474,3.9,0.2,1344,Entertainment,3,2818,Young Low Spender,Retention / low spend segment
21,Other,Ahmedabad,Oppo,Android,6.7,24.6,181.5,53,1.7,2344,3.5,3.0,712,Work,3,3056,Young Low Spender,Retention / low spend segment
30,Male,Pune,Samsung,iOS,2.9,22.9,160.6,79,2.0,2543,1.1,1.5,1970,Entertainment,3,4513,Young Low Spender,Retention / low spend segment
16,Female,Bangalore,Vivo,Android,3.0,48.6,117.7,131,5.2,4244,2.3,2.6,727,Social Media,3,4971,Young Low Spender,Retention / low spend segment
19,Female,Delhi,Nokia,Android,1.1,29.9,98.1,69,2.5,5432,7.6,2.7,792,Gaming,3,6224,Young Low Spender,Retention / low spend segment
40,Female,Kolkata,OnePlus,iOS,9.1,37.3,138.2,154,1.4,643,6.2,4.4,1581,Gaming,3,2224,Young Low Spender,Retention / low spend segment
35,Other,Mumbai,Vivo,iOS,3.9,22.0,144.5,164,1.1,865,1.9,3.3,1716,Education,3,2581,Young Low Spender,Retention / low spend segment
25,Female,Ahmedabad,Vivo,Android,11.0,47.9,265.7,64,2.7,4924,3.2,2.0,1812,Entertainment,3,6736,Young Low Spender,Retention / low spend segment
24,Other,Delhi,Samsung,iOS,5.1,12.6,120.7,19,5.9,1546,1.4,4.8,704,Social Media,3,2250,Young Low Spender,Retention / low spend segment
34,Male,Ahmedabad,Motorola,iOS,6.4,27.2,193.5,83,2.4,571,2.5,2.6,426,Gaming,3,997,Young Low Spender,Retention / low spend segment
22,Male,Mumbai,Xiaomi,iOS,7.6,38.4,73.9,89,5.0,639,6.0,2.9,1976,Entertainment,3,2615,Young Low Spender,Retention / low spend segment
25,Female,Kolkata,Vivo,Android,5.8,6.7,66.9,21,1.5,1121,4.9,0.8,1888,Work,3,3009,Young Low Spender,Retention / low spend segment
31,Other,Jaipur,Apple,Android,9.6,15.1,218.8,19,3.2,578,1.2,2.2,1037,Work,3,1615,Young Low Spender,Retention / low spend segment
19,Other,Delhi,Vivo,iOS,6.5,11.9,167.3,92,4.1,1710,2.7,2.2,295,Education,3,2005,Young Low Spender,Retention / low spend segment
32,Female,Delhi,Realme,iOS,2.9,7.7,101.2,98,2.3,4794,7.4,4.4,1300,Social Media,3,6094,Young Low Spender,Retention / low spend segment
25,Other,Jaipur,Google Pixel,Android,3.1,19.9,222.7,198,2.9,2628,2.0,3.4,1860,Education,3,4488,Young Low Spender,Retention / low spend segment
21,Male,Delhi,Nokia,iOS,11.8,10.3,144.3,124,5.0,3120,0.8,2.5,1012,Education,3,4132,Young Low Spender,Retention / low spend segment
32,Female,Kolkata,Oppo,Android,9.0,7.1,70.1,140,4.7,2214,7.4,1.7,789,Education,3,3003,Young Low Spender,Retention / low spend segment
23,Male,Delhi,Xiaomi,iOS,10.7,36.7,252.5,84,1.2,1654,4.6,1.6,1798,Social Media,3,3452,Young Low Spender,Retention / low spend segment
16,Other,Jaipur,OnePlus,iOS,1.8,8.4,127.0,200,2.5,7755,3.6,2.2,1845,Gaming,3,9600,Young Low Spender,Retention / low spend segment
26,Other,Mumbai,Vivo,Android,4.3,22.4,82.4,18,5.8,2430,3.4,0.0,1075,Entertainment,3,3505,Young Low Spender,Retention / low spend segment
17,Other,Pune,Samsung,Android,3.4,47.4,76.0,24,1.6,4666,7.8,3.6,269,Gaming,3,4935,Young Low Spender,Retention / low spend segment
16,Male,Lucknow,Google Pixel,Android,10.5,11.1,264.7,13,5.8,3720,3.5,4.8,241,Work,3,3961,Young Low Spender,Retention / low spend segment
34,Other,Mumbai,Google Pixel,Android,5.9,21.8,167.3,16,2.5,1327,2.5,4.4,590,Work,3,1917,Young Low Spender,Retention / low spend segment
30,Female,Ahmedabad,Realme,Android,11.2,17.6,223.4,146,1.0,669,6.2,2.4,1823,Education,3,2492,Young Low Spender,Retention / low spend segment
32,Female,Jaipur,Apple,iOS,11.3,16.4,78.6,61,1.7,4370,1.3,4.9,939,Social Media,3,5309,Young Low Spender,Retention / low spend segment
30,Other,Pune,Vivo,iOS,11.7,34.4,9.5,115,3.3,892,5.9,4.2,1639,Education,3,2531,Young Low Spender,Retention / low spend segment
20,Female,Pune,Xiaomi,iOS,5.3,22.3,196.6,18,5.3,108,3.6,1.3,390,Entertainment,3,498,Young Low Spender,Retention / low spend segment
21,Female,Kolkata,Google Pixel,iOS,4.6,28.4,99.4,103,0.9,1233,4.6,1.1,1317,Gaming,3,2550,Young Low Spender,Retention / low spend segment
21,Other,Chennai,Google Pixel,Android,8.8,47.9,46.6,73,1.0,2018,4.8,2.4,119,Education,3,2137,Young Low Spender,Retention / low spend segment
17,Male,Pune,OnePlus,iOS,4.8,33.8,12.4,86,2.4,4220,4.2,1.2,1524,Social Media,3,5744,Young Low Spender,Retention / low spend segment
19,Other,Pune,Vivo,iOS,9.5,36.6,223.8,34,5.3,3685,2.0,0.1,1092,Social Media,3,4777,Young Low Spender,Retention / low spend segment
17,Male,Mumbai,Xiaomi,Android,6.5,33.8,214.7,40,1.7,2733,3.1,4.4,229,Social Media,3,2962,Young Low Spender,Retention / low spend segment
19,Other,Lucknow,Motorola,Android,9.6,40.5,5.7,13,5.3,1440,5.4,1.2,1808,Social Media,3,3248,Young Low Spender,Retention / low spend segment
22,Male,Bangalore,Realme,iOS,3.8,33.3,162.0,104,0.8,3717,1.2,2.5,258,Social Media,3,3975,Young Low Spender,Retention / low spend segment
17,Male,Kolkata,Oppo,Android,10.2,15.4,22.6,47,3.2,2373,4.4,2.9,1751,Gaming,3,4124,Young Low Spender,Retention / low spend segment
38,Male,Chennai,Motorola,Android,6.3,2.9,174.6,181,2.3,3065,5.8,2.5,187,Education,3,3252,Young Low Spender,Retention / low spend segment
17,Other,Mumbai,Motorola,iOS,2.7,33.6,82.2,33,1.2,4740,6.5,4.3,302,Entertainment,3,5042,Young Low Spender,Retention / low spend segment
22,Other,Bangalore,Vivo,Android,10.3,13.9,84.8,80,2.0,2648,1.8,2.2,108,Gaming,3,2756,Young Low Spender,Retention / low spend segment
33,Other,Bangalore,Motorola,Android,2.4,37.2,200.4,186,0.6,649,7.8,2.7,1255,Social Media,3,1904,Young Low Spender,Retention / low spend segment
27,Female,Hyderabad,OnePlus,iOS,10.1,34.7,257.3,17,4.8,2035,6.6,0.3,1064,Work,3,3099,Young Low Spender,Retention / low spend segment
29,Other,Ahmedabad,Apple,iOS,8.8,22.9,77.0,166,4.7,3383,6.4,4.7,1569,Gaming,3,4952,Young Low Spender,Retention / low spend segment
17,Female,Bangalore,OnePlus,iOS,3.8,2.4,296.7,87,5.7,543,5.1,1.7,842,Entertainment,3,1385,Young Low Spender,Retention / low spend segment
21,Female,Chennai,Oppo,iOS,11.0,28.7,223.3,151,4.7,2597,7.9,3.9,1318,Entertainment,3,3915,Young Low Spender,Retention / low spend segment
31,Male,Pune,Vivo,Android,1.2,12.0,297.8,107,3.1,3584,1.5,4.8,1722,Gaming,3,5306,Young Low Spender,Retention / low spend segment
28,Other,Bangalore,Google Pixel,iOS,6.5,7.3,38.4,49,4.0,1975,6.8,0.8,1617,Entertainment,3,3592,Young Low Spender,Retention / low spend segment
22,Other,Pune,Samsung,Android,11.8,42.9,284.4,165,0.8,2874,2.2,3.4,779,Work,3,3653,Young Low Spender,Retention / low spend segment
41,Other,Bangalore,Vivo,Android,5.8,37.5,220.3,154,0.7,1188,1.3,0.3,655,Gaming,3,1843,Young Low Spender,Retention / low spend segment
32,Male,Hyderabad,Oppo,iOS,8.7,46.0,196.7,144,3.6,2781,0.9,1.7,953,Gaming,3,3734,Young Low Spender,Retention / low spend segment
18,Male,Pune,Google Pixel,iOS,6.9,19.4,113.4,159,3.8,2399,4.9,2.2,912,Education,3,3311,Young Low Spender,Retention / low spend segment
17,Male,Pune,OnePlus,Android,1.2,36.5,235.3,19,4.3,157,3.5,2.4,466,Entertainment,3,623,Young Low Spender,Retention / low spend segment
17,Male,Jaipur,Samsung,Android,11.7,28.2,59.9,155,1.6,5046,7.3,1.5,634,Work,3,5680,Young Low Spender,Retention / low spend segment
36,Female,Pune,Nokia,iOS,5.0,45.0,242.9,136,1.0,1087,6.3,4.1,1721,Work,3,2808,Young Low Spender,Retention / low spend segment
23,Male,Bangalore,Vivo,Android,9.6,7.8,215.5,162,1.5,4889,5.5,2.4,1850,Work,3,6739,Young Low Spender,Retention / low spend segment
15,Other,Delhi,OnePlus,iOS,11.8,37.8,176.1,10,4.6,4886,4.5,4.0,1298,Social Media,3,6184,Young Low Spender,Retention / low spend segment
15,Female,Pune,Nokia,Android,11.6,30.5,82.4,38,0.7,2083,2.0,1.4,1969,Education,3,4052,Young Low Spender,Retention / low spend segment
18,Other,Jaipur,Apple,iOS,3.4,34.7,166.7,123,4.8,3933,3.1,3.2,292,Entertainment,3,4225,Young Low Spender,Retention / low spend segment
19,Female,Ahmedabad,Vivo,Android,2.6,11.2,231.9,121,3.1,2408,5.3,4.4,479,Work,3,2887,Young Low Spender,Retention / low spend segment
34,Male,Hyderabad,Xiaomi,iOS,4.3,36.0,67.8,37,3.7,830,7.2,0.5,277,Entertainment,3,1107,Young Low Spender,Retention / low spend segment
17,Female,Delhi,Apple,iOS,2.9,34.6,118.2,155,2.5,3928,7.3,1.0,788,Social Media,3,4716,Young Low Spender,Retention / low spend segment
16,Male,Bangalore,Xiaomi,iOS,8.9,9.4,84.0,161,2.9,1439,1.2,3.8,1348,Entertainment,3,2787,Young Low Spender,Retention / low spend segment
33,Female,Hyderabad,Oppo,iOS,6.5,2.0,164.2,125,3.9,4491,0.6,3.0,1524,Gaming,3,6015,Young Low Spender,Retention / low spend segment
32,Female,Lucknow,Apple,iOS,2.5,33.5,249.3,71,3.1,2776,6.9,1.1,254,Work,3,3030,Young Low Spender,Retention / low spend segment
30,Other,Delhi,Google Pixel,iOS,4.2,39.4,245.9,182,4.8,3158,3.7,3.9,337,Education,3,3495,Young Low Spender,Retention / low spend segment
24,Female,Chennai,Google Pixel,Android,2.2,4.7,142.2,55,2.0,749,2.2,3.0,1115,Entertainment,3,1864,Young Low Spender,Retention / low spend segment
19,Other,Kolkata,Oppo,iOS,7.8,23.6,175.8,184,2.5,7388,5.0,0.7,845,Education,3,8233,Young Low Spender,Retention / low spend segment
24,Other,Ahmedabad,Oppo,iOS,4.4,18.7,84.5,179,5.9,272,1.4,1.7,1207,Education,3,1479,Young Low Spender,Retention / low spend segment
33,Female,Bangalore,Nokia,Android,9.6,30.9,61.7,100,3.1,5328,7.6,1.4,385,Social Media,3,5713,Young Low Spender,Retention / low spend segment
19,Female,Chennai,Samsung,iOS,5.7,29.3,92.3,123,5.0,4371,7.5,0.9,799,Social Media,3,5170,Young Low Spender,Retention / low spend segment
31,Female,Bangalore,Xiaomi,iOS,2.3,11.3,213.4,38,6.0,1530,2.2,1.0,1122,Work,3,2652,Young Low Spender,Retention / low spend segment
15,Other,Hyderabad,Apple,iOS,10.8,16.6,108.3,136,5.1,745,4.0,4.4,1986,Work,3,2731,Young Low Spender,Retention / low spend segment
21,Male,Jaipur,Apple,iOS,7.5,9.8,137.4,36,2.2,2150,1.4,4.9,865,Social Media,3,3015,Young Low Spender,Retention / low spend segment
29,Other,Bangalore,Oppo,Android,9.0,40.9,285.9,128,5.2,2011,1.8,1.9,350,Work,3,2361,Young Low Spender,Retention / low spend segment
42,Male,Chennai,Samsung,iOS,3.1,33.3,246.1,73,1.0,1388,4.4,1.5,923,Social Media,3,2311,Young Low Spender,Retention / low spend segment
20,Male,Jaipur,Oppo,iOS,6.9,14.2,108.3,56,3.9,160,4.3,3.6,997,Work,3,1157,Young Low Spender,Retention / low spend segment
24,Female,Ahmedabad,Samsung,Android,9.4,22.0,103.5,120,5.0,1219,7.9,1.1,766,Education,3,1985,Young Low Spender,Retention / low spend segment
27,Male,Delhi,Realme,iOS,1.6,22.5,244.2,195,1.1,1987,7.7,0.7,387,Education,3,2374,Young Low Spender,Retention / low spend segment
24,Female,Jaipur,Apple,iOS,8.2,46.8,136.5,132,3.5,2106,4.3,3.4,700,Education,3,2806,Young Low Spender,Retention / low spend segment
15,Female,Bangalore,Oppo,iOS,1.3,31.2,75.4,198,3.0,4172,2.4,3.4,1780,Education,3,5952,Young Low Spender,Retention / low spend segment
20,Male,Ahmedabad,Xiaomi,Android,4.5,6.3,192.1,36,2.1,5180,3.1,3.7,240,Education,3,5420,Young Low Spender,Retention / low spend segment
29,Male,Hyderabad,Motorola,iOS,7.9,41.4,228.8,36,5.3,751,0.9,1.1,892,Work,3,1643,Young Low Spender,Retention / low spend segment
16,Male,Kolkata,Realme,iOS,6.2,23.1,267.9,86,2.5,8078,3.9,0.7,1535,Social Media,3,9613,Young Low Spender,Retention / low spend segment
31,Female,Hyderabad,Xiaomi,Android,1.9,30.1,137.3,191,4.5,1335,6.0,4.7,213,Social Media,3,1548,Young Low Spender,Retention / low spend segment
29,Female,Jaipur,Apple,iOS,11.6,8.5,295.4,118,0.7,3305,7.2,3.4,614,Gaming,3,3919,Young Low Spender,Retention / low spend segment
18,Other,Delhi,Nokia,iOS,5.0,32.0,201.5,27,4.5,697,4.7,2.6,1786,Gaming,3,2483,Young Low Spender,Retention / low spend segment
28,Male,Kolkata,Motorola,Android,8.9,13.2,252.6,170,3.5,5280,5.8,4.5,344,Work,3,5624,Young Low Spender,Retention / low spend segment
29,Other,Pune,Oppo,iOS,3.5,9.3,192.4,24,4.4,2955,2.1,0.7,143,Work,3,3098,Young Low Spender,Retention / low spend segment
29,Male,Ahmedabad,Nokia,Android,3.2,49.0,55.4,27,4.5,196,7.3,2.8,1125,Education,3,1321,Young Low Spender,Retention / low spend segment
30,Female,Pune,Realme,Android,4.9,20.6,250.5,38,2.9,1805,0.8,4.3,1870,Education,3,3675,Young Low Spender,Retention / low spend segment
30,Female,Chennai,Vivo,Android,4.4,13.4,137.2,85,5.5,3018,2.2,4.8,1628,Gaming,3,4646,Young Low Spender,Retention / low spend segment
23,Female,Chennai,Oppo,Android,6.0,6.6,275.8,96,5.4,2557,2.0,3.4,665,Education,3,3222,Young Low Spender,Retention / low spend segment
18,Other,Jaipur,Vivo,iOS,3.3,20.8,180.7,88,3.3,4480,7.3,3.2,1887,Entertainment,3,6367,Young Low Spender,Retention / low spend segment
31,Other,Mumbai,Apple,iOS,11.1,10.3,123.2,87,3.3,597,3.8,0.2,1388,Work,3,1985,Young Low Spender,Retention / low spend segment
20,Other,Jaipur,Motorola,iOS,5.4,46.9,261.4,43,4.9,894,4.2,4.1,299,Gaming,3,1193,Young Low Spender,Retention / low spend segment
31,Female,Kolkata,Motorola,iOS,5.3,10.3,98.6,74,2.7,5356,7.7,0.7,1115,Gaming,3,6471,Young Low Spender,Retention / low spend segment
15,Female,Pune,Motorola,Android,4.2,21.0,239.0,39,1.4,1121,2.3,2.7,1247,Social Media,3,2368,Young Low Spender,Retention / low spend segment
24,Other,Kolkata,Motorola,Android,1.4,14.6,188.0,185,3.1,1675,7.5,0.5,573,Entertainment,3,2248,Young Low Spender,Retention / low spend segment
24,Male,Pune,Xiaomi,iOS,9.0,46.3,256.5,62,2.2,3381,1.4,4.1,1478,Social Media,3,4859,Young Low Spender,Retention / low spend segment
19,Male,Bangalore,OnePlus,iOS,3.9,22.8,38.2,172,1.0,1176,2.7,2.2,1922,Gaming,3,3098,Young Low Spender,Retention / low spend segment
32,Other,Mumbai,Google Pixel,Android,8.9,17.4,207.6,118,1.2,433,6.9,3.7,1600,Work,3,2033,Young Low Spender,Retention / low spend segment
35,Other,Mumbai,Apple,iOS,8.8,20.9,6.0,198,2.8,1447,4.4,1.4,1186,Social Media,3,2633,Young Low Spender,Retention / low spend segment
18,Other,Chennai,OnePlus,Android,4.7,26.8,165.5,166,3.2,4926,4.9,0.7,1345,Work,3,6271,Young Low Spender,Retention / low spend segment
23,Other,Kolkata,Motorola,Android,7.2,15.4,294.0,127,2.9,2145,5.3,1.0,113,Education,3,2258,Young Low Spender,Retention / low spend segment
17,Other,Hyderabad,Apple,Android,7.6,8.2,220.7,13,1.7,5716,5.5,0.2,864,Social Media,3,6580,Young Low Spender,Retention / low spend segment
16,Female,Jaipur,Realme,iOS,2.5,1.8,140.4,17,4.1,5482,5.0,2.1,1900,Entertainment,3,7382,Young Low Spender,Retention / low spend segment
17,Female,Kolkata,Xiaomi,iOS,9.3,41.9,185.3,26,5.5,2882,6.0,4.9,482,Social Media,3,3364,Young Low Spender,Retention / low spend segment
23,Other,Hyderabad,Samsung,iOS,5.8,34.9,254.0,24,4.5,4759,7.4,1.1,925,Work,3,5684,Young Low Spender,Retention / low spend segment
16,Female,Pune,Vivo,Android,9.5,22.8,294.9,89,4.8,3120,3.6,1.9,1731,Entertainment,3,4851,Young Low Spender,Retention / low spend segment
21,Male,Bangalore,Samsung,Android,8.0,7.0,274.7,143,3.7,4329,2.9,4.0,566,Gaming,3,4895,Young Low Spender,Retention / low spend segment
24,Other,Ahmedabad,Nokia,iOS,3.5,16.2,211.8,167,4.5,653,1.3,1.9,1973,Education,3,2626,Young Low Spender,Retention / low spend segment
22,Male,Hyderabad,Xiaomi,iOS,1.3,20.3,34.8,51,5.2,2073,2.6,3.2,1127,Work,3,3200,Young Low Spender,Retention / low spend segment
23,Male,Mumbai,Oppo,iOS,11.5,48.5,144.8,28,4.2,3309,7.2,0.0,666,Social Media,3,3975,Young Low Spender,Retention / low spend segment
23,Female,Hyderabad,Nokia,iOS,9.0,37.7,107.8,117,2.2,5685,2.3,1.6,1301,Gaming,3,6986,Young Low Spender,Retention / low spend segment
26,Female,Mumbai,OnePlus,Android,11.6,28.0,227.0,87,5.6,1895,1.9,2.8,600,Gaming,3,2495,Young Low Spender,Retention / low spend segment
35,Female,Jaipur,Apple,Android,8.9,4.3,65.1,126,0.8,3106,5.7,4.6,431,Entertainment,3,3537,Young Low Spender,Retention / low spend segment
22,Female,Bangalore,Realme,Android,6.6,48.1,235.8,57,4.5,4542,4.2,1.5,1204,Education,3,5746,Young Low Spender,Retention / low spend segment
23,Other,Chennai,Apple,iOS,9.8,7.6,223.2,165,1.4,783,4.9,4.8,1171,Social Media,3,1954,Young Low Spender,Retention / low spend segment
36,Male,Kolkata,Apple,iOS,1.9,11.0,113.7,180,2.9,4736,0.5,1.5,755,Education,3,5491,Young Low Spender,Retention / low spend segment
24,Other,Ahmedabad,Oppo,Android,5.3,34.2,72.4,147,3.2,3886,3.8,0.3,1365,Entertainment,3,5251,Young Low Spender,Retention / low spend segment
23,Female,Kolkata,Xiaomi,iOS,5.2,44.1,132.3,149,1.0,3086,2.7,3.5,150,Entertainment,3,3236,Young Low Spender,Retention / low spend segment
35,Male,Bangalore,Nokia,Android,10.8,48.9,266.7,175,4.6,745,5.7,0.7,376,Education,3,1121,Young Low Spender,Retention / low spend segment
21,Female,Delhi,Motorola,Android,7.5,21.1,179.4,66,2.2,754,2.9,1.7,195,Work,3,949,Young Low Spender,Retention / low spend segment
35,Male,Delhi,Xiaomi,Android,10.2,49.6,252.7,80,1.8,853,4.1,3.6,1859,Work,3,2712,Young Low Spender,Retention / low spend segment
29,Male,Bangalore,Samsung,iOS,11.2,32.5,276.6,192,4.6,2444,1.8,0.3,1881,Education,3,4325,Young Low Spender,Retention / low spend segment
35,Female,Pune,Oppo,Android,3.4,35.0,95.1,70,1.0,343,4.1,0.1,570,Education,3,913,Young Low Spender,Retention / low spend segment
20,Male,Hyderabad,Google Pixel,iOS,8.1,35.4,8.7,199,1.4,4020,3.2,0.0,342,Social Media,3,4362,Young Low Spender,Retention / low spend segment
27,Female,Jaipur,Oppo,iOS,10.7,17.2,31.7,47,5.5,2604,4.9,4.5,1454,Work,3,4058,Young Low Spender,Retention / low spend segment
33,Other,Mumbai,Nokia,Android,11.3,10.7,178.1,142,4.1,1646,3.1,2.5,1514,Education,3,3160,Young Low Spender,Retention / low spend segment
25,Female,Delhi,Realme,iOS,5.0,40.6,29.8,128,2.2,892,4.6,1.5,491,Social Media,3,1383,Young Low Spender,Retention / low spend segment
18,Male,Delhi,Apple,Android,3.2,5.5,240.4,22,4.2,1646,7.6,2.3,487,Education,3,2133,Young Low Spender,Retention / low spend segment
18,Other,Jaipur,Nokia,iOS,11.5,23.0,157.8,70,5.6,3885,2.2,3.4,1387,Work,3,5272,Young Low Spender,Retention / low spend segment
34,Male,Ahmedabad,Motorola,Android,1.8,29.4,281.2,142,5.6,858,3.1,4.2,514,Gaming,3,1372,Young Low Spender,Retention / low spend segment
15,Male,Pune,Motorola,Android,5.6,43.1,52.0,67,4.6,1446,0.9,3.9,1486,Education,3,2932,Young Low Spender,Retention / low spend segment
28,Female,Delhi,Xiaomi,iOS,6.1,1.7,117.5,47,4.3,3759,5.0,4.9,970,Entertainment,3,4729,Young Low Spender,Retention / low spend segment
34,Female,Delhi,Apple,Android,1.8,42.0,169.3,86,0.9,2364,4.6,1.4,841,Education,3,3205,Young Low Spender,Retention / low spend segment
20,Other,Lucknow,Google Pixel,Android,5.3,42.4,162.0,23,2.1,1622,5.8,2.4,799,Gaming,3,2421,Young Low Spender,Retention / low spend segment
17,Male,Jaipur,Motorola,Android,3.5,22.6,64.3,97,4.6,5033,3.7,3.8,1711,Social Media,3,6744,Young Low Spender,Retention / low spend segment
36,Female,Ahmedabad,Google Pixel,Android,5.1,47.9,276.8,166,3.1,2613,5.3,1.3,769,Entertainment,3,3382,Young Low Spender,Retention / low spend segment
25,Female,Hyderabad,Samsung,iOS,5.2,14.6,278.2,167,1.3,2611,3.3,4.7,1888,Social Media,3,4499,Young Low Spender,Retention / low spend segment
19,Male,Jaipur,Samsung,iOS,9.7,43.5,122.1,200,5.0,662,4.4,3.0,755,Gaming,3,1417,Young Low Spender,Retention / low spend segment
21,Other,Delhi,Samsung,Android,3.9,13.5,10.0,102,1.8,103,5.6,1.6,1302,Gaming,3,1405,Young Low Spender,Retention / low spend segment
20,Female,Bangalore,Google Pixel,iOS,7.9,5.1,203.6,168,2.2,100,6.4,1.8,179,Social Media,3,279,Young Low Spender,Retention / low spend segment
17,Female,Mumbai,OnePlus,Android,4.0,49.6,65.9,101,3.2,5058,1.1,4.8,776,Entertainment,3,5834,Young Low Spender,Retention / low spend segment
26,Male,Bangalore,Realme,Android,10.9,8.9,122.8,131,3.8,532,2.7,0.1,1425,Entertainment,3,1957,Young Low Spender,Retention / low spend segment
37,Female,Bangalore,Nokia,Android,12.0,40.9,260.5,97,3.1,2469,3.5,3.0,1636,Education,3,4105,Young Low Spender,Retention / low spend segment
26,Female,Chennai,Samsung,iOS,9.4,35.0,162.1,146,0.7,2143,7.1,2.5,593,Gaming,3,2736,Young Low Spender,Retention / low spend segment
23,Male,Chennai,Motorola,Android,6.4,13.1,28.2,126,0.5,4109,5.1,0.5,485,Entertainment,3,4594,Young Low Spender,Retention / low spend segment
31,Other,Mumbai,Oppo,Android,8.7,12.4,198.4,136,4.8,1321,6.8,4.4,1208,Social Media,3,2529,Young Low Spender,Retention / low spend segment
31,Female,Delhi,Nokia,iOS,9.0,14.2,195.7,105,3.8,843,2.7,3.1,520,Entertainment,3,1363,Young Low Spender,Retention / low spend segment
16,Female,Mumbai,Oppo,iOS,9.1,37.2,194.7,13,1.4,203,3.1,1.9,277,Work,3,480,Young Low Spender,Retention / low spend segment
21,Other,Chennai,Google Pixel,iOS,5.8,30.1,160.2,183,5.2,4200,6.6,4.8,148,Work,3,4348,Young Low Spender,Retention / low spend segment
25,Female,Ahmedabad,Nokia,Android,3.1,43.1,204.2,34,2.4,5758,3.2,1.8,1634,Social Media,3,7392,Young Low Spender,Retention / low spend segment
35,Male,Lucknow,OnePlus,Android,4.3,8.5,182.9,98,3.8,3693,7.0,1.6,517,Education,3,4210,Young Low Spender,Retention / low spend segment
16,Other,Delhi,Vivo,Android,8.8,17.4,107.5,164,4.2,3517,0.6,2.6,673,Work,3,4190,Young Low Spender,Retention / low spend segment
23,Female,Ahmedabad,Samsung,iOS,3.9,49.0,91.0,139,1.7,5757,0.8,4.9,1620,Work,3,7377,Young Low Spender,Retention / low spend segment
16,Other,Delhi,Oppo,Android,6.6,47.3,70.0,131,5.6,231,3.5,0.3,180,Entertainment,3,411,Young Low Spender,Retention / low spend segment
29,Other,Bangalore,Motorola,Android,3.8,44.1,178.4,60,0.6,2199,3.5,0.1,1010,Gaming,3,3209,Young Low Spender,Retention / low spend segment
22,Male,Bangalore,Apple,Android,3.1,11.4,13.9,131,4.1,3651,5.8,0.9,1530,Social Media,3,5181,Young Low Spender,Retention / low spend segment
22,Male,Pune,Apple,Android,10.4,1.3,31.2,26,1.7,4477,7.2,3.0,1243,Gaming,3,5720,Young Low Spender,Retention / low spend segment
31,Female,Pune,Apple,iOS,10.5,17.6,227.6,13,3.3,560,7.9,1.7,1063,Gaming,3,1623,Young Low Spender,Retention / low spend segment
16,Male,Chennai,Oppo,Android,5.9,1.1,16.5,175,2.0,1906,3.8,3.3,564,Education,3,2470,Young Low Spender,Retention / low spend segment
34,Male,Kolkata,Realme,iOS,8.9,42.7,199.9,66,1.1,238,1.5,3.4,318,Work,3,556,Young Low Spender,Retention / low spend segment
26,Other,Delhi,Google Pixel,Android,9.5,35.6,113.4,184,0.7,2735,3.3,1.8,1083,Work,3,3818,Young Low Spender,Retention / low spend segment
27,Other,Ahmedabad,Samsung,iOS,2.3,8.2,85.4,129,2.4,3998,2.1,2.7,972,Education,3,4970,Young Low Spender,Retention / low spend segment
23,Male,Jaipur,Xiaomi,Android,6.0,12.3,77.0,48,3.6,1549,3.3,3.6,1132,Work,3,2681,Young Low Spender,Retention / low spend segment
15,Other,Mumbai,Oppo,iOS,5.5,10.5,144.7,88,2.8,3437,3.5,3.0,819,Social Media,3,4256,Young Low Spender,Retention / low spend segment
34,Female,Bangalore,Motorola,iOS,3.2,47.8,54.3,170,2.6,4869,7.6,1.5,341,Gaming,3,5210,Young Low Spender,Retention / low spend segment
22,Female,Lucknow,Realme,Android,10.7,24.1,66.3,51,4.5,2282,1.1,3.8,1318,Entertainment,3,3600,Young Low Spender,Retention / low spend segment
24,Other,Jaipur,Samsung,iOS,10.6,32.9,140.7,106,3.8,446,7.5,1.3,638,Gaming,3,1084,Young Low Spender,Retention / low spend segment
21,Other,Delhi,Nokia,Android,7.5,11.8,144.1,50,3.8,2185,7.5,4.6,130,Work,3,2315,Young Low Spender,Retention / low spend segment
22,Female,Kolkata,Samsung,iOS,7.1,30.1,278.1,10,3.7,2283,1.4,0.5,1705,Gaming,3,3988,Young Low Spender,Retention / low spend segment
20,Female,Jaipur,Xiaomi,iOS,9.7,32.1,285.7,147,4.7,1803,4.7,4.4,1965,Entertainment,3,3768,Young Low Spender,Retention / low spend segment
31,Male,Delhi,Google Pixel,iOS,9.8,15.1,156.7,92,3.7,2663,7.1,1.2,433,Gaming,3,3096,Young Low Spender,Retention / low spend segment
16,Female,Delhi,Samsung,Android,1.8,38.8,160.3,184,5.7,2164,4.3,3.9,1854,Education,3,4018,Young Low Spender,Retention / low spend segment
21,Male,Ahmedabad,Xiaomi,iOS,3.1,21.9,75.4,143,1.6,3161,6.1,4.5,1827,Education,3,4988,Young Low Spender,Retention / low spend segment
24,Female,Delhi,Vivo,iOS,8.3,14.2,18.0,32,5.4,3055,0.6,4.7,292,Social Media,3,3347,Young Low Spender,Retention / low spend segment
20,Other,Bangalore,OnePlus,Android,10.1,2.1,292.3,133,3.7,1539,1.9,1.8,1321,Education,3,2860,Young Low Spender,Retention / low spend segment
23,Female,Delhi,Xiaomi,Android,7.1,13.5,118.7,99,1.4,4906,0.5,0.5,120,Work,3,5026,Young Low Spender,Retention / low spend segment
32,Male,Bangalore,Vivo,iOS,6.7,3.8,247.8,171,2.0,4305,2.2,3.7,1184,Social Media,3,5489,Young Low Spender,Retention / low spend segment
17,Other,Delhi,Nokia,iOS,4.3,46.1,227.1,187,3.4,2505,6.5,0.3,1547,Entertainment,3,4052,Young Low Spender,Retention / low spend segment
17,Female,Lucknow,Motorola,Android,8.7,33.2,200.2,62,4.4,1731,2.2,2.2,178,Work,3,1909,Young Low Spender,Retention / low spend segment
16,Male,Lucknow,Realme,iOS,11.1,20.4,113.2,47,4.4,4660,3.8,3.6,721,Gaming,3,5381,Young Low Spender,Retention / low spend segment
23,Female,Delhi,Xiaomi,Android,7.1,8.7,88.2,34,1.5,985,3.7,1.3,1949,Social Media,3,2934,Young Low Spender,Retention / low spend segment
22,Male,Chennai,Realme,iOS,7.0,49.3,222.2,18,2.5,3001,5.7,1.7,619,Social Media,3,3620,Young Low Spender,Retention / low spend segment
20,Male,Delhi,Apple,Android,6.7,19.8,16.1,193,5.7,3171,4.2,2.2,542,Work,3,3713,Young Low Spender,Retention / low spend segment
33,Female,Mumbai,Oppo,iOS,5.3,41.6,161.6,96,4.2,1073,5.2,3.1,1807,Entertainment,3,2880,Young Low Spender,Retention / low spend segment
21,Male,Ahmedabad,Apple,Android,1.1,29.1,112.6,132,3.4,1114,1.8,2.5,1028,Education,3,2142,Young Low Spender,Retention / low spend segment
15,Male,Lucknow,OnePlus,Android,6.3,7.4,294.2,44,1.6,6349,6.4,0.9,1785,Work,3,8134,Young Low Spender,Retention / low spend segment
30,Female,Jaipur,Apple,Android,5.5,48.2,298.6,153,4.9,2354,2.0,2.3,828,Work,3,3182,Young Low Spender,Retention / low spend segment
33,Other,Bangalore,Apple,Android,11.7,19.8,183.5,174,3.8,1740,4.7,4.4,189,Entertainment,3,1929,Young Low Spender,Retention / low spend segment
39,Female,Ahmedabad,Vivo,Android,10.8,16.1,228.5,74,0.9,272,1.6,1.3,1265,Work,3,1537,Young Low Spender,Retention / low spend segment
24,Other,Mumbai,Motorola,Android,10.6,2.2,159.3,181,3.3,2641,6.2,4.3,1405,Gaming,3,4046,Young Low Spender,Retention / low spend segment
16,Male,Lucknow,Vivo,iOS,11.0,43.3,108.4,77,1.3,1297,6.5,2.9,1156,Social Media,3,2453,Young Low Spender,Retention / low spend segment
16,Male,Lucknow,Samsung,iOS,5.7,47.3,277.7,95,4.1,622,1.7,0.3,653,Entertainment,3,1275,Young Low Spender,Retention / low spend segment
20,Female,Bangalore,OnePlus,iOS,1.5,4.8,247.7,73,4.6,2225,5.5,3.8,659,Entertainment,3,2884,Young Low Spender,Retention / low spend segment
31,Other,Mumbai,Nokia,Android,9.4,39.6,79.4,144,1.0,2691,6.5,0.3,396,Gaming,3,3087,Young Low Spender,Retention / low spend segment
24,Male,Chennai,OnePlus,iOS,2.1,27.4,251.4,88,2.5,3707,2.9,1.7,1773,Entertainment,3,5480,Young Low Spender,Retention / low spend segment
22,Other,Chennai,Google Pixel,Android,2.1,2.8,231.3,104,4.6,775,1.9,2.8,500,Work,3,1275,Young Low Spender,Retention / low spend segment
27,Female,Hyderabad,Motorola,iOS,1.2,40.8,268.2,177,1.6,4624,3.8,0.6,616,Gaming,3,5240,Young Low Spender,Retention / low spend segment
21,Male,Chennai,Realme,Android,1.7,3.6,292.7,158,0.5,4220,6.2,4.6,1378,Gaming,3,5598,Young Low Spender,Retention / low spend segment
26,Male,Bangalore,Realme,iOS,6.9,26.3,39.8,47,2.7,1272,0.6,4.8,1496,Entertainment,3,2768,Young Low Spender,Retention / low spend segment
29,Other,Kolkata,Google Pixel,Android,7.6,44.4,193.4,185,3.5,3855,1.0,2.5,1289,Work,3,5144,Young Low Spender,Retention / low spend segment
18,Other,Lucknow,Oppo,Android,8.4,40.5,138.7,187,1.3,430,2.4,4.2,1318,Entertainment,3,1748,Young Low Spender,Retention / low spend segment
24,Female,Kolkata,Vivo,iOS,10.5,26.3,25.2,166,0.8,343,4.5,3.4,532,Work,3,875,Young Low Spender,Retention / low spend segment
36,Other,Pune,Google Pixel,Android,6.7,36.4,201.2,173,4.2,4144,6.5,4.1,608,Work,3,4752,Young Low Spender,Retention / low spend segment
17,Female,Delhi,Google Pixel,iOS,9.6,49.2,190.0,198,1.7,3366,3.1,3.6,1511,Education,3,4877,Young Low Spender,Retention / low spend segment
31,Male,Lucknow,Samsung,Android,11.6,4.8,33.4,141,1.8,1067,5.8,0.9,1155,Education,3,2222,Young Low Spender,Retention / low spend segment
15,Female,Hyderabad,Oppo,Android,10.6,45.9,219.7,162,1.3,6020,3.1,1.7,1940,Work,3,7960,Young Low Spender,Retention / low spend segment
23,Other,Bangalore,Oppo,iOS,11.2,33.4,231.2,189,4.6,774,4.6,0.8,1740,Education,3,2514,Young Low Spender,Retention / low spend segment
37,Male,Mumbai,Oppo,Android,9.0,30.6,34.7,168,2.3,3816,7.8,4.5,311,Social Media,3,4127,Young Low Spender,Retention / low spend segment
36,Other,Jaipur,Realme,Android,3.8,26.7,202.1,107,3.1,2275,6.7,1.2,1103,Entertainment,3,3378,Young Low Spender,Retention / low spend segment
22,Male,Bangalore,OnePlus,Android,2.1,41.9,228.4,120,3.3,3438,5.2,3.4,992,Education,3,4430,Young Low Spender,Retention / low spend segment
28,Other,Mumbai,Realme,iOS,3.4,6.8,256.1,195,4.5,4095,7.4,1.7,1227,Gaming,3,5322,Young Low Spender,Retention / low spend segment
18,Other,Jaipur,Oppo,iOS,1.6,48.8,47.5,20,2.0,1045,1.4,0.5,906,Entertainment,3,1951,Young Low Spender,Retention / low spend segment
15,Other,Jaipur,Xiaomi,iOS,7.6,4.0,205.9,30,3.5,6272,6.0,1.0,330,Education,3,6602,Young Low Spender,Retention / low spend segment
21,Female,Pune,OnePlus,Android,11.0,48.6,18.3,23,3.2,5019,3.2,0.6,1471,Entertainment,3,6490,Young Low Spender,Retention / low spend segment
15,Other,Hyderabad,Vivo,iOS,10.8,25.7,178.1,140,5.4,1764,1.7,4.6,677,Education,3,2441,Young Low Spender,Retention / low spend segment
23,Female,Delhi,Oppo,Android,4.2,38.1,34.1,73,1.8,1085,1.1,3.1,356,Work,3,1441,Young Low Spender,Retention / low spend segment
27,Female,Bangalore,Nokia,iOS,11.0,1.9,121.8,43,3.6,301,2.2,0.7,339,Work,3,640,Young Low Spender,Retention / low spend segment
33,Female,Mumbai,Vivo,iOS,1.9,20.5,164.9,138,5.7,447,5.0,4.9,896,Work,3,1343,Young Low Spender,Retention / low spend segment
33,Female,Kolkata,Xiaomi,Android,2.5,4.8,11.0,187,1.5,1666,0.6,2.5,1267,Work,3,2933,Young Low Spender,Retention / low spend segment
21,Female,Bangalore,Xiaomi,iOS,7.5,1.8,250.8,69,6.0,2098,7.0,2.8,1428,Social Media,3,3526,Young Low Spender,Retention / low spend segment
16,Female,Hyderabad,Google Pixel,iOS,4.6,15.8,274.7,150,5.1,5419,3.2,2.9,476,Entertainment,3,5895,Young Low Spender,Retention / low spend segment
23,Male,Ahmedabad,Vivo,Android,8.4,23.3,175.5,113,4.3,1655,7.4,1.0,942,Work,3,2597,Young Low Spender,Retention / low spend segment
21,Male,Pune,Xiaomi,iOS,9.6,43.5,20.5,153,5.0,1822,3.1,1.5,173,Work,3,1995,Young Low Spender,Retention / low spend segment
15,Female,Chennai,Google Pixel,iOS,8.2,48.5,293.4,53,2.8,7615,2.2,1.6,391,Entertainment,3,8006,Young Low Spender,Retention / low spend segment
19,Male,Delhi,Apple,iOS,3.1,4.2,220.6,169,1.3,6328,0.5,4.1,1874,Entertainment,3,8202,Young Low Spender,Retention / low spend segment
29,Female,Delhi,Vivo,Android,3.1,37.9,248.8,100,3.7,2174,1.9,2.0,847,Entertainment,3,3021,Young Low Spender,Retention / low spend segment
16,Female,Kolkata,Vivo,iOS,7.8,27.8,110.5,92,1.1,6366,1.8,0.2,1477,Work,3,7843,Young Low Spender,Retention / low spend segment
18,Female,Bangalore,Google Pixel,Android,10.6,42.9,207.4,183,5.0,4881,7.5,0.4,1030,Gaming,3,5911,Young Low Spender,Retention / low spend segment
24,Male,Bangalore,Xiaomi,iOS,7.5,15.5,257.1,91,0.7,3047,3.5,0.8,487,Social Media,3,3534,Young Low Spender,Retention / low spend segment
16,Female,Delhi,Realme,iOS,2.3,14.4,115.1,172,5.2,1150,7.0,1.9,1570,Entertainment,3,2720,Young Low Spender,Retention / low spend segment
30,Other,Bangalore,OnePlus,iOS,5.2,32.7,291.9,62,3.9,4297,6.3,3.1,1300,Gaming,3,5597,Young Low Spender,Retention / low spend segment
34,Other,Hyderabad,Realme,iOS,7.7,43.1,196.5,46,4.1,2950,3.6,1.5,876,Education,3,3826,Young Low Spender,Retention / low spend segment
25,Other,Hyderabad,Realme,Android,2.2,37.4,296.4,200,5.7,3141,4.6,2.3,1381,Gaming,3,4522,Young Low Spender,Retention / low spend segment
18,Other,Bangalore,Samsung,Android,9.6,9.7,272.4,66,3.8,4152,2.9,4.4,1154,Education,3,5306,Young Low Spender,Retention / low spend segment
33,Other,Kolkata,Motorola,iOS,9.8,40.0,241.0,159,0.8,635,3.8,2.9,301,Education,3,936,Young Low Spender,Retention / low spend segment
18,Female,Kolkata,Xiaomi,iOS,10.2,48.6,227.9,45,2.1,4620,2.3,2.7,511,Gaming,3,5131,Young Low Spender,Retention / low spend segment
23,Male,Pune,Realme,iOS,6.0,48.2,36.2,119,1.7,5885,1.1,3.2,1472,Social Media,3,7357,Young Low Spender,Retention / low spend segment
20,Male,Kolkata,Realme,iOS,4.3,35.3,39.5,31,3.1,3975,2.7,4.7,1227,Entertainment,3,5202,Young Low Spender,Retention / low spend segment
19,Female,Ahmedabad,Oppo,iOS,8.5,48.7,148.2,100,2.6,2880,4.1,4.0,1176,Social Media,3,4056,Young Low Spender,Retention / low spend segment
15,Male,Delhi,Xiaomi,iOS,5.4,28.6,188.7,190,3.6,2384,5.6,0.5,1669,Gaming,3,4053,Young Low Spender,Retention / low spend segment
15,Male,Hyderabad,Vivo,Android,10.6,29.2,153.8,23,3.3,2324,2.7,4.2,204,Entertainment,3,2528,Young Low Spender,Retention / low spend segment
22,Other,Pune,Realme,iOS,4.8,38.9,183.1,13,1.9,4444,6.0,4.3,1339,Work,3,5783,Young Low Spender,Retention / low spend segment
16,Female,Kolkata,Samsung,iOS,1.7,9.5,202.5,155,1.1,1166,5.2,0.3,362,Education,3,1528,Young Low Spender,Retention / low spend segment
32,Other,Ahmedabad,Google Pixel,Android,4.7,34.6,271.6,78,2.5,4240,7.3,1.6,1512,Social Media,3,5752,Young Low Spender,Retention / low spend segment
22,Female,Delhi,Samsung,iOS,10.6,49.9,19.3,65,3.0,4486,7.5,2.4,1063,Work,3,5549,Young Low Spender,Retention / low spend segment
17,Male,Mumbai,Apple,iOS,5.3,34.9,137.4,87,2.6,1822,1.8,3.5,1992,Entertainment,3,3814,Young Low Spender,Retention / low spend segment
36,Female,Mumbai,Samsung,iOS,4.5,3.7,26.5,68,1.8,168,1.3,2.8,733,Education,3,901,Young Low Spender,Retention / low spend segment
22,Male,Mumbai,Xiaomi,Android,4.1,49.0,188.2,131,3.3,3898,2.0,4.3,1563,Social Media,3,5461,Young Low Spender,Retention / low spend segment
19,Female,Bangalore,Apple,iOS,5.9,26.6,55.8,82,1.2,4804,4.3,2.4,1754,Gaming,3,6558,Young Low Spender,Retention / low spend segment
21,Female,Chennai,Motorola,Android,3.1,22.8,270.1,144,1.8,2415,0.6,2.2,928,Education,3,3343,Young Low Spender,Retention / low spend segment
31,Male,Lucknow,Apple,iOS,3.4,36.1,140.4,35,4.8,3564,1.9,1.1,1680,Gaming,3,5244,Young Low Spender,Retention / low spend segment
25,Other,Mumbai,OnePlus,iOS,3.8,22.8,68.8,161,0.6,3167,4.4,2.5,1474,Education,3,4641,Young Low Spender,Retention / low spend segment
19,Male,Lucknow,Motorola,iOS,9.7,14.5,137.0,82,1.6,6491,3.3,0.4,1936,Entertainment,3,8427,Young Low Spender,Retention / low spend segment
29,Other,Lucknow,Motorola,iOS,2.2,47.3,66.2,144,2.0,1155,3.2,0.9,672,Gaming,3,1827,Young Low Spender,Retention / low spend segment
21,Female,Jaipur,Xiaomi,Android,5.2,20.6,162.5,34,1.2,4709,5.8,2.0,1903,Education,3,6612,Young Low Spender,Retention / low spend segment
26,Male,Ahmedabad,Apple,Android,2.6,39.9,46.0,187,2.5,5012,7.9,3.2,1108,Work,3,6120,Young Low Spender,Retention / low spend segment
22,Male,Bangalore,Google Pixel,iOS,1.7,15.3,104.7,78,4.7,2942,1.9,0.1,1662,Gaming,3,4604,Young Low Spender,Retention / low spend segment
17,Male,Mumbai,OnePlus,iOS,11.6,26.7,279.5,37,2.0,5200,6.5,0.8,1234,Social Media,3,6434,Young Low Spender,Retention / low spend segment
38,Male,Delhi,Apple,iOS,3.9,7.2,138.9,101,1.0,2419,4.3,1.4,1839,Social Media,3,4258,Young Low Spender,Retention / low spend segment
17,Male,Bangalore,Vivo,iOS,2.1,38.0,114.9,176,1.5,4269,2.8,0.4,1318,Work,3,5587,Young Low Spender,Retention / low spend segment
27,Female,Kolkata,Google Pixel,iOS,8.8,26.2,173.3,84,2.9,253,5.3,3.8,1223,Entertainment,3,1476,Young Low Spender,Retention / low spend segment
19,Other,Lucknow,Apple,Android,7.6,40.5,196.3,150,5.0,2841,4.8,0.8,1417,Gaming,3,4258,Young Low Spender,Retention / low spend segment
18,Other,Bangalore,Vivo,iOS,8.9,48.2,156.1,17,4.4,5252,7.5,0.4,1077,Education,3,6329,Young Low Spender,Retention / low spend segment
16,Other,Kolkata,Vivo,Android,11.6,33.2,282.2,122,2.2,7013,3.5,3.7,531,Social Media,3,7544,Young Low Spender,Retention / low spend segment
21,Other,Delhi,Nokia,iOS,10.9,35.0,109.9,126,4.7,1581,0.7,0.1,1516,Entertainment,3,3097,Young Low Spender,Retention / low spend segment
21,Other,Ahmedabad,Xiaomi,Android,6.3,42.8,29.7,162,1.1,866,5.6,2.5,1373,Social Media,3,2239,Young Low Spender,Retention / low spend segment
21,Male,Ahmedabad,Nokia,iOS,6.9,37.0,20.4,111,1.1,5660,4.1,4.6,1925,Entertainment,3,7585,Young Low Spender,Retention / low spend segment
39,Female,Hyderabad,Realme,iOS,9.8,36.9,144.5,188,1.1,2460,5.4,0.2,615,Education,3,3075,Young Low Spender,Retention / low spend segment
25,Female,Jaipur,Nokia,iOS,3.8,19.3,160.3,90,4.1,4456,4.3,1.6,1818,Entertainment,3,6274,Young Low Spender,Retention / low spend segment
25,Other,Delhi,Samsung,iOS,7.2,32.3,279.6,138,2.1,5848,5.8,2.5,1577,Entertainment,3,7425,Young Low Spender,Retention / low spend segment
26,Other,Delhi,Samsung,iOS,2.3,19.6,93.8,158,5.0,1093,7.9,0.8,638,Gaming,3,1731,Young Low Spender,Retention / low spend segment
16,Female,Delhi,Xiaomi,iOS,5.4,41.5,273.5,72,2.5,2222,4.8,3.9,1796,Social Media,3,4018,Young Low Spender,Retention / low spend segment
16,Female,Delhi,OnePlus,iOS,1.7,44.8,216.2,95,1.0,5625,0.8,1.4,702,Work,3,6327,Young Low Spender,Retention / low spend segment
21,Other,Delhi,Samsung,Android,6.4,39.8,117.4,25,5.2,2907,3.3,5.0,517,Social Media,3,3424,Young Low Spender,Retention / low spend segment
30,Male,Hyderabad,Apple,Android,8.7,21.3,157.1,97,2.5,440,2.0,3.4,200,Entertainment,3,640,Young Low Spender,Retention / low spend segment
36,Female,Mumbai,Google Pixel,Android,8.9,41.1,247.2,127,3.8,999,7.6,0.8,1087,Entertainment,3,2086,Young Low Spender,Retention / low spend segment
28,Male,Ahmedabad,Nokia,iOS,8.2,44.9,288.9,25,5.7,923,1.8,3.2,1500,Gaming,3,2423,Young Low Spender,Retention / low spend segment
35,Other,Ahmedabad,Google Pixel,Android,6.5,41.5,56.9,112,2.7,793,5.0,4.8,1118,Gaming,3,1911,Young Low Spender,Retention / low spend segment
18,Other,Chennai,Google Pixel,iOS,9.8,48.8,275.2,114,1.6,4022,7.6,2.9,713,Gaming,3,4735,Young Low Spender,Retention / low spend segment
34,Male,Lucknow,Apple,iOS,4.2,3.9,10.9,104,4.2,1785,5.7,0.8,1151,Work,3,2936,Young Low Spender,Retention / low spend segment
37,Male,Delhi,Apple,iOS,10.9,41.7,53.7,172,0.6,2405,1.5,0.9,1283,Gaming,3,3688,Young Low Spender,Retention / low spend segment
29,Male,Ahmedabad,Xiaomi,iOS,10.7,27.6,150.1,175,4.2,2806,2.4,1.9,1296,Education,3,4102,Young Low Spender,Retention / low spend segment
23,Other,Ahmedabad,OnePlus,Android,2.3,29.6,261.3,57,1.6,3373,6.5,3.0,290,Education,3,3663,Young Low Spender,Retention / low spend segment
26,Female,Hyderabad,Vivo,iOS,4.4,3.1,191.5,93,2.6,5512,7.2,4.6,1179,Social Media,3,6691,Young Low Spender,Retention / low spend segment
32,Other,Chennai,Apple,iOS,7.5,36.2,43.9,162,2.1,2729,6.8,3.7,717,Work,3,3446,Young Low Spender,Retention / low spend segment
16,Female,Ahmedabad,Nokia,Android,7.1,45.1,66.2,58,3.8,4557,6.3,4.4,1968,Work,3,6525,Young Low Spender,Retention / low spend segment
33,Other,Kolkata,Nokia,Android,10.4,36.7,8.2,187,1.7,3600,1.9,1.6,1441,Entertainment,3,5041,Young Low Spender,Retention / low spend segment
31,Female,Ahmedabad,Oppo,iOS,8.1,2.1,278.1,25,1.3,4205,1.8,1.7,1568,Work,3,5773,Young Low Spender,Retention / low spend segment
33,Female,Kolkata,Xiaomi,Android,11.6,11.5,23.4,168,3.3,3243,7.9,4.3,1546,Social Media,3,4789,Young Low Spender,Retention / low spend segment
18,Female,Kolkata,Oppo,iOS,8.7,45.6,21.2,117,1.5,5452,7.3,1.2,287,Entertainment,3,5739,Young Low Spender,Retention / low spend segment
17,Other,Hyderabad,Oppo,iOS,7.6,2.0,55.9,29,1.4,6538,0.6,4.1,1997,Gaming,3,8535,Young Low Spender,Retention / low spend segment
19,Other,Delhi,Apple,iOS,9.6,18.7,248.2,172,1.6,5085,2.1,1.4,749,Gaming,3,5834,Young Low Spender,Retention / low spend segment
34,Female,Delhi,Oppo,Android,1.6,48.3,195.5,123,2.9,4826,1.0,4.9,1966,Gaming,3,6792,Young Low Spender,Retention / low spend segment
33,Female,Delhi,Google Pixel,Android,5.8,17.0,241.7,186,2.8,5361,4.0,1.8,316,Work,3,5677,Young Low Spender,Retention / low spend segment
25,Male,Lucknow,Google Pixel,iOS,11.9,29.0,208.0,33,3.8,253,6.7,4.3,806,Work,3,1059,Young Low Spender,Retention / low spend segment
20,Female,Hyderabad,Oppo,iOS,11.0,39.2,238.4,184,0.7,1099,5.7,4.5,1040,Social Media,3,2139,Young Low Spender,Retention / low spend segment
15,Female,Lucknow,Motorola,iOS,12.0,10.0,20.6,136,3.2,4995,1.7,3.5,1310,Social Media,3,6305,Young Low Spender,Retention / low spend segment
31,Male,Chennai,Vivo,iOS,8.6,36.2,299.2,27,0.8,3096,3.0,0.8,1349,Entertainment,3,4445,Young Low Spender,Retention / low spend segment
36,Other,Ahmedabad,Samsung,Android,10.0,25.2,255.2,132,1.1,1492,3.2,2.3,186,Education,3,1678,Young Low Spender,Retention / low spend segment
15,Female,Chennai,Samsung,Android,6.3,49.8,31.6,193,2.0,6991,0.7,3.1,142,Work,3,7133,Young Low Spender,Retention / low spend segment
32,Female,Mumbai,Nokia,iOS,5.0,45.4,92.1,141,3.9,2204,0.7,2.3,704,Gaming,3,2908,Young Low Spender,Retention / low spend segment
25,Other,Jaipur,OnePlus,iOS,8.0,34.6,119.8,80,2.4,4239,2.3,3.1,394,Social Media,3,4633,Young Low Spender,Retention / low spend segment
35,Other,Mumbai,Google Pixel,iOS,4.0,8.8,255.4,26,4.2,4241,1.3,2.7,187,Work,3,4428,Young Low Spender,Retention / low spend segment
26,Male,Jaipur,Samsung,iOS,6.9,49.8,229.7,77,4.4,1776,5.0,4.3,1927,Entertainment,3,3703,Young Low Spender,Retention / low spend segment
22,Male,Bangalore,Vivo,iOS,8.2,45.2,14.9,44,4.0,3526,7.9,1.3,859,Education,3,4385,Young Low Spender,Retention / low spend segment
19,Female,Hyderabad,Google Pixel,iOS,6.9,19.7,9.9,54,5.6,2682,3.9,1.4,1659,Gaming,3,4341,Young Low Spender,Retention / low spend segment
29,Other,Jaipur,Vivo,Android,8.7,18.3,197.4,26,3.9,3568,7.6,0.8,319,Work,3,3887,Young Low Spender,Retention / low spend segment
23,Other,Pune,Nokia,Android,4.3,47.6,126.1,47,3.7,1474,5.8,0.8,278,Entertainment,3,1752,Young Low Spender,Retention / low spend segment
34,Female,Chennai,OnePlus,iOS,8.5,16.5,187.2,105,2.0,2293,1.7,4.7,1297,Education,3,3590,Young Low Spender,Retention / low spend segment
26,Male,Jaipur,Apple,iOS,7.3,34.7,230.2,87,5.7,304,6.4,0.9,1365,Social Media,3,1669,Young Low Spender,Retention / low spend segment
16,Male,Kolkata,Realme,Android,6.7,17.4,13.6,196,3.6,5294,0.7,4.7,1151,Entertainment,3,6445,Young Low Spender,Retention / low spend segment
15,Other,Chennai,Samsung,iOS,11.6,11.2,129.2,40,5.6,281,1.0,2.4,326,Education,3,607,Young Low Spender,Retention / low spend segment
24,Male,Mumbai,Vivo,Android,9.8,45.0,123.0,175,0.9,4176,1.7,0.6,1962,Education,3,6138,Young Low Spender,Retention / low spend segment
36,Male,Chennai,Vivo,iOS,10.2,20.7,215.3,150,2.9,971,3.0,0.4,292,Work,3,1263,Young Low Spender,Retention / low spend segment
19,Other,Chennai,Vivo,iOS,2.7,23.5,81.6,11,5.4,3897,6.0,4.6,418,Social Media,3,4315,Young Low Spender,Retention / low spend segment
22,Male,Mumbai,Samsung,Android,2.1,23.9,22.0,166,5.7,266,4.0,4.8,178,Entertainment,3,444,Young Low Spender,Retention / low spend segment
15,Other,Pune,Realme,Android,5.5,4.8,136.5,178,0.8,320,3.1,1.9,481,Gaming,3,801,Young Low Spender,Retention / low spend segment
26,Other,Hyderabad,Nokia,iOS,10.8,22.1,290.9,35,5.1,2312,5.3,3.2,616,Education,3,2928,Young Low Spender,Retention / low spend segment
17,Male,Mumbai,Samsung,Android,7.2,11.9,19.7,109,2.6,5402,1.1,3.4,1885,Gaming,3,7287,Young Low Spender,Retention / low spend segment
15,Female,Pune,Vivo,iOS,4.5,25.3,272.2,117,4.5,4235,4.8,3.4,1076,Gaming,3,5311,Young Low Spender,Retention / low spend segment
16,Male,Hyderabad,Apple,Android,5.5,9.7,190.2,47,3.1,6520,5.1,3.3,1035,Entertainment,3,7555,Young Low Spender,Retention / low spend segment
29,Other,Mumbai,Realme,iOS,5.3,46.2,34.3,176,5.9,1488,7.0,3.2,1323,Work,3,2811,Young Low Spender,Retention / low spend segment
28,Male,Jaipur,Vivo,Android,7.0,32.8,105.1,194,6.0,2500,3.0,2.1,992,Gaming,3,3492,Young Low Spender,Retention / low spend segment
17,Male,Jaipur,Apple,iOS,8.6,33.2,50.8,177,4.2,1178,4.7,0.7,947,Gaming,3,2125,Young Low Spender,Retention / low spend segment
21,Female,Pune,Samsung,iOS,11.4,18.2,258.5,50,5.2,785,7.8,2.9,1368,Education,3,2153,Young Low Spender,Retention / low spend segment
28,Other,Jaipur,Xiaomi,iOS,8.5,46.8,85.8,116,3.9,1308,6.8,4.8,679,Work,3,1987,Young Low Spender,Retention / low spend segment
32,Other,Hyderabad,Nokia,iOS,9.3,26.1,25.6,119,2.3,1362,3.5,1.7,534,Entertainment,3,1896,Young Low Spender,Retention / low spend segment
28,Other,Lucknow,Nokia,Android,4.5,46.1,16.9,114,3.2,4217,4.2,4.1,888,Education,3,5105,Young Low Spender,Retention / low spend segment
22,Male,Mumbai,Apple,iOS,4.6,41.7,231.5,54,5.7,2155,7.4,3.7,1573,Entertainment,3,3728,Young Low Spender,Retention / low spend segment
19,Male,Delhi,Samsung,iOS,1.6,9.3,78.2,21,4.7,1979,3.8,4.1,1570,Work,3,3549,Young Low Spender,Retention / low spend segment
32,Female,Ahmedabad,Apple,Android,4.3,36.6,32.6,28,0.8,196,5.4,4.7,313,Education,3,509,Young Low Spender,Retention / low spend segment
30,Female,Chennai,Google Pixel,Android,5.9,16.8,64.9,38,3.0,3541,7.6,3.8,620,Gaming,3,4161,Young Low Spender,Retention / low spend segment
21,Male,Chennai,Realme,Android,7.0,9.2,102.3,200,4.7,307,5.6,3.0,628,Entertainment,3,935,Young Low Spender,Retention / low spend segment
25,Female,Lucknow,Xiaomi,iOS,9.3,5.0,170.9,181,0.7,3516,7.1,4.3,444,Social Media,3,3960,Young Low Spender,Retention / low spend segment
41,Female,Lucknow,OnePlus,Android,3.0,5.9,207.9,111,0.7,1138,1.4,2.0,1648,Education,3,2786,Young Low Spender,Retention / low spend segment
23,Male,Jaipur,Google Pixel,iOS,10.8,4.8,158.4,135,3.9,2751,5.7,1.0,1140,Gaming,3,3891,Young Low Spender,Retention / low spend segment
37,Female,Kolkata,Motorola,Android,2.9,44.9,267.3,183,3.2,4070,7.6,2.2,676,Gaming,3,4746,Young Low Spender,Retention / low spend segment
24,Female,Lucknow,OnePlus,iOS,2.6,41.9,263.8,22,5.5,2315,4.0,0.3,384,Entertainment,3,2699,Young Low Spender,Retention / low spend segment
26,Female,Hyderabad,Xiaomi,Android,9.6,5.2,81.9,142,1.9,1620,7.5,3.1,325,Social Media,3,1945,Young Low Spender,Retention / low spend segment
19,Other,Jaipur,Realme,iOS,3.4,21.4,171.5,114,1.1,3636,1.4,1.4,779,Work,3,4415,Young Low Spender,Retention / low spend segment
32,Female,Delhi,Realme,iOS,7.5,18.7,34.9,176,2.5,2761,1.9,4.1,1271,Education,3,4032,Young Low Spender,Retention / low spend segment
17,Other,Kolkata,OnePlus,Android,1.2,45.2,13.9,69,4.4,4244,5.6,2.2,1494,Education,3,5738,Young Low Spender,Retention / low spend segment
19,Female,Chennai,Nokia,iOS,10.1,48.6,216.3,157,3.8,3180,7.4,3.5,271,Work,3,3451,Young Low Spender,Retention / low spend segment
20,Female,Kolkata,Apple,iOS,7.3,48.1,296.9,136,4.2,4197,0.6,0.8,146,Education,3,4343,Young Low Spender,Retention / low spend segment
27,Other,Bangalore,Oppo,iOS,7.8,1.7,26.7,28,1.8,1561,1.5,1.6,1636,Gaming,3,3197,Young Low Spender,Retention / low spend segment
16,Male,Pune,Apple,iOS,10.1,19.7,113.3,180,5.0,1550,3.3,2.6,1607,Work,3,3157,Young Low Spender,Retention / low spend segment
23,Other,Ahmedabad,Xiaomi,Android,10.2,49.3,295.9,130,2.7,6811,6.1,3.5,1910,Entertainment,3,8721,Young Low Spender,Retention / low spend segment
27,Female,Pune,Xiaomi,iOS,3.7,48.7,17.8,83,5.0,650,4.5,2.2,1192,Social Media,3,1842,Young Low Spender,Retention / low spend segment
29,Male,Chennai,Google Pixel,Android,1.9,16.0,43.7,160,4.3,1986,3.4,4.2,1181,Work,3,3167,Young Low Spender,Retention / low spend segment
28,Male,Bangalore,Samsung,Android,6.0,39.7,79.2,32,2.3,944,7.4,2.9,383,Social Media,3,1327,Young Low Spender,Retention / low spend segment
25,Other,Delhi,Google Pixel,Android,6.1,21.7,52.0,119,2.1,1336,4.8,4.5,1423,Social Media,3,2759,Young Low Spender,Retention / low spend segment
21,Other,Pune,Apple,iOS,6.1,38.0,282.7,163,2.5,3923,0.8,3.0,1586,Education,3,5509,Young Low Spender,Retention / low spend segment
19,Female,Ahmedabad,Motorola,iOS,5.2,6.9,68.8,106,5.7,2313,5.5,2.8,114,Work,3,2427,Young Low Spender,Retention / low spend segment
19,Male,Delhi,Apple,Android,6.9,29.7,266.7,166,3.5,3533,4.4,4.4,419,Work,3,3952,Young Low Spender,Retention / low spend segment
20,Female,Hyderabad,Oppo,Android,10.8,44.9,183.5,200,2.5,2864,6.6,0.6,1536,Education,3,4400,Young Low Spender,Retention / low spend segment
31,Other,Bangalore,Samsung,iOS,5.5,38.2,82.8,149,1.4,1503,6.4,3.9,1283,Entertainment,3,2786,Young Low Spender,Retention / low spend segment
29,Other,Jaipur,Apple,Android,4.5,34.5,229.9,83,4.7,1948,6.8,0.9,1293,Entertainment,3,3241,Young Low Spender,Retention / low spend segment
20,Female,Pune,Realme,Android,4.2,43.0,162.9,129,4.7,4264,2.0,4.5,1442,Social Media,3,5706,Young Low Spender,Retention / low spend segment
28,Male,Mumbai,Oppo,iOS,8.6,9.9,176.4,53,3.0,614,2.6,0.6,1541,Social Media,3,2155,Young Low Spender,Retention / low spend segment
31,Other,Lucknow,Nokia,Android,11.0,31.9,73.9,105,4.6,2397,4.6,2.2,1088,Education,3,3485,Young Low Spender,Retention / low spend segment
16,Male,Jaipur,Xiaomi,Android,2.6,16.4,177.7,12,5.3,1006,2.2,1.1,170,Entertainment,3,1176,Young Low Spender,Retention / low spend segment
23,Female,Mumbai,Realme,iOS,3.8,21.5,65.9,56,4.5,1678,3.6,2.9,1585,Education,3,3263,Young Low Spender,Retention / low spend segment
34,Male,Kolkata,Motorola,iOS,8.6,46.4,162.5,102,2.3,4601,3.0,3.8,1622,Entertainment,3,6223,Young Low Spender,Retention / low spend segment
16,Male,Lucknow,Nokia,Android,11.2,14.5,189.5,103,3.0,3249,6.2,2.2,1838,Social Media,3,5087,Young Low Spender,Retention / low spend segment
40,Male,Ahmedabad,OnePlus,Android,4.5,16.6,132.0,129,1.2,2479,2.2,3.2,1392,Education,3,3871,Young Low Spender,Retention / low spend segment
19,Male,Hyderabad,Google Pixel,Android,11.4,20.0,177.8,104,1.1,4763,6.2,4.7,1868,Entertainment,3,6631,Young Low Spender,Retention / low spend segment
29,Female,Mumbai,OnePlus,iOS,3.0,2.7,218.5,41,1.4,1901,4.3,2.0,752,Work,3,2653,Young Low Spender,Retention / low spend segment
17,Other,Hyderabad,Vivo,Android,3.8,30.9,161.7,60,4.9,4791,3.4,4.4,765,Entertainment,3,5556,Young Low Spender,Retention / low spend segment
15,Female,Bangalore,Google Pixel,iOS,5.8,11.3,93.4,52,2.5,1941,2.5,3.2,1175,Education,3,3116,Young Low Spender,Retention / low spend segment
16,Female,Kolkata,Apple,Android,6.4,7.5,219.1,20,4.4,6127,6.1,0.9,154,Gaming,3,6281,Young Low Spender,Retention / low spend segment
22,Female,Hyderabad,OnePlus,Android,2.6,25.8,260.8,147,2.1,2569,4.9,0.2,564,Social Media,3,3133,Young Low Spender,Retention / low spend segment
28,Other,Chennai,Motorola,iOS,6.9,31.4,101.0,70,3.8,4021,7.4,3.0,1011,Gaming,3,5032,Young Low Spender,Retention / low spend segment
24,Female,Kolkata,Xiaomi,iOS,3.4,46.8,260.1,94,0.8,3083,2.2,4.8,127,Social Media,3,3210,Young Low Spender,Retention / low spend segment
22,Female,Hyderabad,Oppo,iOS,8.4,32.3,143.6,81,1.7,1760,4.1,4.9,1597,Entertainment,3,3357,Young Low Spender,Retention / low spend segment
33,Male,Delhi,Motorola,Android,2.7,40.9,250.6,121,1.6,290,4.4,3.1,1707,Education,3,1997,Young Low Spender,Retention / low spend segment
19,Male,Lucknow,Xiaomi,Android,7.3,16.8,146.4,173,4.5,3774,1.1,1.5,1005,Social Media,3,4779,Young Low Spender,Retention / low spend segment
30,Other,Pune,OnePlus,Android,11.0,11.2,261.7,171,5.4,1296,3.4,0.3,1803,Work,3,3099,Young Low Spender,Retention / low spend segment
15,Female,Kolkata,Xiaomi,iOS,8.2,19.7,295.4,70,0.6,6093,0.8,0.2,276,Work,3,6369,Young Low Spender,Retention / low spend segment
20,Male,Delhi,Xiaomi,iOS,8.4,28.4,58.1,10,1.3,2429,3.7,3.4,797,Education,3,3226,Young Low Spender,Retention / low spend segment
18,Male,Pune,Google Pixel,Android,4.9,14.6,286.7,26,3.7,2658,2.8,2.9,1413,Social Media,3,4071,Young Low Spender,Retention / low spend segment
22,Male,Kolkata,Motorola,Android,11.5,48.2,62.1,118,3.6,2158,1.7,2.2,1859,Gaming,3,4017,Young Low Spender,Retention / low spend segment
29,Female,Bangalore,Realme,iOS,9.4,47.1,134.7,118,0.6,533,6.0,2.9,1960,Gaming,3,2493,Young Low Spender,Retention / low spend segment
15,Male,Lucknow,Apple,Android,2.9,43.3,255.9,153,4.6,2271,3.6,1.6,1670,Social Media,3,3941,Young Low Spender,Retention / low spend segment
15,Male,Pune,Xiaomi,iOS,6.2,3.6,11.2,190,2.2,2311,2.8,3.7,1581,Entertainment,3,3892,Young Low Spender,Retention / low spend segment
35,Female,Mumbai,Vivo,Android,7.7,6.7,87.4,157,4.0,2520,1.4,1.6,659,Social Media,3,3179,Young Low Spender,Retention / low spend segment
27,Male,Ahmedabad,Google Pixel,iOS,1.9,12.0,250.6,193,3.1,5114,3.1,1.7,855,Entertainment,3,5969,Young Low Spender,Retention / low spend segment
16,Other,Ahmedabad,Xiaomi,iOS,8.2,43.2,35.9,79,2.5,7123,5.6,0.5,512,Entertainment,3,7635,Young Low Spender,Retention / low spend segment
21,Female,Chennai,Google Pixel,iOS,3.3,36.4,85.9,151,3.8,5500,4.9,2.3,1739,Gaming,3,7239,Young Low Spender,Retention / low spend segment
35,Other,Jaipur,Motorola,iOS,6.6,35.9,245.5,163,0.6,2461,3.8,4.1,1316,Entertainment,3,3777,Young Low Spender,Retention / low spend segment
30,Other,Lucknow,Oppo,Android,5.1,33.7,273.3,96,4.1,3002,2.3,4.2,166,Work,3,3168,Young Low Spender,Retention / low spend segment
28,Male,Mumbai,Samsung,iOS,11.4,12.1,105.8,181,3.6,4452,3.2,3.8,615,Work,3,5067,Young Low Spender,Retention / low spend segment
24,Other,Delhi,Realme,iOS,2.0,43.0,169.1,102,1.1,3240,6.5,0.6,596,Gaming,3,3836,Young Low Spender,Retention / low spend segment
25,Female,Kolkata,Xiaomi,iOS,2.3,10.2,293.1,193,0.9,3034,2.0,2.3,598,Education,3,3632,Young Low Spender,Retention / low spend segment
26,Other,Lucknow,Oppo,iOS,8.1,24.3,218.6,69,5.2,2714,1.1,0.8,1044,Social Media,3,3758,Young Low Spender,Retention / low spend segment
19,Female,Chennai,Oppo,iOS,7.7,44.1,126.4,91,4.3,3533,7.7,0.4,579,Entertainment,3,4112,Young Low Spender,Retention / low spend segment
25,Male,Lucknow,Oppo,Android,2.7,12.4,204.7,80,1.6,1803,0.8,1.4,662,Social Media,3,2465,Young Low Spender,Retention / low spend segment
41,Female,Lucknow,OnePlus,Android,1.5,30.0,205.0,38,1.1,2233,4.2,3.8,394,Work,3,2627,Young Low Spender,Retention / low spend segment
28,Other,Ahmedabad,Google Pixel,Android,11.0,46.7,190.1,59,3.1,4129,6.6,3.7,988,Gaming,3,5117,Young Low Spender,Retention / low spend segment
19,Other,Ahmedabad,Vivo,iOS,2.2,17.3,53.5,51,2.4,621,2.4,4.2,1251,Entertainment,3,1872,Young Low Spender,Retention / low spend segment
22,Male,Mumbai,Xiaomi,iOS,1.2,27.4,234.7,183,5.0,167,0.8,0.3,339,Entertainment,3,506,Young Low Spender,Retention / low spend segment
15,Female,Bangalore,Oppo,Android,6.0,24.2,81.0,45,2.6,3764,5.7,3.0,938,Gaming,3,4702,Young Low Spender,Retention / low spend segment
21,Male,Bangalore,Realme,iOS,1.4,30.5,277.7,146,1.7,1736,4.5,1.6,964,Work,3,2700,Young Low Spender,Retention / low spend segment
18,Male,Hyderabad,Vivo,Android,2.7,36.6,123.8,40,2.3,500,7.0,2.2,1384,Gaming,3,1884,Young Low Spender,Retention / low spend segment
24,Other,Mumbai,Xiaomi,iOS,2.8,13.2,260.4,160,3.8,3816,1.3,0.7,343,Education,3,4159,Young Low Spender,Retention / low spend segment
22,Other,Delhi,Google Pixel,iOS,9.9,38.7,221.5,15,4.8,3190,1.7,1.7,375,Education,3,3565,Young Low Spender,Retention / low spend segment
29,Other,Ahmedabad,Realme,Android,8.8,41.1,126.0,69,3.8,5184,2.3,1.7,1746,Gaming,3,6930,Young Low Spender,Retention / low spend segment
21,Other,Jaipur,Apple,Android,5.8,14.1,86.7,70,4.3,1647,5.8,1.9,1317,Gaming,3,2964,Young Low Spender,Retention / low spend segment
32,Other,Bangalore,Nokia,Android,4.0,28.5,282.2,180,1.4,1405,6.9,1.3,791,Education,3,2196,Young Low Spender,Retention / low spend segment
28,Male,Lucknow,Google Pixel,Android,8.6,44.2,37.0,81,1.3,2949,6.3,1.7,1265,Social Media,3,4214,Young Low Spender,Retention / low spend segment
18,Male,Bangalore,Oppo,Android,3.3,49.1,193.9,15,1.8,5250,3.4,1.7,631,Social Media,3,5881,Young Low Spender,Retention / low spend segment
30,Male,Pune,Nokia,Android,7.7,41.4,228.6,100,4.0,4240,1.4,2.7,1562,Work,3,5802,Young Low Spender,Retention / low spend segment
17,Other,Lucknow,Nokia,iOS,7.0,18.1,290.0,25,3.6,4381,6.7,2.9,1425,Gaming,3,5806,Young Low Spender,Retention / low spend segment
18,Other,Delhi,Motorola,Android,2.0,26.1,99.5,91,6.0,2925,4.3,2.3,371,Education,3,3296,Young Low Spender,Retention / low spend segment
15,Female,Bangalore,Oppo,iOS,1.9,32.7,246.5,114,5.9,3342,4.9,1.8,953,Education,3,4295,Young Low Spender,Retention / low spend segment
21,Other,Pune,Apple,iOS,6.4,17.4,83.9,185,2.7,272,3.6,0.2,472,Gaming,3,744,Young Low Spender,Retention / low spend segment
36,Male,Mumbai,Samsung,iOS,3.1,37.9,235.5,26,4.0,2245,2.2,3.8,1771,Work,3,4016,Young Low Spender,Retention / low spend segment
23,Male,Ahmedabad,OnePlus,iOS,8.0,7.0,252.4,88,5.1,1920,3.3,4.6,509,Entertainment,3,2429,Young Low Spender,Retention / low spend segment
29,Female,Ahmedabad,Google Pixel,iOS,11.0,38.3,298.9,76,3.4,3453,1.0,2.5,1065,Work,3,4518,Young Low Spender,Retention / low spend segment
27,Male,Hyderabad,OnePlus,iOS,6.5,34.1,195.9,164,2.1,2319,7.4,2.8,1679,Social Media,3,3998,Young Low Spender,Retention / low spend segment
33,Female,Jaipur,Vivo,iOS,7.4,8.7,78.4,154,1.6,4198,3.8,1.4,200,Social Media,3,4398,Young Low Spender,Retention / low spend segment
28,Other,Kolkata,Apple,Android,6.5,16.3,49.5,106,2.5,5171,7.4,0.9,802,Social Media,3,5973,Young Low Spender,Retention / low spend segment
36,Other,Hyderabad,Realme,Android,6.2,24.5,190.0,175,2.1,3986,2.3,2.0,1427,Work,3,5413,Young Low Spender,Retention / low spend segment
32,Male,Kolkata,Vivo,iOS,8.6,44.2,94.9,152,5.3,2398,4.9,2.3,440,Social Media,3,2838,Young Low Spender,Retention / low spend segment
15,Male,Delhi,Motorola,Android,10.7,33.4,292.6,169,3.2,817,5.5,0.4,448,Gaming,3,1265,Young Low Spender,Retention / low spend segment
30,Male,Delhi,Realme,iOS,9.8,4.1,264.6,77,4.2,5165,4.3,3.8,1554,Education,3,6719,Young Low Spender,Retention / low spend segment
33,Male,Mumbai,Realme,Android,2.5,2.6,7.3,165,3.6,4491,4.3,0.4,144,Social Media,3,4635,Young Low Spender,Retention / low spend segment
16,Male,Bangalore,Samsung,Android,9.0,16.7,84.1,147,2.2,4907,7.4,3.5,409,Gaming,3,5316,Young Low Spender,Retention / low spend segment
31,Female,Mumbai,Realme,Android,7.3,30.3,221.7,27,3.7,3821,2.1,4.9,1085,Social Media,3,4906,Young Low Spender,Retention / low spend segment
38,Other,Delhi,Motorola,Android,10.8,16.6,150.0,22,1.0,1530,7.1,2.9,1141,Work,3,2671,Young Low Spender,Retention / low spend segment
15,Other,Ahmedabad,Oppo,iOS,4.5,49.8,193.1,49,0.6,3880,3.1,3.1,1219,Entertainment,3,5099,Young Low Spender,Retention / low spend segment
25,Female,Hyderabad,Apple,iOS,5.3,37.8,127.4,180,3.8,4522,2.2,1.3,1455,Social Media,3,5977,Young Low Spender,Retention / low spend segment
26,Other,Mumbai,Motorola,iOS,11.0,33.6,70.6,148,1.5,4154,2.4,1.0,1407,Social Media,3,5561,Young Low Spender,Retention / low spend segment
20,Female,Lucknow,Realme,iOS,7.6,41.5,229.7,111,5.3,1172,3.5,2.7,282,Social Media,3,1454,Young Low Spender,Retention / low spend segment
19,Other,Ahmedabad,Motorola,Android,9.5,28.8,45.0,102,4.8,244,4.5,1.6,1263,Social Media,3,1507,Young Low Spender,Retention / low spend segment
15,Male,Chennai,OnePlus,iOS,3.4,23.1,234.0,158,3.1,4180,6.0,3.0,1993,Entertainment,3,6173,Young Low Spender,Retention / low spend segment
37,Other,Kolkata,Apple,iOS,9.8,1.7,173.6,105,2.7,1519,2.7,3.9,312,Social Media,3,1831,Young Low Spender,Retention / low spend segment
20,Other,Kolkata,Samsung,Android,1.8,16.4,73.8,176,2.7,6556,5.0,1.0,1556,Education,3,8112,Young Low Spender,Retention / low spend segment
15,Male,Delhi,Oppo,iOS,10.5,27.2,210.7,79,2.2,1398,6.3,2.2,892,Social Media,3,2290,Young Low Spender,Retention / low spend segment
18,Other,Bangalore,Xiaomi,iOS,6.0,24.6,200.4,46,5.1,2424,7.3,1.3,776,Gaming,3,3200,Young Low Spender,Retention / low spend segment
15,Female,Hyderabad,Xiaomi,iOS,2.2,5.1,210.9,120,2.1,6440,5.6,3.6,604,Entertainment,3,7044,Young Low Spender,Retention / low spend segment
29,Female,Delhi,Realme,iOS,10.7,12.6,220.3,87,4.5,2172,1.0,1.0,375,Work,3,2547,Young Low Spender,Retention / low spend segment
37,Other,Chennai,Apple,iOS,7.5,26.1,299.9,78,3.3,1603,7.5,0.9,139,Social Media,3,1742,Young Low Spender,Retention / low spend segment
22,Female,Chennai,Nokia,iOS,3.0,8.9,269.2,126,2.4,6284,1.3,1.2,333,Education,3,6617,Young Low Spender,Retention / low spend segment
35,Female,Ahmedabad,Vivo,iOS,4.3,18.3,241.8,136,1.6,2462,7.8,0.4,976,Gaming,3,3438,Young Low Spender,Retention / low spend segment
21,Female,Delhi,Samsung,Android,6.3,15.5,169.5,176,5.4,3902,3.1,4.5,383,Gaming,3,4285,Young Low Spender,Retention / low spend segment
30,Female,Jaipur,Motorola,Android,4.3,9.8,222.4,40,3.4,5587,6.0,2.5,1996,Entertainment,3,7583,Young Low Spender,Retention / low spend segment
19,Other,Ahmedabad,Realme,Android,1.2,38.7,264.6,101,3.6,5098,6.6,4.7,118,Gaming,3,5216,Young Low Spender,Retention / low spend segment
30,Male,Chennai,Motorola,iOS,10.4,14.1,277.1,136,2.4,3778,3.8,0.0,1759,Education,3,5537,Young Low Spender,Retention / low spend segment
24,Other,Jaipur,Realme,Android,1.2,19.5,30.8,144,0.9,3297,0.6,0.7,1825,Social Media,3,5122,Young Low Spender,Retention / low spend segment
29,Male,Jaipur,Realme,iOS,5.6,26.8,29.0,181,3.6,2696,2.0,3.5,465,Entertainment,3,3161,Young Low Spender,Retention / low spend segment
27,Other,Lucknow,Xiaomi,Android,7.4,4.4,217.4,192,0.9,2299,3.3,4.3,814,Social Media,3,3113,Young Low Spender,Retention / low spend segment
20,Female,Bangalore,Oppo,Android,6.5,32.8,207.8,183,3.9,4754,6.7,3.3,1586,Education,3,6340,Young Low Spender,Retention / low spend segment
26,Female,Jaipur,Samsung,Android,2.6,6.1,41.4,191,2.2,4664,5.4,1.7,1614,Social Media,3,6278,Young Low Spender,Retention / low spend segment
23,Female,Lucknow,Samsung,Android,6.2,38.8,230.1,73,3.6,3847,7.5,3.0,258,Entertainment,3,4105,Young Low Spender,Retention / low spend segment
23,Female,Lucknow,Oppo,iOS,9.3,35.6,71.7,129,4.0,1691,5.2,2.4,185,Education,3,1876,Young Low Spender,Retention / low spend segment
19,Other,Delhi,Google Pixel,Android,3.2,48.2,262.6,29,4.6,2462,6.1,0.2,605,Education,3,3067,Young Low Spender,Retention / low spend segment
32,Other,Mumbai,Motorola,Android,10.5,5.1,104.4,171,0.6,1968,7.8,4.1,961,Work,3,2929,Young Low Spender,Retention / low spend segment
31,Male,Lucknow,Vivo,Android,11.7,28.1,143.1,107,1.8,4616,7.1,3.7,1568,Social Media,3,6184,Young Low Spender,Retention / low spend segment
19,Male,Chennai,Motorola,Android,11.3,19.5,211.8,184,3.8,133,3.2,0.2,1614,Social Media,3,1747,Young Low Spender,Retention / low spend segment
18,Male,Pune,Google Pixel,iOS,9.7,8.2,299.3,65,1.4,6059,1.1,0.7,428,Gaming,3,6487,Young Low Spender,Retention / low spend segment
35,Other,Bangalore,Apple,Android,11.8,43.8,56.7,72,2.6,3022,5.0,3.0,1922,Education,3,4944,Young Low Spender,Retention / low spend segment
30,Male,Lucknow,Vivo,iOS,8.7,16.1,247.1,16,5.0,3956,6.2,2.0,1475,Education,3,5431,Young Low Spender,Retention / low spend segment
37,Other,Kolkata,Google Pixel,Android,3.9,21.1,264.9,25,3.6,5117,6.0,3.0,258,Work,3,5375,Young Low Spender,Retention / low spend segment
15,Other,Jaipur,Apple,Android,9.8,17.2,127.2,63,1.3,3826,0.8,2.3,1356,Work,3,5182,Young Low Spender,Retention / low spend segment
15,Male,Jaipur,OnePlus,Android,7.0,11.3,268.7,109,1.3,4647,7.3,0.0,1251,Social Media,3,5898,Young Low Spender,Retention / low spend segment
18,Other,Lucknow,Motorola,iOS,5.6,38.4,186.0,156,4.9,5036,3.1,4.1,1625,Education,3,6661,Young Low Spender,Retention / low spend segment
29,Female,Pune,Xiaomi,Android,11.1,13.6,171.7,199,3.0,3167,3.0,3.4,690,Work,3,3857,Young Low Spender,Retention / low spend segment
31,Other,Mumbai,Samsung,Android,5.3,29.5,26.1,172,2.0,4618,7.2,3.5,1838,Work,3,6456,Young Low Spender,Retention / low spend segment
36,Female,Ahmedabad,Samsung,iOS,7.8,16.4,132.8,29,0.5,715,7.5,2.7,303,Gaming,3,1018,Young Low Spender,Retention / low spend segment
19,Male,Ahmedabad,Nokia,Android,4.4,27.8,165.5,143,4.5,3638,6.1,2.9,1265,Social Media,3,4903,Young Low Spender,Retention / low spend segment
21,Other,Delhi,Google Pixel,iOS,8.0,36.3,164.9,85,2.3,2379,5.4,0.7,454,Social Media,3,2833,Young Low Spender,Retention / low spend segment
17,Male,Chennai,Apple,iOS,11.3,45.3,262.8,184,1.9,4189,3.8,3.8,1870,Education,3,6059,Young Low Spender,Retention / low spend segment
28,Female,Hyderabad,OnePlus,iOS,2.5,14.2,296.8,53,3.1,3621,3.9,2.7,1848,Work,3,5469,Young Low Spender,Retention / low spend segment
29,Other,Jaipur,Google Pixel,Android,8.1,37.2,34.0,32,2.0,1264,6.5,1.3,703,Social Media,3,1967,Young Low Spender,Retention / low spend segment
35,Other,Ahmedabad,Realme,iOS,5.5,41.6,261.2,184,4.9,2358,5.3,4.7,350,Work,3,2708,Young Low Spender,Retention / low spend segment
26,Male,Kolkata,Motorola,Android,8.7,28.6,295.8,135,2.5,4274,0.7,1.0,753,Social Media,3,5027,Young Low Spender,Retention / low spend segment
27,Male,Jaipur,Apple,iOS,6.1,35.2,163.3,117,2.6,1710,2.3,0.3,438,Gaming,3,2148,Young Low Spender,Retention / low spend segment
23,Female,Lucknow,Apple,Android,10.0,42.5,204.1,62,3.5,3549,3.4,4.6,332,Education,3,3881,Young Low Spender,Retention / low spend segment
20,Other,Lucknow,Motorola,iOS,6.6,14.9,89.3,60,2.9,2096,1.2,4.0,1673,Social Media,3,3769,Young Low Spender,Retention / low spend segment
25,Female,Bangalore,OnePlus,Android,9.8,8.0,298.6,73,4.4,2133,7.7,1.0,1124,Gaming,3,3257,Young Low Spender,Retention / low spend segment
15,Male,Jaipur,Samsung,iOS,5.8,30.5,15.5,22,2.7,6222,1.0,0.5,788,Social Media,3,7010,Young Low Spender,Retention / low spend segment
17,Female,Kolkata,Oppo,Android,4.9,32.1,208.1,184,6.0,542,6.8,4.1,835,Education,3,1377,Young Low Spender,Retention / low spend segment
20,Male,Jaipur,Apple,iOS,11.7,29.0,34.9,101,2.1,3109,3.4,1.4,1990,Education,3,5099,Young Low Spender,Retention / low spend segment
34,Male,Ahmedabad,Xiaomi,iOS,10.1,1.3,106.9,167,3.1,2909,4.8,0.4,732,Gaming,3,3641,Young Low Spender,Retention / low spend segment
26,Male,Kolkata,Vivo,Android,8.4,47.7,137.8,31,4.4,2388,2.9,3.8,137,Entertainment,3,2525,Young Low Spender,Retention / low spend segment
27,Male,Delhi,Oppo,Android,6.0,49.3,58.2,101,5.6,1409,3.5,3.6,730,Education,3,2139,Young Low Spender,Retention / low spend segment
30,Male,Jaipur,Nokia,iOS,9.6,41.4,13.5,28,4.2,2814,5.6,2.0,1666,Social Media,3,4480,Young Low Spender,Retention / low spend segment
21,Female,Mumbai,Vivo,iOS,9.3,21.1,22.9,191,4.9,2207,3.2,2.0,769,Entertainment,3,2976,Young Low Spender,Retention / low spend segment
32,Male,Ahmedabad,Apple,Android,7.9,4.8,202.2,103,2.6,4929,5.2,0.5,1528,Work,3,6457,Young Low Spender,Retention / low spend segment
18,Male,Ahmedabad,Motorola,iOS,11.0,18.4,132.1,182,4.4,2655,5.6,5.0,1837,Social Media,3,4492,Young Low Spender,Retention / low spend segment
32,Other,Bangalore,OnePlus,Android,6.4,10.3,9.2,154,1.7,1027,2.2,0.4,357,Entertainment,3,1384,Young Low Spender,Retention / low spend segment
22,Female,Kolkata,Apple,Android,2.1,10.6,88.1,78,2.5,1764,4.0,3.6,292,Social Media,3,2056,Young Low Spender,Retention / low spend segment
24,Other,Ahmedabad,Oppo,Android,10.9,47.2,38.0,174,1.1,991,1.2,4.2,643,Social Media,3,1634,Young Low Spender,Retention / low spend segment
36,Male,Delhi,Motorola,Android,8.4,7.5,156.2,64,2.1,1311,2.7,1.1,1616,Work,3,2927,Young Low Spender,Retention / low spend segment
18,Female,Lucknow,Realme,Android,11.9,43.9,156.5,77,2.7,961,4.6,1.1,941,Social Media,3,1902,Young Low Spender,Retention / low spend segment
23,Male,Jaipur,OnePlus,Android,3.2,7.4,71.6,24,0.8,4858,6.8,0.7,1880,Entertainment,3,6738,Young Low Spender,Retention / low spend segment
30,Other,Pune,Realme,iOS,9.2,47.8,128.3,175,5.4,613,3.6,3.0,374,Entertainment,3,987,Young Low Spender,Retention / low spend segment
18,Other,Chennai,Xiaomi,iOS,6.6,36.9,93.6,165,2.4,1714,3.1,4.9,1456,Social Media,3,3170,Young Low Spender,Retention / low spend segment
21,Female,Jaipur,Vivo,Android,1.4,40.6,275.6,107,2.6,6261,0.8,2.7,430,Work,3,6691,Young Low Spender,Retention / low spend segment
24,Male,Ahmedabad,Vivo,Android,10.7,30.5,5.4,94,0.7,1719,2.1,1.5,594,Work,3,2313,Young Low Spender,Retention / low spend segment
32,Male,Pune,Nokia,Android,7.8,9.3,177.0,170,5.9,114,1.7,2.3,328,Entertainment,3,442,Young Low Spender,Retention / low spend segment
31,Other,Delhi,Oppo,iOS,12.0,15.6,197.6,136,1.9,2736,1.8,4.5,1131,Education,3,3867,Young Low Spender,Retention / low spend segment
23,Male,Delhi,Vivo,iOS,9.6,26.3,149.8,154,5.5,1813,2.3,1.0,1881,Education,3,3694,Young Low Spender,Retention / low spend segment
35,Male,Hyderabad,Nokia,iOS,4.8,2.8,163.8,105,2.7,1341,4.6,4.5,492,Social Media,3,1833,Young Low Spender,Retention / low spend segment
18,Other,Jaipur,Oppo,iOS,9.5,47.8,67.9,194,5.2,1582,4.2,2.6,1843,Entertainment,3,3425,Young Low Spender,Retention / low spend segment
34,Male,Mumbai,Apple,Android,4.6,32.6,229.7,131,3.2,4859,7.3,0.6,1864,Gaming,3,6723,Young Low Spender,Retention / low spend segment
23,Other,Lucknow,Apple,iOS,6.0,35.8,138.1,187,4.2,1116,2.5,0.2,926,Gaming,3,2042,Young Low Spender,Retention / low spend segment
24,Other,Chennai,Xiaomi,iOS,2.5,31.2,254.9,67,0.6,1003,6.3,1.7,424,Gaming,3,1427,Young Low Spender,Retention / low spend segment
31,Male,Hyderabad,Oppo,Android,3.4,37.8,275.1,29,2.3,3435,3.4,3.6,953,Social Media,3,4388,Young Low Spender,Retention / low spend segment
25,Female,Pune,OnePlus,Android,6.5,37.9,87.3,123,5.9,2214,5.0,3.9,345,Gaming,3,2559,Young Low Spender,Retention / low spend segment
34,Male,Bangalore,Motorola,iOS,7.9,50.0,255.8,78,2.8,520,6.0,2.4,1974,Education,3,2494,Young Low Spender,Retention / low spend segment
36,Female,Delhi,Google Pixel,Android,3.3,22.3,46.6,160,0.5,1667,2.6,0.0,332,Education,3,1999,Young Low Spender,Retention / low spend segment
31,Female,Mumbai,Nokia,iOS,7.0,49.5,289.9,53,4.0,668,7.7,2.2,1060,Entertainment,3,1728,Young Low Spender,Retention / low spend segment
24,Other,Ahmedabad,Xiaomi,Android,6.0,1.9,297.4,115,3.7,1140,3.4,0.9,1467,Work,3,2607,Young Low Spender,Retention / low spend segment
22,Female,Hyderabad,Motorola,iOS,5.3,15.9,274.0,105,3.1,5254,2.6,4.7,489,Education,3,5743,Young Low Spender,Retention / low spend segment
29,Other,Pune,Realme,Android,8.9,40.0,253.6,44,2.4,544,3.1,2.5,1390,Social Media,3,1934,Young Low Spender,Retention / low spend segment
33,Male,Delhi,Xiaomi,iOS,8.1,25.7,170.9,114,1.3,2008,4.9,3.0,281,Work,3,2289,Young Low Spender,Retention / low spend segment
17,Male,Ahmedabad,Google Pixel,Android,11.9,4.8,46.6,14,1.9,1579,3.7,0.3,641,Entertainment,3,2220,Young Low Spender,Retention / low spend segment
29,Male,Lucknow,Nokia,iOS,4.9,27.3,215.5,17,3.7,2209,6.1,3.8,974,Entertainment,3,3183,Young Low Spender,Retention / low spend segment
34,Other,Lucknow,Motorola,iOS,10.7,21.3,210.0,10,3.7,338,3.3,3.2,1295,Work,3,1633,Young Low Spender,Retention / low spend segment
28,Other,Mumbai,Google Pixel,Android,10.4,22.5,81.0,88,2.3,2603,2.9,3.6,696,Education,3,3299,Young Low Spender,Retention / low spend segment
28,Male,Hyderabad,Apple,Android,4.2,6.5,291.9,195,2.4,3441,4.3,4.6,860,Social Media,3,4301,Young Low Spender,Retention / low spend segment
19,Other,Hyderabad,Realme,iOS,11.3,13.8,167.6,65,3.0,2545,3.6,0.8,923,Entertainment,3,3468,Young Low Spender,Retention / low spend segment
23,Male,Bangalore,Vivo,iOS,8.3,46.2,277.3,65,3.0,5526,5.2,2.1,1484,Entertainment,3,7010,Young Low Spender,Retention / low spend segment
18,Female,Mumbai,Apple,Android,1.3,35.7,93.8,90,5.7,2915,6.8,3.1,1957,Gaming,3,4872,Young Low Spender,Retention / low spend segment
24,Male,Chennai,Realme,iOS,10.7,4.3,88.8,185,3.2,5494,6.0,2.2,1699,Gaming,3,7193,Young Low Spender,Retention / low spend segment
20,Other,Bangalore,Oppo,iOS,6.8,21.1,46.8,26,2.3,2527,7.0,1.7,154,Education,3,2681,Young Low Spender,Retention / low spend segment
23,Female,Bangalore,Google Pixel,iOS,8.8,13.2,292.5,199,3.8,842,7.8,3.9,943,Education,3,1785,Young Low Spender,Retention / low spend segment
31,Female,Kolkata,Realme,Android,7.1,16.7,10.1,104,2.3,4860,1.7,0.3,1296,Gaming,3,6156,Young Low Spender,Retention / low spend segment
32,Other,Bangalore,OnePlus,iOS,9.4,32.9,88.6,21,2.2,1292,1.8,3.3,676,Social Media,3,1968,Young Low Spender,Retention / low spend segment
38,Female,Chennai,Motorola,iOS,7.5,3.7,81.8,10,2.0,1196,3.3,2.7,1320,Gaming,3,2516,Young Low Spender,Retention / low spend segment
22,Female,Jaipur,Samsung,iOS,8.4,6.2,269.9,95,4.1,2491,1.7,1.2,1971,Gaming,3,4462,Young Low Spender,Retention / low spend segment
29,Other,Delhi,Google Pixel,iOS,7.9,22.7,40.8,123,4.1,2318,4.2,2.5,1430,Work,3,3748,Young Low Spender,Retention / low spend segment
31,Male,Pune,Motorola,Android,2.9,36.8,124.9,38,5.9,1408,7.0,4.8,1936,Gaming,3,3344,Young Low Spender,Retention / low spend segment
27,Male,Delhi,Oppo,iOS,4.5,35.2,45.6,195,2.5,2579,2.8,3.4,506,Work,3,3085,Young Low Spender,Retention / low spend segment
23,Male,Jaipur,Oppo,iOS,11.6,12.8,265.1,127,5.0,4714,4.2,4.7,984,Education,3,5698,Young Low Spender,Retention / low spend segment
18,Other,Chennai,Google Pixel,Android,11.3,42.1,289.2,106,3.7,6660,4.6,4.9,1859,Entertainment,3,8519,Young Low Spender,Retention / low spend segment
28,Other,Hyderabad,Google Pixel,iOS,6.4,8.5,160.2,111,2.4,4222,3.2,4.0,1997,Entertainment,3,6219,Young Low Spender,Retention / low spend segment
28,Other,Delhi,Samsung,Android,11.2,23.2,81.0,143,1.5,2144,0.7,1.3,1487,Education,3,3631,Young Low Spender,Retention / low spend segment
20,Female,Chennai,Samsung,iOS,2.3,23.2,297.0,148,0.9,442,5.8,1.5,416,Social Media,3,858,Young Low Spender,Retention / low spend segment
19,Other,Hyderabad,Google Pixel,iOS,10.5,18.0,279.7,189,2.9,469,2.2,2.4,1165,Gaming,3,1634,Young Low Spender,Retention / low spend segment
27,Other,Chennai,Nokia,iOS,1.5,7.2,83.0,10,3.1,1714,3.6,0.3,891,Entertainment,3,2605,Young Low Spender,Retention / low spend segment
34,Other,Kolkata,OnePlus,Android,11.5,9.6,256.6,173,3.3,2609,1.1,3.6,1762,Social Media,3,4371,Young Low Spender,Retention / low spend segment
28,Male,Hyderabad,Google Pixel,Android,6.3,45.4,104.4,46,2.1,2206,7.2,1.4,1509,Work,3,3715,Young Low Spender,Retention / low spend segment
17,Male,Bangalore,Google Pixel,iOS,1.1,9.9,279.7,179,5.8,1690,4.7,2.8,247,Entertainment,3,1937,Young Low Spender,Retention / low spend segment
17,Other,Hyderabad,Xiaomi,iOS,7.5,28.2,32.3,143,5.5,633,3.6,1.5,1346,Entertainment,3,1979,Young Low Spender,Retention / low spend segment
21,Other,Kolkata,Realme,Android,9.6,26.4,37.3,86,2.4,3463,3.3,1.0,1677,Social Media,3,5140,Young Low Spender,Retention / low spend segment
38,Other,Mumbai,Oppo,Android,7.2,36.7,253.2,12,2.6,3026,2.0,1.8,809,Entertainment,3,3835,Young Low Spender,Retention / low spend segment
31,Other,Bangalore,Apple,iOS,2.6,32.8,260.9,200,5.3,2697,4.2,1.0,1157,Education,3,3854,Young Low Spender,Retention / low spend segment
40,Other,Hyderabad,Xiaomi,iOS,8.0,1.8,115.7,190,0.7,1970,3.7,0.8,908,Work,3,2878,Young Low Spender,Retention / low spend segment
30,Male,Hyderabad,Nokia,Android,7.1,42.9,256.8,148,1.8,1771,0.9,3.8,1880,Work,3,3651,Young Low Spender,Retention / low spend segment
22,Male,Lucknow,Samsung,iOS,2.1,4.1,69.0,40,4.7,4361,6.8,2.2,770,Education,3,5131,Young Low Spender,Retention / low spend segment
20,Male,Hyderabad,Apple,Android,9.0,22.2,22.0,59,0.5,1525,4.3,0.3,1304,Entertainment,3,2829,Young Low Spender,Retention / low spend segment
24,Female,Chennai,OnePlus,Android,3.4,15.4,193.5,120,2.7,951,1.8,4.5,870,Gaming,3,1821,Young Low Spender,Retention / low spend segment
20,Male,Kolkata,Apple,iOS,1.4,6.4,294.0,17,0.9,4212,6.0,0.0,1736,Gaming,3,5948,Young Low Spender,Retention / low spend segment
28,Male,Hyderabad,Realme,Android,3.2,20.2,298.0,52,3.5,3946,5.5,4.0,199,Education,3,4145,Young Low Spender,Retention / low spend segment
23,Female,Chennai,Google Pixel,iOS,3.8,17.0,85.1,68,1.6,3307,6.9,3.4,1317,Education,3,4624,Young Low Spender,Retention / low spend segment
20,Other,Pune,Realme,Android,9.6,40.6,27.9,138,3.0,664,2.6,2.1,1800,Social Media,3,2464,Young Low Spender,Retention / low spend segment
17,Male,Mumbai,Motorola,iOS,8.2,24.0,254.2,180,2.5,2236,6.4,0.1,1083,Entertainment,3,3319,Young Low Spender,Retention / low spend segment
32,Male,Jaipur,Realme,Android,11.9,25.6,82.9,106,3.5,1209,3.6,2.2,453,Entertainment,3,1662,Young Low Spender,Retention / low spend segment
31,Female,Jaipur,OnePlus,iOS,7.1,3.3,158.8,12,2.0,3823,1.8,5.0,420,Work,3,4243,Young Low Spender,Retention / low spend segment
15,Female,Lucknow,Nokia,iOS,1.5,36.8,290.5,64,2.0,7345,6.9,4.6,662,Social Media,3,8007,Young Low Spender,Retention / low spend segment
34,Male,Jaipur,Oppo,Android,1.1,21.2,258.4,119,0.7,3264,1.4,3.2,1259,Education,3,4523,Young Low Spender,Retention / low spend segment
32,Male,Kolkata,Motorola,iOS,4.7,27.5,45.6,20,4.8,1779,6.5,0.3,1985,Entertainment,3,3764,Young Low Spender,Retention / low spend segment
17,Male,Delhi,Motorola,iOS,6.4,13.1,82.7,15,2.1,7344,2.5,3.8,1295,Work,3,8639,Young Low Spender,Retention / low spend segment
33,Other,Ahmedabad,OnePlus,Android,6.9,15.6,157.9,181,1.6,2562,7.6,3.0,1952,Gaming,3,4514,Young Low Spender,Retention / low spend segment
32,Male,Lucknow,Apple,Android,8.9,38.4,96.0,40,2.8,2179,1.8,4.4,625,Education,3,2804,Young Low Spender,Retention / low spend segment
15,Female,Lucknow,OnePlus,Android,10.2,7.5,273.2,135,4.2,6453,7.1,3.6,304,Gaming,3,6757,Young Low Spender,Retention / low spend segment
15,Female,Bangalore,Realme,iOS,9.1,36.4,136.1,97,5.0,3211,2.6,1.3,1178,Entertainment,3,4389,Young Low Spender,Retention / low spend segment
22,Female,Bangalore,Nokia,iOS,6.2,25.9,239.8,171,3.8,5416,4.3,0.7,625,Social Media,3,6041,Young Low Spender,Retention / low spend segment
17,Other,Hyderabad,OnePlus,Android,1.9,21.4,101.1,176,2.2,1810,6.8,2.3,1563,Education,3,3373,Young Low Spender,Retention / low spend segment
16,Male,Hyderabad,Oppo,iOS,9.3,30.6,209.6,175,1.0,4107,2.7,2.0,919,Work,3,5026,Young Low Spender,Retention / low spend segment
27,Other,Mumbai,OnePlus,iOS,2.8,39.8,252.9,194,3.6,5047,5.0,3.7,1056,Gaming,3,6103,Young Low Spender,Retention / low spend segment
27,Female,Ahmedabad,Google Pixel,Android,4.0,44.8,118.8,179,5.1,1211,2.0,3.3,1821,Work,3,3032,Young Low Spender,Retention / low spend segment
30,Male,Delhi,Realme,iOS,1.4,40.5,139.8,124,4.1,816,6.6,4.2,726,Social Media,3,1542,Young Low Spender,Retention / low spend segment
39,Female,Bangalore,Apple,Android,8.3,1.4,259.1,110,0.8,1160,7.5,3.5,526,Education,3,1686,Young Low Spender,Retention / low spend segment
26,Male,Hyderabad,OnePlus,iOS,11.0,44.0,90.6,13,0.9,3901,5.9,1.2,404,Work,3,4305,Young Low Spender,Retention / low spend segment
25,Male,Lucknow,OnePlus,Android,1.9,40.7,265.7,101,6.0,1158,2.5,4.1,879,Education,3,2037,Young Low Spender,Retention / low spend segment
19,Other,Bangalore,Nokia,Android,1.4,49.5,52.4,108,2.3,7052,7.1,0.1,1884,Gaming,3,8936,Young Low Spender,Retention / low spend segment
28,Female,Lucknow,Realme,Android,6.6,27.0,272.9,171,3.8,2821,7.8,4.1,1131,Social Media,3,3952,Young Low Spender,Retention / low spend segment
26,Other,Mumbai,Apple,iOS,1.9,49.9,28.4,133,2.2,1522,3.2,4.3,1812,Gaming,3,3334,Young Low Spender,Retention / low spend segment
23,Other,Ahmedabad,Oppo,Android,6.7,45.4,87.7,51,5.4,2880,6.4,2.4,1087,Education,3,3967,Young Low Spender,Retention / low spend segment
29,Female,Chennai,OnePlus,iOS,6.9,7.5,48.4,25,1.5,1195,6.0,2.7,1669,Education,3,2864,Young Low Spender,Retention / low spend segment
24,Female,Jaipur,Realme,Android,10.2,28.1,99.1,53,4.7,2560,3.1,3.5,1764,Social Media,3,4324,Young Low Spender,Retention / low spend segment
17,Female,Chennai,Motorola,Android,11.3,36.1,161.8,111,1.2,6494,1.5,2.9,1927,Work,3,8421,Young Low Spender,Retention / low spend segment
24,Other,Delhi,Apple,iOS,2.6,30.6,249.1,94,3.1,1447,4.3,0.1,1790,Gaming,3,3237,Young Low Spender,Retention / low spend segment
28,Other,Chennai,Google Pixel,iOS,8.6,47.0,237.7,136,1.0,2142,6.6,1.9,1820,Gaming,3,3962,Young Low Spender,Retention / low spend segment
35,Female,Jaipur,Nokia,iOS,7.3,30.7,229.3,147,1.0,363,3.5,0.8,271,Social Media,3,634,Young Low Spender,Retention / low spend segment
15,Other,Hyderabad,Google Pixel,Android,8.9,42.9,125.9,44,3.7,224,1.5,2.1,449,Gaming,3,673,Young Low Spender,Retention / low spend segment
27,Other,Hyderabad,Apple,iOS,10.2,2.7,226.8,62,2.4,5168,6.6,2.2,1014,Social Media,3,6182,Young Low Spender,Retention / low spend segment
25,Male,Pune,Vivo,iOS,5.7,9.1,213.1,168,4.8,2431,1.8,4.0,1972,Gaming,3,4403,Young Low Spender,Retention / low spend segment
36,Female,Chennai,Oppo,iOS,11.2,6.5,22.3,95,2.7,879,2.9,2.5,690,Social Media,3,1569,Young Low Spender,Retention / low spend segment
23,Other,Delhi,Nokia,iOS,7.3,19.1,180.8,119,2.4,6034,6.8,0.7,1598,Gaming,3,7632,Young Low Spender,Retention / low spend segment
18,Other,Hyderabad,OnePlus,iOS,6.5,39.3,251.1,47,5.6,261,2.0,1.4,989,Entertainment,3,1250,Young Low Spender,Retention / low spend segment
35,Female,Pune,Vivo,Android,4.5,36.9,229.3,178,3.8,3644,6.2,3.0,1481,Gaming,3,5125,Young Low Spender,Retention / low spend segment
25,Female,Chennai,Motorola,iOS,8.0,29.1,24.3,140,2.3,5371,2.5,2.1,1432,Gaming,3,6803,Young Low Spender,Retention / low spend segment
24,Male,Mumbai,Samsung,Android,6.8,13.8,261.4,192,1.4,3050,7.3,2.5,514,Gaming,3,3564,Young Low Spender,Retention / low spend segment
16,Other,Kolkata,Motorola,iOS,9.5,21.9,48.7,151,1.0,283,6.8,1.7,1393,Work,3,1676,Young Low Spender,Retention / low spend segment
30,Other,Jaipur,Samsung,iOS,7.6,1.1,135.2,151,1.7,335,2.4,4.4,1100,Work,3,1435,Young Low Spender,Retention / low spend segment
31,Other,Bangalore,Nokia,Android,7.3,37.5,131.1,26,0.9,471,2.2,4.0,1591,Work,3,2062,Young Low Spender,Retention / low spend segment
30,Male,Kolkata,Samsung,Android,1.1,26.9,140.8,92,5.3,1507,5.6,0.2,1776,Work,3,3283,Young Low Spender,Retention / low spend segment
26,Male,Ahmedabad,Vivo,Android,7.3,35.4,243.2,132,3.8,703,1.7,2.6,1294,Social Media,3,1997,Young Low Spender,Retention / low spend segment
17,Male,Bangalore,Xiaomi,iOS,3.2,38.7,204.9,80,5.9,561,0.7,4.6,1077,Gaming,3,1638,Young Low Spender,Retention / low spend segment
32,Other,Pune,Nokia,iOS,11.9,12.8,5.3,98,5.0,286,8.0,2.6,1346,Entertainment,3,1632,Young Low Spender,Retention / low spend segment
16,Male,Kolkata,Xiaomi,Android,1.6,37.6,52.8,187,4.2,5714,7.1,4.9,473,Work,3,6187,Young Low Spender,Retention / low spend segment
18,Female,Kolkata,Nokia,iOS,3.5,38.5,174.7,70,4.6,2569,4.7,3.5,607,Work,3,3176,Young Low Spender,Retention / low spend segment
25,Male,Delhi,Vivo,iOS,10.6,32.6,113.3,79,2.1,2049,4.6,1.6,190,Social Media,3,2239,Young Low Spender,Retention / low spend segment
18,Other,Jaipur,Oppo,Android,5.5,26.0,81.3,55,2.7,4796,3.6,2.4,199,Gaming,3,4995,Young Low Spender,Retention / low spend segment
24,Male,Ahmedabad,Vivo,iOS,6.1,38.6,288.4,100,3.1,3110,5.2,2.0,421,Social Media,3,3531,Young Low Spender,Retention / low spend segment
29,Male,Mumbai,Google Pixel,iOS,3.2,49.3,143.5,180,4.8,3287,3.8,3.7,1122,Entertainment,3,4409,Young Low Spender,Retention / low spend segment
23,Male,Lucknow,Apple,iOS,4.0,34.6,116.5,89,3.1,6186,0.9,3.8,221,Social Media,3,6407,Young Low Spender,Retention / low spend segment
24,Male,Hyderabad,Nokia,Android,5.1,11.8,93.5,168,1.0,3195,1.2,2.4,1515,Education,3,4710,Young Low Spender,Retention / low spend segment
22,Other,Kolkata,Samsung,Android,4.9,27.6,246.6,14,3.4,6363,1.7,3.3,117,Education,3,6480,Young Low Spender,Retention / low spend segment
33,Female,Delhi,Apple,Android,10.7,17.7,181.9,70,1.0,2801,3.5,4.1,1381,Work,3,4182,Young Low Spender,Retention / low spend segment
29,Male,Lucknow,Motorola,Android,4.3,15.0,107.4,137,3.8,874,5.0,3.4,848,Work,3,1722,Young Low Spender,Retention / low spend segment
32,Female,Jaipur,Xiaomi,Android,6.6,11.9,153.9,153,1.4,1071,4.6,1.3,1001,Social Media,3,2072,Young Low Spender,Retention / low spend segment
36,Female,Mumbai,Realme,Android,11.5,37.3,24.4,199,2.2,3392,0.6,2.2,1281,Education,3,4673,Young Low Spender,Retention / low spend segment
23,Female,Hyderabad,Oppo,Android,11.1,3.9,191.3,150,5.9,1464,3.4,3.0,1623,Education,3,3087,Young Low Spender,Retention / low spend segment
32,Other,Chennai,Vivo,iOS,10.6,38.3,48.0,65,2.9,3086,3.9,1.6,1634,Gaming,3,4720,Young Low Spender,Retention / low spend segment
27,Male,Jaipur,Vivo,Android,3.8,44.0,165.3,133,3.8,3047,6.6,4.7,836,Entertainment,3,3883,Young Low Spender,Retention / low spend segment
21,Other,Lucknow,OnePlus,iOS,5.1,45.2,270.1,138,2.0,6032,6.6,3.6,471,Social Media,3,6503,Young Low Spender,Retention / low spend segment
20,Other,Jaipur,Oppo,Android,9.2,28.3,208.9,118,0.7,1074,1.4,2.7,338,Education,3,1412,Young Low Spender,Retention / low spend segment
32,Female,Chennai,Nokia,iOS,6.3,43.7,225.9,102,4.7,2202,3.2,2.0,1005,Gaming,3,3207,Young Low Spender,Retention / low spend segment
27,Male,Bangalore,Apple,Android,3.6,16.6,121.9,15,2.1,3157,1.7,3.9,336,Education,3,3493,Young Low Spender,Retention / low spend segment
21,Female,Kolkata,Nokia,iOS,3.1,11.3,261.1,153,3.9,226,7.1,4.9,1604,Education,3,1830,Young Low Spender,Retention / low spend segment
29,Female,Jaipur,Oppo,iOS,1.8,30.8,221.4,140,3.9,3532,0.6,2.1,149,Education,3,3681,Young Low Spender,Retention / low spend segment
19,Female,Ahmedabad,Apple,Android,8.0,22.8,268.9,127,1.7,4671,7.2,2.4,1283,Social Media,3,5954,Young Low Spender,Retention / low spend segment
37,Female,Ahmedabad,Samsung,Android,5.6,11.4,157.5,63,3.2,1887,3.2,5.0,924,Entertainment,3,2811,Young Low Spender,Retention / low spend segment
42,Female,Delhi,Samsung,iOS,1.7,17.9,287.4,138,0.6,787,5.7,0.5,206,Education,3,993,Young Low Spender,Retention / low spend segment
27,Male,Chennai,Realme,iOS,8.9,3.5,114.4,30,1.9,5221,0.9,3.9,970,Work,3,6191,Young Low Spender,Retention / low spend segment
36,Male,Ahmedabad,Realme,iOS,11.1,31.1,261.4,164,4.4,3098,1.9,5.0,1888,Education,3,4986,Young Low Spender,Retention / low spend segment
20,Other,Jaipur,Xiaomi,Android,4.7,38.8,155.6,162,0.6,241,3.3,4.3,1489,Social Media,3,1730,Young Low Spender,Retention / low spend segment
34,Male,Bangalore,Xiaomi,Android,11.8,39.0,18.5,150,3.7,3748,3.6,1.9,387,Gaming,3,4135,Young Low Spender,Retention / low spend segment
19,Female,Bangalore,Apple,iOS,3.4,31.4,60.7,147,5.6,2860,5.7,0.8,359,Social Media,3,3219,Young Low Spender,Retention / low spend segment
19,Other,Jaipur,OnePlus,iOS,4.3,43.8,125.4,152,1.5,4580,0.9,0.9,1287,Entertainment,3,5867,Young Low Spender,Retention / low spend segment
16,Female,Chennai,Realme,Android,3.0,3.4,112.8,12,4.3,2467,1.8,0.7,405,Entertainment,3,2872,Young Low Spender,Retention / low spend segment
15,Female,Ahmedabad,Realme,iOS,8.4,8.1,42.5,43,1.2,5060,1.5,3.3,861,Work,3,5921,Young Low Spender,Retention / low spend segment
22,Female,Hyderabad,OnePlus,Android,5.1,20.7,53.3,129,1.6,3021,1.5,4.9,747,Gaming,3,3768,Young Low Spender,Retention / low spend segment
29,Male,Mumbai,OnePlus,iOS,8.4,36.9,38.7,57,2.0,2213,6.8,3.6,1612,Education,3,3825,Young Low Spender,Retention / low spend segment
35,Male,Bangalore,Nokia,iOS,9.3,15.0,226.3,32,3.9,966,2.9,2.5,1299,Gaming,3,2265,Young Low Spender,Retention / low spend segment
20,Female,Mumbai,Nokia,iOS,7.7,31.8,38.1,136,2.8,940,5.8,3.8,1483,Gaming,3,2423,Young Low Spender,Retention / low spend segment
32,Female,Pune,Nokia,iOS,11.4,19.5,82.7,188,3.3,1143,3.1,1.6,1741,Social Media,3,2884,Young Low Spender,Retention / low spend segment
15,Male,Pune,Realme,iOS,1.8,15.6,178.1,84,3.0,4030,3.5,3.3,256,Education,3,4286,Young Low Spender,Retention / low spend segment
25,Female,Chennai,Vivo,Android,9.3,17.5,47.8,18,5.0,688,2.7,1.9,315,Entertainment,3,1003,Young Low Spender,Retention / low spend segment
35,Other,Mumbai,Samsung,iOS,2.1,6.2,252.9,20,2.8,3675,2.5,2.2,831,Education,3,4506,Young Low Spender,Retention / low spend segment
30,Female,Chennai,Oppo,iOS,1.8,30.1,7.7,189,2.6,853,3.7,3.8,619,Social Media,3,1472,Young Low Spender,Retention / low spend segment
37,Other,Lucknow,Motorola,iOS,10.8,7.2,223.7,193,1.2,446,6.8,4.0,1237,Entertainment,3,1683,Young Low Spender,Retention / low spend segment
27,Other,Hyderabad,OnePlus,Android,11.4,14.3,173.7,95,5.7,2098,4.8,4.4,957,Gaming,3,3055,Young Low Spender,Retention / low spend segment
32,Female,Delhi,Motorola,iOS,11.1,41.3,126.4,122,2.4,1876,1.2,0.5,1980,Work,3,3856,Young Low Spender,Retention / low spend segment
20,Female,Delhi,Apple,iOS,2.3,22.7,288.6,180,1.7,6400,1.0,1.9,1560,Entertainment,3,7960,Young Low Spender,Retention / low spend segment
29,Female,Ahmedabad,Nokia,Android,11.7,5.3,159.1,19,3.9,2053,2.1,2.5,1161,Entertainment,3,3214,Young Low Spender,Retention / low spend segment
16,Male,Ahmedabad,Oppo,iOS,7.0,37.8,180.1,27,4.4,2635,6.5,0.1,1489,Gaming,3,4124,Young Low Spender,Retention / low spend segment
37,Female,Pune,Motorola,iOS,9.4,6.7,238.9,65,3.2,1410,3.9,2.7,876,Gaming,3,2286,Young Low Spender,Retention / low spend segment
29,Female,Jaipur,Xiaomi,iOS,3.6,40.8,247.3,109,1.8,717,6.5,3.4,994,Gaming,3,1711,Young Low Spender,Retention / low spend segment
29,Male,Delhi,Realme,iOS,1.3,9.2,22.6,187,2.6,4915,3.1,3.4,1544,Gaming,3,6459,Young Low Spender,Retention / low spend segment
28,Other,Lucknow,Oppo,Android,4.5,32.4,201.4,142,0.8,325,6.4,0.5,1431,Gaming,3,1756,Young Low Spender,Retention / low spend segment
30,Male,Ahmedabad,Motorola,iOS,3.8,28.4,63.4,72,3.3,3069,1.5,4.5,1107,Work,3,4176,Young Low Spender,Retention / low spend segment
22,Female,Ahmedabad,Samsung,Android,4.9,7.4,34.3,108,4.1,241,0.7,4.4,1271,Entertainment,3,1512,Young Low Spender,Retention / low spend segment
32,Other,Mumbai,Apple,Android,6.1,44.0,177.9,85,2.9,1038,7.8,1.5,1742,Entertainment,3,2780,Young Low Spender,Retention / low spend segment
28,Male,Lucknow,Nokia,iOS,10.5,20.5,180.5,59,2.2,3567,5.5,1.4,933,Entertainment,3,4500,Young Low Spender,Retention / low spend segment
25,Male,Delhi,Motorola,Android,9.6,41.7,65.6,76,2.9,1179,7.3,2.2,1078,Work,3,2257,Young Low Spender,Retention / low spend segment
17,Other,Hyderabad,Vivo,iOS,4.0,4.6,140.5,74,1.0,3552,2.5,4.2,926,Social Media,3,4478,Young Low Spender,Retention / low spend segment
24,Female,Ahmedabad,Oppo,iOS,10.2,43.9,194.7,109,3.7,1342,4.3,3.9,1227,Work,3,2569,Young Low Spender,Retention / low spend segment
15,Male,Bangalore,Apple,iOS,4.4,21.5,276.3,56,3.2,4821,1.2,2.1,729,Social Media,3,5550,Young Low Spender,Retention / low spend segment
32,Female,Mumbai,Vivo,Android,8.0,8.3,72.2,53,2.0,3556,6.4,3.3,667,Education,3,4223,Young Low Spender,Retention / low spend segment
28,Other,Hyderabad,Nokia,Android,7.1,17.1,286.5,102,5.5,1486,5.1,0.7,1409,Social Media,3,2895,Young Low Spender,Retention / low spend segment
16,Female,Chennai,Motorola,Android,9.8,18.3,8.5,51,2.6,1224,3.8,2.9,509,Work,3,1733,Young Low Spender,Retention / low spend segment
36,Other,Jaipur,Nokia,Android,10.7,46.3,219.7,191,3.8,4460,2.5,0.9,1924,Entertainment,3,6384,Young Low Spender,Retention / low spend segment
15,Male,Mumbai,Realme,iOS,3.7,38.5,233.6,87,4.8,1606,4.2,3.9,1023,Work,3,2629,Young Low Spender,Retention / low spend segment
25,Male,Bangalore,Motorola,Android,8.6,24.7,281.4,52,0.7,3995,4.8,3.6,1165,Social Media,3,5160,Young Low Spender,Retention / low spend segment
18,Other,Jaipur,Motorola,Android,11.6,26.9,154.1,165,1.0,4848,0.5,3.0,625,Gaming,3,5473,Young Low Spender,Retention / low spend segment
20,Other,Jaipur,Xiaomi,iOS,5.9,32.0,198.9,149,2.3,5444,7.8,0.4,1726,Social Media,3,7170,Young Low Spender,Retention / low spend segment
19,Other,Chennai,Samsung,iOS,3.3,33.8,217.3,89,3.7,3658,5.3,3.5,1445,Work,3,5103,Young Low Spender,Retention / low spend segment
23,Other,Ahmedabad,Oppo,iOS,5.1,14.9,156.0,158,1.2,3095,5.8,1.1,1562,Education,3,4657,Young Low Spender,Retention / low spend segment
22,Other,Jaipur,Nokia,iOS,5.2,30.9,13.6,170,1.7,4312,6.0,2.2,331,Work,3,4643,Young Low Spender,Retention / low spend segment
18,Male,Hyderabad,Nokia,iOS,8.1,27.4,41.1,55,1.5,6570,4.0,2.3,1848,Entertainment,3,8418,Young Low Spender,Retention / low spend segment
23,Other,Pune,Oppo,Android,2.0,41.3,219.9,146,1.6,3550,5.9,3.6,122,Education,3,3672,Young Low Spender,Retention / low spend segment
36,Other,Lucknow,Vivo,iOS,7.8,42.8,98.8,106,2.7,2699,5.1,1.7,1461,Gaming,3,4160,Young Low Spender,Retention / low spend segment
16,Male,Hyderabad,Nokia,iOS,4.5,30.1,124.9,186,4.7,1767,3.6,4.8,1580,Gaming,3,3347,Young Low Spender,Retention / low spend segment
19,Female,Bangalore,Xiaomi,Android,2.9,13.1,282.7,175,2.9,7688,3.3,0.8,476,Social Media,3,8164,Young Low Spender,Retention / low spend segment
20,Male,Lucknow,Oppo,Android,11.1,17.4,250.1,52,1.5,2828,2.2,1.9,974,Social Media,3,3802,Young Low Spender,Retention / low spend segment
19,Male,Jaipur,OnePlus,iOS,1.6,12.0,132.1,24,3.3,5674,3.0,4.0,1413,Gaming,3,7087,Young Low Spender,Retention / low spend segment
16,Other,Chennai,Realme,iOS,9.1,4.5,177.6,87,4.2,3576,7.3,3.2,719,Entertainment,3,4295,Young Low Spender,Retention / low spend segment
19,Other,Hyderabad,Google Pixel,iOS,3.0,15.7,80.3,170,0.9,1507,6.6,3.3,873,Social Media,3,2380,Young Low Spender,Retention / low spend segment
32,Other,Delhi,Apple,Android,8.2,29.3,176.8,152,3.7,840,2.2,3.6,1030,Education,3,1870,Young Low Spender,Retention / low spend segment
37,Female,Lucknow,Xiaomi,Android,12.0,47.7,225.3,98,1.3,359,2.3,2.1,1122,Gaming,3,1481,Young Low Spender,Retention / low spend segment
22,Female,Ahmedabad,Xiaomi,Android,6.2,31.4,236.6,46,3.3,1162,7.5,3.3,546,Education,3,1708,Young Low Spender,Retention / low spend segment
33,Male,Hyderabad,Xiaomi,Android,11.3,41.2,59.6,151,4.2,1146,7.6,4.5,1005,Social Media,3,2151,Young Low Spender,Retention / low spend segment
15,Other,Jaipur,Oppo,iOS,9.1,22.9,198.6,178,4.6,2773,2.2,0.8,540,Entertainment,3,3313,Young Low Spender,Retention / low spend segment
33,Male,Mumbai,Oppo,iOS,9.1,8.6,282.0,178,4.4,4557,1.4,3.8,1547,Gaming,3,6104,Young Low Spender,Retention / low spend segment
23,Female,Pune,Motorola,Android,3.8,12.3,174.3,137,2.6,4237,7.5,4.8,480,Work,3,4717,Young Low Spender,Retention / low spend segment
27,Female,Jaipur,Google Pixel,iOS,10.2,27.3,205.7,40,3.4,4792,5.7,0.5,1539,Social Media,3,6331,Young Low Spender,Retention / low spend segment
19,Other,Kolkata,OnePlus,iOS,9.8,17.9,149.9,75,3.9,2895,6.4,2.7,1305,Social Media,3,4200,Young Low Spender,Retention / low spend segment
15,Other,Chennai,Oppo,Android,11.1,25.7,233.0,130,0.9,2409,3.0,4.9,294,Entertainment,3,2703,Young Low Spender,Retention / low spend segment
21,Female,Kolkata,Motorola,Android,6.4,12.0,292.8,24,3.8,340,2.6,3.1,206,Entertainment,3,546,Young Low Spender,Retention / low spend segment
29,Other,Chennai,Apple,iOS,5.0,30.1,241.7,188,3.6,4980,2.2,3.9,193,Education,3,5173,Young Low Spender,Retention / low spend segment
28,Other,Hyderabad,Realme,Android,7.3,21.0,200.3,35,4.9,1764,3.8,4.0,1715,Social Media,3,3479,Young Low Spender,Retention / low spend segment
30,Other,Jaipur,Oppo,Android,3.7,9.9,248.4,159,2.9,140,8.0,0.9,661,Work,3,801,Young Low Spender,Retention / low spend segment
28,Male,Delhi,Xiaomi,iOS,1.2,5.8,104.5,193,5.8,1583,1.8,1.2,1129,Work,3,2712,Young Low Spender,Retention / low spend segment
22,Male,Ahmedabad,Realme,Android,7.1,45.2,227.8,141,4.5,5029,5.5,0.2,1950,Education,3,6979,Young Low Spender,Retention / low spend segment
23,Other,Delhi,Google Pixel,Android,7.8,43.5,28.2,57,4.2,911,5.7,2.6,605,Social Media,3,1516,Young Low Spender,Retention / low spend segment
22,Male,Bangalore,Xiaomi,Android,10.9,16.2,267.2,87,2.3,4361,7.3,4.4,1210,Work,3,5571,Young Low Spender,Retention / low spend segment
29,Other,Ahmedabad,Samsung,iOS,8.6,15.1,45.8,45,4.9,2647,1.4,1.2,1295,Work,3,3942,Young Low Spender,Retention / low spend segment
20,Other,Pune,Xiaomi,Android,1.5,5.5,123.9,47,3.3,4089,3.1,2.4,796,Social Media,3,4885,Young Low Spender,Retention / low spend segment
29,Male,Mumbai,Samsung,Android,5.4,3.4,264.3,78,2.0,201,7.4,3.5,833,Entertainment,3,1034,Young Low Spender,Retention / low spend segment
36,Other,Lucknow,Xiaomi,Android,11.4,3.9,112.6,112,2.2,1987,6.8,2.0,162,Gaming,3,2149,Young Low Spender,Retention / low spend segment
15,Male,Bangalore,Motorola,Android,3.5,32.6,188.0,57,1.8,3482,3.8,4.4,457,Gaming,3,3939,Young Low Spender,Retention / low spend segment
27,Female,Bangalore,Apple,Android,9.7,2.1,260.3,143,4.3,4291,2.6,4.7,185,Social Media,3,4476,Young Low Spender,Retention / low spend segment
17,Male,Lucknow,Vivo,Android,1.0,12.5,96.4,133,1.2,5781,5.4,2.6,1110,Social Media,3,6891,Young Low Spender,Retention / low spend segment
26,Male,Chennai,Google Pixel,iOS,11.4,30.6,299.2,158,1.5,981,6.5,2.8,491,Social Media,3,1472,Young Low Spender,Retention / low spend segment
26,Other,Hyderabad,Google Pixel,Android,10.5,14.9,22.6,120,2.6,2590,6.2,0.4,1927,Social Media,3,4517,Young Low Spender,Retention / low spend segment
31,Male,Ahmedabad,Google Pixel,iOS,5.8,24.4,125.5,57,4.9,1999,8.0,2.3,145,Work,3,2144,Young Low Spender,Retention / low spend segment
32,Male,Delhi,Samsung,Android,10.7,12.5,269.3,147,4.6,3952,4.8,2.8,121,Entertainment,3,4073,Young Low Spender,Retention / low spend segment
16,Male,Delhi,Samsung,Android,3.4,22.9,186.7,160,3.1,730,4.4,3.3,179,Social Media,3,909,Young Low Spender,Retention / low spend segment
20,Male,Bangalore,Vivo,Android,2.3,9.2,118.4,162,2.8,6878,1.2,1.3,303,Education,3,7181,Young Low Spender,Retention / low spend segment
26,Male,Delhi,Vivo,iOS,9.3,29.8,31.8,73,0.8,3640,8.0,0.7,423,Education,3,4063,Young Low Spender,Retention / low spend segment
27,Male,Kolkata,Oppo,Android,1.7,20.5,64.7,108,2.1,3101,6.1,1.3,696,Social Media,3,3797,Young Low Spender,Retention / low spend segment
19,Female,Kolkata,Realme,Android,11.5,15.5,93.4,89,1.0,3502,6.1,1.2,1654,Gaming,3,5156,Young Low Spender,Retention / low spend segment
36,Male,Lucknow,Nokia,iOS,8.4,5.4,146.6,170,1.9,2007,5.9,0.3,827,Education,3,2834,Young Low Spender,Retention / low spend segment
15,Male,Ahmedabad,Google Pixel,iOS,2.4,46.8,221.2,135,2.9,4192,4.2,3.9,1993,Work,3,6185,Young Low Spender,Retention / low spend segment
36,Male,Pune,Motorola,Android,2.2,2.1,66.0,184,1.3,1700,6.0,2.6,316,Entertainment,3,2016,Young Low Spender,Retention / low spend segment
26,Male,Chennai,Vivo,iOS,5.8,35.5,251.3,63,3.5,4048,6.7,0.8,1333,Education,3,5381,Young Low Spender,Retention / low spend segment
17,Male,Bangalore,Oppo,Android,11.5,4.4,60.3,61,4.9,4053,6.7,4.1,1136,Entertainment,3,5189,Young Low Spender,Retention / low spend segment
30,Male,Chennai,Oppo,Android,5.0,32.0,89.1,73,0.8,288,5.0,0.2,1787,Gaming,3,2075,Young Low Spender,Retention / low spend segment
31,Female,Delhi,Motorola,Android,7.9,18.2,238.9,21,3.0,1413,3.3,3.4,958,Gaming,3,2371,Young Low Spender,Retention / low spend segment
22,Female,Jaipur,Oppo,iOS,5.3,16.4,213.6,174,2.6,1438,6.4,0.8,279,Work,3,1717,Young Low Spender,Retention / low spend segment
16,Female,Delhi,Vivo,Android,7.2,46.2,130.0,49,4.6,4755,7.6,2.7,181,Entertainment,3,4936,Young Low Spender,Retention / low spend segment
26,Female,Ahmedabad,Apple,Android,5.0,44.4,70.1,70,0.6,920,5.6,3.1,1298,Education,3,2218,Young Low Spender,Retention / low spend segment
15,Female,Mumbai,Realme,iOS,4.4,9.1,277.0,129,3.5,5838,7.3,4.0,1938,Gaming,3,7776,Young Low Spender,Retention / low spend segment
16,Male,Ahmedabad,Motorola,iOS,7.8,30.4,256.1,136,1.6,4058,1.4,0.2,516,Entertainment,3,4574,Young Low Spender,Retention / low spend segment
37,Female,Hyderabad,Vivo,Android,6.9,7.3,63.4,145,2.5,222,0.7,2.7,586,Gaming,3,808,Young Low Spender,Retention / low spend segment
23,Other,Ahmedabad,Samsung,iOS,1.2,40.4,27.8,56,2.8,459,4.9,0.3,1174,Entertainment,3,1633,Young Low Spender,Retention / low spend segment
28,Male,Hyderabad,Nokia,iOS,3.1,43.2,27.3,43,2.8,3985,1.1,1.1,877,Education,3,4862,Young Low Spender,Retention / low spend segment
35,Other,Delhi,Oppo,iOS,7.2,6.7,94.3,110,3.9,2731,3.7,3.1,1208,Social Media,3,3939,Young Low Spender,Retention / low spend segment
19,Other,Delhi,Samsung,iOS,11.7,12.8,80.7,122,3.8,3005,2.3,0.1,1918,Education,3,4923,Young Low Spender,Retention / low spend segment
23,Male,Hyderabad,Samsung,iOS,11.2,21.4,247.7,64,2.2,3437,3.3,3.7,137,Education,3,3574,Young Low Spender,Retention / low spend segment
28,Male,Ahmedabad,Samsung,iOS,4.3,39.3,130.8,67,6.0,680,3.1,1.8,1361,Work,3,2041,Young Low Spender,Retention / low spend segment
30,Other,Kolkata,Realme,iOS,10.5,42.4,109.0,18,3.2,597,5.4,4.8,1349,Entertainment,3,1946,Young Low Spender,Retention / low spend segment
36,Male,Mumbai,Google Pixel,Android,1.5,25.9,107.4,176,1.0,2022,3.0,2.6,1617,Social Media,3,3639,Young Low Spender,Retention / low spend segment
30,Other,Lucknow,Samsung,Android,7.3,3.1,60.3,140,1.8,3043,7.3,3.3,352,Work,3,3395,Young Low Spender,Retention / low spend segment
17,Male,Hyderabad,Motorola,Android,10.8,39.1,94.4,64,5.3,2237,2.2,3.2,1495,Work,3,3732,Young Low Spender,Retention / low spend segment
15,Other,Lucknow,Samsung,Android,4.2,23.9,40.9,198,1.6,354,1.2,0.1,1311,Gaming,3,1665,Young Low Spender,Retention / low spend segment
31,Other,Hyderabad,Motorola,iOS,3.8,2.6,187.7,116,2.0,727,2.1,1.1,1244,Work,3,1971,Young Low Spender,Retention / low spend segment
27,Other,Chennai,Google Pixel,Android,8.9,4.7,38.4,70,0.6,1614,4.8,0.2,1604,Gaming,3,3218,Young Low Spender,Retention / low spend segment
29,Female,Jaipur,Apple,iOS,8.7,42.0,102.9,175,1.2,280,5.3,4.6,152,Entertainment,3,432,Young Low Spender,Retention / low spend segment
30,Other,Hyderabad,Realme,iOS,1.6,25.1,248.3,132,3.5,4975,5.5,1.6,1718,Gaming,3,6693,Young Low Spender,Retention / low spend segment
26,Male,Hyderabad,Xiaomi,Android,10.4,27.4,298.2,191,5.2,1505,6.3,0.2,332,Social Media,3,1837,Young Low Spender,Retention / low spend segment
36,Other,Ahmedabad,Oppo,iOS,7.5,30.9,69.9,96,3.1,4747,1.4,4.0,660,Work,3,5407,Young Low Spender,Retention / low spend segment
17,Male,Lucknow,Oppo,Android,7.7,33.6,166.7,158,2.4,933,3.8,4.0,1916,Entertainment,3,2849,Young Low Spender,Retention / low spend segment
17,Female,Jaipur,Apple,Android,4.6,2.1,15.5,138,2.4,6069,7.7,1.6,1130,Work,3,7199,Young Low Spender,Retention / low spend segment
25,Other,Ahmedabad,Oppo,iOS,6.5,19.3,166.0,130,5.1,2562,7.3,4.5,1387,Social Media,3,3949,Young Low Spender,Retention / low spend segment
24,Other,Mumbai,Vivo,Android,6.9,42.2,175.3,182,4.8,1087,2.5,4.4,635,Education,3,1722,Young Low Spender,Retention / low spend segment
17,Female,Mumbai,Samsung,Android,5.1,29.6,252.3,55,3.6,5856,5.4,3.4,1007,Work,3,6863,Young Low Spender,Retention / low spend segment
25,Female,Bangalore,Xiaomi,iOS,3.2,32.3,165.3,101,3.9,2087,5.7,3.0,576,Social Media,3,2663,Young Low Spender,Retention / low spend segment
26,Female,Ahmedabad,Google Pixel,iOS,9.6,4.5,8.0,110,1.4,1376,3.2,0.9,1640,Social Media,3,3016,Young Low Spender,Retention / low spend segment
16,Other,Mumbai,Xiaomi,Android,8.1,22.5,231.8,187,1.3,1701,4.4,3.6,1428,Entertainment,3,3129,Young Low Spender,Retention / low spend segment
26,Male,Ahmedabad,Samsung,Android,6.8,46.5,229.8,170,1.6,650,3.8,4.8,1396,Education,3,2046,Young Low Spender,Retention / low spend segment
22,Male,Bangalore,Nokia,iOS,9.5,22.5,61.7,10,5.9,2738,1.0,3.3,461,Gaming,3,3199,Young Low Spender,Retention / low spend segment
28,Male,Chennai,Nokia,Android,4.4,28.8,291.9,97,5.4,2956,4.5,1.2,1317,Social Media,3,4273,Young Low Spender,Retention / low spend segment
21,Other,Pune,Nokia,iOS,7.9,7.5,150.6,113,2.7,2272,5.6,3.0,380,Work,3,2652,Young Low Spender,Retention / low spend segment
24,Other,Lucknow,Realme,Android,3.8,30.8,94.2,51,3.8,5495,2.5,4.9,1329,Education,3,6824,Young Low Spender,Retention / low spend segment
19,Other,Chennai,Oppo,Android,1.4,30.0,14.9,136,2.5,4333,3.5,1.0,964,Social Media,3,5297,Young Low Spender,Retention / low spend segment
34,Other,Delhi,Realme,iOS,3.4,10.4,36.0,193,0.7,2823,4.4,1.2,1707,Gaming,3,4530,Young Low Spender,Retention / low spend segment
39,Female,Pune,Oppo,iOS,3.5,12.4,297.2,163,1.3,2745,3.5,2.0,1847,Work,3,4592,Young Low Spender,Retention / low spend segment
28,Other,Hyderabad,Apple,iOS,7.7,30.2,233.0,199,5.4,584,1.7,2.5,612,Education,3,1196,Young Low Spender,Retention / low spend segment
16,Female,Delhi,Google Pixel,iOS,3.8,39.4,175.4,142,2.7,5383,7.1,3.3,1353,Work,3,6736,Young Low Spender,Retention / low spend segment
23,Male,Delhi,Oppo,Android,7.9,13.1,159.4,75,4.9,1890,5.1,2.1,1333,Entertainment,3,3223,Young Low Spender,Retention / low spend segment
24,Other,Delhi,Oppo,Android,9.1,47.2,186.1,82,1.1,4251,3.4,2.6,1196,Entertainment,3,5447,Young Low Spender,Retention / low spend segment
32,Other,Kolkata,Motorola,iOS,1.3,36.8,30.7,61,4.9,521,8.0,1.6,1073,Work,3,1594,Young Low Spender,Retention / low spend segment
33,Other,Pune,Apple,Android,11.1,2.2,55.7,97,2.8,456,3.3,0.3,1538,Entertainment,3,1994,Young Low Spender,Retention / low spend segment
27,Male,Pune,OnePlus,iOS,8.3,40.7,13.3,180,4.9,310,2.2,4.9,196,Entertainment,3,506,Young Low Spender,Retention / low spend segment
27,Other,Pune,Realme,iOS,7.2,20.8,62.7,79,0.9,4413,6.7,1.2,479,Gaming,3,4892,Young Low Spender,Retention / low spend segment
16,Other,Pune,Vivo,Android,4.5,28.1,125.5,28,2.7,1287,4.1,1.7,590,Education,3,1877,Young Low Spender,Retention / low spend segment
18,Female,Jaipur,Oppo,iOS,5.0,19.6,163.7,13,5.0,848,4.8,4.8,566,Entertainment,3,1414,Young Low Spender,Retention / low spend segment
24,Female,Mumbai,OnePlus,iOS,3.1,17.7,246.9,170,4.1,4630,2.2,2.3,400,Entertainment,3,5030,Young Low Spender,Retention / low spend segment
15,Male,Mumbai,Oppo,iOS,5.6,44.3,110.0,85,3.8,1836,1.5,1.4,876,Social Media,3,2712,Young Low Spender,Retention / low spend segment
23,Male,Lucknow,Vivo,iOS,7.1,15.8,121.6,20,2.9,5052,4.3,2.5,608,Work,3,5660,Young Low Spender,Retention / low spend segment
17,Other,Pune,Apple,Android,9.4,28.3,105.7,37,3.5,5127,1.8,3.8,1168,Entertainment,3,6295,Young Low Spender,Retention / low spend segment
21,Other,Kolkata,OnePlus,Android,2.9,29.1,172.6,91,5.2,3205,1.9,3.1,418,Entertainment,3,3623,Young Low Spender,Retention / low spend segment
19,Female,Pune,OnePlus,Android,5.9,20.3,241.4,147,4.5,139,7.7,2.9,1147,Work,3,1286,Young Low Spender,Retention / low spend segment
29,Female,Jaipur,Oppo,iOS,9.5,25.2,124.0,90,3.5,1157,2.1,4.3,1782,Education,3,2939,Young Low Spender,Retention / low spend segment
31,Male,Kolkata,OnePlus,iOS,1.4,28.7,157.4,134,2.8,4001,7.2,1.0,862,Entertainment,3,4863,Young Low Spender,Retention / low spend segment
20,Female,Kolkata,Realme,Android,1.5,15.8,282.3,47,2.9,860,4.1,3.9,1654,Education,3,2514,Young Low Spender,Retention / low spend segment
22,Other,Bangalore,Vivo,Android,1.4,16.8,74.1,160,1.3,4550,4.3,4.1,1730,Work,3,6280,Young Low Spender,Retention / low spend segment
23,Male,Jaipur,Vivo,iOS,5.2,7.9,142.8,139,1.7,5604,7.7,1.7,1384,Entertainment,3,6988,Young Low Spender,Retention / low spend segment
15,Other,Mumbai,Google Pixel,iOS,4.5,20.8,153.6,12,2.9,1359,5.6,1.7,1881,Entertainment,3,3240,Young Low Spender,Retention / low spend segment
29,Other,Lucknow,Apple,iOS,7.5,27.3,201.0,187,1.4,3767,5.6,4.1,429,Social Media,3,4196,Young Low Spender,Retention / low spend segment
27,Other,Lucknow,Realme,Android,4.7,16.9,264.9,37,4.7,1987,7.6,3.4,514,Social Media,3,2501,Young Low Spender,Retention / low spend segment
36,Other,Ahmedabad,Vivo,iOS,4.3,32.8,206.0,61,2.9,258,3.1,3.5,1310,Entertainment,3,1568,Young Low Spender,Retention / low spend segment
27,Other,Chennai,Vivo,iOS,7.0,27.6,124.3,28,3.1,2961,1.2,3.6,1296,Gaming,3,4257,Young Low Spender,Retention / low spend segment
15,Other,Jaipur,Realme,iOS,10.4,2.4,279.0,176,4.6,1578,6.2,2.6,1980,Social Media,3,3558,Young Low Spender,Retention / low spend segment
33,Male,Pune,OnePlus,Android,10.6,14.0,249.2,32,1.6,257,4.6,2.9,1546,Work,3,1803,Young Low Spender,Retention / low spend segment
24,Male,Jaipur,Xiaomi,iOS,1.1,48.9,233.5,56,5.2,4379,3.9,2.8,682,Social Media,3,5061,Young Low Spender,Retention / low spend segment
33,Male,Jaipur,Oppo,Android,2.4,38.8,252.5,47,3.8,2099,3.6,3.2,1754,Social Media,3,3853,Young Low Spender,Retention / low spend segment
19,Male,Delhi,Apple,Android,11.5,3.2,109.7,121,3.0,6953,5.4,3.1,326,Entertainment,3,7279,Young Low Spender,Retention / low spend segment
26,Male,Lucknow,Google Pixel,Android,3.9,15.5,156.4,10,0.5,4270,2.9,2.4,244,Entertainment,3,4514,Young Low Spender,Retention / low spend segment
19,Female,Pune,Oppo,iOS,8.8,27.3,251.6,142,2.3,4725,6.7,1.7,789,Entertainment,3,5514,Young Low Spender,Retention / low spend segment
23,Female,Chennai,Apple,iOS,6.4,44.1,231.8,137,0.6,2758,7.6,2.9,148,Social Media,3,2906,Young Low Spender,Retention / low spend segment
26,Female,Jaipur,Oppo,Android,8.9,13.9,111.7,112,4.6,2333,1.6,4.1,653,Social Media,3,2986,Young Low Spender,Retention / low spend segment
25,Other,Delhi,Motorola,Android,7.4,34.6,208.4,123,3.5,1826,4.0,1.0,1677,Work,3,3503,Young Low Spender,Retention / low spend segment
28,Male,Mumbai,Xiaomi,Android,7.2,8.3,246.0,33,1.3,1859,2.4,0.1,1372,Education,3,3231,Young Low Spender,Retention / low spend segment
19,Female,Mumbai,Xiaomi,iOS,9.2,24.3,264.4,154,2.1,1310,3.6,1.6,292,Social Media,3,1602,Young Low Spender,Retention / low spend segment
17,Female,Pune,Realme,iOS,10.5,31.8,18.5,54,2.7,3153,1.7,4.0,477,Work,3,3630,Young Low Spender,Retention / low spend segment
30,Female,Delhi,Motorola,Android,7.5,49.8,215.9,161,1.3,1926,1.3,0.1,1796,Gaming,3,3722,Young Low Spender,Retention / low spend segment
35,Female,Pune,Xiaomi,iOS,10.2,48.8,95.1,183,2.8,2930,4.5,1.8,1635,Work,3,4565,Young Low Spender,Retention / low spend segment
23,Male,Jaipur,Google Pixel,iOS,1.9,37.0,206.6,192,4.3,3113,4.6,3.9,1386,Education,3,4499,Young Low Spender,Retention / low spend segment
29,Female,Kolkata,Realme,Android,3.8,40.1,184.4,125,5.2,3589,3.4,4.6,115,Gaming,3,3704,Young Low Spender,Retention / low spend segment
22,Male,Bangalore,Google Pixel,iOS,7.8,14.3,261.8,21,3.6,5547,1.2,0.6,286,Gaming,3,5833,Young Low Spender,Retention / low spend segment
20,Male,Kolkata,OnePlus,Android,1.2,23.0,99.9,26,3.2,3735,5.8,3.4,612,Entertainment,3,4347,Young Low Spender,Retention / low spend segment
37,Female,Hyderabad,Realme,Android,5.6,28.4,178.8,63,1.4,2206,4.8,4.6,828,Entertainment,3,3034,Young Low Spender,Retention / low spend segment
31,Male,Delhi,Google Pixel,Android,5.1,7.1,188.7,17,5.5,2782,2.1,2.7,1252,Gaming,3,4034,Young Low Spender,Retention / low spend segment
30,Male,Kolkata,Xiaomi,iOS,1.3,18.2,294.9,124,2.9,4434,3.3,4.9,167,Education,3,4601,Young Low Spender,Retention / low spend segment
30,Female,Ahmedabad,Realme,iOS,2.1,4.1,228.4,111,4.3,1520,2.7,0.5,760,Entertainment,3,2280,Young Low Spender,Retention / low spend segment
19,Male,Jaipur,OnePlus,Android,2.7,30.8,89.4,116,3.2,1737,5.5,3.9,1403,Entertainment,3,3140,Young Low Spender,Retention / low spend segment
37,Male,Mumbai,Motorola,Android,1.9,38.7,112.7,122,1.8,1466,4.8,2.5,1420,Social Media,3,2886,Young Low Spender,Retention / low spend segment
26,Female,Lucknow,Xiaomi,iOS,6.6,42.7,81.8,45,2.7,1456,4.9,4.9,1471,Social Media,3,2927,Young Low Spender,Retention / low spend segment
24,Other,Delhi,Oppo,iOS,7.6,49.3,108.7,34,5.2,1668,3.8,2.4,247,Entertainment,3,1915,Young Low Spender,Retention / low spend segment
15,Male,Lucknow,Xiaomi,iOS,5.1,12.2,40.4,168,1.8,7135,1.7,2.6,1895,Entertainment,3,9030,Young Low Spender,Retention / low spend segment
22,Other,Jaipur,Vivo,iOS,10.8,40.8,145.1,142,0.9,3923,1.3,2.2,423,Gaming,3,4346,Young Low Spender,Retention / low spend segment
24,Female,Mumbai,Apple,Android,9.9,9.4,210.4,147,3.3,5133,4.4,4.6,141,Entertainment,3,5274,Young Low Spender,Retention / low spend segment
33,Male,Bangalore,Google Pixel,iOS,11.5,13.8,19.6,155,3.6,1009,2.3,4.3,1957,Entertainment,3,2966,Young Low Spender,Retention / low spend segment
33,Female,Chennai,Nokia,iOS,7.4,32.6,54.5,21,2.5,3876,3.7,1.5,1480,Work,3,5356,Young Low Spender,Retention / low spend segment
15,Female,Delhi,Motorola,Android,6.1,33.2,153.3,19,1.2,6067,3.9,3.5,720,Social Media,3,6787,Young Low Spender,Retention / low spend segment
20,Male,Kolkata,Nokia,Android,6.0,21.1,221.9,27,5.1,1792,3.8,4.1,1566,Work,3,3358,Young Low Spender,Retention / low spend segment
17,Other,Delhi,OnePlus,iOS,3.2,17.2,263.1,128,1.4,1648,4.9,3.1,1668,Education,3,3316,Young Low Spender,Retention / low spend segment
19,Female,Hyderabad,Apple,Android,9.2,28.6,203.4,144,2.7,2672,7.3,0.0,511,Social Media,3,3183,Young Low Spender,Retention / low spend segment
15,Other,Jaipur,Nokia,iOS,1.3,3.1,282.8,127,1.0,5971,1.0,4.4,933,Work,3,6904,Young Low Spender,Retention / low spend segment
30,Male,Hyderabad,Motorola,iOS,4.9,47.7,125.3,147,0.9,1635,2.1,0.4,638,Education,3,2273,Young Low Spender,Retention / low spend segment
16,Male,Chennai,Oppo,iOS,4.7,1.4,237.3,100,1.9,1107,1.2,4.6,1351,Social Media,3,2458,Young Low Spender,Retention / low spend segment
16,Male,Bangalore,Vivo,Android,5.2,15.4,244.5,126,5.0,4230,7.0,1.0,880,Social Media,3,5110,Young Low Spender,Retention / low spend segment
30,Female,Bangalore,OnePlus,iOS,11.3,2.0,271.2,19,2.6,1859,0.8,0.4,215,Social Media,3,2074,Young Low Spender,Retention / low spend segment
25,Female,Chennai,OnePlus,Android,1.2,10.2,229.3,45,3.2,5828,6.3,2.1,1635,Work,3,7463,Young Low Spender,Retention / low spend segment
25,Female,Pune,Apple,Android,8.5,5.0,22.2,70,2.3,3197,6.4,0.7,124,Social Media,3,3321,Young Low Spender,Retention / low spend segment
34,Other,Kolkata,Motorola,iOS,11.5,24.1,248.6,95,4.9,2181,7.6,0.9,1971,Work,3,4152,Young Low Spender,Retention / low spend segment
23,Male,Bangalore,OnePlus,Android,4.4,35.8,291.4,59,2.7,6980,8.0,1.4,182,Education,3,7162,Young Low Spender,Retention / low spend segment
18,Female,Lucknow,Realme,iOS,9.8,16.6,284.9,86,5.5,986,6.9,2.9,1593,Education,3,2579,Young Low Spender,Retention / low spend segment
22,Male,Delhi,Vivo,iOS,8.8,29.1,278.3,24,2.6,2683,4.2,3.7,1109,Education,3,3792,Young Low Spender,Retention / low spend segment
32,Female,Jaipur,Vivo,iOS,9.3,20.6,32.5,12,4.5,3312,2.4,4.0,427,Education,3,3739,Young Low Spender,Retention / low spend segment
29,Male,Lucknow,Motorola,iOS,9.5,31.8,268.7,174,4.8,2800,5.7,2.8,1116,Social Media,3,3916,Young Low Spender,Retention / low spend segment
40,Other,Delhi,Nokia,Android,1.2,22.7,241.1,40,1.2,838,2.0,0.9,873,Work,3,1711,Young Low Spender,Retention / low spend segment
26,Other,Pune,Apple,Android,7.7,13.7,64.1,185,2.8,1134,3.6,3.0,740,Gaming,3,1874,Young Low Spender,Retention / low spend segment
24,Other,Chennai,Vivo,Android,10.5,35.6,151.4,171,1.0,2501,3.9,4.4,700,Social Media,3,3201,Young Low Spender,Retention / low spend segment
18,Other,Bangalore,Google Pixel,iOS,1.3,5.7,162.0,182,3.4,6179,2.9,2.6,520,Gaming,3,6699,Young Low Spender,Retention / low spend segment
17,Male,Lucknow,Apple,Android,9.3,5.4,55.0,10,0.6,4750,6.7,2.2,1927,Entertainment,3,6677,Young Low Spender,Retention / low spend segment
22,Female,Kolkata,Nokia,iOS,5.9,30.2,239.4,127,3.7,535,4.3,2.8,1656,Entertainment,3,2191,Young Low Spender,Retention / low spend segment
20,Other,Pune,Samsung,Android,3.6,15.9,67.1,24,4.6,1380,7.3,1.8,1215,Entertainment,3,2595,Young Low Spender,Retention / low spend segment
15,Female,Jaipur,Samsung,Android,11.8,18.3,126.8,107,2.4,2837,3.1,0.6,428,Work,3,3265,Young Low Spender,Retention / low spend segment
28,Other,Jaipur,Google Pixel,Android,8.4,1.2,275.9,49,1.4,1455,7.6,2.3,1900,Education,3,3355,Young Low Spender,Retention / low spend segment
31,Other,Delhi,Xiaomi,iOS,6.7,31.1,39.0,52,3.7,393,7.9,1.5,1421,Gaming,3,1814,Young Low Spender,Retention / low spend segment
20,Other,Bangalore,OnePlus,Android,10.5,18.1,270.3,51,2.0,3450,6.0,2.3,1508,Work,3,4958,Young Low Spender,Retention / low spend segment
18,Female,Pune,Vivo,Android,10.1,31.6,178.3,59,4.1,4417,5.4,1.6,1860,Gaming,3,6277,Young Low Spender,Retention / low spend segment
15,Female,Chennai,OnePlus,iOS,10.5,20.6,260.1,187,3.1,6744,1.0,3.7,316,Social Media,3,7060,Young Low Spender,Retention / low spend segment
22,Female,Pune,Nokia,iOS,1.2,18.7,94.2,77,6.0,2371,3.7,0.9,558,Gaming,3,2929,Young Low Spender,Retention / low spend segment
29,Female,Lucknow,Motorola,Android,8.3,10.9,287.7,38,5.8,3373,4.9,4.6,1684,Gaming,3,5057,Young Low Spender,Retention / low spend segment
30,Male,Bangalore,Google Pixel,Android,10.9,16.2,286.6,65,2.3,617,1.6,3.6,1261,Social Media,3,1878,Young Low Spender,Retention / low spend segment
36,Male,Mumbai,Apple,Android,6.4,29.5,122.8,143,3.7,3386,5.5,1.5,530,Social Media,3,3916,Young Low Spender,Retention / low spend segment
25,Female,Ahmedabad,Google Pixel,iOS,8.2,15.4,150.3,156,3.7,2201,2.7,2.8,718,Work,3,2919,Young Low Spender,Retention / low spend segment
38,Other,Delhi,Nokia,Android,1.4,6.3,284.0,73,3.5,2498,5.8,1.6,946,Social Media,3,3444,Young Low Spender,Retention / low spend segment
15,Female,Delhi,Realme,iOS,8.3,24.6,104.4,121,4.4,2412,3.7,0.0,109,Work,3,2521,Young Low Spender,Retention / low spend segment
33,Female,Chennai,Apple,iOS,2.9,41.4,128.9,129,4.7,1641,1.0,2.2,1851,Social Media,3,3492,Young Low Spender,Retention / low spend segment
29,Male,Jaipur,Vivo,iOS,3.6,9.0,286.2,157,2.7,5399,3.0,3.6,959,Education,3,6358,Young Low Spender,Retention / low spend segment
29,Female,Ahmedabad,Realme,Android,4.2,38.3,298.6,14,2.5,2254,1.7,2.4,1657,Social Media,3,3911,Young Low Spender,Retention / low spend segment
22,Other,Mumbai,Realme,Android,5.6,26.0,207.9,134,5.5,307,5.0,0.8,364,Social Media,3,671,Young Low Spender,Retention / low spend segment
17,Other,Jaipur,Samsung,Android,7.1,43.8,295.5,181,3.2,7730,5.0,0.3,1142,Entertainment,3,8872,Young Low Spender,Retention / low spend segment
22,Male,Kolkata,Xiaomi,Android,6.5,46.2,250.3,123,4.1,5708,1.4,0.4,1089,Social Media,3,6797,Young Low Spender,Retention / low spend segment
15,Male,Jaipur,Samsung,Android,2.7,44.7,193.6,145,4.7,5237,5.3,3.5,410,Work,3,5647,Young Low Spender,Retention / low spend segment
23,Other,Mumbai,OnePlus,iOS,3.9,18.9,103.7,27,2.3,545,7.3,3.7,931,Work,3,1476,Young Low Spender,Retention / low spend segment
26,Other,Jaipur,Google Pixel,iOS,9.3,8.1,208.6,178,1.3,4102,3.0,0.3,393,Gaming,3,4495,Young Low Spender,Retention / low spend segment
35,Female,Ahmedabad,Samsung,iOS,2.1,18.9,144.0,78,2.2,2547,7.5,2.2,394,Social Media,3,2941,Young Low Spender,Retention / low spend segment
17,Female,Jaipur,Xiaomi,iOS,7.2,23.3,156.6,28,0.6,2126,2.8,0.7,235,Gaming,3,2361,Young Low Spender,Retention / low spend segment
17,Female,Jaipur,Realme,iOS,2.9,34.5,50.9,77,4.0,3206,5.4,2.3,828,Gaming,3,4034,Young Low Spender,Retention / low spend segment
30,Female,Chennai,Realme,iOS,10.0,9.4,244.5,137,4.8,914,1.4,1.7,1553,Education,3,2467,Young Low Spender,Retention / low spend segment
37,Female,Kolkata,Oppo,Android,1.6,17.5,300.0,34,3.9,1133,2.7,3.8,1677,Gaming,3,2810,Young Low Spender,Retention / low spend segment
40,Female,Bangalore,OnePlus,Android,4.7,39.7,27.3,15,0.5,1105,8.0,4.5,1532,Work,3,2637,Young Low Spender,Retention / low spend segment
19,Other,Kolkata,Oppo,Android,6.0,44.2,9.8,158,4.7,4380,2.3,4.6,1953,Gaming,3,6333,Young Low Spender,Retention / low spend segment
32,Other,Mumbai,Nokia,iOS,5.1,18.0,299.6,72,1.4,1397,2.1,4.8,1706,Gaming,3,3103,Young Low Spender,Retention / low spend segment
21,Female,Jaipur,Apple,iOS,8.3,2.7,266.0,169,3.6,5206,3.2,3.9,812,Entertainment,3,6018,Young Low Spender,Retention / low spend segment
27,Other,Kolkata,Realme,iOS,10.4,19.3,278.3,93,3.7,2717,0.6,2.6,673,Education,3,3390,Young Low Spender,Retention / low spend segment
19,Male,Hyderabad,Realme,Android,5.4,12.0,263.1,126,3.4,1767,7.8,2.8,906,Education,3,2673,Young Low Spender,Retention / low spend segment
33,Other,Hyderabad,Vivo,iOS,9.0,3.7,39.8,64,1.1,613,4.9,1.5,1891,Work,3,2504,Young Low Spender,Retention / low spend segment
36,Male,Hyderabad,OnePlus,iOS,8.4,30.4,83.3,190,0.5,1755,6.8,3.1,1824,Education,3,3579,Young Low Spender,Retention / low spend segment
32,Male,Jaipur,Google Pixel,iOS,4.4,36.1,116.5,193,3.4,5117,7.3,3.9,1012,Work,3,6129,Young Low Spender,Retention / low spend segment
30,Male,Mumbai,OnePlus,iOS,10.3,46.5,186.4,43,2.2,3814,2.1,1.0,318,Entertainment,3,4132,Young Low Spender,Retention / low spend segment
36,Other,Chennai,Xiaomi,iOS,7.2,6.4,270.6,181,2.8,3798,4.9,1.3,1639,Gaming,3,5437,Young Low Spender,Retention / low spend segment
30,Male,Kolkata,Vivo,Android,11.6,7.1,122.6,54,1.3,4054,5.7,4.5,436,Gaming,3,4490,Young Low Spender,Retention / low spend segment
36,Other,Mumbai,Realme,iOS,4.1,3.0,281.9,118,3.9,1597,7.8,3.6,539,Social Media,3,2136,Young Low Spender,Retention / low spend segment
26,Other,Ahmedabad,Xiaomi,iOS,8.8,18.2,11.9,76,3.3,4249,4.3,4.1,808,Work,3,5057,Young Low Spender,Retention / low spend segment
18,Male,Lucknow,Vivo,Android,5.4,13.8,158.2,98,4.2,3890,6.3,0.3,537,Gaming,3,4427,Young Low Spender,Retention / low spend segment
17,Male,Pune,Google Pixel,iOS,4.5,42.9,56.7,101,5.7,3260,6.7,0.9,1470,Social Media,3,4730,Young Low Spender,Retention / low spend segment
19,Female,Chennai,Vivo,iOS,8.6,29.4,75.2,15,3.1,471,7.1,2.7,1200,Social Media,3,1671,Young Low Spender,Retention / low spend segment
25,Male,Mumbai,Motorola,iOS,2.9,16.8,165.5,62,1.9,3457,2.9,3.5,259,Social Media,3,3716,Young Low Spender,Retention / low spend segment
24,Other,Delhi,Nokia,iOS,8.1,42.8,89.5,135,0.6,2888,3.6,1.1,1166,Gaming,3,4054,Young Low Spender,Retention / low spend segment
19,Male,Bangalore,Xiaomi,Android,5.2,4.0,290.2,60,5.0,1417,4.5,3.0,1721,Entertainment,3,3138,Young Low Spender,Retention / low spend segment
34,Male,Hyderabad,Realme,iOS,8.7,22.7,15.0,59,1.7,2204,2.8,0.7,1484,Entertainment,3,3688,Young Low Spender,Retention / low spend segment
15,Male,Kolkata,Realme,iOS,2.7,13.7,143.8,115,1.8,6593,6.4,1.9,1337,Social Media,3,7930,Young Low Spender,Retention / low spend segment
33,Other,Ahmedabad,Nokia,Android,6.4,15.5,227.6,130,3.3,1189,7.5,4.5,212,Work,3,1401,Young Low Spender,Retention / low spend segment
17,Male,Bangalore,Motorola,iOS,9.7,18.9,295.7,129,3.5,2879,2.3,3.3,1240,Entertainment,3,4119,Young Low Spender,Retention / low spend segment
24,Female,Pune,Xiaomi,iOS,6.7,31.1,159.4,197,4.6,179,2.6,0.2,1342,Entertainment,3,1521,Young Low Spender,Retention / low spend segment
19,Female,Kolkata,OnePlus,Android,4.2,15.3,254.1,22,5.2,2150,7.1,1.2,1303,Entertainment,3,3453,Young Low Spender,Retention / low spend segment
16,Male,Kolkata,Vivo,iOS,11.7,5.8,161.6,69,4.9,1332,7.2,0.7,1403,Education,3,2735,Young Low Spender,Retention / low spend segment
31,Male,Ahmedabad,Vivo,Android,7.7,19.2,190.1,123,2.9,792,6.9,1.3,1706,Gaming,3,2498,Young Low Spender,Retention / low spend segment
20,Other,Pune,Samsung,Android,2.0,23.8,31.6,157,4.1,1458,4.7,4.1,730,Work,3,2188,Young Low Spender,Retention / low spend segment
26,Male,Chennai,Realme,Android,11.5,39.6,92.7,166,5.9,982,5.2,4.9,1914,Social Media,3,2896,Young Low Spender,Retention / low spend segment
15,Female,Bangalore,Samsung,iOS,7.2,2.6,218.0,91,1.8,6974,7.4,0.2,1008,Gaming,3,7982,Young Low Spender,Retention / low spend segment
37,Female,Lucknow,Realme,iOS,8.8,7.6,214.0,42,2.8,4274,0.8,3.7,1736,Work,3,6010,Young Low Spender,Retention / low spend segment
25,Other,Ahmedabad,Xiaomi,Android,11.3,29.8,221.4,97,1.1,1263,6.3,1.7,504,Entertainment,3,1767,Young Low Spender,Retention / low spend segment
37,Other,Jaipur,Motorola,iOS,9.9,20.7,151.4,12,1.1,344,4.8,0.2,1179,Gaming,3,1523,Young Low Spender,Retention / low spend segment
37,Female,Bangalore,Motorola,iOS,4.2,36.5,212.2,184,1.4,468,3.8,1.1,585,Entertainment,3,1053,Young Low Spender,Retention / low spend segment
16,Other,Pune,Oppo,Android,4.7,8.1,178.0,133,4.0,3760,3.7,1.7,620,Work,3,4380,Young Low Spender,Retention / low spend segment
16,Female,Kolkata,Nokia,iOS,10.0,28.9,18.7,179,5.5,1516,1.5,1.4,1233,Entertainment,3,2749,Young Low Spender,Retention / low spend segment
31,Female,Jaipur,Realme,Android,4.5,8.0,177.3,185,1.4,259,7.2,1.1,695,Entertainment,3,954,Young Low Spender,Retention / low spend segment
18,Other,Hyderabad,Realme,Android,3.1,14.8,6.6,51,4.3,889,4.5,3.1,1185,Education,3,2074,Young Low Spender,Retention / low spend segment
27,Female,Chennai,Realme,Android,2.9,37.9,147.0,110,5.6,1278,6.3,3.1,671,Education,3,1949,Young Low Spender,Retention / low spend segment
25,Male,Ahmedabad,Xiaomi,iOS,4.4,39.0,60.6,70,0.7,4315,1.5,1.0,1536,Entertainment,3,5851,Young Low Spender,Retention / low spend segment
24,Other,Kolkata,Vivo,Android,10.5,27.0,112.2,148,1.8,5296,2.4,4.8,315,Gaming,3,5611,Young Low Spender,Retention / low spend segment
15,Male,Pune,Google Pixel,iOS,7.1,38.8,62.5,171,5.6,4120,1.6,2.4,548,Gaming,3,4668,Young Low Spender,Retention / low spend segment
23,Other,Hyderabad,Vivo,iOS,2.6,8.0,169.1,16,4.9,1346,2.7,0.4,1537,Gaming,3,2883,Young Low Spender,Retention / low spend segment
24,Female,Mumbai,Realme,Android,10.4,48.4,80.4,30,4.5,2805,2.5,4.1,1006,Entertainment,3,3811,Young Low Spender,Retention / low spend segment
20,Male,Hyderabad,Google Pixel,Android,4.8,45.2,74.5,44,1.1,4681,5.0,4.4,957,Gaming,3,5638,Young Low Spender,Retention / low spend segment
24,Other,Chennai,Apple,Android,2.0,10.5,103.6,158,4.5,713,3.2,2.9,1117,Social Media,3,1830,Young Low Spender,Retention / low spend segment
17,Male,Kolkata,Xiaomi,Android,5.7,48.7,235.2,85,0.7,5396,2.6,1.7,1214,Social Media,3,6610,Young Low Spender,Retention / low spend segment
17,Female,Delhi,Nokia,Android,3.0,2.6,268.5,83,3.2,7759,0.7,3.8,1260,Work,3,9019,Young Low Spender,Retention / low spend segment
37,Female,Bangalore,Motorola,Android,1.6,33.7,152.0,17,1.0,112,5.0,0.5,1080,Gaming,3,1192,Young Low Spender,Retention / low spend segment
21,Female,Kolkata,Apple,Android,4.2,48.0,263.0,104,4.8,1337,7.7,3.2,1093,Work,3,2430,Young Low Spender,Retention / low spend segment
22,Female,Pune,OnePlus,iOS,7.3,23.7,211.3,77,3.7,1921,2.8,0.8,1721,Work,3,3642,Young Low Spender,Retention / low spend segment
15,Male,Mumbai,OnePlus,iOS,4.0,29.6,268.4,27,4.2,5648,4.0,0.7,606,Work,3,6254,Young Low Spender,Retention / low spend segment
17,Male,Ahmedabad,Apple,Android,3.1,1.7,282.7,40,4.2,2858,7.0,4.8,1081,Social Media,3,3939,Young Low Spender,Retention / low spend segment
24,Female,Ahmedabad,Oppo,Android,1.0,42.4,11.1,66,2.5,1220,2.4,4.6,701,Work,3,1921,Young Low Spender,Retention / low spend segment
30,Male,Chennai,Xiaomi,Android,9.8,7.1,124.6,69,1.8,2292,2.3,2.8,995,Gaming,3,3287,Young Low Spender,Retention / low spend segment
38,Other,Delhi,Xiaomi,iOS,3.8,46.6,218.1,40,2.4,2959,2.1,3.3,493,Entertainment,3,3452,Young Low Spender,Retention / low spend segment
32,Female,Lucknow,Nokia,Android,1.1,48.7,272.4,47,2.2,3738,5.5,3.0,1088,Education,3,4826,Young Low Spender,Retention / low spend segment
23,Female,Jaipur,OnePlus,Android,11.7,29.6,273.9,119,3.1,2324,5.2,2.0,584,Entertainment,3,2908,Young Low Spender,Retention / low spend segment
26,Male,Mumbai,Google Pixel,iOS,8.3,30.9,21.5,54,1.3,701,7.3,1.4,1056,Education,3,1757,Young Low Spender,Retention / low spend segment
30,Other,Lucknow,Oppo,iOS,3.5,26.0,282.3,197,1.8,3204,6.3,3.1,724,Work,3,3928,Young Low Spender,Retention / low spend segment
23,Female,Hyderabad,Xiaomi,Android,9.7,26.2,292.2,26,1.8,2853,0.6,4.6,1330,Education,3,4183,Young Low Spender,Retention / low spend segment
19,Male,Hyderabad,Nokia,iOS,7.9,31.5,37.8,132,1.8,4390,2.5,2.8,1009,Work,3,5399,Young Low Spender,Retention / low spend segment
20,Other,Bangalore,Nokia,Android,9.7,20.6,23.8,159,2.7,811,4.6,2.5,261,Work,3,1072,Young Low Spender,Retention / low spend segment
20,Other,Kolkata,Apple,Android,8.3,16.5,155.6,180,2.5,3324,4.1,1.7,1305,Social Media,3,4629,Young Low Spender,Retention / low spend segment
26,Other,Delhi,Realme,iOS,8.3,37.0,230.7,41,1.3,2571,0.6,1.5,720,Education,3,3291,Young Low Spender,Retention / low spend segment
26,Female,Pune,Nokia,Android,3.9,1.8,268.1,37,4.3,2298,7.3,2.3,1287,Social Media,3,3585,Young Low Spender,Retention / low spend segment
29,Male,Delhi,Oppo,Android,1.3,10.2,25.8,36,4.4,1922,3.7,1.0,256,Social Media,3,2178,Young Low Spender,Retention / low spend segment
32,Female,Lucknow,Oppo,Android,5.1,27.2,169.8,147,3.2,5085,7.8,4.5,1673,Work,3,6758,Young Low Spender,Retention / low spend segment
18,Other,Pune,Vivo,Android,4.0,43.4,274.3,33,2.7,7203,1.9,1.1,715,Education,3,7918,Young Low Spender,Retention / low spend segment
35,Male,Mumbai,Oppo,Android,6.5,7.2,146.9,59,4.2,2103,1.5,1.2,1715,Education,3,3818,Young Low Spender,Retention / low spend segment
15,Male,Delhi,Motorola,iOS,7.7,38.9,214.1,136,3.3,5055,6.3,2.1,1053,Gaming,3,6108,Young Low Spender,Retention / low spend segment
19,Female,Jaipur,Vivo,iOS,5.7,25.9,278.1,35,5.8,1403,0.6,4.3,446,Education,3,1849,Young Low Spender,Retention / low spend segment
38,Female,Kolkata,Oppo,iOS,10.5,21.1,236.5,64,1.7,2640,6.9,0.1,1788,Gaming,3,4428,Young Low Spender,Retention / low spend segment
30,Female,Pune,Google Pixel,Android,4.0,33.0,144.0,48,2.0,3524,3.7,4.7,1704,Entertainment,3,5228,Young Low Spender,Retention / low spend segment
24,Female,Hyderabad,Nokia,iOS,5.6,20.0,126.3,166,4.9,3824,8.0,4.5,252,Education,3,4076,Young Low Spender,Retention / low spend segment
15,Female,Ahmedabad,Nokia,Android,1.2,28.5,79.0,62,5.1,1950,5.5,4.0,108,Education,3,2058,Young Low Spender,Retention / low spend segment
15,Female,Lucknow,Samsung,iOS,7.0,31.1,187.3,189,4.6,3739,4.2,3.1,1918,Education,3,5657,Young Low Spender,Retention / low spend segment
29,Other,Chennai,Oppo,Android,1.5,5.1,138.5,120,1.5,3396,3.3,4.5,1988,Entertainment,3,5384,Young Low Spender,Retention / low spend segment
35,Female,Delhi,Google Pixel,Android,9.6,42.4,15.7,10,3.5,2771,7.6,1.0,623,Gaming,3,3394,Young Low Spender,Retention / low spend segment
17,Male,Pune,Xiaomi,iOS,6.9,19.9,78.6,162,0.7,5253,1.6,3.1,216,Education,3,5469,Young Low Spender,Retention / low spend segment
20,Female,Pune,Google Pixel,iOS,11.9,43.0,79.8,118,3.6,3036,3.0,3.5,1161,Entertainment,3,4197,Young Low Spender,Retention / low spend segment
22,Male,Kolkata,Vivo,Android,2.0,19.8,154.6,54,1.8,3523,5.9,0.6,644,Gaming,3,4167,Young Low Spender,Retention / low spend segment
28,Other,Delhi,Motorola,Android,3.5,25.4,82.1,167,3.3,4530,4.3,2.7,1746,Gaming,3,6276,Young Low Spender,Retention / low spend segment
18,Male,Pune,Realme,iOS,1.1,18.5,99.0,33,1.3,2889,4.2,4.1,212,Education,3,3101,Young Low Spender,Retention / low spend segment
28,Other,Ahmedabad,Motorola,Android,10.0,31.0,88.9,169,5.3,842,6.7,0.7,380,Social Media,3,1222,Young Low Spender,Retention / low spend segment
32,Other,Jaipur,Xiaomi,iOS,3.0,6.1,187.8,79,5.0,3555,2.6,3.3,1981,Social Media,3,5536,Young Low Spender,Retention / low spend segment
21,Male,Hyderabad,Realme,iOS,1.2,14.8,56.6,194,3.8,1054,0.8,2.8,1910,Education,3,2964,Young Low Spender,Retention / low spend segment
29,Other,Kolkata,Samsung,iOS,6.3,9.1,298.6,39,4.2,4134,1.9,3.6,1164,Social Media,3,5298,Young Low Spender,Retention / low spend segment
29,Female,Hyderabad,Nokia,Android,10.3,31.6,77.4,199,5.1,1970,2.1,2.4,288,Education,3,2258,Young Low Spender,Retention / low spend segment
35,Female,Delhi,Apple,iOS,11.7,20.3,126.0,80,0.8,564,6.7,1.9,712,Education,3,1276,Young Low Spender,Retention / low spend segment
16,Male,Kolkata,OnePlus,Android,7.1,9.9,12.2,64,2.6,2900,5.9,1.6,1106,Entertainment,3,4006,Young Low Spender,Retention / low spend segment
19,Male,Pune,OnePlus,Android,3.4,5.5,67.0,159,1.2,5568,2.3,4.7,1766,Gaming,3,7334,Young Low Spender,Retention / low spend segment
22,Male,Jaipur,Google Pixel,Android,11.9,3.3,116.3,71,4.3,2415,7.0,2.5,1008,Social Media,3,3423,Young Low Spender,Retention / low spend segment
15,Female,Kolkata,Xiaomi,Android,1.1,6.6,130.1,176,0.6,5369,1.3,3.3,619,Education,3,5988,Young Low Spender,Retention / low spend segment
30,Male,Bangalore,Motorola,Android,4.4,5.1,70.4,114,2.4,4049,5.4,4.2,1230,Gaming,3,5279,Young Low Spender,Retention / low spend segment
18,Female,Lucknow,Samsung,Android,6.5,1.2,258.1,193,4.7,2166,7.9,1.8,141,Social Media,3,2307,Young Low Spender,Retention / low spend segment
25,Male,Delhi,Samsung,Android,2.9,10.2,112.2,20,1.9,3430,1.0,3.3,1362,Education,3,4792,Young Low Spender,Retention / low spend segment
32,Other,Jaipur,Apple,iOS,7.1,13.1,87.0,172,5.0,2694,1.9,4.6,489,Social Media,3,3183,Young Low Spender,Retention / low spend segment
32,Other,Kolkata,Nokia,Android,5.2,32.9,277.6,193,3.7,2813,5.4,1.5,772,Education,3,3585,Young Low Spender,Retention / low spend segment
22,Male,Mumbai,Apple,Android,7.2,14.0,85.5,45,1.0,444,6.2,4.4,267,Work,3,711,Young Low Spender,Retention / low spend segment
31,Other,Kolkata,Vivo,Android,2.8,24.0,78.8,111,5.2,264,1.4,4.3,1057,Gaming,3,1321,Young Low Spender,Retention / low spend segment
27,Other,Delhi,Xiaomi,iOS,3.6,5.0,148.6,159,2.3,143,1.2,3.8,350,Entertainment,3,493,Young Low Spender,Retention / low spend segment
20,Male,Mumbai,Oppo,Android,5.0,20.8,203.7,53,2.4,4682,1.2,0.8,616,Entertainment,3,5298,Young Low Spender,Retention / low spend segment
34,Male,Kolkata,Apple,iOS,3.0,37.8,114.8,41,4.8,1025,0.9,0.8,1894,Social Media,3,2919,Young Low Spender,Retention / low spend segment
22,Male,Chennai,Motorola,iOS,11.1,24.7,66.3,15,4.5,3096,4.4,0.2,248,Work,3,3344,Young Low Spender,Retention / low spend segment
17,Female,Lucknow,Nokia,iOS,4.9,11.5,275.9,26,3.2,6364,3.2,4.9,1675,Entertainment,3,8039,Young Low Spender,Retention / low spend segment
15,Female,Delhi,Google Pixel,iOS,4.3,15.6,273.2,184,3.2,7858,7.2,1.0,172,Gaming,3,8030,Young Low Spender,Retention / low spend segment
32,Female,Mumbai,Realme,Android,8.1,1.2,184.4,80,3.8,4291,0.6,1.5,1608,Work,3,5899,Young Low Spender,Retention / low spend segment
29,Other,Mumbai,Oppo,Android,4.5,26.2,254.4,169,3.1,5224,1.3,1.3,1232,Education,3,6456,Young Low Spender,Retention / low spend segment
32,Other,Hyderabad,Vivo,Android,1.2,43.2,161.9,139,1.9,2677,4.8,4.7,1119,Entertainment,3,3796,Young Low Spender,Retention / low spend segment
16,Other,Ahmedabad,Xiaomi,Android,10.6,37.9,213.8,27,2.0,5416,1.7,1.6,483,Gaming,3,5899,Young Low Spender,Retention / low spend segment
34,Other,Kolkata,Motorola,Android,4.4,19.4,253.8,109,2.7,3647,5.4,4.0,993,Social Media,3,4640,Young Low Spender,Retention / low spend segment
39,Male,Pune,Nokia,iOS,1.2,35.2,284.8,13,2.6,1305,0.6,2.7,1216,Entertainment,3,2521,Young Low Spender,Retention / low spend segment
20,Female,Hyderabad,Google Pixel,iOS,6.7,2.9,130.5,89,4.3,3352,7.5,4.9,1821,Work,3,5173,Young Low Spender,Retention / low spend segment
30,Male,Bangalore,Motorola,Android,11.9,17.8,137.9,181,3.9,4200,1.2,0.6,146,Gaming,3,4346,Young Low Spender,Retention / low spend segment
28,Female,Hyderabad,OnePlus,iOS,3.3,18.7,34.5,130,3.0,2753,6.5,4.9,232,Work,3,2985,Young Low Spender,Retention / low spend segment
21,Other,Kolkata,Samsung,iOS,5.8,24.7,99.0,131,2.2,5366,0.7,4.0,1533,Education,3,6899,Young Low Spender,Retention / low spend segment
28,Female,Bangalore,Motorola,Android,1.1,42.3,282.5,78,3.5,2410,6.0,1.0,1836,Gaming,3,4246,Young Low Spender,Retention / low spend segment
25,Female,Mumbai,Motorola,Android,1.5,18.5,220.5,104,5.3,1089,3.2,2.9,1372,Social Media,3,2461,Young Low Spender,Retention / low spend segment
21,Male,Chennai,Apple,Android,8.7,46.1,132.8,73,0.9,5309,1.4,1.2,588,Entertainment,3,5897,Young Low Spender,Retention / low spend segment
28,Male,Ahmedabad,Samsung,iOS,1.9,5.9,276.1,76,1.2,2127,7.6,2.4,362,Education,3,2489,Young Low Spender,Retention / low spend segment
31,Female,Bangalore,Xiaomi,Android,4.5,3.5,232.2,85,3.4,5563,2.5,4.9,247,Gaming,3,5810,Young Low Spender,Retention / low spend segment
32,Other,Jaipur,Motorola,iOS,8.1,45.0,178.9,169,3.0,2027,2.0,4.6,663,Work,3,2690,Young Low Spender,Retention / low spend segment
31,Female,Chennai,Oppo,Android,2.3,3.2,126.5,107,5.2,1286,7.8,4.4,1940,Gaming,3,3226,Young Low Spender,Retention / low spend segment
20,Female,Ahmedabad,Samsung,Android,4.7,29.1,56.4,76,1.8,3042,3.3,0.6,488,Education,3,3530,Young Low Spender,Retention / low spend segment
37,Other,Lucknow,Vivo,iOS,7.4,45.1,264.9,165,0.7,1588,3.8,0.9,191,Education,3,1779,Young Low Spender,Retention / low spend segment
30,Other,Lucknow,Nokia,iOS,5.4,31.0,52.4,154,2.3,2160,0.9,2.4,1276,Work,3,3436,Young Low Spender,Retention / low spend segment
35,Female,Ahmedabad,Samsung,Android,1.2,33.1,292.2,84,4.0,4302,5.0,0.2,219,Entertainment,3,4521,Young Low Spender,Retention / low spend segment
32,Other,Pune,Xiaomi,iOS,2.2,12.3,106.5,17,4.1,4159,7.4,4.4,1265,Education,3,5424,Young Low Spender,Retention / low spend segment
15,Other,Kolkata,Samsung,iOS,12.0,4.3,141.7,91,5.3,4430,1.4,3.9,109,Gaming,3,4539,Young Low Spender,Retention / low spend segment
38,Other,Ahmedabad,Oppo,Android,3.2,43.7,239.9,194,1.6,1012,3.5,2.4,1670,Social Media,3,2682,Young Low Spender,Retention / low spend segment
18,Male,Delhi,Realme,iOS,5.3,26.8,230.0,198,3.4,555,3.1,4.1,1986,Gaming,3,2541,Young Low Spender,Retention / low spend segment
35,Other,Mumbai,Vivo,Android,6.3,31.7,207.8,135,1.5,2624,7.3,3.0,1494,Entertainment,3,4118,Young Low Spender,Retention / low spend segment
31,Other,Chennai,Samsung,Android,7.5,16.0,58.5,23,4.8,3046,2.9,3.2,1442,Education,3,4488,Young Low Spender,Retention / low spend segment
24,Other,Mumbai,Oppo,iOS,2.7,33.8,86.9,152,1.6,161,5.5,5.0,1469,Work,3,1630,Young Low Spender,Retention / low spend segment
17,Male,Delhi,Google Pixel,iOS,4.5,8.8,134.1,185,3.3,1182,2.7,0.8,1087,Gaming,3,2269,Young Low Spender,Retention / low spend segment
30,Other,Delhi,Vivo,iOS,2.0,36.3,146.5,197,4.9,189,2.2,3.5,1677,Work,3,1866,Young Low Spender,Retention / low spend segment
15,Male,Ahmedabad,Samsung,Android,8.1,42.5,26.6,20,5.0,1605,4.0,1.0,1326,Social Media,3,2931,Young Low Spender,Retention / low spend segment
25,Other,Chennai,Google Pixel,Android,11.8,3.1,234.4,58,3.6,3287,3.8,2.1,556,Work,3,3843,Young Low Spender,Retention / low spend segment
18,Male,Mumbai,Oppo,Android,7.4,11.8,9.9,23,1.1,1157,4.6,1.5,293,Entertainment,3,1450,Young Low Spender,Retention / low spend segment
17,Female,Delhi,Vivo,Android,9.3,19.1,165.8,42,5.0,5121,6.9,4.2,1424,Education,3,6545,Young Low Spender,Retention / low spend segment
23,Other,Mumbai,OnePlus,Android,2.5,22.1,288.0,194,4.4,274,8.0,3.7,676,Social Media,3,950,Young Low Spender,Retention / low spend segment
26,Male,Hyderabad,Apple,Android,1.5,38.9,170.6,15,0.8,2836,5.2,3.2,934,Entertainment,3,3770,Young Low Spender,Retention / low spend segment
25,Female,Hyderabad,Google Pixel,iOS,3.7,22.4,294.1,178,3.0,5583,6.5,4.2,408,Entertainment,3,5991,Young Low Spender,Retention / low spend segment
20,Male,Hyderabad,Realme,Android,9.7,6.5,45.4,179,0.7,3314,5.5,0.8,228,Work,3,3542,Young Low Spender,Retention / low spend segment
36,Other,Lucknow,Xiaomi,iOS,11.4,39.4,82.1,88,2.2,2002,5.0,1.8,624,Education,3,2626,Young Low Spender,Retention / low spend segment
36,Male,Kolkata,Nokia,Android,4.8,41.6,29.7,28,2.7,1954,4.5,3.4,1530,Education,3,3484,Young Low Spender,Retention / low spend segment
25,Female,Ahmedabad,Vivo,iOS,4.7,5.5,88.6,139,2.2,1595,4.1,1.5,1034,Social Media,3,2629,Young Low Spender,Retention / low spend segment
32,Female,Delhi,Vivo,iOS,3.5,37.2,15.3,144,2.2,4561,5.6,2.6,1670,Gaming,3,6231,Young Low Spender,Retention / low spend segment
35,Other,Bangalore,Oppo,Android,6.2,28.9,49.9,15,1.4,975,3.3,2.1,1626,Social Media,3,2601,Young Low Spender,Retention / low spend segment
18,Male,Bangalore,Oppo,Android,9.8,27.5,67.2,199,3.2,6753,1.7,3.7,905,Gaming,3,7658,Young Low Spender,Retention / low spend segment
28,Male,Jaipur,Xiaomi,iOS,4.2,42.8,198.0,180,2.1,3518,1.6,4.9,1700,Work,3,5218,Young Low Spender,Retention / low spend segment
24,Male,Mumbai,Samsung,iOS,4.9,48.3,63.3,15,5.3,916,6.0,1.1,1690,Social Media,3,2606,Young Low Spender,Retention / low spend segment
21,Female,Chennai,OnePlus,Android,6.7,5.5,65.4,61,2.7,1934,1.8,1.1,1541,Gaming,3,3475,Young Low Spender,Retention / low spend segment
19,Male,Hyderabad,Apple,iOS,5.6,12.0,30.1,179,1.3,668,7.7,1.9,1891,Social Media,3,2559,Young Low Spender,Retention / low spend segment
24,Male,Lucknow,Oppo,Android,9.4,28.4,94.1,154,1.2,2063,7.1,3.6,889,Education,3,2952,Young Low Spender,Retention / low spend segment
20,Other,Hyderabad,Apple,iOS,1.4,14.9,189.5,132,1.7,752,1.6,5.0,1197,Gaming,3,1949,Young Low Spender,Retention / low spend segment
16,Other,Lucknow,Samsung,iOS,4.6,32.5,75.6,97,0.9,828,4.8,1.5,1713,Education,3,2541,Young Low Spender,Retention / low spend segment
34,Male,Bangalore,Apple,Android,9.5,43.7,66.5,116,3.8,139,1.8,0.6,1135,Work,3,1274,Young Low Spender,Retention / low spend segment
31,Male,Hyderabad,Vivo,iOS,4.2,28.4,186.1,189,0.6,485,4.9,4.0,1466,Education,3,1951,Young Low Spender,Retention / low spend segment
28,Other,Mumbai,Apple,Android,6.6,25.9,66.1,31,3.8,3193,2.1,4.3,585,Work,3,3778,Young Low Spender,Retention / low spend segment
23,Female,Hyderabad,OnePlus,Android,11.7,24.1,171.4,142,0.8,1877,6.1,1.0,1122,Work,3,2999,Young Low Spender,Retention / low spend segment
19,Other,Jaipur,Motorola,Android,8.0,28.9,190.0,39,5.5,1456,4.7,0.5,1746,Gaming,3,3202,Young Low Spender,Retention / low spend segment
28,Male,Kolkata,Realme,Android,1.3,11.0,259.2,182,5.0,1094,1.1,0.6,1406,Work,3,2500,Young Low Spender,Retention / low spend segment
28,Other,Mumbai,Xiaomi,Android,1.8,30.6,236.1,21,4.1,4806,1.8,0.5,1486,Gaming,3,6292,Young Low Spender,Retention / low spend segment
17,Other,Lucknow,OnePlus,Android,10.0,40.3,255.1,64,3.1,1521,7.2,0.8,733,Education,3,2254,Young Low Spender,Retention / low spend segment
27,Other,Bangalore,Xiaomi,iOS,6.8,21.2,155.0,36,3.0,553,3.4,1.0,1242,Education,3,1795,Young Low Spender,Retention / low spend segment
15,Male,Chennai,Oppo,Android,4.5,33.3,141.2,72,1.8,4098,6.7,1.0,1014,Entertainment,3,5112,Young Low Spender,Retention / low spend segment
25,Female,Hyderabad,Oppo,iOS,7.0,26.1,269.5,85,1.9,2520,3.0,4.9,1488,Entertainment,3,4008,Young Low Spender,Retention / low spend segment
27,Other,Bangalore,Realme,iOS,6.5,33.2,210.5,161,2.3,5088,6.3,4.3,309,Entertainment,3,5397,Young Low Spender,Retention / low spend segment
28,Male,Hyderabad,OnePlus,iOS,1.6,14.5,230.3,23,4.0,3813,1.7,4.8,643,Work,3,4456,Young Low Spender,Retention / low spend segment
18,Female,Chennai,Nokia,Android,4.7,31.4,91.2,142,5.6,939,6.4,0.2,105,Education,3,1044,Young Low Spender,Retention / low spend segment
27,Other,Hyderabad,Nokia,iOS,5.7,35.7,237.2,132,0.5,4207,2.2,4.8,1599,Social Media,3,5806,Young Low Spender,Retention / low spend segment
19,Male,Hyderabad,Motorola,Android,10.5,17.1,155.4,50,4.1,5519,2.9,4.8,1106,Social Media,3,6625,Young Low Spender,Retention / low spend segment
33,Female,Ahmedabad,Vivo,iOS,4.4,14.2,271.9,116,5.9,2629,7.8,2.9,572,Gaming,3,3201,Young Low Spender,Retention / low spend segment
40,Male,Lucknow,Motorola,iOS,5.8,19.5,184.0,200,0.9,1185,1.6,2.6,156,Social Media,3,1341,Young Low Spender,Retention / low spend segment
24,Female,Jaipur,Motorola,Android,11.2,11.4,194.9,162,3.7,2449,2.2,1.6,479,Entertainment,3,2928,Young Low Spender,Retention / low spend segment
35,Other,Chennai,Samsung,iOS,11.6,28.4,218.6,27,4.6,3445,2.3,1.0,1858,Gaming,3,5303,Young Low Spender,Retention / low spend segment
21,Male,Hyderabad,Samsung,Android,6.3,40.9,72.0,115,0.7,4839,3.3,1.2,528,Social Media,3,5367,Young Low Spender,Retention / low spend segment
28,Other,Pune,Oppo,iOS,11.9,47.8,226.9,133,2.1,3486,1.2,4.5,315,Entertainment,3,3801,Young Low Spender,Retention / low spend segment
25,Male,Chennai,Oppo,iOS,6.8,3.8,87.8,82,4.0,672,3.4,2.2,1301,Social Media,3,1973,Young Low Spender,Retention / low spend segment
20,Female,Chennai,Samsung,Android,7.1,44.9,170.5,54,5.4,1573,4.2,1.4,1494,Entertainment,3,3067,Young Low Spender,Retention / low spend segment
25,Male,Hyderabad,Realme,Android,10.7,19.7,100.9,41,2.1,848,1.5,2.8,386,Education,3,1234,Young Low Spender,Retention / low spend segment
15,Female,Hyderabad,Xiaomi,iOS,10.9,47.9,15.9,51,2.9,5683,2.9,1.2,919,Gaming,3,6602,Young Low Spender,Retention / low spend segment
30,Female,Kolkata,Vivo,Android,3.9,17.4,37.4,114,2.6,3864,3.5,2.6,567,Education,3,4431,Young Low Spender,Retention / low spend segment
15,Male,Pune,Realme,Android,4.8,7.5,208.9,20,2.5,5627,5.6,1.6,183,Gaming,3,5810,Young Low Spender,Retention / low spend segment
15,Female,Lucknow,Realme,iOS,9.9,42.2,145.7,57,4.9,5221,1.2,2.2,260,Gaming,3,5481,Young Low Spender,Retention / low spend segment
35,Other,Bangalore,Realme,iOS,6.2,41.9,217.9,65,0.7,1377,4.3,2.3,1376,Education,3,2753,Young Low Spender,Retention / low spend segment
16,Female,Lucknow,Motorola,iOS,9.6,47.7,58.4,36,2.2,5626,2.3,3.3,1652,Social Media,3,7278,Young Low Spender,Retention / low spend segment
36,Other,Bangalore,Oppo,iOS,2.3,2.9,111.1,40,0.7,540,7.5,0.1,1046,Entertainment,3,1586,Young Low Spender,Retention / low spend segment
20,Other,Jaipur,OnePlus,iOS,10.2,46.0,273.1,126,4.5,531,0.9,3.9,1936,Entertainment,3,2467,Young Low Spender,Retention / low spend segment
29,Female,Jaipur,OnePlus,iOS,9.8,17.6,205.3,122,3.3,4352,5.5,1.4,242,Entertainment,3,4594,Young Low Spender,Retention / low spend segment
36,Other,Ahmedabad,Apple,iOS,6.1,47.6,118.3,71,1.5,3395,5.6,0.7,1795,Work,3,5190,Young Low Spender,Retention / low spend segment
27,Male,Lucknow,Vivo,iOS,8.2,24.9,246.7,67,5.7,2663,6.4,0.8,1518,Work,3,4181,Young Low Spender,Retention / low spend segment
30,Male,Bangalore,Google Pixel,iOS,3.7,21.8,277.4,66,3.9,3292,7.6,2.8,217,Work,3,3509,Young Low Spender,Retention / low spend segment
23,Female,Bangalore,Vivo,Android,5.0,11.7,80.3,28,4.1,3855,5.2,2.8,1009,Entertainment,3,4864,Young Low Spender,Retention / low spend segment
34,Female,Ahmedabad,Oppo,Android,1.7,44.1,144.4,90,2.4,1240,7.0,3.7,1287,Work,3,2527,Young Low Spender,Retention / low spend segment
22,Other,Pune,Google Pixel,Android,4.7,24.7,121.4,171,4.2,572,7.3,3.0,1487,Gaming,3,2059,Young Low Spender,Retention / low spend segment
15,Male,Chennai,Oppo,iOS,7.4,36.3,25.2,22,1.8,3909,4.3,1.2,1379,Gaming,3,5288,Young Low Spender,Retention / low spend segment
16,Male,Kolkata,Xiaomi,iOS,6.5,34.6,234.9,163,3.6,4545,5.5,2.1,1373,Social Media,3,5918,Young Low Spender,Retention / low spend segment
32,Other,Ahmedabad,Motorola,Android,10.8,43.5,112.2,17,3.6,984,2.5,0.1,1546,Entertainment,3,2530,Young Low Spender,Retention / low spend segment
18,Male,Jaipur,Apple,Android,10.4,31.5,13.0,165,2.1,2110,3.2,3.5,272,Social Media,3,2382,Young Low Spender,Retention / low spend segment
34,Female,Hyderabad,Apple,iOS,1.5,20.9,68.9,159,2.7,4951,2.5,1.4,239,Education,3,5190,Young Low Spender,Retention / low spend segment
18,Male,Ahmedabad,OnePlus,iOS,6.9,10.3,72.1,100,1.2,5342,5.0,2.5,1703,Work,3,7045,Young Low Spender,Retention / low spend segment
18,Female,Delhi,OnePlus,Android,4.7,13.0,149.5,195,4.2,5400,2.8,0.6,841,Work,3,6241,Young Low Spender,Retention / low spend segment
26,Female,Hyderabad,Samsung,iOS,5.1,18.6,222.0,198,1.6,4840,7.1,1.4,1081,Education,3,5921,Young Low Spender,Retention / low spend segment
24,Male,Jaipur,Motorola,Android,8.2,36.6,167.7,175,4.3,3088,4.8,2.4,1270,Entertainment,3,4358,Young Low Spender,Retention / low spend segment
15,Female,Mumbai,OnePlus,Android,7.8,10.1,108.1,104,1.6,7146,1.6,0.4,672,Education,3,7818,Young Low Spender,Retention / low spend segment
20,Other,Lucknow,Samsung,Android,11.2,11.6,213.3,137,2.7,2534,1.7,3.5,1156,Social Media,3,3690,Young Low Spender,Retention / low spend segment
37,Female,Bangalore,Google Pixel,Android,8.4,24.6,290.3,138,0.5,453,2.9,4.9,1940,Entertainment,3,2393,Young Low Spender,Retention / low spend segment
34,Other,Jaipur,Vivo,iOS,4.4,24.1,18.6,40,4.1,590,2.6,1.0,1354,Work,3,1944,Young Low Spender,Retention / low spend segment
15,Other,Bangalore,Google Pixel,Android,1.9,30.7,119.4,16,4.6,4776,6.7,4.8,1711,Work,3,6487,Young Low Spender,Retention / low spend segment
30,Male,Delhi,Samsung,Android,10.9,12.8,90.2,135,2.2,3615,7.1,4.2,588,Education,3,4203,Young Low Spender,Retention / low spend segment
15,Other,Mumbai,Apple,Android,1.1,38.2,289.5,169,4.5,3063,4.1,3.1,1629,Work,3,4692,Young Low Spender,Retention / low spend segment
29,Female,Hyderabad,Motorola,Android,7.1,47.3,169.0,107,4.3,4103,6.0,1.0,1350,Social Media,3,5453,Young Low Spender,Retention / low spend segment
27,Female,Delhi,OnePlus,Android,3.2,22.2,245.8,194,4.1,769,5.6,4.1,1939,Entertainment,3,2708,Young Low Spender,Retention / low spend segment
20,Other,Jaipur,Nokia,Android,9.6,35.9,215.9,80,2.4,3414,5.1,1.1,111,Gaming,3,3525,Young Low Spender,Retention / low spend segment
15,Male,Jaipur,Samsung,iOS,4.0,15.8,298.2,114,1.8,5659,1.0,1.7,621,Education,3,6280,Young Low Spender,Retention / low spend segment
20,Female,Lucknow,Xiaomi,iOS,9.7,14.5,296.6,107,1.2,3300,6.0,0.4,1252,Social Media,3,4552,Young Low Spender,Retention / low spend segment
18,Female,Mumbai,Motorola,iOS,5.6,21.4,219.7,73,3.2,6505,3.6,1.6,182,Entertainment,3,6687,Young Low Spender,Retention / low spend segment
37,Other,Ahmedabad,Realme,iOS,6.3,16.6,212.5,166,1.8,544,3.3,2.7,111,Education,3,655,Young Low Spender,Retention / low spend segment
30,Female,Delhi,Oppo,Android,4.8,5.8,229.2,47,2.7,205,1.6,0.3,523,Entertainment,3,728,Young Low Spender,Retention / low spend segment
29,Male,Bangalore,Google Pixel,iOS,4.5,42.3,72.1,57,4.6,3843,7.3,4.7,322,Gaming,3,4165,Young Low Spender,Retention / low spend segment
26,Female,Ahmedabad,Samsung,Android,4.8,12.9,89.9,194,2.0,5626,4.9,4.8,919,Education,3,6545,Young Low Spender,Retention / low spend segment
29,Other,Pune,Motorola,iOS,2.7,33.3,277.7,195,2.2,4608,2.0,0.0,1737,Education,3,6345,Young Low Spender,Retention / low spend segment
30,Other,Mumbai,Samsung,iOS,6.3,40.8,88.4,84,2.5,3939,6.9,1.4,1337,Entertainment,3,5276,Young Low Spender,Retention / low spend segment
18,Male,Pune,OnePlus,Android,11.6,7.8,153.1,122,1.1,3994,6.0,3.9,1241,Gaming,3,5235,Young Low Spender,Retention / low spend segment
15,Other,Lucknow,Oppo,Android,1.3,35.5,295.5,172,1.6,5864,5.2,3.6,1863,Education,3,7727,Young Low Spender,Retention / low spend segment
31,Other,Mumbai,Samsung,Android,1.5,9.1,74.8,186,4.4,3696,4.6,1.5,260,Education,3,3956,Young Low Spender,Retention / low spend segment
24,Other,Mumbai,Samsung,Android,10.9,34.7,273.3,60,4.4,3143,4.5,2.2,1197,Entertainment,3,4340,Young Low Spender,Retention / low spend segment
35,Other,Jaipur,Oppo,Android,1.5,32.7,244.3,141,3.3,2296,5.3,2.9,1087,Entertainment,3,3383,Young Low Spender,Retention / low spend segment
35,Male,Kolkata,Vivo,iOS,11.0,41.4,262.5,154,3.9,4983,4.2,4.6,1512,Gaming,3,6495,Young Low Spender,Retention / low spend segment
25,Other,Hyderabad,OnePlus,Android,7.4,6.7,99.9,185,3.4,299,2.9,1.0,1170,Entertainment,3,1469,Young Low Spender,Retention / low spend segment
26,Other,Mumbai,Samsung,iOS,7.0,24.3,194.6,177,3.5,2661,1.6,4.7,498,Work,3,3159,Young Low Spender,Retention / low spend segment
29,Male,Chennai,OnePlus,Android,3.0,7.8,235.8,103,1.0,4366,1.6,1.4,1943,Gaming,3,6309,Young Low Spender,Retention / low spend segment
24,Male,Jaipur,Xiaomi,iOS,8.0,25.9,125.3,12,2.9,6761,2.2,3.8,1175,Entertainment,3,7936,Young Low Spender,Retention / low spend segment
33,Female,Hyderabad,Oppo,Android,9.4,4.3,170.7,117,2.5,3872,5.3,2.2,1049,Social Media,3,4921,Young Low Spender,Retention / low spend segment
30,Other,Kolkata,Apple,Android,5.8,40.4,282.3,138,3.8,1627,6.9,3.9,399,Social Media,3,2026,Young Low Spender,Retention / low spend segment
35,Male,Chennai,Xiaomi,Android,1.3,42.6,100.3,101,1.5,3721,1.1,4.0,576,Education,3,4297,Young Low Spender,Retention / low spend segment
18,Male,Lucknow,Xiaomi,iOS,2.1,40.4,125.7,35,3.4,4772,3.8,4.5,1720,Social Media,3,6492,Young Low Spender,Retention / low spend segment
34,Female,Pune,OnePlus,iOS,2.9,8.9,63.3,154,2.4,3919,1.3,2.1,263,Gaming,3,4182,Young Low Spender,Retention / low spend segment
16,Male,Chennai,OnePlus,Android,11.1,42.5,147.0,195,6.0,449,7.7,4.7,701,Education,3,1150,Young Low Spender,Retention / low spend segment
19,Female,Jaipur,Motorola,Android,3.1,29.5,199.1,130,4.1,2097,5.3,0.5,601,Entertainment,3,2698,Young Low Spender,Retention / low spend segment
26,Other,Bangalore,OnePlus,iOS,7.9,3.1,78.4,39,4.0,4515,3.4,0.5,512,Education,3,5027,Young Low Spender,Retention / low spend segment
22,Female,Hyderabad,Nokia,Android,6.2,18.2,284.8,96,5.8,1037,4.2,0.0,796,Work,3,1833,Young Low Spender,Retention / low spend segment
35,Female,Delhi,Google Pixel,iOS,8.8,44.9,132.2,163,1.4,854,6.3,1.9,1299,Education,3,2153,Young Low Spender,Retention / low spend segment
22,Female,Jaipur,Nokia,Android,6.8,18.6,30.1,76,5.3,1659,7.4,1.2,1813,Gaming,3,3472,Young Low Spender,Retention / low spend segment
19,Female,Chennai,Apple,iOS,6.2,31.4,248.0,45,3.8,4943,2.6,3.3,510,Social Media,3,5453,Young Low Spender,Retention / low spend segment
21,Other,Chennai,Motorola,iOS,2.5,8.6,168.8,80,1.9,529,4.8,0.6,1289,Work,3,1818,Young Low Spender,Retention / low spend segment
21,Other,Bangalore,Motorola,iOS,4.7,47.3,241.8,30,3.6,5550,3.9,2.1,1531,Work,3,7081,Young Low Spender,Retention / low spend segment
36,Other,Jaipur,Motorola,Android,4.6,30.4,257.8,35,3.8,3614,5.0,0.1,1665,Gaming,3,5279,Young Low Spender,Retention / low spend segment
26,Female,Pune,Realme,iOS,10.1,30.4,83.3,81,5.9,1281,3.3,0.4,1096,Gaming,3,2377,Young Low Spender,Retention / low spend segment
26,Female,Ahmedabad,Vivo,iOS,4.7,39.8,283.4,188,2.9,3225,0.6,2.1,1258,Gaming,3,4483,Young Low Spender,Retention / low spend segment
26,Male,Jaipur,Realme,iOS,9.2,10.5,63.6,151,1.1,4685,1.4,4.8,935,Social Media,3,5620,Young Low Spender,Retention / low spend segment
29,Other,Chennai,OnePlus,Android,4.0,15.4,85.8,126,3.2,4389,1.6,2.1,1168,Work,3,5557,Young Low Spender,Retention / low spend segment
18,Female,Delhi,Realme,Android,4.0,12.6,38.3,109,1.5,5883,4.6,2.8,1074,Gaming,3,6957,Young Low Spender,Retention / low spend segment
31,Other,Chennai,Apple,iOS,6.3,6.6,108.5,11,4.0,1807,3.8,3.3,1241,Education,3,3048,Young Low Spender,Retention / low spend segment
20,Male,Delhi,Xiaomi,iOS,9.4,23.1,136.2,171,2.0,3839,1.0,4.6,1894,Entertainment,3,5733,Young Low Spender,Retention / low spend segment
28,Female,Pune,OnePlus,Android,10.2,19.5,123.0,117,3.5,2921,5.5,3.5,1238,Entertainment,3,4159,Young Low Spender,Retention / low spend segment
21,Female,Mumbai,Motorola,iOS,10.1,19.6,18.9,65,2.7,1275,5.7,1.1,492,Work,3,1767,Young Low Spender,Retention / low spend segment
16,Other,Jaipur,Oppo,iOS,4.6,25.8,255.6,65,0.5,4504,2.7,0.1,736,Gaming,3,5240,Young Low Spender,Retention / low spend segment
37,Other,Pune,Vivo,iOS,11.8,35.9,134.0,83,2.6,2078,7.8,2.6,646,Social Media,3,2724,Young Low Spender,Retention / low spend segment
30,Female,Mumbai,Samsung,iOS,11.3,18.1,202.8,14,0.9,160,4.9,1.9,1386,Education,3,1546,Young Low Spender,Retention / low spend segment
20,Other,Delhi,Oppo,iOS,1.2,20.3,283.5,161,0.7,3178,3.3,1.7,505,Education,3,3683,Young Low Spender,Retention / low spend segment
36,Female,Kolkata,Samsung,Android,7.9,1.2,135.3,20,2.8,876,0.7,1.1,1716,Education,3,2592,Young Low Spender,Retention / low spend segment
29,Other,Hyderabad,Vivo,Android,9.1,10.5,223.8,75,3.9,3045,7.4,1.8,513,Gaming,3,3558,Young Low Spender,Retention / low spend segment
16,Female,Delhi,Motorola,Android,1.7,12.9,116.8,23,2.8,5612,7.5,4.0,823,Entertainment,3,6435,Young Low Spender,Retention / low spend segment
36,Male,Bangalore,Motorola,Android,7.7,26.8,212.1,100,3.9,3279,6.6,1.7,246,Entertainment,3,3525,Young Low Spender,Retention / low spend segment
32,Male,Delhi,Motorola,Android,4.1,47.0,294.3,184,0.7,2389,4.5,1.8,1570,Education,3,3959,Young Low Spender,Retention / low spend segment
15,Other,Pune,Vivo,iOS,6.0,4.6,237.2,86,2.5,3251,6.3,0.5,1211,Work,3,4462,Young Low Spender,Retention / low spend segment
21,Female,Chennai,Oppo,iOS,4.7,43.7,99.5,39,1.3,3321,6.1,4.9,1805,Gaming,3,5126,Young Low Spender,Retention / low spend segment
21,Other,Kolkata,Apple,iOS,1.7,10.7,105.7,129,3.3,3196,3.0,1.2,750,Entertainment,3,3946,Young Low Spender,Retention / low spend segment
29,Male,Jaipur,Google Pixel,iOS,3.2,28.4,179.0,140,5.6,179,7.0,2.5,1006,Gaming,3,1185,Young Low Spender,Retention / low spend segment
17,Other,Mumbai,Samsung,iOS,6.6,18.2,58.0,32,3.6,4311,7.5,3.6,189,Gaming,3,4500,Young Low Spender,Retention / low spend segment
22,Male,Hyderabad,OnePlus,iOS,11.9,11.2,74.2,107,0.8,3506,6.5,3.5,1577,Social Media,3,5083,Young Low Spender,Retention / low spend segment
17,Other,Jaipur,Vivo,iOS,7.7,11.3,262.1,196,3.4,5564,7.4,0.4,1005,Work,3,6569,Young Low Spender,Retention / low spend segment
34,Male,Chennai,Xiaomi,iOS,5.0,41.7,53.2,12,4.2,285,7.8,4.5,1345,Social Media,3,1630,Young Low Spender,Retention / low spend segment
23,Male,Bangalore,Google Pixel,iOS,6.1,44.8,87.6,165,2.9,266,1.6,4.9,778,Work,3,1044,Young Low Spender,Retention / low spend segment
26,Female,Lucknow,Samsung,Android,2.2,35.3,165.3,45,5.3,3351,3.4,1.9,725,Work,3,4076,Young Low Spender,Retention / low spend segment
24,Female,Chennai,Motorola,iOS,9.3,22.2,174.3,97,3.2,4208,3.8,0.5,506,Social Media,3,4714,Young Low Spender,Retention / low spend segment
21,Male,Bangalore,Oppo,iOS,4.4,22.1,23.5,147,0.7,1012,6.4,1.4,183,Social Media,3,1195,Young Low Spender,Retention / low spend segment
26,Male,Mumbai,Google Pixel,iOS,7.3,47.8,76.3,86,4.6,1383,4.3,0.3,943,Social Media,3,2326,Young Low Spender,Retention / low spend segment
34,Male,Mumbai,Apple,iOS,7.4,2.4,222.1,157,1.6,3604,0.8,0.1,656,Education,3,4260,Young Low Spender,Retention / low spend segment
20,Male,Jaipur,OnePlus,Android,9.8,24.7,124.9,31,0.7,3483,3.3,3.6,165,Education,3,3648,Young Low Spender,Retention / low spend segment
19,Male,Kolkata,Motorola,iOS,7.9,34.3,18.5,110,2.2,4842,5.3,2.1,1674,Work,3,6516,Young Low Spender,Retention / low spend segment
16,Other,Bangalore,Realme,Android,10.6,49.9,296.8,48,4.9,5197,2.4,3.3,1105,Entertainment,3,6302,Young Low Spender,Retention / low spend segment
22,Female,Mumbai,Vivo,Android,5.8,7.3,253.6,180,2.5,5467,7.6,3.7,112,Social Media,3,5579,Young Low Spender,Retention / low spend segment
17,Female,Jaipur,Nokia,Android,9.5,39.6,56.7,124,1.7,6167,1.4,0.7,1570,Social Media,3,7737,Young Low Spender,Retention / low spend segment
22,Male,Lucknow,Oppo,iOS,10.9,23.2,244.2,105,4.8,2265,1.0,1.7,309,Education,3,2574,Young Low Spender,Retention / low spend segment
35,Other,Chennai,Oppo,Android,4.8,18.2,156.0,141,2.9,4002,7.2,4.6,1031,Social Media,3,5033,Young Low Spender,Retention / low spend segment
29,Other,Kolkata,Vivo,Android,9.4,42.6,147.7,140,3.4,2487,4.1,0.7,1429,Social Media,3,3916,Young Low Spender,Retention / low spend segment
26,Female,Jaipur,Samsung,Android,5.5,12.3,66.6,25,0.6,1178,1.7,1.8,1315,Gaming,3,2493,Young Low Spender,Retention / low spend segment
34,Other,Ahmedabad,Apple,iOS,5.7,5.8,146.3,172,1.9,1897,5.6,4.6,1811,Gaming,3,3708,Young Low Spender,Retention / low spend segment
33,Female,Ahmedabad,Oppo,iOS,5.5,18.6,165.1,75,3.9,4647,4.0,1.6,728,Work,3,5375,Young Low Spender,Retention / low spend segment
22,Female,Pune,Apple,iOS,11.8,8.4,254.5,151,1.1,2022,6.9,1.9,1721,Entertainment,3,3743,Young Low Spender,Retention / low spend segment
16,Other,Ahmedabad,Xiaomi,Android,11.9,47.0,76.4,125,4.7,4510,1.6,1.1,1869,Education,3,6379,Young Low Spender,Retention / low spend segment
17,Other,Delhi,OnePlus,iOS,5.8,29.6,197.6,73,1.7,1639,2.7,3.3,1425,Gaming,3,3064,Young Low Spender,Retention / low spend segment
32,Female,Jaipur,Xiaomi,Android,9.4,27.9,259.3,90,5.0,3892,6.2,2.6,1567,Entertainment,3,5459,Young Low Spender,Retention / low spend segment
20,Female,Ahmedabad,Google Pixel,iOS,3.4,27.6,226.2,67,4.4,3830,6.7,0.9,277,Education,3,4107,Young Low Spender,Retention / low spend segment
15,Male,Delhi,OnePlus,Android,10.6,28.5,285.6,89,2.3,1952,4.3,2.4,1598,Education,3,3550,Young Low Spender,Retention / low spend segment
25,Other,Jaipur,Vivo,iOS,11.5,14.6,215.8,24,3.5,2445,5.3,1.6,710,Work,3,3155,Young Low Spender,Retention / low spend segment
17,Male,Kolkata,Realme,iOS,11.7,38.6,140.8,150,2.9,4844,4.1,1.3,746,Gaming,3,5590,Young Low Spender,Retention / low spend segment
31,Male,Pune,Vivo,Android,2.6,27.0,140.2,47,6.0,443,2.4,4.0,1343,Gaming,3,1786,Young Low Spender,Retention / low spend segment
35,Female,Jaipur,Google Pixel,Android,9.1,44.3,32.6,194,1.8,3651,1.4,4.9,103,Education,3,3754,Young Low Spender,Retention / low spend segment
15,Other,Ahmedabad,Motorola,Android,2.5,30.1,283.1,39,5.1,2729,5.0,3.1,893,Social Media,3,3622,Young Low Spender,Retention / low spend segment
17,Male,Lucknow,Google Pixel,iOS,6.1,45.0,299.9,19,3.9,6253,1.2,1.6,196,Work,3,6449,Young Low Spender,Retention / low spend segment
20,Male,Delhi,OnePlus,iOS,2.3,30.9,84.1,132,5.7,309,7.0,2.2,574,Entertainment,3,883,Young Low Spender,Retention / low spend segment
29,Female,Bangalore,OnePlus,iOS,2.9,8.5,132.1,77,4.7,262,6.5,0.1,1280,Work,3,1542,Young Low Spender,Retention / low spend segment
19,Female,Lucknow,Nokia,iOS,9.2,43.4,184.1,71,1.9,1500,3.5,3.4,949,Education,3,2449,Young Low Spender,Retention / low spend segment
21,Female,Chennai,Realme,iOS,9.9,25.1,263.7,185,4.9,4812,4.3,4.2,1754,Social Media,3,6566,Young Low Spender,Retention / low spend segment
28,Other,Delhi,Motorola,iOS,7.8,9.4,115.3,96,2.8,2748,1.9,0.2,374,Education,3,3122,Young Low Spender,Retention / low spend segment
24,Male,Lucknow,Nokia,iOS,11.0,12.3,179.3,27,0.8,1799,3.1,1.6,578,Work,3,2377,Young Low Spender,Retention / low spend segment
21,Female,Pune,Oppo,iOS,3.6,42.7,44.1,20,1.7,1294,6.8,0.3,1496,Social Media,3,2790,Young Low Spender,Retention / low spend segment
15,Female,Lucknow,Vivo,iOS,6.5,24.4,88.2,132,2.4,3231,2.9,0.8,410,Entertainment,3,3641,Young Low Spender,Retention / low spend segment
30,Other,Delhi,Motorola,iOS,11.6,13.6,227.7,128,2.8,4002,2.8,4.2,1836,Gaming,3,5838,Young Low Spender,Retention / low spend segment
18,Male,Chennai,Vivo,Android,11.7,41.9,272.5,49,3.2,7636,4.0,1.3,1451,Work,3,9087,Young Low Spender,Retention / low spend segment
16,Female,Mumbai,Apple,iOS,11.0,2.9,148.6,132,0.6,2843,6.6,2.6,1526,Education,3,4369,Young Low Spender,Retention / low spend segment
15,Male,Hyderabad,Apple,Android,10.9,40.8,45.5,31,3.9,2323,4.6,3.2,1474,Gaming,3,3797,Young Low Spender,Retention / low spend segment
22,Male,Kolkata,OnePlus,Android,4.2,48.7,175.7,140,3.7,3860,3.4,2.7,591,Gaming,3,4451,Young Low Spender,Retention / low spend segment
33,Other,Ahmedabad,Oppo,iOS,3.5,49.1,215.1,70,5.0,3392,5.2,3.7,1262,Social Media,3,4654,Young Low Spender,Retention / low spend segment
19,Male,Kolkata,OnePlus,iOS,3.8,28.6,133.5,29,1.7,445,7.9,4.7,656,Social Media,3,1101,Young Low Spender,Retention / low spend segment
18,Male,Jaipur,Motorola,iOS,6.9,32.2,154.8,34,3.8,3330,6.3,4.9,939,Social Media,3,4269,Young Low Spender,Retention / low spend segment
21,Other,Lucknow,Vivo,iOS,7.5,39.4,117.6,190,1.8,2282,7.8,0.7,1785,Education,3,4067,Young Low Spender,Retention / low spend segment
33,Male,Lucknow,OnePlus,iOS,3.1,46.8,277.5,173,2.1,395,3.1,4.9,1638,Gaming,3,2033,Young Low Spender,Retention / low spend segment
24,Other,Lucknow,Oppo,iOS,11.2,43.5,75.9,90,4.9,2811,5.6,1.0,989,Social Media,3,3800,Young Low Spender,Retention / low spend segment
28,Male,Chennai,Nokia,iOS,2.3,2.2,186.5,181,1.5,4268,5.7,2.2,265,Social Media,3,4533,Young Low Spender,Retention / low spend segment
27,Male,Ahmedabad,Samsung,Android,11.1,4.7,24.3,164,1.0,4021,5.6,3.8,1376,Social Media,3,5397,Young Low Spender,Retention / low spend segment
18,Other,Bangalore,Motorola,Android,8.6,39.0,5.2,119,3.6,4792,5.4,0.9,1628,Education,3,6420,Young Low Spender,Retention / low spend segment
28,Female,Jaipur,Vivo,iOS,9.6,39.3,217.1,111,2.8,2006,5.0,0.5,349,Work,3,2355,Young Low Spender,Retention / low spend segment
31,Male,Bangalore,Samsung,iOS,3.3,45.2,158.2,24,1.2,1065,2.1,3.8,1225,Education,3,2290,Young Low Spender,Retention / low spend segment
18,Male,Hyderabad,Xiaomi,Android,9.0,40.9,196.5,75,4.3,4276,4.0,2.1,1972,Work,3,6248,Young Low Spender,Retention / low spend segment
34,Other,Chennai,OnePlus,iOS,1.6,14.4,229.0,175,2.7,359,5.2,1.0,302,Entertainment,3,661,Young Low Spender,Retention / low spend segment
29,Female,Jaipur,Nokia,Android,4.5,7.5,284.0,48,2.8,1756,4.3,2.0,125,Work,3,1881,Young Low Spender,Retention / low spend segment
30,Female,Delhi,Oppo,Android,10.1,47.6,261.2,72,1.8,1538,7.9,3.5,147,Social Media,3,1685,Young Low Spender,Retention / low spend segment
16,Other,Mumbai,Samsung,Android,4.2,44.3,218.2,45,2.5,6231,5.6,4.3,1495,Social Media,3,7726,Young Low Spender,Retention / low spend segment
35,Female,Hyderabad,Nokia,iOS,9.9,46.3,93.3,122,1.4,3471,2.0,1.3,784,Social Media,3,4255,Young Low Spender,Retention / low spend segment
38,Female,Mumbai,Samsung,Android,3.0,28.7,179.0,190,1.4,2410,6.6,1.5,1395,Social Media,3,3805,Young Low Spender,Retention / low spend segment
20,Female,Ahmedabad,Xiaomi,Android,7.7,43.5,244.8,46,5.4,1726,7.0,3.9,1872,Social Media,3,3598,Young Low Spender,Retention / low spend segment
22,Female,Kolkata,Nokia,Android,6.5,30.8,39.9,175,3.5,2228,2.2,4.0,186,Entertainment,3,2414,Young Low Spender,Retention / low spend segment
18,Male,Kolkata,Samsung,Android,1.1,37.7,208.2,52,2.6,6579,1.5,4.9,942,Education,3,7521,Young Low Spender,Retention / low spend segment
22,Female,Jaipur,Realme,Android,6.0,27.6,207.1,194,1.5,2240,3.7,2.0,975,Work,3,3215,Young Low Spender,Retention / low spend segment
17,Male,Kolkata,Samsung,iOS,9.0,38.9,158.3,179,1.1,4241,7.1,1.9,617,Gaming,3,4858,Young Low Spender,Retention / low spend segment
20,Female,Lucknow,Samsung,iOS,5.2,14.5,75.5,134,3.4,6256,3.2,4.1,1413,Social Media,3,7669,Young Low Spender,Retention / low spend segment
22,Male,Pune,Apple,Android,4.5,13.8,285.2,172,4.9,5048,8.0,0.5,431,Work,3,5479,Young Low Spender,Retention / low spend segment
16,Other,Hyderabad,Oppo,iOS,8.2,35.7,47.5,84,1.3,2841,4.4,1.6,1178,Work,3,4019,Young Low Spender,Retention / low spend segment
16,Male,Mumbai,Apple,iOS,10.6,25.0,32.8,16,0.6,5142,0.6,3.6,910,Education,3,6052,Young Low Spender,Retention / low spend segment
29,Male,Chennai,Google Pixel,iOS,7.2,33.7,80.8,109,5.1,1961,2.8,2.8,1765,Social Media,3,3726,Young Low Spender,Retention / low spend segment
24,Female,Delhi,Nokia,Android,4.1,6.2,199.3,26,4.4,2622,4.4,1.5,663,Education,3,3285,Young Low Spender,Retention / low spend segment
15,Other,Kolkata,Nokia,iOS,6.5,11.4,254.9,146,5.9,1484,4.4,4.9,1230,Entertainment,3,2714,Young Low Spender,Retention / low spend segment
17,Female,Bangalore,Samsung,Android,9.9,33.6,71.6,144,5.6,1576,6.1,3.8,206,Social Media,3,1782,Young Low Spender,Retention / low spend segment
21,Male,Delhi,Oppo,iOS,6.0,16.8,179.3,105,4.9,206,2.6,3.1,682,Social Media,3,888,Young Low Spender,Retention / low spend segment
23,Male,Ahmedabad,Nokia,iOS,4.5,22.6,101.8,149,1.2,2227,5.3,0.6,117,Entertainment,3,2344,Young Low Spender,Retention / low spend segment
20,Other,Ahmedabad,OnePlus,iOS,4.3,42.5,247.7,197,5.9,3626,1.6,3.7,428,Social Media,3,4054,Young Low Spender,Retention / low spend segment
33,Male,Chennai,Samsung,Android,3.6,42.1,214.1,174,3.6,2782,4.8,3.1,1975,Work,3,4757,Young Low Spender,Retention / low spend segment
33,Other,Delhi,Nokia,Android,8.0,7.0,12.4,93,0.9,143,6.6,4.6,1711,Gaming,3,1854,Young Low Spender,Retention / low spend segment
26,Other,Kolkata,Nokia,iOS,2.2,8.4,282.8,54,3.1,4650,0.6,3.2,333,Work,3,4983,Young Low Spender,Retention / low spend segment
18,Other,Mumbai,Realme,iOS,7.0,31.7,155.6,98,2.9,6495,3.9,4.6,154,Entertainment,3,6649,Young Low Spender,Retention / low spend segment
15,Other,Bangalore,Oppo,Android,12.0,10.2,251.7,195,4.0,5162,1.3,2.7,817,Gaming,3,5979,Young Low Spender,Retention / low spend segment
29,Female,Bangalore,Realme,iOS,1.8,48.0,23.6,64,1.0,3538,1.4,2.9,1987,Work,3,5525,Young Low Spender,Retention / low spend segment
31,Female,Kolkata,Google Pixel,iOS,8.2,26.8,30.7,63,3.5,4356,5.9,1.4,628,Education,3,4984,Young Low Spender,Retention / low spend segment
33,Other,Lucknow,Motorola,iOS,6.9,40.8,287.1,86,2.1,4877,6.2,0.3,538,Education,3,5415,Young Low Spender,Retention / low spend segment
29,Other,Hyderabad,Motorola,Android,10.5,10.7,259.4,154,3.6,5604,7.1,3.9,1093,Entertainment,3,6697,Young Low Spender,Retention / low spend segment
29,Male,Delhi,OnePlus,iOS,11.0,40.9,27.1,32,3.3,819,5.6,2.4,1524,Social Media,3,2343,Young Low Spender,Retention / low spend segment
35,Female,Delhi,Vivo,iOS,3.5,46.6,92.9,65,3.8,1391,0.7,3.8,383,Gaming,3,1774,Young Low Spender,Retention / low spend segment
31,Male,Ahmedabad,Vivo,iOS,10.7,34.8,139.4,25,4.4,2886,1.2,4.2,325,Entertainment,3,3211,Young Low Spender,Retention / low spend segment
17,Other,Hyderabad,OnePlus,Android,10.6,8.4,47.8,109,1.4,3303,7.1,5.0,491,Gaming,3,3794,Young Low Spender,Retention / low spend segment
28,Female,Jaipur,Google Pixel,Android,5.7,5.6,267.3,128,3.2,1013,5.2,0.5,863,Education,3,1876,Young Low Spender,Retention / low spend segment
24,Male,Delhi,OnePlus,iOS,3.9,10.8,120.7,81,3.1,4073,5.3,3.5,573,Education,3,4646,Young Low Spender,Retention / low spend segment
23,Female,Ahmedabad,Google Pixel,Android,3.6,30.8,70.9,57,5.8,3073,1.3,4.8,1637,Education,3,4710,Young Low Spender,Retention / low spend segment
28,Other,Chennai,Oppo,Android,11.0,41.3,66.6,133,2.1,651,3.4,1.7,579,Social Media,3,1230,Young Low Spender,Retention / low spend segment
23,Female,Jaipur,Google Pixel,iOS,3.4,20.1,291.7,15,1.2,3643,2.6,2.6,494,Entertainment,3,4137,Young Low Spender,Retention / low spend segment
15,Other,Pune,Nokia,Android,2.9,45.4,24.7,86,4.0,5477,3.6,2.7,1033,Entertainment,3,6510,Young Low Spender,Retention / low spend segment
19,Other,Mumbai,Nokia,Android,6.8,42.8,172.4,168,5.7,3773,4.7,2.9,1309,Education,3,5082,Young Low Spender,Retention / low spend segment
33,Male,Chennai,Samsung,Android,10.4,8.9,200.4,122,0.8,2941,4.7,3.3,1090,Gaming,3,4031,Young Low Spender,Retention / low spend segment
31,Other,Mumbai,Samsung,Android,10.0,13.9,260.9,166,1.5,3500,4.0,0.9,1415,Entertainment,3,4915,Young Low Spender,Retention / low spend segment
19,Other,Kolkata,Oppo,Android,2.0,33.6,59.5,57,2.3,3361,1.0,2.1,992,Gaming,3,4353,Young Low Spender,Retention / low spend segment
29,Female,Mumbai,Google Pixel,iOS,5.4,30.7,185.4,39,3.6,2061,6.1,4.3,747,Social Media,3,2808,Young Low Spender,Retention / low spend segment
17,Male,Mumbai,Apple,Android,1.8,15.5,162.8,175,1.7,4871,3.9,2.6,245,Education,3,5116,Young Low Spender,Retention / low spend segment
17,Female,Ahmedabad,Vivo,Android,9.3,10.3,102.3,105,0.6,3938,5.1,3.3,1731,Gaming,3,5669,Young Low Spender,Retention / low spend segment
19,Female,Delhi,Xiaomi,iOS,10.6,31.0,86.3,161,4.4,695,6.0,4.6,1535,Entertainment,3,2230,Young Low Spender,Retention / low spend segment
19,Other,Delhi,Xiaomi,iOS,2.9,49.1,7.1,45,1.6,454,1.8,3.1,435,Social Media,3,889,Young Low Spender,Retention / low spend segment
15,Other,Ahmedabad,OnePlus,Android,5.1,29.4,117.0,61,0.5,4478,7.9,3.2,655,Gaming,3,5133,Young Low Spender,Retention / low spend segment
30,Male,Kolkata,Vivo,Android,6.4,6.0,231.1,75,2.9,1695,5.4,4.4,1981,Entertainment,3,3676,Young Low Spender,Retention / low spend segment
16,Male,Lucknow,Apple,iOS,2.4,10.0,128.8,104,2.0,612,2.5,0.7,358,Work,3,970,Young Low Spender,Retention / low spend segment
19,Other,Bangalore,Motorola,iOS,7.9,8.0,146.0,70,5.5,3150,3.9,0.7,714,Education,3,3864,Young Low Spender,Retention / low spend segment
31,Male,Bangalore,Realme,Android,8.7,44.9,108.9,150,3.8,1739,2.0,3.4,240,Work,3,1979,Young Low Spender,Retention / low spend segment
30,Male,Mumbai,Google Pixel,Android,9.2,31.0,121.8,177,2.2,2020,1.8,4.5,525,Work,3,2545,Young Low Spender,Retention / low spend segment
16,Female,Mumbai,Vivo,Android,11.1,14.8,291.8,23,3.8,811,7.9,3.8,595,Gaming,3,1406,Young Low Spender,Retention / low spend segment
21,Other,Chennai,Apple,iOS,9.4,7.2,22.3,166,3.3,885,4.3,3.6,1524,Work,3,2409,Young Low Spender,Retention / low spend segment
28,Female,Ahmedabad,Realme,iOS,8.0,43.4,101.7,18,2.8,2239,4.4,1.7,186,Entertainment,3,2425,Young Low Spender,Retention / low spend segment
29,Other,Pune,Samsung,Android,3.8,42.0,79.0,48,1.5,1086,1.3,4.6,1313,Gaming,3,2399,Young Low Spender,Retention / low spend segment
29,Other,Chennai,Vivo,iOS,1.3,11.9,56.2,94,0.9,1469,5.6,1.2,303,Work,3,1772,Young Low Spender,Retention / low spend segment
31,Other,Bangalore,Nokia,Android,1.1,31.5,294.3,49,0.9,697,6.8,5.0,1635,Social Media,3,2332,Young Low Spender,Retention / low spend segment
18,Female,Ahmedabad,Realme,iOS,2.4,2.1,207.9,87,2.2,4916,1.5,3.5,1090,Social Media,3,6006,Young Low Spender,Retention / low spend segment
36,Other,Ahmedabad,Apple,Android,11.8,3.3,139.1,152,3.0,891,1.4,1.5,155,Social Media,3,1046,Young Low Spender,Retention / low spend segment
19,Other,Chennai,Apple,iOS,7.1,35.2,229.2,34,5.9,842,6.3,3.1,212,Social Media,3,1054,Young Low Spender,Retention / low spend segment
21,Other,Delhi,Motorola,Android,9.5,19.1,109.8,128,1.9,3525,2.9,1.3,621,Gaming,3,4146,Young Low Spender,Retention / low spend segment
15,Male,Mumbai,OnePlus,Android,7.4,3.2,82.0,144,2.7,669,5.6,2.3,1875,Entertainment,3,2544,Young Low Spender,Retention / low spend segment
18,Female,Bangalore,Xiaomi,iOS,4.9,15.8,174.3,110,2.2,1752,2.1,3.9,530,Entertainment,3,2282,Young Low Spender,Retention / low spend segment
34,Male,Bangalore,OnePlus,Android,4.5,16.0,274.7,83,4.2,2205,4.9,2.1,1200,Entertainment,3,3405,Young Low Spender,Retention / low spend segment
22,Female,Pune,Oppo,Android,2.3,18.6,274.9,198,2.7,7143,3.7,4.9,1135,Gaming,3,8278,Young Low Spender,Retention / low spend segment
20,Female,Chennai,Samsung,Android,6.1,29.1,173.4,22,3.3,1024,6.1,1.9,663,Entertainment,3,1687,Young Low Spender,Retention / low spend segment
15,Other,Ahmedabad,Vivo,Android,6.7,8.5,93.4,166,4.0,463,7.6,3.8,699,Gaming,3,1162,Young Low Spender,Retention / low spend segment
35,Other,Hyderabad,OnePlus,iOS,7.9,4.7,207.5,25,1.4,2267,5.6,4.4,1380,Work,3,3647,Young Low Spender,Retention / low spend segment
18,Female,Hyderabad,Oppo,iOS,5.4,31.1,16.3,191,2.0,4599,5.1,4.3,707,Gaming,3,5306,Young Low Spender,Retention / low spend segment
16,Female,Delhi,Nokia,iOS,10.8,16.3,64.7,195,2.7,5220,0.7,0.9,1305,Social Media,3,6525,Young Low Spender,Retention / low spend segment
31,Male,Ahmedabad,Apple,Android,4.5,35.3,287.6,124,2.9,5171,4.3,1.7,1838,Gaming,3,7009,Young Low Spender,Retention / low spend segment
22,Male,Hyderabad,Apple,Android,5.3,26.1,162.6,118,2.9,2846,2.4,1.7,1762,Gaming,3,4608,Young Low Spender,Retention / low spend segment
17,Other,Hyderabad,Xiaomi,iOS,3.6,24.2,271.3,35,1.6,5846,2.5,0.9,1638,Work,3,7484,Young Low Spender,Retention / low spend segment
18,Other,Ahmedabad,OnePlus,iOS,2.0,20.5,26.5,187,4.4,816,1.6,2.6,1567,Gaming,3,2383,Young Low Spender,Retention / low spend segment
23,Male,Mumbai,Vivo,iOS,5.6,32.1,122.9,91,2.1,3942,5.4,0.2,1616,Entertainment,3,5558,Young Low Spender,Retention / low spend segment
20,Female,Delhi,Vivo,Android,5.5,15.2,6.7,90,2.3,3745,2.3,4.4,1981,Work,3,5726,Young Low Spender,Retention / low spend segment
39,Male,Delhi,Vivo,Android,1.9,30.7,182.4,152,1.3,322,0.9,1.2,390,Social Media,3,712,Young Low Spender,Retention / low spend segment
18,Other,Mumbai,Google Pixel,iOS,4.0,43.9,261.4,75,2.8,7233,1.2,1.8,528,Entertainment,3,7761,Young Low Spender,Retention / low spend segment
18,Other,Jaipur,Apple,Android,4.0,3.4,231.5,37,5.4,482,4.5,0.2,1215,Social Media,3,1697,Young Low Spender,Retention / low spend segment
34,Female,Jaipur,Realme,iOS,5.4,38.1,209.0,129,4.8,2676,4.6,3.9,734,Social Media,3,3410,Young Low Spender,Retention / low spend segment
18,Male,Delhi,Google Pixel,iOS,3.4,32.4,236.1,42,1.8,3219,7.4,1.3,915,Education,3,4134,Young Low Spender,Retention / low spend segment
22,Male,Hyderabad,Xiaomi,iOS,10.6,31.6,115.3,190,1.8,1438,6.4,4.1,1996,Gaming,3,3434,Young Low Spender,Retention / low spend segment
19,Other,Jaipur,Google Pixel,iOS,7.9,23.6,230.0,40,1.3,800,4.5,0.2,1948,Education,3,2748,Young Low Spender,Retention / low spend segment
28,Female,Jaipur,Apple,Android,7.7,6.6,242.6,25,4.6,1824,8.0,3.9,274,Work,3,2098,Young Low Spender,Retention / low spend segment
19,Female,Jaipur,Xiaomi,Android,10.6,3.4,244.1,167,1.1,5223,2.7,2.9,630,Work,3,5853,Young Low Spender,Retention / low spend segment
16,Female,Delhi,Oppo,Android,3.8,30.7,6.3,144,4.7,1721,1.7,3.1,363,Social Media,3,2084,Young Low Spender,Retention / low spend segment
38,Female,Pune,Xiaomi,iOS,5.1,4.5,36.3,130,0.7,688,5.3,2.9,1542,Social Media,3,2230,Young Low Spender,Retention / low spend segment
38,Female,Lucknow,Xiaomi,Android,4.7,28.3,263.4,40,2.8,3097,4.7,4.9,1414,Work,3,4511,Young Low Spender,Retention / low spend segment
35,Other,Mumbai,Xiaomi,iOS,7.1,31.2,146.1,160,3.2,4669,4.7,3.0,1543,Social Media,3,6212,Young Low Spender,Retention / low spend segment
29,Male,Delhi,Oppo,iOS,3.9,9.4,9.2,64,5.8,771,1.5,3.2,1554,Education,3,2325,Young Low Spender,Retention / low spend segment
19,Female,Kolkata,Nokia,iOS,11.9,3.0,257.0,155,5.5,732,4.2,2.7,823,Social Media,3,1555,Young Low Spender,Retention / low spend segment
17,Other,Kolkata,Xiaomi,iOS,2.9,38.1,161.0,197,0.7,2071,5.0,3.9,824,Work,3,2895,Young Low Spender,Retention / low spend segment
27,Female,Ahmedabad,Nokia,Android,1.4,9.8,153.0,156,5.5,2967,2.2,3.8,1619,Work,3,4586,Young Low Spender,Retention / low spend segment
30,Male,Hyderabad,Google Pixel,Android,1.6,44.3,43.8,144,1.5,1938,4.6,4.3,534,Gaming,3,2472,Young Low Spender,Retention / low spend segment
17,Female,Hyderabad,Motorola,iOS,4.0,45.3,285.8,136,4.7,1072,7.0,2.4,1864,Entertainment,3,2936,Young Low Spender,Retention / low spend segment
23,Female,Mumbai,Nokia,iOS,1.7,44.0,32.9,31,3.9,4538,5.7,3.0,1082,Education,3,5620,Young Low Spender,Retention / low spend segment
28,Female,Lucknow,Xiaomi,Android,2.9,22.7,69.6,198,1.1,4544,2.2,0.1,415,Gaming,3,4959,Young Low Spender,Retention / low spend segment
27,Other,Chennai,OnePlus,Android,6.8,17.2,70.8,49,2.3,3546,7.7,2.7,1392,Work,3,4938,Young Low Spender,Retention / low spend segment
21,Male,Kolkata,Xiaomi,iOS,2.6,49.0,25.2,167,1.9,3527,8.0,4.4,1902,Social Media,3,5429,Young Low Spender,Retention / low spend segment
17,Male,Kolkata,Google Pixel,iOS,3.0,45.4,49.4,15,4.8,2379,0.5,4.6,679,Education,3,3058,Young Low Spender,Retention / low spend segment
28,Female,Kolkata,OnePlus,iOS,10.9,27.6,27.6,194,3.7,2758,2.8,0.0,1589,Social Media,3,4347,Young Low Spender,Retention / low spend segment
17,Male,Jaipur,Realme,iOS,9.3,31.1,32.1,144,2.4,1961,2.1,4.6,1168,Gaming,3,3129,Young Low Spender,Retention / low spend segment
26,Male,Bangalore,Xiaomi,iOS,10.4,17.8,32.4,27,2.7,5549,1.9,2.3,1716,Gaming,3,7265,Young Low Spender,Retention / low spend segment
21,Male,Jaipur,Vivo,iOS,5.7,43.3,251.2,11,2.7,1570,3.7,2.7,1272,Entertainment,3,2842,Young Low Spender,Retention / low spend segment
20,Other,Kolkata,Nokia,Android,9.7,34.7,167.7,181,1.3,2656,3.1,0.9,1642,Social Media,3,4298,Young Low Spender,Retention / low spend segment
24,Other,Jaipur,Xiaomi,Android,7.5,44.4,197.1,103,4.0,4741,1.5,1.8,1046,Gaming,3,5787,Young Low Spender,Retention / low spend segment
19,Male,Pune,Realme,iOS,7.5,6.3,171.6,46,0.9,307,5.7,1.2,666,Education,3,973,Young Low Spender,Retention / low spend segment
20,Other,Kolkata,Google Pixel,Android,9.0,2.4,207.9,130,2.5,2330,3.0,0.5,375,Entertainment,3,2705,Young Low Spender,Retention / low spend segment
23,Male,Pune,Nokia,iOS,4.7,45.9,113.1,35,2.5,5698,4.2,2.9,1428,Social Media,3,7126,Young Low Spender,Retention / low spend segment
24,Male,Bangalore,Apple,iOS,6.5,17.6,74.0,90,0.8,4799,3.8,3.4,998,Social Media,3,5797,Young Low Spender,Retention / low spend segment
23,Male,Kolkata,Realme,iOS,7.7,28.2,169.4,175,1.9,4367,3.0,4.5,1561,Social Media,3,5928,Young Low Spender,Retention / low spend segment
21,Male,Jaipur,Vivo,iOS,8.8,3.1,268.5,59,4.3,2760,5.2,0.3,1646,Education,3,4406,Young Low Spender,Retention / low spend segment
15,Female,Kolkata,Vivo,iOS,7.1,8.7,47.9,88,0.9,402,4.4,2.7,1868,Social Media,3,2270,Young Low Spender,Retention / low spend segment
27,Female,Pune,Vivo,Android,1.7,44.9,274.2,111,4.1,881,2.4,2.8,1452,Gaming,3,2333,Young Low Spender,Retention / low spend segment
31,Other,Bangalore,Motorola,iOS,5.2,45.0,171.8,47,4.8,1386,1.4,4.4,823,Work,3,2209,Young Low Spender,Retention / low spend segment
35,Other,Jaipur,Google Pixel,Android,9.8,19.0,218.5,25,4.4,296,4.8,4.0,563,Work,3,859,Young Low Spender,Retention / low spend segment
30,Male,Kolkata,Motorola,iOS,1.7,2.1,240.1,42,4.0,3521,5.9,4.4,584,Education,3,4105,Young Low Spender,Retention / low spend segment
32,Male,Jaipur,Google Pixel,Android,8.8,45.7,58.4,139,4.6,3049,7.9,1.3,492,Education,3,3541,Young Low Spender,Retention / low spend segment
25,Male,Lucknow,Oppo,iOS,6.1,34.6,207.3,127,5.7,1911,1.1,0.3,867,Social Media,3,2778,Young Low Spender,Retention / low spend segment
17,Female,Lucknow,Vivo,Android,4.8,24.6,184.5,41,2.1,4166,6.0,4.9,768,Entertainment,3,4934,Young Low Spender,Retention / low spend segment
33,Female,Mumbai,Vivo,Android,9.2,24.9,85.6,55,2.0,2072,7.4,2.1,163,Education,3,2235,Young Low Spender,Retention / low spend segment
34,Other,Hyderabad,Samsung,iOS,8.9,13.6,72.0,71,1.9,3598,6.7,5.0,1636,Entertainment,3,5234,Young Low Spender,Retention / low spend segment
22,Female,Chennai,Vivo,Android,2.8,19.8,295.7,76,3.8,2107,0.9,4.6,1481,Social Media,3,3588,Young Low Spender,Retention / low spend segment
19,Other,Chennai,Apple,Android,10.2,10.7,107.7,73,2.9,6770,3.8,1.3,886,Social Media,3,7656,Young Low Spender,Retention / low spend segment
28,Other,Hyderabad,Nokia,Android,6.0,38.0,212.6,74,4.3,2675,6.9,2.8,120,Work,3,2795,Young Low Spender,Retention / low spend segment
36,Female,Jaipur,Oppo,Android,1.9,7.6,236.9,38,2.4,3506,4.5,2.5,604,Education,3,4110,Young Low Spender,Retention / low spend segment
25,Female,Mumbai,Xiaomi,iOS,1.5,6.0,123.9,168,3.0,214,7.1,1.5,1529,Work,3,1743,Young Low Spender,Retention / low spend segment
16,Male,Delhi,Apple,Android,9.0,5.6,268.8,37,0.6,5654,3.0,1.1,1509,Entertainment,3,7163,Young Low Spender,Retention / low spend segment
29,Female,Mumbai,Apple,Android,5.5,11.8,279.3,33,5.1,143,6.6,0.8,1980,Entertainment,3,2123,Young Low Spender,Retention / low spend segment
16,Male,Hyderabad,Vivo,Android,8.8,26.1,196.5,23,2.7,6981,1.3,4.3,330,Entertainment,3,7311,Young Low Spender,Retention / low spend segment
30,Female,Mumbai,Apple,Android,11.0,39.9,237.4,60,1.5,528,5.6,4.3,1859,Social Media,3,2387,Young Low Spender,Retention / low spend segment
28,Male,Delhi,Samsung,iOS,10.9,34.7,19.0,164,4.3,2076,1.8,0.2,1947,Work,3,4023,Young Low Spender,Retention / low spend segment
28,Male,Mumbai,Oppo,Android,9.8,49.6,22.9,135,3.9,3202,1.2,0.9,214,Entertainment,3,3416,Young Low Spender,Retention / low spend segment
19,Male,Ahmedabad,Oppo,iOS,11.3,15.1,14.6,17,3.9,1694,6.0,0.1,1648,Social Media,3,3342,Young Low Spender,Retention / low spend segment
23,Female,Hyderabad,Apple,iOS,2.4,49.0,145.6,200,3.6,1660,6.7,0.9,635,Education,3,2295,Young Low Spender,Retention / low spend segment
20,Female,Chennai,Nokia,iOS,4.8,4.4,220.6,199,2.4,1005,3.9,1.5,1628,Education,3,2633,Young Low Spender,Retention / low spend segment
15,Female,Jaipur,OnePlus,Android,7.9,40.0,291.5,156,3.8,6232,1.7,4.4,1792,Education,3,8024,Young Low Spender,Retention / low spend segment
29,Female,Mumbai,OnePlus,iOS,5.3,41.8,99.6,14,4.8,3181,6.5,2.5,1554,Work,3,4735,Young Low Spender,Retention / low spend segment
28,Other,Lucknow,Realme,Android,11.8,36.1,14.0,69,1.9,2952,7.3,1.4,1913,Entertainment,3,4865,Young Low Spender,Retention / low spend segment
20,Other,Jaipur,Nokia,iOS,7.4,43.8,76.8,182,3.5,524,2.5,2.1,799,Work,3,1323,Young Low Spender,Retention / low spend segment
19,Female,Bangalore,Samsung,iOS,8.3,28.2,164.4,154,2.0,895,6.1,2.1,1217,Education,3,2112,Young Low Spender,Retention / low spend segment
18,Male,Bangalore,Xiaomi,Android,11.6,30.4,193.5,115,4.4,647,7.9,3.0,1788,Education,3,2435,Young Low Spender,Retention / low spend segment
28,Other,Mumbai,Vivo,iOS,1.9,45.8,98.6,31,3.4,786,5.2,4.3,1833,Work,3,2619,Young Low Spender,Retention / low spend segment
24,Other,Mumbai,Samsung,Android,1.6,24.0,244.6,191,5.5,3264,6.7,2.9,414,Entertainment,3,3678,Young Low Spender,Retention / low spend segment
22,Female,Hyderabad,Nokia,Android,5.6,24.0,223.0,63,1.7,146,3.3,3.8,374,Education,3,520,Young Low Spender,Retention / low spend segment
34,Other,Lucknow,Realme,iOS,1.1,40.7,170.6,155,2.8,2295,4.7,5.0,100,Education,3,2395,Young Low Spender,Retention / low spend segment
21,Female,Hyderabad,Motorola,Android,11.8,43.9,222.4,62,3.7,1207,6.0,0.1,720,Entertainment,3,1927,Young Low Spender,Retention / low spend segment
34,Male,Jaipur,Motorola,iOS,9.0,8.0,284.2,72,2.5,4881,4.2,3.5,292,Social Media,3,5173,Young Low Spender,Retention / low spend segment
17,Female,Pune,Vivo,iOS,2.9,19.5,12.1,173,1.3,998,6.7,0.9,1908,Gaming,3,2906,Young Low Spender,Retention / low spend segment
32,Other,Hyderabad,Realme,iOS,9.6,5.5,114.6,11,3.6,2416,4.4,0.1,1123,Social Media,3,3539,Young Low Spender,Retention / low spend segment
34,Male,Kolkata,Nokia,iOS,5.4,7.5,183.5,199,0.7,1323,2.5,0.1,214,Social Media,3,1537,Young Low Spender,Retention / low spend segment
20,Other,Lucknow,Nokia,Android,9.1,10.3,24.2,143,4.4,4741,4.2,0.2,1457,Work,3,6198,Young Low Spender,Retention / low spend segment
20,Other,Kolkata,Xiaomi,Android,11.9,32.7,27.4,188,1.2,5574,2.8,3.6,1378,Entertainment,3,6952,Young Low Spender,Retention / low spend segment
16,Other,Delhi,Apple,iOS,1.2,23.1,121.2,139,1.1,3427,7.0,1.7,1529,Social Media,3,4956,Young Low Spender,Retention / low spend segment
30,Female,Pune,Xiaomi,Android,7.1,5.2,260.0,198,2.1,4929,3.7,4.7,534,Social Media,3,5463,Young Low Spender,Retention / low spend segment
15,Female,Bangalore,Vivo,iOS,7.7,11.7,123.7,189,3.9,5023,3.2,0.1,155,Education,3,5178,Young Low Spender,Retention / low spend segment
15,Male,Chennai,Apple,Android,9.5,17.5,98.4,143,2.3,2609,4.0,2.8,1760,Entertainment,3,4369,Young Low Spender,Retention / low spend segment
23,Male,Kolkata,Realme,iOS,8.0,29.6,124.8,195,2.1,1499,8.0,2.6,876,Work,3,2375,Young Low Spender,Retention / low spend segment
35,Male,Ahmedabad,Xiaomi,Android,7.0,38.2,179.7,52,0.6,1885,6.5,3.1,1604,Education,3,3489,Young Low Spender,Retention / low spend segment
21,Female,Bangalore,Samsung,iOS,5.1,14.4,8.3,158,0.7,3575,3.2,2.7,1821,Education,3,5396,Young Low Spender,Retention / low spend segment
30,Other,Delhi,Google Pixel,Android,1.1,18.5,177.5,180,0.8,1091,5.9,3.7,593,Entertainment,3,1684,Young Low Spender,Retention / low spend segment
25,Male,Jaipur,Apple,Android,3.4,19.9,298.2,113,2.3,1874,1.4,4.0,1662,Work,3,3536,Young Low Spender,Retention / low spend segment
16,Female,Ahmedabad,Realme,Android,6.3,39.0,265.8,182,5.0,3250,2.5,3.6,1309,Work,3,4559,Young Low Spender,Retention / low spend segment
26,Female,Pune,Oppo,iOS,1.2,40.8,196.8,140,2.5,460,6.4,3.7,1847,Work,3,2307,Young Low Spender,Retention / low spend segment
28,Male,Chennai,Realme,Android,9.1,4.8,135.6,178,1.7,4763,5.6,0.4,762,Social Media,3,5525,Young Low Spender,Retention / low spend segment
35,Male,Ahmedabad,Google Pixel,iOS,8.8,6.3,61.7,51,2.2,4052,3.3,3.7,210,Education,3,4262,Young Low Spender,Retention / low spend segment
28,Other,Lucknow,Apple,Android,8.0,35.3,129.7,192,5.1,2587,6.7,0.2,1877,Education,3,4464,Young Low Spender,Retention / low spend segment
35,Female,Chennai,Xiaomi,iOS,11.5,13.9,254.1,149,4.2,4628,1.4,4.1,706,Work,3,5334,Young Low Spender,Retention / low spend segment
21,Other,Jaipur,Vivo,Android,9.4,46.4,65.9,145,1.5,453,6.9,3.3,1053,Entertainment,3,1506,Young Low Spender,Retention / low spend segment
21,Female,Chennai,Apple,iOS,11.4,33.3,38.7,135,4.3,4977,1.3,1.3,1183,Work,3,6160,Young Low Spender,Retention / low spend segment
28,Other,Mumbai,Samsung,Android,3.1,32.1,130.1,173,1.5,3879,5.2,1.1,311,Gaming,3,4190,Young Low Spender,Retention / low spend segment
27,Male,Lucknow,OnePlus,Android,6.0,35.2,181.5,177,3.1,6462,3.9,4.0,462,Social Media,3,6924,Young Low Spender,Retention / low spend segment
22,Other,Hyderabad,Xiaomi,iOS,2.1,45.2,226.9,85,5.2,2430,7.0,2.8,1713,Gaming,3,4143,Young Low Spender,Retention / low spend segment
25,Female,Ahmedabad,Motorola,iOS,2.6,28.4,27.8,54,0.6,362,0.7,1.9,850,Gaming,3,1212,Young Low Spender,Retention / low spend segment
26,Other,Pune,Samsung,Android,3.4,35.5,127.4,169,3.2,4386,6.9,3.2,825,Entertainment,3,5211,Young Low Spender,Retention / low spend segment
35,Male,Ahmedabad,Xiaomi,Android,8.6,15.0,83.4,83,2.9,759,1.2,0.7,812,Work,3,1571,Young Low Spender,Retention / low spend segment
29,Female,Mumbai,Samsung,Android,10.6,33.6,89.9,102,5.7,2514,5.3,2.3,219,Gaming,3,2733,Young Low Spender,Retention / low spend segment
23,Male,Kolkata,Nokia,iOS,9.0,41.5,157.9,185,0.7,3160,6.0,3.8,573,Entertainment,3,3733,Young Low Spender,Retention / low spend segment
28,Female,Kolkata,Motorola,iOS,9.7,29.9,108.5,170,4.6,2689,2.8,1.1,1616,Work,3,4305,Young Low Spender,Retention / low spend segment
19,Other,Lucknow,Apple,iOS,4.2,14.9,264.8,167,4.0,4164,5.1,2.7,450,Entertainment,3,4614,Young Low Spender,Retention / low spend segment
19,Male,Delhi,Realme,Android,8.6,16.5,293.7,199,1.4,2131,4.9,0.5,1049,Education,3,3180,Young Low Spender,Retention / low spend segment
38,Female,Kolkata,Realme,Android,11.4,40.3,278.3,61,2.8,464,5.7,1.2,1883,Social Media,3,2347,Young Low Spender,Retention / low spend segment
18,Other,Hyderabad,Apple,Android,10.4,34.7,21.5,38,5.5,2274,4.4,1.0,1029,Social Media,3,3303,Young Low Spender,Retention / low spend segment
15,Male,Ahmedabad,Motorola,iOS,7.9,4.8,190.0,43,0.8,3909,2.7,4.8,389,Education,3,4298,Young Low Spender,Retention / low spend segment
21,Male,Hyderabad,Nokia,Android,11.1,9.2,14.1,80,3.5,4099,6.7,1.0,1364,Work,3,5463,Young Low Spender,Retention / low spend segment
27,Other,Delhi,OnePlus,iOS,7.7,45.3,65.8,102,3.2,4978,6.1,0.7,931,Gaming,3,5909,Young Low Spender,Retention / low spend segment
26,Male,Ahmedabad,Realme,Android,11.7,30.3,192.7,173,5.9,1779,4.4,1.1,491,Work,3,2270,Young Low Spender,Retention / low spend segment
17,Other,Bangalore,OnePlus,iOS,9.8,36.5,283.6,34,3.5,4134,3.9,4.1,1830,Gaming,3,5964,Young Low Spender,Retention / low spend segment
21,Other,Kolkata,Realme,iOS,8.1,15.6,262.9,126,5.6,389,7.1,1.9,493,Education,3,882,Young Low Spender,Retention / low spend segment
27,Other,Delhi,Apple,Android,1.6,36.3,170.3,148,3.4,2051,2.8,1.2,1462,Education,3,3513,Young Low Spender,Retention / low spend segment
26,Other,Lucknow,Nokia,iOS,8.1,41.6,168.0,175,4.4,3255,2.3,1.4,808,Gaming,3,4063,Young Low Spender,Retention / low spend segment
21,Female,Chennai,Google Pixel,Android,9.7,46.4,14.4,115,1.0,2003,1.8,0.5,1785,Social Media,3,3788,Young Low Spender,Retention / low spend segment
23,Male,Bangalore,Vivo,iOS,10.0,48.5,12.0,62,4.2,1822,3.5,2.7,691,Gaming,3,2513,Young Low Spender,Retention / low spend segment
16,Male,Delhi,Realme,Android,7.7,25.3,140.9,123,4.8,4024,6.9,3.1,1636,Social Media,3,5660,Young Low Spender,Retention / low spend segment
24,Male,Mumbai,Google Pixel,iOS,4.5,28.9,145.2,194,4.8,1746,7.4,0.7,1694,Gaming,3,3440,Young Low Spender,Retention / low spend segment
16,Other,Kolkata,Apple,Android,1.2,30.8,76.4,62,1.5,2030,8.0,4.8,1463,Work,3,3493,Young Low Spender,Retention / low spend segment
32,Male,Mumbai,Nokia,Android,6.4,20.8,286.2,163,2.7,2845,7.5,0.6,697,Social Media,3,3542,Young Low Spender,Retention / low spend segment
24,Female,Chennai,Samsung,iOS,4.2,32.6,148.6,181,5.2,727,5.8,0.2,1269,Gaming,3,1996,Young Low Spender,Retention / low spend segment
31,Male,Mumbai,Oppo,iOS,10.1,18.8,141.9,185,1.6,1260,1.1,2.2,1243,Work,3,2503,Young Low Spender,Retention / low spend segment
16,Male,Chennai,Nokia,Android,3.7,3.5,251.7,101,4.5,1024,2.0,0.3,1373,Entertainment,3,2397,Young Low Spender,Retention / low spend segment
16,Male,Mumbai,Samsung,Android,11.9,25.4,202.3,70,4.3,5337,4.7,2.8,1460,Gaming,3,6797,Young Low Spender,Retention / low spend segment
21,Male,Delhi,Xiaomi,iOS,11.5,3.0,146.6,190,5.5,1495,6.8,4.0,545,Gaming,3,2040,Young Low Spender,Retention / low spend segment
34,Male,Kolkata,Xiaomi,Android,8.6,43.9,79.8,150,3.9,2855,2.3,4.1,1367,Entertainment,3,4222,Young Low Spender,Retention / low spend segment
28,Other,Lucknow,Apple,Android,7.5,11.9,140.0,17,3.2,409,2.8,0.9,1486,Work,3,1895,Young Low Spender,Retention / low spend segment
16,Male,Bangalore,Nokia,Android,9.0,40.8,83.1,198,0.6,5122,3.5,3.8,899,Education,3,6021,Young Low Spender,Retention / low spend segment
25,Other,Lucknow,Vivo,Android,6.8,16.5,104.1,71,5.5,2066,7.6,2.8,1639,Social Media,3,3705,Young Low Spender,Retention / low spend segment
33,Other,Pune,Google Pixel,iOS,2.5,34.3,44.2,180,4.1,3953,6.2,0.7,626,Gaming,3,4579,Young Low Spender,Retention / low spend segment
18,Female,Lucknow,Google Pixel,iOS,8.4,38.5,146.9,59,2.4,3434,4.8,3.3,697,Work,3,4131,Young Low Spender,Retention / low spend segment
22,Male,Bangalore,Xiaomi,iOS,1.2,2.1,204.7,52,3.8,1785,4.6,3.1,303,Education,3,2088,Young Low Spender,Retention / low spend segment
23,Female,Pune,Xiaomi,iOS,2.7,27.9,228.2,46,3.0,5038,7.6,4.6,104,Entertainment,3,5142,Young Low Spender,Retention / low spend segment
27,Female,Mumbai,Vivo,iOS,10.0,37.2,72.9,104,3.0,1816,1.3,2.9,348,Education,3,2164,Young Low Spender,Retention / low spend segment
31,Other,Bangalore,Apple,iOS,1.3,36.4,287.0,86,5.6,654,4.5,0.9,1288,Work,3,1942,Young Low Spender,Retention / low spend segment
30,Male,Kolkata,Google Pixel,iOS,8.0,12.2,124.1,124,3.9,1755,5.5,1.8,1005,Work,3,2760,Young Low Spender,Retention / low spend segment
18,Female,Ahmedabad,Motorola,Android,8.1,8.8,201.2,53,5.2,4142,7.8,0.7,1764,Education,3,5906,Young Low Spender,Retention / low spend segment
31,Other,Ahmedabad,Nokia,iOS,2.4,39.7,291.3,10,5.4,3377,6.5,4.9,444,Entertainment,3,3821,Young Low Spender,Retention / low spend segment
20,Other,Jaipur,Xiaomi,iOS,11.9,3.8,261.2,14,0.7,849,0.9,0.8,385,Entertainment,3,1234,Young Low Spender,Retention / low spend segment
25,Other,Chennai,Nokia,Android,11.9,41.6,210.7,114,6.0,396,7.9,2.1,460,Education,3,856,Young Low Spender,Retention / low spend segment
21,Female,Kolkata,Xiaomi,iOS,7.5,27.9,250.2,57,3.8,5854,6.0,1.0,1564,Entertainment,3,7418,Young Low Spender,Retention / low spend segment
15,Other,Pune,Samsung,iOS,7.6,34.2,51.3,69,1.7,2714,6.5,0.0,1396,Education,3,4110,Young Low Spender,Retention / low spend segment
30,Male,Hyderabad,Nokia,Android,11.8,15.0,61.3,145,3.9,228,3.1,3.5,711,Work,3,939,Young Low Spender,Retention / low spend segment
32,Female,Chennai,Vivo,Android,8.3,23.6,288.6,96,2.7,4149,6.7,2.9,312,Entertainment,3,4461,Young Low Spender,Retention / low spend segment
17,Male,Pune,Samsung,Android,10.7,39.9,165.4,171,4.1,3342,5.2,0.7,1696,Work,3,5038,Young Low Spender,Retention / low spend segment
24,Male,Chennai,Apple,Android,11.2,31.0,26.9,114,1.7,1305,7.1,2.5,229,Gaming,3,1534,Young Low Spender,Retention / low spend segment
17,Female,Mumbai,Motorola,iOS,7.6,22.9,176.1,196,3.3,2502,7.6,2.8,1524,Work,3,4026,Young Low Spender,Retention / low spend segment
18,Female,Pune,Apple,iOS,11.9,26.0,284.3,199,1.0,1832,7.6,2.5,1157,Education,3,2989,Young Low Spender,Retention / low spend segment
21,Female,Jaipur,Nokia,iOS,8.8,20.5,291.9,100,4.5,1800,3.1,0.1,1784,Gaming,3,3584,Young Low Spender,Retention / low spend segment
26,Female,Delhi,Xiaomi,iOS,8.5,36.3,297.5,81,1.4,1901,7.8,4.3,297,Entertainment,3,2198,Young Low Spender,Retention / low spend segment
18,Other,Pune,Vivo,iOS,1.5,27.9,34.5,166,4.6,4804,5.4,2.5,1722,Social Media,3,6526,Young Low Spender,Retention / low spend segment
17,Male,Ahmedabad,Google Pixel,iOS,6.6,14.9,66.4,61,1.1,4664,1.9,4.3,823,Work,3,5487,Young Low Spender,Retention / low spend segment
35,Female,Lucknow,Nokia,Android,11.8,12.2,48.4,163,3.9,3792,1.6,4.4,175,Gaming,3,3967,Young Low Spender,Retention / low spend segment
27,Other,Delhi,OnePlus,iOS,9.6,21.5,200.4,130,2.8,4827,6.4,0.3,622,Social Media,3,5449,Young Low Spender,Retention / low spend segment
38,Male,Jaipur,Oppo,iOS,8.0,38.9,214.6,50,1.6,1699,0.6,0.5,1951,Social Media,3,3650,Young Low Spender,Retention / low spend segment
33,Male,Delhi,Nokia,iOS,9.4,9.0,288.9,155,2.9,2580,5.6,1.5,1192,Education,3,3772,Young Low Spender,Retention / low spend segment
19,Female,Jaipur,Vivo,Android,2.0,46.6,157.6,198,0.6,4169,5.0,2.0,1284,Entertainment,3,5453,Young Low Spender,Retention / low spend segment
20,Male,Kolkata,OnePlus,Android,1.7,16.3,35.1,142,6.0,1085,6.2,0.8,999,Work,3,2084,Young Low Spender,Retention / low spend segment
17,Other,Pune,Oppo,iOS,1.4,29.6,177.0,54,4.5,2294,6.4,4.1,1265,Entertainment,3,3559,Young Low Spender,Retention / low spend segment
39,Other,Bangalore,Nokia,iOS,3.6,28.7,153.2,162,0.5,1263,2.8,2.9,1241,Education,3,2504,Young Low Spender,Retention / low spend segment
15,Other,Hyderabad,Samsung,Android,7.4,42.0,143.9,101,4.2,5050,6.7,2.9,1646,Entertainment,3,6696,Young Low Spender,Retention / low spend segment
22,Other,Jaipur,OnePlus,Android,6.1,26.9,190.1,82,3.6,2620,5.5,3.2,444,Work,3,3064,Young Low Spender,Retention / low spend segment
36,Female,Bangalore,Google Pixel,iOS,8.6,32.5,172.2,58,0.8,2314,6.3,0.3,772,Gaming,3,3086,Young Low Spender,Retention / low spend segment
25,Other,Bangalore,Apple,iOS,7.3,8.0,89.6,101,2.0,3506,3.5,3.0,1925,Social Media,3,5431,Young Low Spender,Retention / low spend segment
22,Male,Bangalore,Samsung,iOS,12.0,45.4,264.4,169,2.7,2024,3.5,4.4,1891,Entertainment,3,3915,Young Low Spender,Retention / low spend segment
34,Female,Hyderabad,Realme,Android,7.3,5.8,190.8,106,4.5,848,3.3,2.0,1301,Entertainment,3,2149,Young Low Spender,Retention / low spend segment
36,Female,Bangalore,Samsung,Android,6.5,28.6,228.8,127,2.7,2863,1.5,2.9,1035,Work,3,3898,Young Low Spender,Retention / low spend segment
31,Female,Mumbai,Samsung,iOS,11.1,36.2,76.6,163,5.2,1113,1.3,4.4,1067,Gaming,3,2180,Young Low Spender,Retention / low spend segment
23,Other,Kolkata,Nokia,iOS,9.8,37.9,105.1,64,4.2,3298,3.5,0.3,977,Education,3,4275,Young Low Spender,Retention / low spend segment
36,Male,Delhi,Oppo,iOS,9.8,12.0,131.1,99,1.6,128,5.3,1.8,1046,Entertainment,3,1174,Young Low Spender,Retention / low spend segment
17,Male,Kolkata,Nokia,Android,4.4,24.6,46.8,75,4.4,4038,7.0,0.1,1544,Entertainment,3,5582,Young Low Spender,Retention / low spend segment
20,Female,Jaipur,Xiaomi,Android,5.9,34.1,145.1,199,4.1,2055,2.0,3.4,1649,Gaming,3,3704,Young Low Spender,Retention / low spend segment
29,Other,Kolkata,Motorola,Android,6.0,29.5,200.8,176,4.5,2965,2.1,0.6,1053,Social Media,3,4018,Young Low Spender,Retention / low spend segment
19,Male,Jaipur,Google Pixel,iOS,9.8,7.9,70.2,152,3.7,600,4.4,2.0,250,Social Media,3,850,Young Low Spender,Retention / low spend segment
30,Female,Bangalore,Xiaomi,Android,9.6,34.8,41.1,145,5.1,3037,1.9,4.1,694,Education,3,3731,Young Low Spender,Retention / low spend segment
28,Other,Pune,Apple,Android,5.8,47.0,191.2,118,4.4,2113,6.3,1.0,504,Work,3,2617,Young Low Spender,Retention / low spend segment
17,Male,Bangalore,Google Pixel,iOS,9.9,17.8,190.3,120,1.0,1379,4.7,4.5,1994,Gaming,3,3373,Young Low Spender,Retention / low spend segment
27,Male,Delhi,Google Pixel,Android,9.7,48.3,248.2,97,4.8,3122,4.4,1.6,236,Work,3,3358,Young Low Spender,Retention / low spend segment
16,Male,Lucknow,Xiaomi,iOS,4.5,21.8,126.6,153,3.4,5828,2.5,2.1,1009,Work,3,6837,Young Low Spender,Retention / low spend segment
18,Female,Hyderabad,Oppo,Android,4.3,46.0,141.1,63,1.8,2924,4.7,2.2,1623,Gaming,3,4547,Young Low Spender,Retention / low spend segment
18,Female,Chennai,Motorola,Android,7.7,32.8,201.2,85,5.2,215,3.2,1.8,1947,Education,3,2162,Young Low Spender,Retention / low spend segment
24,Female,Delhi,Samsung,iOS,9.0,30.9,158.5,140,1.2,3831,6.7,3.1,487,Social Media,3,4318,Young Low Spender,Retention / low spend segment
19,Male,Pune,Realme,Android,2.8,4.7,235.0,169,2.8,4301,1.9,2.8,1232,Education,3,5533,Young Low Spender,Retention / low spend segment
32,Male,Ahmedabad,Vivo,Android,10.1,44.2,266.5,44,5.2,1103,0.8,0.6,772,Gaming,3,1875,Young Low Spender,Retention / low spend segment
22,Other,Mumbai,Xiaomi,Android,10.5,35.5,288.7,84,3.3,2893,3.7,1.4,474,Work,3,3367,Young Low Spender,Retention / low spend segment
25,Male,Ahmedabad,Xiaomi,Android,9.0,8.4,98.9,38,2.0,2896,2.9,4.2,192,Social Media,3,3088,Young Low Spender,Retention / low spend segment
34,Other,Pune,Apple,Android,5.0,27.5,201.0,194,3.3,4707,6.2,2.3,1948,Gaming,3,6655,Young Low Spender,Retention / low spend segment
17,Female,Mumbai,Nokia,Android,3.9,7.9,222.6,177,4.4,4813,3.9,4.5,1868,Work,3,6681,Young Low Spender,Retention / low spend segment
19,Male,Jaipur,Oppo,Android,3.0,44.7,211.5,67,0.5,2583,5.1,0.8,237,Entertainment,3,2820,Young Low Spender,Retention / low spend segment
15,Female,Pune,Realme,iOS,2.6,27.2,254.1,97,3.3,4134,3.2,1.5,1242,Entertainment,3,5376,Young Low Spender,Retention / low spend segment
21,Female,Hyderabad,Google Pixel,Android,6.0,9.4,200.0,81,4.6,4749,2.9,0.6,417,Entertainment,3,5166,Young Low Spender,Retention / low spend segment
16,Female,Bangalore,Vivo,Android,8.7,36.5,97.5,144,2.2,3030,2.6,0.5,334,Social Media,3,3364,Young Low Spender,Retention / low spend segment
25,Male,Kolkata,OnePlus,iOS,8.7,44.4,256.6,117,4.4,5272,7.5,4.9,1490,Social Media,3,6762,Young Low Spender,Retention / low spend segment
20,Other,Delhi,Motorola,Android,6.5,18.5,130.6,131,2.1,4625,4.0,2.8,1307,Education,3,5932,Young Low Spender,Retention / low spend segment
34,Male,Chennai,Motorola,Android,3.7,18.1,115.8,30,0.7,1685,3.0,3.8,509,Entertainment,3,2194,Young Low Spender,Retention / low spend segment
16,Other,Delhi,Apple,iOS,7.3,31.5,279.6,75,4.6,3713,1.2,3.4,731,Gaming,3,4444,Young Low Spender,Retention / low spend segment
17,Other,Pune,Samsung,iOS,3.6,38.1,146.1,83,3.5,729,4.8,2.4,1062,Gaming,3,1791,Young Low Spender,Retention / low spend segment
21,Other,Hyderabad,Oppo,iOS,10.8,38.4,94.1,14,3.2,5749,3.2,1.2,1428,Education,3,7177,Young Low Spender,Retention / low spend segment
21,Male,Mumbai,Samsung,Android,2.2,3.0,260.1,145,2.8,1102,5.7,4.0,727,Education,3,1829,Young Low Spender,Retention / low spend segment
26,Other,Delhi,OnePlus,Android,5.6,32.0,125.6,47,1.3,920,0.7,1.8,397,Gaming,3,1317,Young Low Spender,Retention / low spend segment
35,Male,Jaipur,Oppo,Android,4.6,24.6,228.3,172,4.5,2603,6.0,3.8,1782,Gaming,3,4385,Young Low Spender,Retention / low spend segment
23,Male,Mumbai,Motorola,iOS,3.4,49.4,213.4,110,3.1,4930,4.3,4.7,534,Entertainment,3,5464,Young Low Spender,Retention / low spend segment
16,Other,Chennai,Nokia,Android,10.1,37.2,145.0,161,5.4,895,1.3,2.6,1702,Social Media,3,2597,Young Low Spender,Retention / low spend segment
15,Male,Lucknow,Samsung,Android,8.1,48.7,109.0,62,2.0,4513,3.2,4.8,1377,Gaming,3,5890,Young Low Spender,Retention / low spend segment
22,Male,Bangalore,Xiaomi,Android,10.7,37.1,165.6,181,4.0,2761,5.5,1.2,809,Entertainment,3,3570,Young Low Spender,Retention / low spend segment
16,Male,Bangalore,Oppo,iOS,5.7,41.6,287.8,87,0.5,353,6.0,4.4,1713,Entertainment,3,2066,Young Low Spender,Retention / low spend segment
37,Male,Ahmedabad,Motorola,Android,4.5,11.5,274.5,45,3.4,4533,3.4,1.5,875,Gaming,3,5408,Young Low Spender,Retention / low spend segment
41,Female,Pune,Vivo,Android,3.1,49.8,218.5,156,0.8,1459,1.7,2.5,730,Entertainment,3,2189,Young Low Spender,Retention / low spend segment
34,Male,Lucknow,Oppo,Android,10.2,45.7,12.6,142,1.5,681,0.7,0.7,986,Work,3,1667,Young Low Spender,Retention / low spend segment
22,Other,Ahmedabad,Nokia,iOS,7.9,26.0,140.5,102,2.5,4779,3.8,2.2,546,Gaming,3,5325,Young Low Spender,Retention / low spend segment
17,Other,Lucknow,Nokia,Android,5.1,5.7,188.7,25,2.0,2406,4.7,0.2,1003,Gaming,3,3409,Young Low Spender,Retention / low spend segment
28,Female,Mumbai,Nokia,Android,10.7,49.1,101.3,61,2.4,848,4.2,1.2,565,Education,3,1413,Young Low Spender,Retention / low spend segment
34,Other,Delhi,Nokia,iOS,5.5,46.4,245.1,156,1.8,3062,4.1,2.7,914,Gaming,3,3976,Young Low Spender,Retention / low spend segment
35,Male,Pune,Xiaomi,iOS,11.6,35.4,216.3,12,2.0,3367,7.6,0.3,1992,Education,3,5359,Young Low Spender,Retention / low spend segment
25,Other,Jaipur,Vivo,Android,6.4,44.3,155.3,54,1.4,651,2.3,0.6,1690,Work,3,2341,Young Low Spender,Retention / low spend segment
28,Female,Lucknow,Oppo,iOS,10.1,7.3,270.5,157,5.1,1119,1.2,1.5,1273,Entertainment,3,2392,Young Low Spender,Retention / low spend segment
33,Female,Ahmedabad,Apple,iOS,11.4,5.1,196.6,20,3.9,597,0.7,3.8,1650,Work,3,2247,Young Low Spender,Retention / low spend segment
19,Female,Bangalore,Motorola,iOS,6.9,20.0,245.1,165,5.6,1019,2.2,3.4,1223,Work,3,2242,Young Low Spender,Retention / low spend segment
17,Male,Jaipur,Realme,Android,11.1,48.3,263.2,56,0.6,1420,0.8,4.9,1771,Education,3,3191,Young Low Spender,Retention / low spend segment
18,Other,Bangalore,Vivo,iOS,6.3,37.0,140.8,93,4.2,5423,2.9,4.3,233,Work,3,5656,Young Low Spender,Retention / low spend segment
24,Female,Chennai,Motorola,Android,2.1,18.1,31.8,190,5.9,1966,5.6,0.8,1369,Social Media,3,3335,Young Low Spender,Retention / low spend segment
35,Male,Kolkata,Google Pixel,Android,10.5,20.2,132.9,70,2.9,2474,1.7,0.2,992,Work,3,3466,Young Low Spender,Retention / low spend segment
33,Male,Jaipur,OnePlus,Android,1.4,12.9,33.4,34,3.9,1141,7.0,2.4,622,Gaming,3,1763,Young Low Spender,Retention / low spend segment
28,Female,Kolkata,Samsung,iOS,5.4,11.3,10.2,150,2.5,1802,2.3,1.9,1471,Work,3,3273,Young Low Spender,Retention / low spend segment
28,Female,Lucknow,Realme,Android,2.5,17.7,270.2,37,3.9,1230,1.8,0.5,1718,Work,3,2948,Young Low Spender,Retention / low spend segment
15,Female,Ahmedabad,Nokia,Android,7.9,7.1,251.2,103,1.8,5160,0.7,2.7,1404,Social Media,3,6564,Young Low Spender,Retention / low spend segment
15,Male,Ahmedabad,Samsung,Android,7.5,17.3,247.3,107,1.8,6180,5.1,0.3,1496,Gaming,3,7676,Young Low Spender,Retention / low spend segment
25,Female,Bangalore,Google Pixel,Android,1.2,25.9,89.4,74,5.5,1943,6.0,1.1,1443,Education,3,3386,Young Low Spender,Retention / low spend segment
18,Female,Hyderabad,Google Pixel,Android,11.5,21.3,220.7,100,2.8,1256,1.4,0.3,881,Entertainment,3,2137,Young Low Spender,Retention / low spend segment
30,Female,Kolkata,Nokia,iOS,6.9,4.6,241.5,152,1.9,562,3.1,0.7,1613,Entertainment,3,2175,Young Low Spender,Retention / low spend segment
15,Male,Chennai,Nokia,iOS,8.1,2.7,205.7,58,1.5,1768,4.9,3.5,1599,Entertainment,3,3367,Young Low Spender,Retention / low spend segment
28,Female,Bangalore,Apple,iOS,8.0,11.4,187.9,183,3.7,2565,3.1,0.1,1490,Education,3,4055,Young Low Spender,Retention / low spend segment
31,Female,Jaipur,Xiaomi,Android,6.2,32.9,70.8,144,1.8,3302,7.4,2.5,247,Work,3,3549,Young Low Spender,Retention / low spend segment
21,Other,Jaipur,Motorola,iOS,2.6,25.5,284.0,26,3.1,5947,1.8,3.2,1182,Social Media,3,7129,Young Low Spender,Retention / low spend segment
35,Other,Chennai,Oppo,iOS,8.8,27.5,229.0,140,2.9,1805,3.1,2.6,1156,Gaming,3,2961,Young Low Spender,Retention / low spend segment
36,Male,Chennai,Apple,Android,4.3,49.5,38.7,15,1.2,1984,4.3,2.2,1728,Gaming,3,3712,Young Low Spender,Retention / low spend segment
21,Male,Delhi,Realme,iOS,8.6,35.9,43.2,25,5.6,1904,3.6,1.2,428,Entertainment,3,2332,Young Low Spender,Retention / low spend segment
35,Other,Mumbai,OnePlus,iOS,4.8,47.9,50.7,140,3.4,1468,1.9,0.8,461,Education,3,1929,Young Low Spender,Retention / low spend segment
23,Female,Mumbai,Realme,Android,9.0,5.1,80.4,13,4.0,1840,3.3,2.7,788,Education,3,2628,Young Low Spender,Retention / low spend segment
31,Male,Lucknow,OnePlus,Android,9.3,32.2,66.2,184,1.2,784,2.8,3.0,228,Gaming,3,1012,Young Low Spender,Retention / low spend segment
40,Female,Chennai,Apple,iOS,8.6,3.7,269.5,120,0.7,871,5.2,2.5,1163,Social Media,3,2034,Young Low Spender,Retention / low spend segment
18,Female,Chennai,Google Pixel,iOS,3.6,30.3,183.6,37,3.4,588,7.1,3.0,1905,Work,3,2493,Young Low Spender,Retention / low spend segment
25,Other,Bangalore,Apple,Android,5.4,7.0,202.9,185,5.5,2435,5.3,2.5,1659,Social Media,3,4094,Young Low Spender,Retention / low spend segment
18,Male,Chennai,Realme,Android,6.7,15.6,227.9,89,1.9,1766,5.4,0.6,1238,Social Media,3,3004,Young Low Spender,Retention / low spend segment
35,Female,Chennai,Xiaomi,iOS,6.1,10.4,275.0,120,0.7,3010,4.3,3.0,529,Education,3,3539,Young Low Spender,Retention / low spend segment
17,Male,Ahmedabad,Oppo,iOS,4.5,10.6,250.4,103,5.0,3139,1.7,1.0,1467,Education,3,4606,Young Low Spender,Retention / low spend segment
21,Other,Kolkata,Apple,Android,10.1,31.5,143.4,146,3.5,2641,0.5,3.4,1565,Social Media,3,4206,Young Low Spender,Retention / low spend segment
25,Other,Kolkata,Oppo,iOS,5.4,43.7,296.6,134,0.7,1137,7.1,4.0,766,Social Media,3,1903,Young Low Spender,Retention / low spend segment
27,Other,Delhi,Nokia,iOS,9.3,25.0,86.7,52,2.6,1859,2.4,1.8,426,Work,3,2285,Young Low Spender,Retention / low spend segment
32,Other,Jaipur,Google Pixel,iOS,4.2,22.4,152.2,136,4.3,2466,6.6,0.9,1567,Entertainment,3,4033,Young Low Spender,Retention / low spend segment
15,Other,Bangalore,Vivo,iOS,2.7,43.5,258.0,114,5.7,923,2.9,0.7,1878,Work,3,2801,Young Low Spender,Retention / low spend segment
16,Male,Kolkata,Xiaomi,Android,9.2,49.1,175.4,84,2.5,5631,3.1,4.8,100,Entertainment,3,5731,Young Low Spender,Retention / low spend segment
32,Female,Bangalore,Google Pixel,Android,4.7,13.3,65.8,131,1.3,2715,2.8,0.0,1923,Social Media,3,4638,Young Low Spender,Retention / low spend segment
16,Male,Pune,OnePlus,Android,1.6,19.2,61.2,126,0.6,4583,8.0,3.6,194,Work,3,4777,Young Low Spender,Retention / low spend segment
30,Male,Lucknow,Xiaomi,Android,10.6,36.7,171.9,14,2.9,1124,1.1,3.6,321,Gaming,3,1445,Young Low Spender,Retention / low spend segment
25,Male,Bangalore,Motorola,iOS,8.2,44.2,187.3,126,2.7,4059,0.7,1.3,1964,Social Media,3,6023,Young Low Spender,Retention / low spend segment
33,Other,Chennai,OnePlus,Android,5.9,11.6,38.1,10,3.1,914,1.0,0.9,966,Gaming,3,1880,Young Low Spender,Retention / low spend segment
30,Other,Jaipur,Realme,iOS,10.9,46.3,182.4,147,3.6,1014,7.2,4.0,674,Gaming,3,1688,Young Low Spender,Retention / low spend segment
30,Female,Jaipur,Google Pixel,iOS,10.3,10.7,257.7,27,0.7,1376,3.8,4.0,380,Social Media,3,1756,Young Low Spender,Retention / low spend segment
15,Female,Chennai,OnePlus,iOS,7.8,49.0,105.8,169,1.5,2496,4.9,4.1,442,Work,3,2938,Young Low Spender,Retention / low spend segment
20,Female,Delhi,Nokia,iOS,9.0,2.1,218.1,19,0.8,4877,4.3,4.7,1439,Education,3,6316,Young Low Spender,Retention / low spend segment
23,Other,Bangalore,Xiaomi,iOS,1.1,18.7,35.4,39,4.5,3624,3.0,0.5,1266,Education,3,4890,Young Low Spender,Retention / low spend segment
31,Other,Bangalore,Google Pixel,iOS,3.8,30.7,170.8,78,2.9,2609,2.3,3.8,770,Education,3,3379,Young Low Spender,Retention / low spend segment
18,Male,Delhi,Motorola,iOS,10.0,24.8,77.4,98,5.1,3802,5.1,3.9,749,Education,3,4551,Young Low Spender,Retention / low spend segment
34,Other,Bangalore,Apple,iOS,5.6,33.7,255.8,77,5.5,3003,6.5,3.3,1989,Gaming,3,4992,Young Low Spender,Retention / low spend segment
25,Other,Delhi,Vivo,iOS,2.9,43.5,262.4,198,3.5,3314,6.6,4.5,1760,Education,3,5074,Young Low Spender,Retention / low spend segment
32,Female,Chennai,Nokia,Android,2.7,46.5,242.1,67,3.8,4935,2.2,1.4,1972,Gaming,3,6907,Young Low Spender,Retention / low spend segment
33,Female,Ahmedabad,Motorola,Android,11.5,22.8,95.3,81,2.4,1154,6.4,1.0,1206,Work,3,2360,Young Low Spender,Retention / low spend segment
26,Male,Bangalore,Oppo,iOS,10.2,30.6,277.1,139,3.3,4247,4.2,1.0,787,Gaming,3,5034,Young Low Spender,Retention / low spend segment
28,Female,Jaipur,Samsung,iOS,2.3,29.3,165.9,96,0.5,2654,4.8,1.9,1967,Work,3,4621,Young Low Spender,Retention / low spend segment
16,Other,Bangalore,OnePlus,iOS,11.8,29.0,221.4,119,1.4,6035,5.8,3.0,1376,Entertainment,3,7411,Young Low Spender,Retention / low spend segment
15,Male,Lucknow,Motorola,iOS,7.9,42.9,37.7,135,0.6,2582,5.2,1.8,1536,Entertainment,3,4118,Young Low Spender,Retention / low spend segment
23,Male,Ahmedabad,Samsung,Android,7.1,30.1,138.3,178,1.7,2005,1.3,0.8,766,Entertainment,3,2771,Young Low Spender,Retention / low spend segment
30,Female,Hyderabad,Realme,Android,5.9,1.1,83.3,15,1.3,673,5.7,3.8,598,Work,3,1271,Young Low Spender,Retention / low spend segment
24,Female,Ahmedabad,Apple,iOS,11.1,11.6,182.9,185,4.4,2084,0.8,0.4,1581,Work,3,3665,Young Low Spender,Retention / low spend segment
16,Male,Pune,Nokia,Android,2.7,18.7,217.2,86,1.3,6241,5.0,3.1,1382,Education,3,7623,Young Low Spender,Retention / low spend segment
24,Male,Delhi,Xiaomi,Android,6.3,44.5,118.8,53,2.9,1299,4.4,0.2,721,Social Media,3,2020,Young Low Spender,Retention / low spend segment
16,Male,Bangalore,Vivo,Android,5.1,11.4,144.9,61,2.8,5006,5.8,0.7,1050,Work,3,6056,Young Low Spender,Retention / low spend segment
41,Other,Lucknow,Apple,Android,4.0,26.0,246.1,79,1.7,2569,4.3,1.0,1794,Social Media,3,4363,Young Low Spender,Retention / low spend segment
25,Male,Chennai,Realme,Android,2.7,31.3,207.7,164,4.7,2088,6.9,4.5,1078,Social Media,3,3166,Young Low Spender,Retention / low spend segment
16,Other,Kolkata,Xiaomi,Android,4.0,27.8,248.8,154,2.1,2367,1.3,1.3,1595,Gaming,3,3962,Young Low Spender,Retention / low spend segment
22,Male,Lucknow,Realme,Android,8.8,30.7,186.9,27,2.7,1757,3.6,3.0,1984,Entertainment,3,3741,Young Low Spender,Retention / low spend segment
19,Other,Chennai,Realme,iOS,10.9,26.6,159.6,103,4.3,2924,5.1,2.6,1928,Education,3,4852,Young Low Spender,Retention / low spend segment
18,Other,Pune,Vivo,Android,8.7,20.4,227.4,199,2.4,3425,3.8,0.6,890,Gaming,3,4315,Young Low Spender,Retention / low spend segment
26,Female,Chennai,Xiaomi,iOS,10.7,29.2,107.0,144,4.0,1751,2.6,3.7,164,Education,3,1915,Young Low Spender,Retention / low spend segment
28,Male,Jaipur,Google Pixel,Android,4.9,17.9,138.0,157,5.4,1176,7.5,1.2,1358,Entertainment,3,2534,Young Low Spender,Retention / low spend segment
17,Male,Pune,OnePlus,Android,3.3,30.5,187.2,138,4.0,1450,2.0,2.2,1238,Gaming,3,2688,Young Low Spender,Retention / low spend segment
27,Female,Ahmedabad,Apple,iOS,5.3,37.3,117.2,89,4.2,4255,6.3,0.3,1434,Gaming,3,5689,Young Low Spender,Retention / low spend segment
19,Male,Jaipur,Oppo,Android,11.5,49.0,68.9,114,4.1,5074,2.8,4.3,321,Education,3,5395,Young Low Spender,Retention / low spend segment
31,Female,Pune,Google Pixel,iOS,2.7,35.4,146.6,176,3.2,4580,2.8,0.9,1951,Social Media,3,6531,Young Low Spender,Retention / low spend segment
17,Female,Jaipur,Vivo,iOS,3.9,13.8,209.8,123,4.8,2999,5.6,0.3,1772,Entertainment,3,4771,Young Low Spender,Retention / low spend segment
15,Female,Kolkata,Oppo,iOS,8.5,34.5,242.8,38,1.3,4446,5.3,4.3,1718,Education,3,6164,Young Low Spender,Retention / low spend segment
18,Male,Bangalore,Apple,iOS,3.6,13.1,139.7,38,4.4,891,2.1,4.8,455,Social Media,3,1346,Young Low Spender,Retention / low spend segment
27,Other,Lucknow,Realme,iOS,7.8,8.2,75.0,117,2.6,1431,3.8,3.5,1012,Social Media,3,2443,Young Low Spender,Retention / low spend segment
29,Female,Hyderabad,Realme,iOS,3.9,21.8,237.5,39,5.5,2213,2.8,0.0,654,Gaming,3,2867,Young Low Spender,Retention / low spend segment
31,Male,Lucknow,Nokia,iOS,10.9,30.9,227.7,170,2.9,2145,3.3,4.7,1348,Work,3,3493,Young Low Spender,Retention / low spend segment
27,Female,Lucknow,Realme,iOS,6.5,39.4,297.0,180,5.3,2624,1.4,0.1,769,Work,3,3393,Young Low Spender,Retention / low spend segment
15,Other,Lucknow,Realme,Android,10.1,6.9,83.9,97,1.1,3958,7.6,0.3,1824,Work,3,5782,Young Low Spender,Retention / low spend segment
20,Other,Hyderabad,Google Pixel,Android,4.6,34.8,61.7,125,5.0,394,5.5,0.7,1292,Social Media,3,1686,Young Low Spender,Retention / low spend segment
18,Male,Kolkata,Nokia,Android,1.7,9.4,64.9,191,2.8,5552,2.9,1.8,596,Work,3,6148,Young Low Spender,Retention / low spend segment
24,Female,Pune,Apple,Android,4.0,17.3,269.8,133,3.6,761,6.3,2.1,1723,Social Media,3,2484,Young Low Spender,Retention / low spend segment
23,Other,Mumbai,Nokia,iOS,6.8,15.9,187.1,40,2.5,5439,4.6,1.6,1383,Education,3,6822,Young Low Spender,Retention / low spend segment
29,Male,Chennai,Apple,Android,10.6,42.4,59.1,73,4.9,1594,5.8,0.0,891,Education,3,2485,Young Low Spender,Retention / low spend segment
27,Female,Lucknow,Motorola,Android,9.3,4.3,167.0,63,3.3,2578,2.9,4.2,1473,Entertainment,3,4051,Young Low Spender,Retention / low spend segment
35,Other,Kolkata,Vivo,iOS,8.9,45.1,287.6,161,2.9,4586,6.0,1.7,658,Work,3,5244,Young Low Spender,Retention / low spend segment
22,Male,Mumbai,Samsung,Android,8.1,24.2,47.1,145,1.9,5665,5.3,3.7,311,Gaming,3,5976,Young Low Spender,Retention / low spend segment
24,Male,Kolkata,Xiaomi,Android,10.1,22.2,36.0,108,1.0,4587,5.2,2.3,1640,Work,3,6227,Young Low Spender,Retention / low spend segment
34,Other,Hyderabad,Vivo,Android,10.1,33.1,270.1,58,4.0,2245,6.4,0.2,509,Education,3,2754,Young Low Spender,Retention / low spend segment
35,Male,Jaipur,Motorola,Android,11.4,14.1,299.8,92,3.7,3333,2.7,0.7,1572,Education,3,4905,Young Low Spender,Retention / low spend segment
25,Male,Mumbai,Nokia,Android,9.5,20.5,163.0,24,4.8,3402,2.5,2.7,1892,Education,3,5294,Young Low Spender,Retention / low spend segment
25,Other,Pune,Oppo,iOS,4.8,20.3,89.8,142,4.4,3267,3.6,3.5,1499,Entertainment,3,4766,Young Low Spender,Retention / low spend segment
15,Male,Hyderabad,Realme,iOS,4.9,8.1,285.0,73,0.7,1003,1.9,2.3,1461,Work,3,2464,Young Low Spender,Retention / low spend segment
19,Other,Chennai,Oppo,Android,8.9,34.4,174.8,137,3.2,923,7.7,2.7,1159,Entertainment,3,2082,Young Low Spender,Retention / low spend segment
37,Male,Mumbai,Google Pixel,Android,11.1,40.6,279.3,169,1.9,327,4.2,1.3,472,Education,3,799,Young Low Spender,Retention / low spend segment
33,Female,Jaipur,Google Pixel,Android,2.0,39.1,22.5,199,2.6,4869,7.3,1.1,881,Education,3,5750,Young Low Spender,Retention / low spend segment
24,Female,Jaipur,Xiaomi,iOS,4.2,26.9,192.4,162,5.2,3545,4.8,1.5,870,Social Media,3,4415,Young Low Spender,Retention / low spend segment
24,Male,Delhi,Vivo,Android,3.2,2.1,109.7,136,4.5,4168,3.4,3.9,1046,Work,3,5214,Young Low Spender,Retention / low spend segment
19,Male,Chennai,Apple,Android,3.1,38.3,279.3,82,5.9,524,2.1,1.5,1344,Social Media,3,1868,Young Low Spender,Retention / low spend segment
19,Male,Chennai,Realme,Android,7.5,30.3,96.0,164,5.1,961,5.1,1.6,290,Gaming,3,1251,Young Low Spender,Retention / low spend segment
24,Male,Ahmedabad,Realme,iOS,4.7,3.9,207.3,159,3.2,535,3.8,2.0,1900,Social Media,3,2435,Young Low Spender,Retention / low spend segment
16,Female,Jaipur,Nokia,iOS,7.9,14.5,238.0,119,4.1,5152,3.1,1.4,1695,Social Media,3,6847,Young Low Spender,Retention / low spend segment
19,Female,Ahmedabad,Vivo,Android,3.5,12.9,247.9,26,1.7,1718,0.7,5.0,1921,Education,3,3639,Young Low Spender,Retention / low spend segment
17,Female,Delhi,Samsung,Android,11.0,21.5,89.3,171,3.1,3219,5.0,4.9,1991,Education,3,5210,Young Low Spender,Retention / low spend segment
16,Male,Kolkata,Google Pixel,iOS,4.7,31.6,280.9,85,2.7,2227,5.0,1.7,1509,Entertainment,3,3736,Young Low Spender,Retention / low spend segment
31,Other,Chennai,OnePlus,iOS,9.9,3.3,285.2,25,4.2,2408,1.2,1.5,719,Work,3,3127,Young Low Spender,Retention / low spend segment
30,Other,Bangalore,Vivo,Android,7.9,9.2,162.0,80,3.2,217,2.5,3.4,1391,Education,3,1608,Young Low Spender,Retention / low spend segment
33,Female,Chennai,Samsung,Android,8.4,14.6,165.5,131,3.9,1243,7.5,0.2,1965,Gaming,3,3208,Young Low Spender,Retention / low spend segment
30,Female,Delhi,Realme,Android,3.9,10.8,101.1,59,1.7,1530,7.8,2.7,581,Education,3,2111,Young Low Spender,Retention / low spend segment
15,Other,Hyderabad,Nokia,Android,7.5,14.5,191.9,32,0.6,3679,7.5,3.9,1260,Social Media,3,4939,Young Low Spender,Retention / low spend segment
31,Male,Kolkata,Realme,iOS,5.8,47.5,245.2,116,4.1,3813,2.4,2.9,498,Education,3,4311,Young Low Spender,Retention / low spend segment
25,Female,Delhi,Vivo,Android,8.6,26.3,272.7,73,2.0,2011,5.8,4.9,300,Work,3,2311,Young Low Spender,Retention / low spend segment
18,Male,Mumbai,Vivo,Android,7.2,8.7,92.6,168,2.9,1287,1.7,1.9,730,Social Media,3,2017,Young Low Spender,Retention / low spend segment
16,Male,Mumbai,Vivo,iOS,2.1,20.0,194.8,11,0.7,1627,1.9,0.4,1519,Entertainment,3,3146,Young Low Spender,Retention / low spend segment
21,Male,Lucknow,Samsung,iOS,2.5,34.3,98.9,12,0.9,3754,5.6,3.9,456,Gaming,3,4210,Young Low Spender,Retention / low spend segment
34,Male,Delhi,Apple,iOS,11.3,7.3,98.9,58,3.0,2667,7.0,4.1,415,Social Media,3,3082,Young Low Spender,Retention / low spend segment
38,Other,Kolkata,Realme,iOS,3.7,41.2,223.2,121,3.1,1264,7.2,2.8,376,Work,3,1640,Young Low Spender,Retention / low spend segment
20,Other,Jaipur,Vivo,iOS,7.8,21.1,114.1,156,4.0,365,4.4,4.5,1523,Social Media,3,1888,Young Low Spender,Retention / low spend segment
34,Male,Delhi,Google Pixel,Android,4.6,30.4,259.9,71,2.6,3459,2.9,4.8,1896,Work,3,5355,Young Low Spender,Retention / low spend segment
18,Female,Delhi,Motorola,Android,10.1,32.1,161.0,59,0.7,3911,2.1,5.0,1474,Entertainment,3,5385,Young Low Spender,Retention / low spend segment
27,Other,Ahmedabad,Google Pixel,Android,12.0,37.6,181.9,130,3.5,5482,7.7,1.9,1121,Social Media,3,6603,Young Low Spender,Retention / low spend segment
15,Female,Pune,Motorola,iOS,5.6,40.7,115.2,139,3.0,4068,5.1,0.5,981,Work,3,5049,Young Low Spender,Retention / low spend segment
27,Male,Lucknow,Nokia,iOS,6.2,46.8,56.4,75,1.7,5304,1.6,2.8,1195,Gaming,3,6499,Young Low Spender,Retention / low spend segment
35,Female,Hyderabad,Motorola,Android,8.5,48.5,207.3,129,0.7,1318,1.6,1.0,204,Entertainment,3,1522,Young Low Spender,Retention / low spend segment
20,Male,Mumbai,Nokia,iOS,4.2,22.3,25.7,75,2.5,1770,4.3,2.5,592,Entertainment,3,2362,Young Low Spender,Retention / low spend segment
19,Male,Pune,Xiaomi,iOS,1.0,47.8,126.5,134,2.8,3708,4.9,0.6,1745,Entertainment,3,5453,Young Low Spender,Retention / low spend segment
40,Female,Delhi,OnePlus,Android,5.5,10.4,132.3,122,1.0,2056,1.5,4.9,1964,Gaming,3,4020,Young Low Spender,Retention / low spend segment
21,Other,Pune,Nokia,iOS,3.8,45.9,12.9,153,3.7,4021,6.0,4.9,824,Entertainment,3,4845,Young Low Spender,Retention / low spend segment
21,Male,Ahmedabad,Nokia,Android,7.1,24.3,6.6,89,5.4,2896,4.6,3.0,1684,Entertainment,3,4580,Young Low Spender,Retention / low spend segment
27,Other,Ahmedabad,Vivo,iOS,2.3,40.8,80.8,82,5.5,1366,3.8,4.7,1615,Work,3,2981,Young Low Spender,Retention / low spend segment
16,Other,Kolkata,Oppo,iOS,1.7,20.4,269.8,145,2.1,870,3.4,0.8,1909,Entertainment,3,2779,Young Low Spender,Retention / low spend segment
25,Female,Hyderabad,Samsung,iOS,1.8,5.3,197.9,167,1.8,476,7.0,3.1,1386,Gaming,3,1862,Young Low Spender,Retention / low spend segment
31,Female,Mumbai,Google Pixel,Android,3.2,18.5,288.6,176,1.8,1846,2.2,3.9,1049,Social Media,3,2895,Young Low Spender,Retention / low spend segment
21,Female,Delhi,Vivo,iOS,10.1,20.3,192.9,123,2.9,4747,0.7,2.6,850,Gaming,3,5597,Young Low Spender,Retention / low spend segment
32,Other,Delhi,Samsung,iOS,1.3,41.6,15.9,139,1.0,2223,2.1,0.1,876,Gaming,3,3099,Young Low Spender,Retention / low spend segment
23,Other,Pune,Samsung,Android,7.6,49.2,196.5,182,5.6,151,3.8,2.4,1254,Social Media,3,1405,Young Low Spender,Retention / low spend segment
30,Male,Ahmedabad,Google Pixel,Android,2.3,21.3,216.2,51,0.7,2204,7.8,2.5,281,Education,3,2485,Young Low Spender,Retention / low spend segment
27,Female,Chennai,Realme,Android,6.8,27.2,35.2,189,1.3,4852,6.1,3.7,1916,Gaming,3,6768,Young Low Spender,Retention / low spend segment
18,Female,Lucknow,Samsung,iOS,11.9,2.7,166.0,50,4.4,4494,1.1,0.2,1761,Work,3,6255,Young Low Spender,Retention / low spend segment
28,Male,Jaipur,Realme,Android,7.4,30.4,39.2,161,3.9,3184,5.3,4.9,1245,Social Media,3,4429,Young Low Spender,Retention / low spend segment
26,Other,Mumbai,Xiaomi,iOS,4.1,16.4,250.7,175,2.6,3697,7.1,4.1,1673,Entertainment,3,5370,Young Low Spender,Retention / low spend segment
36,Female,Kolkata,Realme,iOS,9.7,3.7,248.4,115,3.7,4087,0.8,1.3,328,Education,3,4415,Young Low Spender,Retention / low spend segment
27,Other,Ahmedabad,Xiaomi,Android,5.9,29.6,98.2,199,3.2,1875,1.5,4.3,203,Education,3,2078,Young Low Spender,Retention / low spend segment
23,Male,Ahmedabad,Samsung,Android,7.6,14.0,19.6,135,4.3,3952,1.6,0.3,906,Social Media,3,4858,Young Low Spender,Retention / low spend segment
24,Other,Lucknow,Realme,iOS,3.8,38.1,23.7,83,5.3,2832,3.3,4.7,1800,Gaming,3,4632,Young Low Spender,Retention / low spend segment
30,Other,Ahmedabad,Motorola,Android,6.5,19.8,21.8,123,2.5,3007,5.1,2.0,1033,Work,3,4040,Young Low Spender,Retention / low spend segment
23,Female,Hyderabad,Xiaomi,iOS,11.3,2.4,21.4,177,4.5,3282,3.5,2.8,1319,Education,3,4601,Young Low Spender,Retention / low spend segment
33,Other,Chennai,Samsung,Android,5.8,24.0,63.4,27,2.0,1257,7.1,0.5,1663,Work,3,2920,Young Low Spender,Retention / low spend segment
35,Other,Mumbai,Xiaomi,Android,9.6,20.0,74.3,195,2.8,4151,5.9,4.1,1147,Entertainment,3,5298,Young Low Spender,Retention / low spend segment
29,Male,Kolkata,Apple,Android,3.4,30.4,170.6,130,1.6,124,3.5,0.2,1488,Work,3,1612,Young Low Spender,Retention / low spend segment
31,Other,Ahmedabad,Nokia,Android,11.7,19.3,176.0,138,5.4,2268,1.3,3.6,781,Gaming,3,3049,Young Low Spender,Retention / low spend segment
36,Male,Hyderabad,Samsung,Android,7.4,1.7,121.0,158,2.4,3196,4.5,0.2,1486,Work,3,4682,Young Low Spender,Retention / low spend segment
19,Other,Chennai,Nokia,iOS,4.0,1.5,100.4,23,1.0,3550,0.7,0.2,1351,Work,3,4901,Young Low Spender,Retention / low spend segment
24,Female,Bangalore,Nokia,iOS,8.3,16.5,226.4,18,3.6,3015,0.9,4.7,1613,Gaming,3,4628,Young Low Spender,Retention / low spend segment
29,Male,Ahmedabad,Realme,iOS,3.3,3.5,53.8,145,3.9,4079,4.4,1.7,373,Education,3,4452,Young Low Spender,Retention / low spend segment
16,Other,Pune,Xiaomi,Android,8.1,8.2,259.1,116,1.0,4255,5.4,3.0,192,Work,3,4447,Young Low Spender,Retention / low spend segment
22,Female,Pune,Vivo,iOS,9.3,33.9,143.3,70,2.7,4253,4.7,3.8,640,Work,3,4893,Young Low Spender,Retention / low spend segment
39,Male,Kolkata,Nokia,iOS,6.0,30.6,274.9,85,2.1,2945,4.4,2.5,1738,Entertainment,3,4683,Young Low Spender,Retention / low spend segment
19,Female,Hyderabad,Oppo,iOS,10.3,20.0,246.7,187,2.1,1381,1.2,4.5,879,Work,3,2260,Young Low Spender,Retention / low spend segment
25,Other,Jaipur,Motorola,iOS,9.3,9.0,174.7,148,3.4,2246,8.0,4.3,1501,Work,3,3747,Young Low Spender,Retention / low spend segment
23,Male,Mumbai,Apple,Android,10.7,39.6,166.0,91,3.4,6462,4.8,3.2,609,Gaming,3,7071,Young Low Spender,Retention / low spend segment
28,Female,Hyderabad,Motorola,iOS,9.5,8.2,36.6,33,3.7,3745,3.9,3.7,969,Entertainment,3,4714,Young Low Spender,Retention / low spend segment
27,Female,Mumbai,Motorola,iOS,3.4,31.4,47.2,134,4.2,2319,4.4,4.0,881,Entertainment,3,3200,Young Low Spender,Retention / low spend segment
15,Other,Hyderabad,OnePlus,iOS,7.7,32.6,66.1,68,3.0,1174,6.1,3.2,1333,Education,3,2507,Young Low Spender,Retention / low spend segment
15,Female,Hyderabad,Vivo,Android,8.0,32.7,93.3,165,4.7,4847,4.3,4.4,1632,Entertainment,3,6479,Young Low Spender,Retention / low spend segment
33,Other,Mumbai,Oppo,iOS,8.9,46.4,149.1,35,3.9,1705,6.8,3.1,650,Entertainment,3,2355,Young Low Spender,Retention / low spend segment
16,Female,Hyderabad,OnePlus,Android,4.7,49.4,198.5,199,5.6,3521,2.3,3.9,449,Entertainment,3,3970,Young Low Spender,Retention / low spend segment
21,Other,Ahmedabad,OnePlus,iOS,3.8,21.9,21.6,198,1.5,1091,7.0,3.4,1248,Gaming,3,2339,Young Low Spender,Retention / low spend segment
21,Other,Pune,Apple,Android,10.4,5.4,70.5,67,2.1,679,4.2,3.4,203,Social Media,3,882,Young Low Spender,Retention / low spend segment
30,Male,Lucknow,Oppo,Android,3.6,4.3,263.6,162,2.1,4587,1.2,3.3,1567,Entertainment,3,6154,Young Low Spender,Retention / low spend segment
33,Other,Delhi,Realme,Android,2.8,18.8,13.1,140,3.6,1058,6.8,5.0,1763,Work,3,2821,Young Low Spender,Retention / low spend segment
18,Female,Lucknow,Google Pixel,iOS,4.1,12.3,257.0,165,4.9,3188,2.4,0.3,1504,Social Media,3,4692,Young Low Spender,Retention / low spend segment
29,Other,Hyderabad,Samsung,Android,3.7,9.0,210.0,81,3.7,4478,3.6,0.1,150,Entertainment,3,4628,Young Low Spender,Retention / low spend segment
35,Other,Pune,Realme,iOS,9.8,47.0,214.1,137,2.9,3392,6.3,2.7,1425,Entertainment,3,4817,Young Low Spender,Retention / low spend segment
18,Other,Ahmedabad,Vivo,iOS,6.3,19.8,77.7,160,2.3,6426,1.6,2.7,360,Education,3,6786,Young Low Spender,Retention / low spend segment
22,Other,Ahmedabad,Samsung,iOS,10.3,3.6,125.3,55,3.9,3556,4.0,3.6,878,Social Media,3,4434,Young Low Spender,Retention / low spend segment
21,Male,Hyderabad,Apple,Android,7.9,16.7,295.8,65,5.3,1275,3.2,0.7,1584,Social Media,3,2859,Young Low Spender,Retention / low spend segment
26,Female,Pune,Xiaomi,Android,2.9,11.3,134.1,65,2.2,3999,5.2,4.0,1457,Work,3,5456,Young Low Spender,Retention / low spend segment
16,Female,Lucknow,Xiaomi,Android,8.6,38.6,260.3,148,3.2,6808,2.3,0.1,549,Education,3,7357,Young Low Spender,Retention / low spend segment
16,Other,Lucknow,Nokia,iOS,6.8,44.9,267.2,29,2.3,828,5.0,1.2,393,Education,3,1221,Young Low Spender,Retention / low spend segment
25,Male,Delhi,Apple,Android,6.6,29.0,144.4,86,2.7,916,6.1,0.2,902,Social Media,3,1818,Young Low Spender,Retention / low spend segment
24,Female,Lucknow,Oppo,Android,3.0,31.2,208.8,191,3.7,2453,6.3,3.2,884,Entertainment,3,3337,Young Low Spender,Retention / low spend segment
38,Other,Chennai,Nokia,iOS,9.0,19.5,193.3,134,0.8,2075,2.4,1.4,1480,Entertainment,3,3555,Young Low Spender,Retention / low spend segment
16,Male,Jaipur,Realme,iOS,6.0,47.3,259.2,131,4.9,5386,7.9,0.8,1970,Work,3,7356,Young Low Spender,Retention / low spend segment
16,Other,Jaipur,Motorola,Android,6.1,39.3,140.0,69,0.7,2925,4.4,2.4,852,Education,3,3777,Young Low Spender,Retention / low spend segment
23,Female,Bangalore,Samsung,Android,7.3,7.1,286.7,88,2.7,414,5.1,4.6,364,Gaming,3,778,Young Low Spender,Retention / low spend segment
29,Female,Mumbai,Nokia,Android,5.3,25.6,260.6,92,3.2,6359,3.6,1.2,630,Gaming,3,6989,Young Low Spender,Retention / low spend segment
23,Female,Ahmedabad,Xiaomi,Android,4.8,36.5,169.6,75,2.8,2313,7.3,3.0,1263,Entertainment,3,3576,Young Low Spender,Retention / low spend segment
32,Male,Delhi,Realme,iOS,2.2,21.8,112.3,27,1.4,2302,5.9,3.7,513,Work,3,2815,Young Low Spender,Retention / low spend segment
26,Female,Bangalore,Nokia,Android,11.0,35.6,167.0,65,2.5,5538,6.3,2.3,494,Social Media,3,6032,Young Low Spender,Retention / low spend segment
20,Female,Delhi,Xiaomi,Android,8.9,12.9,170.0,11,1.8,5571,5.2,2.6,912,Entertainment,3,6483,Young Low Spender,Retention / low spend segment
23,Female,Mumbai,Vivo,iOS,8.6,10.6,288.4,184,3.1,2463,6.1,3.8,1522,Entertainment,3,3985,Young Low Spender,Retention / low spend segment
22,Other,Ahmedabad,Xiaomi,Android,10.8,7.0,256.5,180,4.7,5270,1.7,1.7,309,Social Media,3,5579,Young Low Spender,Retention / low spend segment
27,Male,Bangalore,Realme,Android,4.7,12.8,104.0,23,1.8,1497,5.1,2.2,318,Work,3,1815,Young Low Spender,Retention / low spend segment
19,Female,Kolkata,Apple,iOS,7.5,37.2,85.1,139,5.6,2148,7.1,0.5,191,Social Media,3,2339,Young Low Spender,Retention / low spend segment
15,Male,Pune,Motorola,iOS,4.1,19.9,15.8,46,3.8,553,0.8,3.3,1805,Gaming,3,2358,Young Low Spender,Retention / low spend segment
15,Other,Pune,Nokia,Android,11.3,21.8,207.3,71,4.8,2874,5.5,3.0,430,Entertainment,3,3304,Young Low Spender,Retention / low spend segment
25,Male,Mumbai,Google Pixel,Android,5.0,45.3,111.2,139,2.7,5801,1.2,1.2,1082,Work,3,6883,Young Low Spender,Retention / low spend segment
36,Female,Kolkata,Motorola,iOS,1.8,26.6,144.6,127,3.6,331,4.2,2.4,1164,Work,3,1495,Young Low Spender,Retention / low spend segment
18,Male,Hyderabad,Samsung,iOS,1.1,37.0,217.0,73,3.9,2574,5.3,0.6,1562,Education,3,4136,Young Low Spender,Retention / low spend segment
24,Female,Kolkata,Xiaomi,iOS,3.0,44.2,153.5,15,5.8,1574,1.7,3.4,1945,Entertainment,3,3519,Young Low Spender,Retention / low spend segment
34,Other,Lucknow,Realme,iOS,9.7,43.2,5.9,11,2.4,1346,7.4,4.4,1296,Entertainment,3,2642,Young Low Spender,Retention / low spend segment
24,Female,Lucknow,Oppo,iOS,11.5,4.0,243.3,27,0.9,1567,5.4,2.0,1004,Education,3,2571,Young Low Spender,Retention / low spend segment
32,Female,Kolkata,OnePlus,Android,4.3,26.2,287.0,104,2.1,4679,5.8,1.3,1278,Education,3,5957,Young Low Spender,Retention / low spend segment
19,Female,Delhi,Realme,Android,6.7,34.8,147.3,24,2.3,2006,4.5,3.7,708,Education,3,2714,Young Low Spender,Retention / low spend segment
27,Other,Ahmedabad,Oppo,iOS,2.3,28.8,63.3,119,2.4,1331,0.9,4.9,184,Gaming,3,1515,Young Low Spender,Retention / low spend segment
37,Other,Pune,Oppo,Android,1.5,40.4,237.3,54,3.6,3851,1.6,0.8,1894,Entertainment,3,5745,Young Low Spender,Retention / low spend segment
21,Other,Bangalore,Samsung,Android,10.6,38.8,180.3,91,0.6,4651,7.8,4.8,618,Social Media,3,5269,Young Low Spender,Retention / low spend segment
18,Male,Pune,Vivo,iOS,6.1,19.6,176.1,185,2.5,4616,7.8,4.3,158,Work,3,4774,Young Low Spender,Retention / low spend segment
16,Other,Ahmedabad,Xiaomi,Android,6.3,15.6,192.3,135,2.6,679,1.5,4.0,931,Social Media,3,1610,Young Low Spender,Retention / low spend segment
20,Other,Chennai,Vivo,Android,9.0,38.2,168.7,176,2.5,1580,4.6,2.9,652,Education,3,2232,Young Low Spender,Retention / low spend segment
22,Male,Mumbai,Xiaomi,Android,10.6,2.8,184.6,177,3.6,3226,4.2,1.7,1960,Education,3,5186,Young Low Spender,Retention / low spend segment
30,Male,Pune,Samsung,Android,2.4,45.6,89.7,61,2.8,1752,4.4,2.0,651,Gaming,3,2403,Young Low Spender,Retention / low spend segment
38,Male,Chennai,Xiaomi,Android,4.5,2.7,278.7,198,1.2,2717,7.6,3.1,930,Work,3,3647,Young Low Spender,Retention / low spend segment
22,Male,Delhi,Apple,Android,3.1,25.0,73.6,191,4.9,1083,6.9,4.3,1081,Education,3,2164,Young Low Spender,Retention / low spend segment
23,Male,Chennai,Google Pixel,iOS,8.1,43.2,268.4,182,2.4,5545,3.0,4.5,519,Education,3,6064,Young Low Spender,Retention / low spend segment
17,Female,Hyderabad,Xiaomi,iOS,4.5,34.7,219.9,82,5.7,3712,3.9,1.3,1188,Social Media,3,4900,Young Low Spender,Retention / low spend segment
29,Male,Chennai,Apple,iOS,7.0,28.0,126.6,175,4.2,1276,2.7,1.5,638,Education,3,1914,Young Low Spender,Retention / low spend segment
25,Other,Jaipur,Samsung,Android,7.4,46.1,213.3,165,1.3,4042,2.1,0.0,557,Entertainment,3,4599,Young Low Spender,Retention / low spend segment
43,Other,Delhi,OnePlus,Android,11.9,29.5,283.3,37,0.5,683,2.5,4.4,758,Social Media,3,1441,Young Low Spender,Retention / low spend segment
15,Male,Mumbai,OnePlus,iOS,2.7,13.9,281.6,53,4.1,1493,2.6,4.7,1650,Social Media,3,3143,Young Low Spender,Retention / low spend segment
22,Male,Jaipur,Vivo,Android,6.5,21.7,205.9,50,3.7,693,2.7,1.5,276,Work,3,969,Young Low Spender,Retention / low spend segment
16,Other,Mumbai,OnePlus,Android,3.6,31.0,132.3,36,3.8,677,7.3,3.4,1553,Education,3,2230,Young Low Spender,Retention / low spend segment
26,Other,Mumbai,Vivo,iOS,5.7,43.6,133.5,189,4.9,3283,2.6,4.7,1969,Work,3,5252,Young Low Spender,Retention / low spend segment
21,Male,Chennai,OnePlus,iOS,8.0,38.8,216.0,22,2.7,5305,1.8,4.6,717,Work,3,6022,Young Low Spender,Retention / low spend segment
29,Male,Jaipur,Apple,Android,6.4,9.2,179.7,158,4.6,3442,2.9,3.3,1878,Entertainment,3,5320,Young Low Spender,Retention / low spend segment
26,Female,Kolkata,Motorola,iOS,3.0,20.3,120.6,114,3.5,590,2.7,1.9,1284,Social Media,3,1874,Young Low Spender,Retention / low spend segment
22,Female,Hyderabad,Realme,iOS,11.2,11.6,97.6,169,1.3,3483,3.1,0.4,1099,Education,3,4582,Young Low Spender,Retention / low spend segment
26,Female,Ahmedabad,Realme,iOS,3.8,49.4,18.9,131,2.2,2676,6.9,1.6,1478,Gaming,3,4154,Young Low Spender,Retention / low spend segment
26,Male,Lucknow,Realme,Android,6.3,44.8,93.3,165,5.4,3411,4.5,2.2,1414,Gaming,3,4825,Young Low Spender,Retention / low spend segment
31,Male,Hyderabad,OnePlus,iOS,8.6,49.0,108.0,99,3.7,4503,4.9,2.4,498,Gaming,3,5001,Young Low Spender,Retention / low spend segment
16,Male,Chennai,Samsung,Android,3.1,18.2,180.7,42,4.6,2991,3.6,2.3,1010,Education,3,4001,Young Low Spender,Retention / low spend segment
26,Other,Ahmedabad,Oppo,Android,5.4,42.9,69.1,41,4.8,1910,5.1,3.8,1551,Education,3,3461,Young Low Spender,Retention / low spend segment
20,Male,Delhi,Vivo,iOS,11.2,38.1,214.1,25,3.0,2003,7.3,4.7,1134,Gaming,3,3137,Young Low Spender,Retention / low spend segment
19,Female,Lucknow,Oppo,Android,8.7,33.1,118.6,17,5.2,2675,1.4,2.4,511,Entertainment,3,3186,Young Low Spender,Retention / low spend segment
24,Male,Mumbai,Motorola,Android,10.8,25.4,88.8,19,4.1,2745,2.1,3.5,196,Education,3,2941,Young Low Spender,Retention / low spend segment
17,Male,Lucknow,Nokia,iOS,5.7,6.2,171.0,153,5.0,3348,1.9,2.9,1896,Work,3,5244,Young Low Spender,Retention / low spend segment
26,Other,Lucknow,Realme,Android,8.8,6.3,31.8,124,2.6,3032,5.1,1.7,1450,Entertainment,3,4482,Young Low Spender,Retention / low spend segment
28,Male,Hyderabad,Motorola,Android,6.8,43.2,96.5,119,1.5,4850,4.0,1.4,558,Gaming,3,5408,Young Low Spender,Retention / low spend segment
29,Other,Bangalore,Vivo,iOS,11.9,26.1,156.1,108,2.1,2623,3.4,2.3,854,Work,3,3477,Young Low Spender,Retention / low spend segment
35,Male,Lucknow,Motorola,iOS,3.3,49.3,162.4,84,0.9,1559,6.2,1.9,1405,Gaming,3,2964,Young Low Spender,Retention / low spend segment
32,Male,Kolkata,Oppo,iOS,8.7,22.1,112.3,194,2.3,4796,7.0,2.1,1508,Work,3,6304,Young Low Spender,Retention / low spend segment
16,Other,Delhi,Realme,iOS,10.6,5.5,259.1,86,0.6,3870,4.2,1.1,1626,Gaming,3,5496,Young Low Spender,Retention / low spend segment
34,Female,Jaipur,Xiaomi,Android,1.6,6.7,63.8,49,2.5,898,6.0,2.2,939,Education,3,1837,Young Low Spender,Retention / low spend segment
32,Male,Mumbai,OnePlus,iOS,8.5,25.6,253.8,81,4.0,4107,5.1,0.4,506,Work,3,4613,Young Low Spender,Retention / low spend segment
29,Female,Mumbai,Google Pixel,iOS,2.6,42.9,231.8,113,4.7,2406,2.9,4.4,1200,Work,3,3606,Young Low Spender,Retention / low spend segment
33,Female,Jaipur,OnePlus,Android,7.8,41.4,59.3,32,3.2,4115,1.1,1.2,739,Work,3,4854,Young Low Spender,Retention / low spend segment
26,Male,Delhi,Nokia,Android,1.7,37.1,184.3,87,3.9,4842,1.0,1.0,202,Gaming,3,5044,Young Low Spender,Retention / low spend segment
15,Female,Bangalore,Vivo,iOS,8.3,22.1,168.5,152,3.1,308,1.2,1.8,1077,Social Media,3,1385,Young Low Spender,Retention / low spend segment
30,Female,Ahmedabad,Samsung,Android,6.9,36.9,224.6,24,1.5,4495,1.5,1.2,1405,Education,3,5900,Young Low Spender,Retention / low spend segment
25,Male,Delhi,Samsung,iOS,9.1,10.9,178.4,200,3.4,1551,5.8,2.3,1419,Education,3,2970,Young Low Spender,Retention / low spend segment
26,Male,Delhi,Xiaomi,Android,3.5,11.2,236.4,122,3.2,4088,5.9,3.6,1887,Gaming,3,5975,Young Low Spender,Retention / low spend segment
29,Female,Mumbai,Google Pixel,iOS,9.7,9.2,89.9,49,1.8,360,6.0,0.2,1807,Gaming,3,2167,Young Low Spender,Retention / low spend segment
38,Other,Lucknow,Apple,Android,7.0,16.9,92.7,145,2.0,1742,7.3,1.5,1337,Education,3,3079,Young Low Spender,Retention / low spend segment
19,Other,Delhi,Google Pixel,iOS,6.8,43.5,275.2,189,3.9,3888,4.5,0.8,1100,Work,3,4988,Young Low Spender,Retention / low spend segment
18,Male,Lucknow,OnePlus,iOS,9.8,39.6,169.9,191,5.5,3609,6.3,1.2,1865,Work,3,5474,Young Low Spender,Retention / low spend segment
24,Other,Pune,Xiaomi,iOS,11.8,44.4,11.9,73,3.9,4589,5.3,4.0,1697,Social Media,3,6286,Young Low Spender,Retention / low spend segment
24,Other,Mumbai,Vivo,iOS,11.1,9.7,173.1,166,1.7,2405,2.0,0.8,1101,Social Media,3,3506,Young Low Spender,Retention / low spend segment
26,Other,Hyderabad,Apple,Android,5.3,48.7,158.1,177,2.1,3152,2.0,0.8,1856,Social Media,3,5008,Young Low Spender,Retention / low spend segment
33,Other,Bangalore,Vivo,Android,7.4,9.6,77.8,85,3.5,4014,6.2,3.8,613,Social Media,3,4627,Young Low Spender,Retention / low spend segment
18,Male,Kolkata,Samsung,Android,11.3,34.5,283.3,165,2.2,844,5.5,4.8,319,Work,3,1163,Young Low Spender,Retention / low spend segment
29,Female,Mumbai,Realme,iOS,6.3,45.9,214.6,136,4.4,1101,5.1,0.1,796,Work,3,1897,Young Low Spender,Retention / low spend segment
26,Male,Ahmedabad,Motorola,Android,10.7,46.0,150.7,178,2.6,585,1.5,3.0,983,Entertainment,3,1568,Young Low Spender,Retention / low spend segment
16,Other,Pune,Nokia,iOS,7.3,2.0,284.0,117,2.0,6992,2.0,3.6,378,Education,3,7370,Young Low Spender,Retention / low spend segment
15,Female,Hyderabad,Vivo,iOS,2.7,24.7,189.5,57,2.8,4701,7.3,1.0,1125,Gaming,3,5826,Young Low Spender,Retention / low spend segment
21,Other,Bangalore,Xiaomi,iOS,5.7,20.6,139.5,144,3.4,3124,3.0,2.5,1396,Entertainment,3,4520,Young Low Spender,Retention / low spend segment
35,Female,Kolkata,OnePlus,iOS,7.2,25.1,227.1,24,4.8,1464,2.5,0.6,938,Gaming,3,2402,Young Low Spender,Retention / low spend segment
21,Male,Pune,Motorola,iOS,4.8,31.7,271.6,47,5.5,2168,1.0,2.5,1352,Education,3,3520,Young Low Spender,Retention / low spend segment
24,Other,Hyderabad,Apple,iOS,10.6,48.6,141.0,12,0.6,418,4.2,0.7,1105,Entertainment,3,1523,Young Low Spender,Retention / low spend segment
16,Male,Bangalore,OnePlus,iOS,10.6,12.6,237.6,179,3.6,2683,5.8,3.2,1022,Social Media,3,3705,Young Low Spender,Retention / low spend segment
34,Female,Chennai,Vivo,Android,8.1,12.5,48.2,57,1.2,766,4.8,2.9,824,Social Media,3,1590,Young Low Spender,Retention / low spend segment
30,Male,Chennai,Xiaomi,Android,9.1,17.8,92.3,165,3.0,416,7.6,0.3,1143,Entertainment,3,1559,Young Low Spender,Retention / low spend segment
36,Male,Mumbai,Nokia,iOS,7.2,18.2,126.4,174,3.5,3822,6.5,0.5,1919,Work,3,5741,Young Low Spender,Retention / low spend segment
34,Female,Kolkata,Realme,iOS,7.4,13.1,93.1,195,0.9,378,2.8,0.8,568,Education,3,946,Young Low Spender,Retention / low spend segment
37,Other,Chennai,Xiaomi,Android,9.4,3.7,218.3,122,1.2,1322,1.9,2.1,1971,Entertainment,3,3293,Young Low Spender,Retention / low spend segment
27,Male,Kolkata,Oppo,Android,10.3,43.4,10.0,72,1.0,1651,7.7,1.3,1069,Entertainment,3,2720,Young Low Spender,Retention / low spend segment
35,Other,Kolkata,Motorola,Android,8.1,17.2,157.8,35,2.8,709,4.2,4.8,1581,Gaming,3,2290,Young Low Spender,Retention / low spend segment
36,Female,Lucknow,OnePlus,iOS,6.9,39.0,207.9,118,4.1,3748,1.9,2.7,245,Gaming,3,3993,Young Low Spender,Retention / low spend segment
28,Male,Bangalore,Xiaomi,Android,9.9,12.1,129.2,166,2.1,2458,4.6,0.1,1876,Gaming,3,4334,Young Low Spender,Retention / low spend segment
31,Male,Ahmedabad,Nokia,Android,3.2,29.1,23.6,36,2.7,4554,4.7,1.9,1782,Work,3,6336,Young Low Spender,Retention / low spend segment
38,Other,Pune,Realme,iOS,11.5,6.0,271.2,131,2.6,2483,1.7,3.0,1222,Social Media,3,3705,Young Low Spender,Retention / low spend segment
29,Female,Kolkata,Motorola,iOS,1.5,27.0,69.5,156,1.9,1813,6.2,1.4,1485,Work,3,3298,Young Low Spender,Retention / low spend segment
23,Other,Bangalore,OnePlus,iOS,6.8,41.4,197.7,11,1.5,2472,4.2,5.0,732,Social Media,3,3204,Young Low Spender,Retention / low spend segment
24,Other,Jaipur,Motorola,Android,9.4,27.4,247.9,60,2.5,3119,7.4,1.0,1289,Entertainment,3,4408,Young Low Spender,Retention / low spend segment
21,Other,Kolkata,Xiaomi,Android,8.2,24.1,8.1,73,5.7,1062,2.8,1.2,1604,Education,3,2666,Young Low Spender,Retention / low spend segment
18,Male,Ahmedabad,Apple,iOS,4.5,49.7,92.3,185,1.9,2896,3.5,4.1,1711,Social Media,3,4607,Young Low Spender,Retention / low spend segment
22,Other,Delhi,Google Pixel,Android,1.4,47.1,60.6,143,4.1,1032,1.7,3.0,782,Social Media,3,1814,Young Low Spender,Retention / low spend segment
18,Male,Lucknow,OnePlus,iOS,3.4,18.7,245.8,22,5.4,811,7.4,1.8,467,Social Media,3,1278,Young Low Spender,Retention / low spend segment
34,Other,Ahmedabad,Google Pixel,Android,8.9,32.5,76.1,37,2.5,4845,5.3,2.7,1285,Gaming,3,6130,Young Low Spender,Retention / low spend segment
34,Female,Kolkata,Xiaomi,iOS,7.6,9.4,48.4,124,1.7,3718,2.2,2.3,1919,Education,3,5637,Young Low Spender,Retention / low spend segment
34,Other,Mumbai,Nokia,iOS,10.1,47.2,20.0,16,2.4,1151,7.9,3.7,669,Education,3,1820,Young Low Spender,Retention / low spend segment
16,Female,Bangalore,Apple,Android,11.3,15.3,39.6,45,1.0,1299,0.6,1.6,602,Work,3,1901,Young Low Spender,Retention / low spend segment
15,Other,Lucknow,Nokia,iOS,7.1,31.2,248.3,174,2.2,329,4.0,0.8,1771,Entertainment,3,2100,Young Low Spender,Retention / low spend segment
24,Male,Ahmedabad,Samsung,Android,9.4,8.4,260.2,169,2.6,3240,5.5,1.5,1454,Entertainment,3,4694,Young Low Spender,Retention / low spend segment
21,Other,Lucknow,Xiaomi,iOS,9.6,39.7,260.3,48,2.4,3024,3.5,3.5,204,Education,3,3228,Young Low Spender,Retention / low spend segment
20,Female,Lucknow,Realme,Android,8.6,15.5,130.7,152,1.2,5195,7.3,0.6,129,Education,3,5324,Young Low Spender,Retention / low spend segment
25,Female,Ahmedabad,Vivo,Android,11.2,25.7,139.7,135,3.6,2619,2.4,2.3,964,Social Media,3,3583,Young Low Spender,Retention / low spend segment
31,Male,Kolkata,Vivo,iOS,8.8,49.2,76.5,180,4.1,4284,2.6,1.1,1901,Gaming,3,6185,Young Low Spender,Retention / low spend segment
23,Other,Pune,Apple,Android,9.6,1.4,113.1,81,3.2,3745,7.3,2.5,1538,Education,3,5283,Young Low Spender,Retention / low spend segment
26,Other,Mumbai,Google Pixel,iOS,8.4,42.9,197.4,122,2.5,2881,3.0,3.5,1307,Gaming,3,4188,Young Low Spender,Retention / low spend segment
27,Male,Pune,Samsung,iOS,1.4,31.3,86.8,175,5.0,2764,4.1,0.8,1125,Work,3,3889,Young Low Spender,Retention / low spend segment
15,Male,Hyderabad,Nokia,Android,6.1,33.1,183.1,181,4.8,2253,7.6,0.4,261,Entertainment,3,2514,Young Low Spender,Retention / low spend segment
23,Other,Lucknow,Google Pixel,Android,7.5,25.8,201.4,169,3.0,6634,2.4,3.4,1026,Education,3,7660,Young Low Spender,Retention / low spend segment
41,Female,Chennai,Xiaomi,Android,6.4,19.9,294.8,109,1.5,2979,5.4,3.5,374,Entertainment,3,3353,Young Low Spender,Retention / low spend segment
30,Other,Bangalore,OnePlus,Android,5.8,11.5,98.8,65,0.9,2354,4.2,4.5,474,Entertainment,3,2828,Young Low Spender,Retention / low spend segment
26,Other,Bangalore,Apple,Android,2.7,45.9,39.6,108,4.2,3132,6.6,1.6,1278,Entertainment,3,4410,Young Low Spender,Retention / low spend segment
18,Male,Chennai,OnePlus,Android,7.2,3.5,137.6,111,2.4,4208,0.6,2.9,1762,Gaming,3,5970,Young Low Spender,Retention / low spend segment
25,Female,Mumbai,Vivo,Android,4.6,25.4,13.2,79,2.1,5013,6.5,2.7,563,Education,3,5576,Young Low Spender,Retention / low spend segment
33,Male,Hyderabad,Vivo,Android,6.7,44.7,246.3,191,2.9,2624,1.5,3.6,425,Social Media,3,3049,Young Low Spender,Retention / low spend segment
16,Female,Mumbai,Xiaomi,iOS,4.6,46.2,239.1,114,2.6,5552,6.8,1.4,485,Social Media,3,6037,Young Low Spender,Retention / low spend segment
17,Other,Bangalore,Oppo,iOS,1.9,50.0,79.7,124,4.9,645,3.8,4.1,140,Education,3,785,Young Low Spender,Retention / low spend segment
27,Male,Mumbai,OnePlus,iOS,6.1,16.8,215.3,110,2.4,641,2.5,4.9,1532,Entertainment,3,2173,Young Low Spender,Retention / low spend segment
26,Male,Kolkata,Vivo,Android,9.2,5.8,254.1,133,5.3,1205,2.5,1.1,663,Education,3,1868,Young Low Spender,Retention / low spend segment
38,Female,Lucknow,Realme,iOS,10.8,49.3,193.9,69,2.6,1462,3.0,2.2,538,Entertainment,3,2000,Young Low Spender,Retention / low spend segment
39,Female,Jaipur,Google Pixel,iOS,9.2,17.3,273.9,84,2.3,361,2.7,2.5,364,Education,3,725,Young Low Spender,Retention / low spend segment
31,Female,Chennai,Google Pixel,Android,7.1,2.0,160.6,43,3.6,486,2.3,4.0,1650,Social Media,3,2136,Young Low Spender,Retention / low spend segment
17,Female,Jaipur,OnePlus,Android,9.2,4.5,95.2,180,2.1,376,0.6,1.7,1192,Work,3,1568,Young Low Spender,Retention / low spend segment
18,Other,Bangalore,Nokia,Android,11.6,11.3,114.1,87,4.1,698,0.9,3.6,506,Entertainment,3,1204,Young Low Spender,Retention / low spend segment
28,Other,Kolkata,Nokia,Android,8.6,49.9,12.6,59,1.9,4380,5.4,0.6,1553,Work,3,5933,Young Low Spender,Retention / low spend segment
33,Female,Kolkata,Google Pixel,iOS,5.6,32.2,266.1,22,6.0,826,1.6,4.2,744,Entertainment,3,1570,Young Low Spender,Retention / low spend segment
20,Female,Kolkata,Motorola,Android,8.4,24.9,281.5,144,2.4,638,4.7,0.8,1852,Entertainment,3,2490,Young Low Spender,Retention / low spend segment
15,Female,Pune,Google Pixel,Android,4.7,41.1,124.2,117,0.5,2080,3.8,0.9,305,Work,3,2385,Young Low Spender,Retention / low spend segment
26,Female,Ahmedabad,Vivo,Android,9.7,26.6,76.0,31,4.4,2652,5.8,3.0,663,Social Media,3,3315,Young Low Spender,Retention / low spend segment
19,Other,Jaipur,Motorola,Android,7.0,30.7,58.2,12,1.8,2567,7.4,1.1,1657,Entertainment,3,4224,Young Low Spender,Retention / low spend segment
28,Male,Bangalore,Nokia,Android,6.4,40.8,93.2,179,1.9,4625,3.5,0.7,336,Gaming,3,4961,Young Low Spender,Retention / low spend segment
26,Female,Bangalore,OnePlus,Android,4.8,21.4,224.4,67,4.6,4867,5.0,0.8,807,Entertainment,3,5674,Young Low Spender,Retention / low spend segment
19,Female,Bangalore,Apple,iOS,6.7,49.6,27.8,52,3.1,4339,2.8,4.0,1902,Entertainment,3,6241,Young Low Spender,Retention / low spend segment
34,Other,Pune,Xiaomi,Android,9.4,39.9,133.1,58,4.4,2566,7.6,3.6,802,Entertainment,3,3368,Young Low Spender,Retention / low spend segment
22,Other,Delhi,OnePlus,Android,7.8,19.5,123.8,150,1.4,2692,1.3,3.9,1598,Education,3,4290,Young Low Spender,Retention / low spend segment
35,Female,Ahmedabad,Samsung,iOS,4.6,25.2,253.6,178,3.3,3330,3.3,0.2,1577,Entertainment,3,4907,Young Low Spender,Retention / low spend segment
21,Other,Ahmedabad,Vivo,iOS,11.7,40.0,219.8,28,2.1,408,6.5,2.5,1047,Education,3,1455,Young Low Spender,Retention / low spend segment
35,Female,Pune,Xiaomi,iOS,8.4,46.7,242.5,184,2.8,2423,3.1,2.0,438,Social Media,3,2861,Young Low Spender,Retention / low spend segment
15,Other,Hyderabad,Oppo,Android,11.0,36.1,22.2,22,2.4,7484,6.6,0.6,1113,Entertainment,3,8597,Young Low Spender,Retention / low spend segment
36,Other,Mumbai,Oppo,iOS,4.2,36.1,85.0,47,1.9,349,4.8,0.6,1692,Work,3,2041,Young Low Spender,Retention / low spend segment
29,Male,Hyderabad,Motorola,iOS,7.2,22.3,220.0,45,2.6,4824,4.7,1.9,571,Work,3,5395,Young Low Spender,Retention / low spend segment
38,Female,Delhi,Vivo,Android,7.7,2.0,284.9,102,3.7,4382,2.0,3.7,347,Education,3,4729,Young Low Spender,Retention / low spend segment
23,Female,Chennai,Realme,Android,9.3,27.0,276.1,111,3.1,256,2.7,1.3,584,Gaming,3,840,Young Low Spender,Retention / low spend segment
25,Female,Lucknow,Realme,Android,11.6,33.1,97.7,69,3.4,2220,4.7,3.2,1883,Gaming,3,4103,Young Low Spender,Retention / low spend segment
15,Female,Jaipur,Realme,Android,5.0,29.7,99.8,84,2.8,1287,1.3,4.0,1756,Gaming,3,3043,Young Low Spender,Retention / low spend segment
27,Other,Mumbai,Motorola,iOS,2.2,49.3,278.4,117,5.5,1446,1.9,2.0,1566,Gaming,3,3012,Young Low Spender,Retention / low spend segment
24,Male,Mumbai,Motorola,Android,6.0,16.0,175.3,46,5.8,3062,3.6,0.8,310,Social Media,3,3372,Young Low Spender,Retention / low spend segment
21,Male,Jaipur,Apple,Android,3.0,24.3,144.8,173,1.3,853,1.0,3.9,558,Gaming,3,1411,Young Low Spender,Retention / low spend segment
35,Male,Kolkata,Motorola,Android,4.4,15.3,255.6,17,2.8,3269,1.5,4.2,299,Social Media,3,3568,Young Low Spender,Retention / low spend segment
28,Other,Hyderabad,Google Pixel,iOS,3.0,42.1,91.2,148,2.7,3859,1.0,1.8,573,Social Media,3,4432,Young Low Spender,Retention / low spend segment
28,Other,Delhi,OnePlus,Android,6.8,48.0,120.2,163,1.3,1354,5.4,3.2,1480,Education,3,2834,Young Low Spender,Retention / low spend segment
22,Female,Chennai,Oppo,Android,3.8,25.3,99.3,48,2.9,5628,3.0,4.7,910,Work,3,6538,Young Low Spender,Retention / low spend segment
24,Male,Jaipur,OnePlus,iOS,6.9,35.0,119.5,172,4.0,4470,3.9,2.3,1335,Entertainment,3,5805,Young Low Spender,Retention / low spend segment
27,Male,Delhi,Motorola,Android,7.3,21.2,13.2,180,5.3,2293,5.4,0.4,368,Education,3,2661,Young Low Spender,Retention / low spend segment
15,Male,Hyderabad,Xiaomi,iOS,6.1,10.4,234.8,173,3.6,6118,2.6,4.3,849,Social Media,3,6967,Young Low Spender,Retention / low spend segment
26,Female,Jaipur,Samsung,iOS,9.8,40.4,237.8,116,4.3,5088,7.8,2.1,1196,Gaming,3,6284,Young Low Spender,Retention / low spend segment
33,Female,Bangalore,Oppo,Android,7.1,7.9,231.1,77,4.8,870,1.1,2.5,1639,Entertainment,3,2509,Young Low Spender,Retention / low spend segment
25,Other,Bangalore,Motorola,iOS,1.9,32.4,228.2,81,5.8,1356,2.5,1.6,538,Education,3,1894,Young Low Spender,Retention / low spend segment
22,Male,Ahmedabad,OnePlus,Android,8.0,1.1,29.1,28,1.7,3785,4.0,1.9,1422,Social Media,3,5207,Young Low Spender,Retention / low spend segment
32,Male,Mumbai,Oppo,Android,5.9,31.9,85.9,153,2.9,4482,5.2,2.6,1419,Work,3,5901,Young Low Spender,Retention / low spend segment
15,Male,Delhi,Vivo,Android,3.6,37.3,299.1,118,2.3,1489,7.5,2.3,770,Entertainment,3,2259,Young Low Spender,Retention / low spend segment
18,Other,Hyderabad,Realme,Android,11.7,36.4,257.7,18,0.8,4100,3.5,3.3,988,Social Media,3,5088,Young Low Spender,Retention / low spend segment
26,Other,Ahmedabad,Motorola,Android,11.0,18.5,157.2,17,2.8,1210,3.2,1.0,1559,Gaming,3,2769,Young Low Spender,Retention / low spend segment
16,Female,Lucknow,Nokia,Android,9.4,6.3,279.6,85,0.5,1014,0.6,5.0,228,Entertainment,3,1242,Young Low Spender,Retention / low spend segment
36,Female,Pune,OnePlus,Android,8.8,25.4,299.4,87,4.3,1042,2.7,4.4,1076,Education,3,2118,Young Low Spender,Retention / low spend segment
25,Female,Kolkata,Oppo,Android,10.4,36.4,13.8,87,3.1,1621,1.7,2.5,805,Social Media,3,2426,Young Low Spender,Retention / low spend segment
32,Male,Chennai,Nokia,iOS,6.8,40.9,287.4,143,0.6,1619,1.8,1.6,628,Gaming,3,2247,Young Low Spender,Retention / low spend segment
22,Other,Mumbai,Oppo,Android,8.5,11.4,257.7,168,4.8,1505,1.7,3.5,451,Entertainment,3,1956,Young Low Spender,Retention / low spend segment
20,Female,Delhi,Nokia,iOS,2.5,36.7,67.8,109,2.4,144,6.0,1.3,644,Social Media,3,788,Young Low Spender,Retention / low spend segment
16,Female,Hyderabad,Nokia,Android,1.5,34.9,60.1,188,3.4,3636,2.5,3.5,1026,Education,3,4662,Young Low Spender,Retention / low spend segment
32,Other,Lucknow,Samsung,iOS,9.4,47.7,237.0,179,2.1,1629,3.1,0.1,188,Work,3,1817,Young Low Spender,Retention / low spend segment
36,Female,Ahmedabad,Google Pixel,Android,5.9,4.3,116.8,187,1.4,3321,0.5,3.6,402,Education,3,3723,Young Low Spender,Retention / low spend segment
24,Male,Ahmedabad,Vivo,Android,9.2,7.1,111.3,33,5.7,799,4.7,0.4,362,Entertainment,3,1161,Young Low Spender,Retention / low spend segment
33,Other,Pune,Google Pixel,iOS,7.1,1.5,97.0,87,3.5,1534,5.8,4.3,600,Education,3,2134,Young Low Spender,Retention / low spend segment
26,Male,Jaipur,Realme,Android,5.8,22.4,280.5,137,4.4,4936,5.2,1.9,1588,Social Media,3,6524,Young Low Spender,Retention / low spend segment
18,Other,Mumbai,Apple,Android,1.6,13.7,197.2,45,1.9,5086,6.6,2.5,1638,Gaming,3,6724,Young Low Spender,Retention / low spend segment
19,Male,Chennai,Realme,iOS,4.5,17.9,34.2,120,4.7,1824,4.1,1.4,835,Education,3,2659,Young Low Spender,Retention / low spend segment
34,Male,Kolkata,Realme,iOS,3.8,34.0,92.5,151,2.8,433,3.2,0.0,390,Education,3,823,Young Low Spender,Retention / low spend segment
33,Male,Lucknow,Realme,iOS,8.1,11.6,187.8,130,3.7,706,5.9,3.9,857,Entertainment,3,1563,Young Low Spender,Retention / low spend segment
32,Other,Jaipur,Xiaomi,Android,12.0,35.8,86.2,116,3.9,921,4.5,2.9,344,Entertainment,3,1265,Young Low Spender,Retention / low spend segment
33,Female,Mumbai,Apple,Android,7.5,21.4,160.9,67,2.5,2190,4.5,4.2,328,Work,3,2518,Young Low Spender,Retention / low spend segment
17,Male,Ahmedabad,Apple,iOS,9.9,18.6,100.0,115,4.4,5539,4.5,3.3,184,Gaming,3,5723,Young Low Spender,Retention / low spend segment
25,Male,Kolkata,Motorola,iOS,2.4,10.8,233.4,114,4.8,1315,3.0,4.2,139,Work,3,1454,Young Low Spender,Retention / low spend segment
30,Other,Mumbai,Vivo,iOS,10.1,11.5,217.7,83,4.1,2541,4.4,2.6,478,Gaming,3,3019,Young Low Spender,Retention / low spend segment
27,Other,Hyderabad,Apple,iOS,4.9,40.4,189.4,139,5.3,1862,3.3,3.0,464,Gaming,3,2326,Young Low Spender,Retention / low spend segment
36,Female,Bangalore,Realme,Android,6.4,35.9,249.6,34,4.4,1116,3.4,4.7,963,Entertainment,3,2079,Young Low Spender,Retention / low spend segment
18,Male,Mumbai,OnePlus,iOS,3.4,49.3,168.4,56,4.8,218,0.5,1.1,1381,Work,3,1599,Young Low Spender,Retention / low spend segment
25,Female,Bangalore,OnePlus,Android,1.3,36.9,184.7,115,5.5,3168,0.9,1.6,803,Education,3,3971,Young Low Spender,Retention / low spend segment
31,Female,Pune,Google Pixel,Android,7.5,17.9,174.5,109,1.6,4094,0.9,0.6,812,Work,3,4906,Young Low Spender,Retention / low spend segment
26,Female,Pune,Google Pixel,iOS,6.0,5.5,229.1,101,3.7,5704,3.0,2.1,711,Entertainment,3,6415,Young Low Spender,Retention / low spend segment
17,Other,Ahmedabad,Apple,iOS,8.6,1.9,30.6,65,2.6,2831,4.2,2.7,1460,Education,3,4291,Young Low Spender,Retention / low spend segment
36,Female,Pune,OnePlus,iOS,2.1,43.3,209.6,24,2.6,1720,7.9,4.3,1096,Education,3,2816,Young Low Spender,Retention / low spend segment
26,Female,Jaipur,Apple,iOS,11.2,6.0,139.1,59,3.5,4296,6.2,0.9,465,Work,3,4761,Young Low Spender,Retention / low spend segment
16,Female,Kolkata,Xiaomi,Android,12.0,26.1,285.5,52,1.5,5244,7.2,3.5,536,Gaming,3,5780,Young Low Spender,Retention / low spend segment
17,Other,Ahmedabad,Oppo,iOS,6.9,13.0,243.4,161,2.3,6822,4.7,3.5,1110,Entertainment,3,7932,Young Low Spender,Retention / low spend segment
15,Female,Kolkata,Realme,Android,10.9,20.7,203.3,106,5.9,539,0.6,2.0,198,Work,3,737,Young Low Spender,Retention / low spend segment
19,Male,Kolkata,Samsung,iOS,9.9,3.7,129.8,196,4.3,2628,6.4,0.4,803,Gaming,3,3431,Young Low Spender,Retention / low spend segment
15,Female,Hyderabad,Motorola,iOS,3.6,30.6,144.5,136,5.6,939,3.8,1.8,608,Entertainment,3,1547,Young Low Spender,Retention / low spend segment
19,Other,Lucknow,Oppo,Android,1.7,31.4,10.5,164,1.7,787,5.1,0.3,1275,Work,3,2062,Young Low Spender,Retention / low spend segment
26,Male,Delhi,Realme,iOS,6.8,39.0,167.2,186,1.5,4030,4.3,3.7,1665,Education,3,5695,Young Low Spender,Retention / low spend segment
20,Male,Delhi,Apple,Android,1.8,23.6,141.6,42,3.8,3388,4.7,1.9,1262,Social Media,3,4650,Young Low Spender,Retention / low spend segment
17,Female,Ahmedabad,Samsung,iOS,4.2,41.6,92.7,39,5.3,3743,1.5,3.0,983,Social Media,3,4726,Young Low Spender,Retention / low spend segment
25,Female,Delhi,OnePlus,iOS,8.6,22.2,173.3,192,3.1,3066,3.7,4.0,1635,Gaming,3,4701,Young Low Spender,Retention / low spend segment
33,Male,Mumbai,Apple,Android,4.8,48.4,228.3,18,1.8,3535,5.5,4.7,1515,Gaming,3,5050,Young Low Spender,Retention / low spend segment
21,Male,Chennai,Realme,Android,5.7,20.4,138.5,175,0.6,1946,7.6,0.9,818,Work,3,2764,Young Low Spender,Retention / low spend segment
23,Male,Chennai,Apple,iOS,1.1,38.7,158.0,126,5.2,211,0.6,0.1,244,Entertainment,3,455,Young Low Spender,Retention / low spend segment
15,Male,Ahmedabad,Xiaomi,iOS,9.8,42.8,146.3,189,2.4,2451,7.5,2.4,335,Entertainment,3,2786,Young Low Spender,Retention / low spend segment
24,Female,Pune,Google Pixel,Android,1.3,11.3,107.9,30,2.6,5287,1.3,0.5,925,Work,3,6212,Young Low Spender,Retention / low spend segment
41,Male,Jaipur,OnePlus,iOS,11.7,44.1,294.1,156,1.6,1489,2.0,3.0,1575,Social Media,3,3064,Young Low Spender,Retention / low spend segment
16,Other,Ahmedabad,Vivo,Android,5.5,21.2,259.5,164,1.8,5692,1.9,3.3,145,Work,3,5837,Young Low Spender,Retention / low spend segment
24,Female,Hyderabad,OnePlus,Android,4.9,42.6,125.0,34,4.5,1118,7.0,1.9,1070,Gaming,3,2188,Young Low Spender,Retention / low spend segment
35,Male,Jaipur,Oppo,iOS,2.3,22.8,130.1,85,3.7,3782,5.4,3.5,406,Gaming,3,4188,Young Low Spender,Retention / low spend segment
16,Other,Delhi,OnePlus,iOS,6.4,25.2,183.4,130,5.1,4220,5.4,3.9,1043,Social Media,3,5263,Young Low Spender,Retention / low spend segment
31,Female,Kolkata,Realme,iOS,2.8,37.3,151.5,70,4.3,2924,7.9,3.9,1757,Work,3,4681,Young Low Spender,Retention / low spend segment
32,Male,Pune,Nokia,iOS,3.9,45.5,65.2,187,1.1,3917,2.6,4.0,462,Gaming,3,4379,Young Low Spender,Retention / low spend segment
26,Female,Kolkata,Samsung,Android,2.6,34.4,264.7,159,3.1,2580,2.9,4.5,914,Education,3,3494,Young Low Spender,Retention / low spend segment
24,Other,Ahmedabad,Oppo,iOS,8.1,5.7,289.0,47,4.5,3896,2.7,1.4,1368,Education,3,5264,Young Low Spender,Retention / low spend segment
15,Male,Bangalore,Vivo,iOS,10.6,36.5,280.4,116,3.3,6946,1.0,4.1,807,Work,3,7753,Young Low Spender,Retention / low spend segment
17,Other,Hyderabad,OnePlus,Android,11.9,11.8,93.5,72,2.8,3740,7.4,4.1,1276,Entertainment,3,5016,Young Low Spender,Retention / low spend segment
26,Female,Hyderabad,Realme,iOS,6.8,16.5,294.6,90,3.5,4872,1.5,1.9,201,Entertainment,3,5073,Young Low Spender,Retention / low spend segment
25,Other,Chennai,Google Pixel,iOS,10.1,48.7,188.0,120,0.8,3017,6.3,4.5,1501,Entertainment,3,4518,Young Low Spender,Retention / low spend segment
35,Female,Ahmedabad,Oppo,iOS,5.7,23.7,262.7,154,1.9,2207,6.8,0.8,1453,Work,3,3660,Young Low Spender,Retention / low spend segment
24,Male,Delhi,Oppo,Android,4.2,15.4,195.1,155,2.9,5121,3.3,0.1,941,Entertainment,3,6062,Young Low Spender,Retention / low spend segment
36,Female,Ahmedabad,Xiaomi,Android,11.3,41.8,298.5,12,3.2,3361,7.6,4.9,666,Education,3,4027,Young Low Spender,Retention / low spend segment
27,Male,Delhi,OnePlus,iOS,1.3,31.8,172.1,93,5.8,2475,7.7,4.3,741,Education,3,3216,Young Low Spender,Retention / low spend segment
22,Male,Delhi,Nokia,iOS,5.1,45.6,175.4,127,0.8,378,5.3,2.4,792,Gaming,3,1170,Young Low Spender,Retention / low spend segment
22,Other,Mumbai,Motorola,iOS,9.3,16.3,64.9,70,4.1,3617,6.4,1.7,316,Gaming,3,3933,Young Low Spender,Retention / low spend segment
30,Other,Mumbai,Nokia,iOS,7.9,34.1,244.0,170,2.0,4139,4.1,2.4,1301,Work,3,5440,Young Low Spender,Retention / low spend segment
15,Other,Delhi,Nokia,Android,7.9,12.8,232.4,180,2.1,4008,1.3,2.6,417,Social Media,3,4425,Young Low Spender,Retention / low spend segment
24,Male,Kolkata,Apple,iOS,6.5,15.1,226.5,46,3.4,6387,5.0,4.0,1923,Education,3,8310,Young Low Spender,Retention / low spend segment
38,Female,Delhi,Google Pixel,iOS,3.9,26.7,105.6,79,2.0,3662,2.1,2.5,1621,Work,3,5283,Young Low Spender,Retention / low spend segment
15,Male,Kolkata,Samsung,iOS,11.4,16.6,49.1,74,2.6,6481,5.3,1.6,559,Education,3,7040,Young Low Spender,Retention / low spend segment
29,Other,Lucknow,Xiaomi,Android,7.7,23.1,163.7,150,4.0,301,2.7,1.2,1921,Social Media,3,2222,Young Low Spender,Retention / low spend segment
21,Female,Bangalore,Nokia,Android,4.3,3.1,226.8,79,3.5,4426,7.8,2.1,788,Gaming,3,5214,Young Low Spender,Retention / low spend segment
16,Other,Ahmedabad,Nokia,Android,3.2,38.1,233.4,56,2.2,3762,2.3,0.9,1115,Education,3,4877,Young Low Spender,Retention / low spend segment
17,Male,Kolkata,Xiaomi,Android,1.7,13.4,242.4,153,3.6,958,7.6,1.6,1015,Entertainment,3,1973,Young Low Spender,Retention / low spend segment
29,Male,Kolkata,Apple,Android,7.7,8.8,104.6,91,1.6,3342,3.2,3.8,1556,Education,3,4898,Young Low Spender,Retention / low spend segment
23,Female,Hyderabad,Motorola,iOS,11.4,19.8,248.6,51,4.3,4343,6.3,2.7,1866,Gaming,3,6209,Young Low Spender,Retention / low spend segment
35,Male,Jaipur,Nokia,Android,10.1,4.7,282.5,198,4.5,2705,7.6,0.8,1772,Social Media,3,4477,Young Low Spender,Retention / low spend segment
17,Female,Pune,Xiaomi,Android,2.5,9.2,158.4,174,3.9,5235,5.4,0.5,1696,Work,3,6931,Young Low Spender,Retention / low spend segment
28,Female,Bangalore,Samsung,Android,9.7,26.0,280.9,123,1.7,130,1.9,4.0,957,Education,3,1087,Young Low Spender,Retention / low spend segment
17,Male,Delhi,Oppo,Android,10.8,23.0,134.5,98,2.3,6400,6.0,0.7,1239,Entertainment,3,7639,Young Low Spender,Retention / low spend segment
23,Female,Kolkata,Motorola,Android,3.7,16.4,176.1,98,3.9,4082,7.4,0.7,551,Gaming,3,4633,Young Low Spender,Retention / low spend segment
24,Other,Pune,Xiaomi,iOS,3.7,43.1,225.0,109,5.9,1026,3.1,4.2,793,Entertainment,3,1819,Young Low Spender,Retention / low spend segment
26,Female,Lucknow,Xiaomi,iOS,10.7,2.1,283.5,62,2.0,1285,6.5,3.1,1979,Work,3,3264,Young Low Spender,Retention / low spend segment
15,Male,Bangalore,Vivo,iOS,8.9,11.5,173.1,87,4.5,5460,6.8,4.9,900,Work,3,6360,Young Low Spender,Retention / low spend segment
36,Male,Jaipur,Xiaomi,iOS,4.7,25.3,146.2,82,2.2,3838,7.1,0.3,919,Social Media,3,4757,Young Low Spender,Retention / low spend segment
26,Male,Hyderabad,Samsung,Android,1.6,47.7,114.3,177,2.7,2462,1.6,2.4,1957,Gaming,3,4419,Young Low Spender,Retention / low spend segment
16,Female,Pune,Oppo,Android,5.7,32.9,92.9,169,1.7,5388,4.2,4.7,1676,Entertainment,3,7064,Young Low Spender,Retention / low spend segment
31,Female,Hyderabad,Realme,Android,5.5,7.5,88.0,174,3.1,2498,0.6,1.7,1510,Entertainment,3,4008,Young Low Spender,Retention / low spend segment
17,Male,Chennai,Realme,iOS,5.4,40.3,96.9,165,3.9,2539,2.4,4.0,619,Social Media,3,3158,Young Low Spender,Retention / low spend segment
24,Other,Hyderabad,Nokia,Android,3.8,30.0,271.8,123,4.1,4257,6.9,3.9,1589,Entertainment,3,5846,Young Low Spender,Retention / low spend segment
18,Male,Lucknow,Oppo,Android,11.2,12.7,242.9,42,3.4,1737,5.3,4.0,305,Entertainment,3,2042,Young Low Spender,Retention / low spend segment
26,Male,Ahmedabad,Apple,iOS,8.2,33.4,76.0,62,2.8,5415,7.1,3.6,1073,Entertainment,3,6488,Young Low Spender,Retention / low spend segment
16,Female,Chennai,Vivo,iOS,1.2,36.0,242.1,197,2.2,2103,3.9,2.3,1956,Social Media,3,4059,Young Low Spender,Retention / low spend segment
26,Female,Hyderabad,Nokia,iOS,8.6,1.8,265.0,16,2.9,3814,4.3,2.8,1245,Gaming,3,5059,Young Low Spender,Retention / low spend segment
17,Female,Mumbai,Vivo,Android,10.3,17.3,146.8,173,2.7,1064,5.2,3.1,955,Education,3,2019,Young Low Spender,Retention / low spend segment
24,Other,Chennai,OnePlus,Android,10.6,38.1,281.7,94,2.8,3393,3.3,3.7,1318,Education,3,4711,Young Low Spender,Retention / low spend segment
21,Other,Bangalore,Apple,iOS,11.5,40.1,136.3,108,0.6,3085,1.7,4.1,887,Gaming,3,3972,Young Low Spender,Retention / low spend segment
28,Female,Lucknow,Xiaomi,Android,11.3,23.6,204.0,194,3.6,1435,4.2,1.5,1407,Work,3,2842,Young Low Spender,Retention / low spend segment
34,Other,Hyderabad,Motorola,iOS,4.6,26.6,165.5,107,3.0,1010,5.6,4.1,1986,Work,3,2996,Young Low Spender,Retention / low spend segment
20,Female,Ahmedabad,Apple,iOS,7.1,45.3,90.3,140,4.0,4967,0.9,0.9,138,Education,3,5105,Young Low Spender,Retention / low spend segment
21,Other,Hyderabad,OnePlus,iOS,6.6,27.7,295.6,16,5.4,1653,7.5,1.1,274,Education,3,1927,Young Low Spender,Retention / low spend segment
30,Female,Bangalore,Samsung,Android,6.0,24.1,13.3,188,2.8,5175,2.2,2.7,476,Gaming,3,5651,Young Low Spender,Retention / low spend segment
23,Male,Bangalore,Vivo,Android,4.7,13.6,97.1,34,3.8,1887,4.8,0.7,1741,Entertainment,3,3628,Young Low Spender,Retention / low spend segment
37,Female,Pune,Vivo,Android,11.8,19.9,45.2,118,1.2,2136,5.1,0.6,1248,Entertainment,3,3384,Young Low Spender,Retention / low spend segment
31,Other,Delhi,OnePlus,iOS,5.6,46.1,5.5,176,3.6,4662,3.9,3.9,807,Gaming,3,5469,Young Low Spender,Retention / low spend segment
19,Female,Pune,Samsung,iOS,9.2,30.0,7.7,174,2.6,310,7.4,3.9,746,Entertainment,3,1056,Young Low Spender,Retention / low spend segment
17,Other,Pune,Xiaomi,iOS,10.0,34.4,112.4,145,2.8,5571,7.8,4.5,1444,Entertainment,3,7015,Young Low Spender,Retention / low spend segment
40,Other,Pune,Xiaomi,iOS,3.6,7.5,183.8,38,0.9,419,4.0,2.2,1669,Entertainment,3,2088,Young Low Spender,Retention / low spend segment
22,Male,Delhi,Motorola,iOS,2.6,11.1,147.1,191,2.6,5872,4.2,2.8,287,Social Media,3,6159,Young Low Spender,Retention / low spend segment
23,Male,Lucknow,Google Pixel,iOS,10.9,15.2,49.5,27,6.0,996,3.7,0.4,700,Work,3,1696,Young Low Spender,Retention / low spend segment
21,Other,Ahmedabad,Apple,Android,11.9,49.5,281.0,169,4.1,2041,4.1,0.5,264,Work,3,2305,Young Low Spender,Retention / low spend segment
26,Other,Bangalore,Xiaomi,iOS,6.7,39.3,16.9,16,2.9,3699,5.5,0.9,1996,Education,3,5695,Young Low Spender,Retention / low spend segment
20,Other,Bangalore,Nokia,iOS,11.9,21.7,294.6,57,4.2,4976,2.5,0.2,1323,Gaming,3,6299,Young Low Spender,Retention / low spend segment
19,Male,Ahmedabad,Samsung,Android,1.7,19.3,170.0,128,5.1,3005,4.4,2.4,603,Work,3,3608,Young Low Spender,Retention / low spend segment
18,Female,Chennai,Nokia,Android,4.7,38.2,246.8,91,4.4,2124,2.1,1.4,1703,Entertainment,3,3827,Young Low Spender,Retention / low spend segment
30,Female,Hyderabad,Oppo,iOS,10.3,38.3,15.4,169,0.9,2530,5.8,4.5,134,Gaming,3,2664,Young Low Spender,Retention / low spend segment
30,Male,Bangalore,Samsung,Android,3.9,24.9,147.9,26,3.6,1376,2.9,1.8,707,Entertainment,3,2083,Young Low Spender,Retention / low spend segment
34,Male,Pune,Nokia,iOS,3.5,5.4,33.1,119,4.1,3854,2.7,4.6,578,Gaming,3,4432,Young Low Spender,Retention / low spend segment
17,Other,Kolkata,Xiaomi,iOS,7.6,6.1,75.8,47,0.7,130,1.1,1.8,1808,Work,3,1938,Young Low Spender,Retention / low spend segment
20,Female,Delhi,Oppo,iOS,9.7,14.7,237.9,183,4.1,2082,1.9,3.3,153,Gaming,3,2235,Young Low Spender,Retention / low spend segment
25,Female,Mumbai,Motorola,Android,1.7,38.4,286.4,64,2.9,6065,2.9,1.9,719,Social Media,3,6784,Young Low Spender,Retention / low spend segment
25,Male,Hyderabad,Nokia,Android,10.8,39.8,279.6,72,3.6,3603,0.8,1.2,401,Work,3,4004,Young Low Spender,Retention / low spend segment
33,Other,Mumbai,Google Pixel,Android,9.9,24.9,86.4,23,1.7,3287,5.3,4.9,554,Work,3,3841,Young Low Spender,Retention / low spend segment
20,Female,Mumbai,Vivo,Android,3.9,38.3,295.4,60,1.6,3729,3.2,4.3,1870,Education,3,5599,Young Low Spender,Retention / low spend segment
23,Female,Kolkata,Vivo,iOS,3.3,18.4,210.1,129,1.2,4744,6.3,3.9,1650,Gaming,3,6394,Young Low Spender,Retention / low spend segment
23,Male,Bangalore,OnePlus,Android,9.2,37.8,9.0,34,0.8,372,3.3,4.8,193,Work,3,565,Young Low Spender,Retention / low spend segment
25,Other,Ahmedabad,Motorola,Android,6.8,14.3,63.2,138,5.5,1781,1.2,0.1,1216,Education,3,2997,Young Low Spender,Retention / low spend segment
22,Female,Pune,Google Pixel,iOS,8.4,50.0,22.2,145,4.7,2630,3.3,4.5,1653,Gaming,3,4283,Young Low Spender,Retention / low spend segment
24,Female,Ahmedabad,Apple,iOS,10.2,29.2,50.4,63,3.5,967,7.7,1.0,1742,Work,3,2709,Young Low Spender,Retention / low spend segment
34,Other,Jaipur,Motorola,iOS,6.2,4.3,217.5,59,0.6,2342,2.5,3.8,343,Entertainment,3,2685,Young Low Spender,Retention / low spend segment
36,Female,Pune,Xiaomi,Android,9.1,14.2,258.3,140,0.6,720,1.2,4.5,747,Gaming,3,1467,Young Low Spender,Retention / low spend segment
34,Other,Jaipur,OnePlus,Android,11.1,30.8,297.7,164,1.8,1946,6.6,3.9,353,Education,3,2299,Young Low Spender,Retention / low spend segment
31,Male,Lucknow,Motorola,iOS,4.1,7.2,46.9,54,3.1,2093,5.1,3.6,890,Social Media,3,2983,Young Low Spender,Retention / low spend segment
30,Other,Hyderabad,Motorola,iOS,8.5,30.1,168.4,93,2.8,745,1.0,1.5,1308,Entertainment,3,2053,Young Low Spender,Retention / low spend segment
17,Female,Mumbai,Xiaomi,Android,5.8,17.2,150.9,130,0.9,3455,4.6,1.8,1212,Social Media,3,4667,Young Low Spender,Retention / low spend segment
26,Female,Delhi,Samsung,Android,4.1,17.6,202.3,189,4.4,940,5.2,3.2,986,Work,3,1926,Young Low Spender,Retention / low spend segment
17,Other,Chennai,Apple,iOS,3.0,7.7,198.0,193,3.7,3623,6.2,1.5,1584,Work,3,5207,Young Low Spender,Retention / low spend segment
28,Female,Chennai,Realme,iOS,1.1,10.2,93.4,131,1.6,2657,5.9,4.9,157,Gaming,3,2814,Young Low Spender,Retention / low spend segment
37,Male,Hyderabad,Vivo,iOS,6.8,17.0,249.8,191,3.1,2419,1.2,0.2,1837,Gaming,3,4256,Young Low Spender,Retention / low spend segment
32,Other,Ahmedabad,Oppo,Android,9.2,9.3,282.7,147,5.1,1325,2.0,4.5,837,Entertainment,3,2162,Young Low Spender,Retention / low spend segment
26,Other,Pune,Google Pixel,Android,7.8,49.5,180.1,193,5.4,2344,0.8,3.8,1962,Education,3,4306,Young Low Spender,Retention / low spend segment
39,Male,Delhi,Oppo,Android,1.7,28.2,221.0,195,2.0,3713,7.2,0.9,1865,Education,3,5578,Young Low Spender,Retention / low spend segment
29,Other,Kolkata,Nokia,iOS,8.8,43.6,148.4,29,1.1,1036,4.7,4.6,1070,Gaming,3,2106,Young Low Spender,Retention / low spend segment
36,Female,Delhi,Xiaomi,iOS,3.7,40.7,105.7,40,0.8,671,3.1,1.8,714,Work,3,1385,Young Low Spender,Retention / low spend segment
24,Female,Jaipur,Motorola,Android,11.5,13.0,195.6,114,1.1,5294,6.3,3.3,1936,Entertainment,3,7230,Young Low Spender,Retention / low spend segment
16,Female,Kolkata,OnePlus,iOS,5.6,33.1,49.7,55,0.5,2120,1.9,0.2,1268,Gaming,3,3388,Young Low Spender,Retention / low spend segment
33,Female,Mumbai,Realme,iOS,2.7,23.9,119.7,177,3.7,994,2.3,4.1,1845,Social Media,3,2839,Young Low Spender,Retention / low spend segment
30,Female,Chennai,Nokia,Android,6.0,16.4,237.6,114,3.7,2876,7.5,3.7,1048,Social Media,3,3924,Young Low Spender,Retention / low spend segment
21,Male,Kolkata,Apple,Android,6.6,11.5,196.8,47,2.9,6410,7.5,3.5,1008,Work,3,7418,Young Low Spender,Retention / low spend segment
33,Male,Hyderabad,OnePlus,Android,6.1,24.4,258.5,61,1.0,3517,4.1,2.7,458,Education,3,3975,Young Low Spender,Retention / low spend segment
36,Other,Chennai,Realme,iOS,5.9,7.6,252.3,189,2.6,2651,5.9,4.9,1162,Entertainment,3,3813,Young Low Spender,Retention / low spend segment
28,Male,Kolkata,Apple,Android,6.7,20.6,292.0,98,4.6,721,7.7,0.1,467,Work,3,1188,Young Low Spender,Retention / low spend segment
22,Male,Mumbai,Nokia,iOS,10.1,33.5,167.2,149,3.4,2899,6.4,4.3,1006,Entertainment,3,3905,Young Low Spender,Retention / low spend segment
33,Female,Lucknow,Motorola,Android,11.5,28.9,266.9,192,4.0,4623,3.8,1.0,752,Education,3,5375,Young Low Spender,Retention / low spend segment
37,Other,Delhi,OnePlus,Android,5.3,4.5,239.8,143,1.7,3678,4.3,0.6,820,Social Media,3,4498,Young Low Spender,Retention / low spend segment
26,Male,Lucknow,Xiaomi,Android,8.6,43.2,183.5,180,2.7,201,4.9,4.0,642,Work,3,843,Young Low Spender,Retention / low spend segment
32,Other,Delhi,Google Pixel,Android,11.3,5.8,255.4,133,4.7,2987,2.4,4.2,893,Entertainment,3,3880,Young Low Spender,Retention / low spend segment
17,Female,Lucknow,Vivo,iOS,3.2,42.9,224.3,179,5.5,2322,3.4,2.3,181,Gaming,3,2503,Young Low Spender,Retention / low spend segment
38,Other,Pune,Nokia,iOS,3.7,27.8,227.7,21,1.0,1183,1.5,3.8,1192,Social Media,3,2375,Young Low Spender,Retention / low spend segment
26,Male,Bangalore,Vivo,Android,3.5,48.5,269.0,81,1.1,3543,0.8,1.4,791,Work,3,4334,Young Low Spender,Retention / low spend segment
17,Female,Delhi,Vivo,Android,7.5,7.0,39.1,87,5.6,3804,1.6,0.7,1124,Social Media,3,4928,Young Low Spender,Retention / low spend segment
34,Female,Hyderabad,OnePlus,iOS,10.4,8.1,69.3,133,1.7,3865,2.1,5.0,1792,Social Media,3,5657,Young Low Spender,Retention / low spend segment
36,Other,Lucknow,OnePlus,Android,3.6,18.7,285.5,161,2.4,3705,5.4,1.0,1952,Education,3,5657,Young Low Spender,Retention / low spend segment
33,Female,Kolkata,Xiaomi,Android,8.0,31.6,268.3,109,1.0,2067,3.4,3.1,1180,Work,3,3247,Young Low Spender,Retention / low spend segment
36,Male,Chennai,Samsung,iOS,6.6,7.0,144.5,59,3.2,4741,5.4,2.7,242,Entertainment,3,4983,Young Low Spender,Retention / low spend segment
34,Female,Chennai,Oppo,Android,4.9,10.8,75.9,13,2.8,2995,4.2,2.8,1919,Entertainment,3,4914,Young Low Spender,Retention / low spend segment
20,Female,Ahmedabad,Motorola,Android,7.5,37.0,245.9,66,2.0,6818,2.6,1.7,1674,Education,3,8492,Young Low Spender,Retention / low spend segment
27,Other,Bangalore,Realme,iOS,7.0,17.5,225.5,37,4.7,2520,0.9,4.6,128,Entertainment,3,2648,Young Low Spender,Retention / low spend segment
27,Male,Ahmedabad,Google Pixel,Android,3.0,35.0,265.6,122,5.9,1212,5.0,0.2,430,Entertainment,3,1642,Young Low Spender,Retention / low spend segment
21,Other,Kolkata,Motorola,iOS,5.4,17.8,101.3,101,2.8,6817,5.1,1.5,1362,Social Media,3,8179,Young Low Spender,Retention / low spend segment
22,Other,Hyderabad,Realme,Android,7.2,16.6,184.6,176,3.5,6183,3.4,1.2,878,Entertainment,3,7061,Young Low Spender,Retention / low spend segment
33,Female,Hyderabad,Apple,iOS,3.8,45.9,205.3,124,1.6,4087,2.8,3.5,204,Social Media,3,4291,Young Low Spender,Retention / low spend segment
19,Female,Delhi,Xiaomi,Android,3.0,49.0,277.6,47,4.7,5587,4.0,1.1,1119,Social Media,3,6706,Young Low Spender,Retention / low spend segment
17,Male,Hyderabad,Google Pixel,Android,5.7,37.1,51.7,109,2.8,2491,5.1,1.4,1435,Gaming,3,3926,Young Low Spender,Retention / low spend segment
19,Female,Pune,Nokia,iOS,8.8,21.8,261.1,198,1.7,6045,7.1,4.2,1082,Education,3,7127,Young Low Spender,Retention / low spend segment
20,Female,Hyderabad,Vivo,iOS,6.8,36.7,116.7,66,2.5,1730,1.4,2.0,1429,Work,3,3159,Young Low Spender,Retention / low spend segment
19,Male,Lucknow,Samsung,iOS,11.2,21.6,274.4,61,4.4,3410,2.1,4.8,1220,Social Media,3,4630,Young Low Spender,Retention / low spend segment
27,Female,Ahmedabad,Vivo,Android,10.6,39.0,177.4,28,1.0,3771,4.6,3.0,1662,Education,3,5433,Young Low Spender,Retention / low spend segment
35,Other,Lucknow,OnePlus,Android,5.4,14.7,68.4,67,2.7,4832,2.2,3.4,1854,Work,3,6686,Young Low Spender,Retention / low spend segment
21,Female,Delhi,Vivo,iOS,1.7,46.8,104.1,76,3.8,2911,5.7,4.2,385,Social Media,3,3296,Young Low Spender,Retention / low spend segment
16,Other,Bangalore,Samsung,iOS,10.8,41.2,225.5,161,1.7,5766,7.2,4.8,1390,Education,3,7156,Young Low Spender,Retention / low spend segment
26,Male,Jaipur,Xiaomi,Android,6.8,27.8,256.9,167,2.1,1668,7.9,0.1,144,Social Media,3,1812,Young Low Spender,Retention / low spend segment
19,Male,Chennai,Realme,iOS,1.5,28.7,159.0,197,3.3,6649,0.6,1.6,281,Education,3,6930,Young Low Spender,Retention / low spend segment
21,Female,Chennai,OnePlus,iOS,6.0,27.8,50.1,98,2.0,4873,6.3,0.8,1198,Work,3,6071,Young Low Spender,Retention / low spend segment
27,Female,Hyderabad,Motorola,iOS,10.3,42.4,39.8,198,0.5,2471,4.7,0.4,1696,Work,3,4167,Young Low Spender,Retention / low spend segment
18,Female,Bangalore,Google Pixel,iOS,5.8,31.5,268.0,181,4.3,693,6.7,1.7,1326,Social Media,3,2019,Young Low Spender,Retention / low spend segment
24,Male,Pune,Oppo,Android,5.7,23.5,72.8,106,3.7,2528,3.8,2.2,643,Social Media,3,3171,Young Low Spender,Retention / low spend segment
17,Female,Kolkata,Google Pixel,Android,11.5,32.9,207.8,60,2.1,3349,6.9,1.5,395,Work,3,3744,Young Low Spender,Retention / low spend segment
29,Female,Pune,Nokia,Android,9.0,4.1,121.9,65,2.3,2225,2.2,1.1,1492,Gaming,3,3717,Young Low Spender,Retention / low spend segment
36,Other,Bangalore,Nokia,Android,4.4,42.4,107.1,109,1.3,904,7.7,3.8,269,Social Media,3,1173,Young Low Spender,Retention / low spend segment
20,Female,Pune,Apple,Android,9.5,14.9,77.4,153,0.6,1363,2.0,1.8,361,Entertainment,3,1724,Young Low Spender,Retention / low spend segment
30,Other,Pune,Samsung,iOS,6.7,6.9,32.9,132,2.8,5545,7.2,4.9,1832,Entertainment,3,7377,Young Low Spender,Retention / low spend segment
16,Other,Bangalore,Apple,iOS,10.0,23.5,210.6,69,2.2,4918,0.9,3.2,1113,Education,3,6031,Young Low Spender,Retention / low spend segment
32,Male,Bangalore,Vivo,Android,11.5,17.2,235.8,44,1.1,3516,5.4,0.6,1528,Social Media,3,5044,Young Low Spender,Retention / low spend segment
18,Other,Mumbai,Realme,Android,5.8,43.2,255.3,124,3.0,5658,5.6,2.9,540,Work,3,6198,Young Low Spender,Retention / low spend segment
24,Female,Ahmedabad,Nokia,iOS,5.5,32.6,43.3,157,3.3,1694,6.7,3.1,1549,Work,3,3243,Young Low Spender,Retention / low spend segment
20,Female,Hyderabad,Nokia,Android,8.4,10.1,195.1,76,0.8,1475,5.0,3.7,357,Gaming,3,1832,Young Low Spender,Retention / low spend segment
35,Female,Jaipur,Vivo,Android,8.8,33.6,230.0,21,1.9,3479,3.5,3.2,1769,Education,3,5248,Young Low Spender,Retention / low spend segment
21,Female,Pune,Oppo,iOS,4.7,34.3,180.2,70,0.8,2146,5.4,0.6,270,Entertainment,3,2416,Young Low Spender,Retention / low spend segment
20,Female,Pune,Apple,Android,8.2,10.5,82.9,192,4.7,509,5.8,1.0,1563,Social Media,3,2072,Young Low Spender,Retention / low spend segment
38,Female,Lucknow,Xiaomi,Android,8.3,1.4,224.6,77,0.8,714,2.8,4.4,1244,Gaming,3,1958,Young Low Spender,Retention / low spend segment
15,Male,Mumbai,Xiaomi,iOS,8.1,26.5,222.9,68,5.4,3201,6.3,0.3,1045,Entertainment,3,4246,Young Low Spender,Retention / low spend segment
16,Female,Mumbai,Realme,iOS,5.5,44.3,57.7,135,2.4,7271,5.3,2.6,1402,Social Media,3,8673,Young Low Spender,Retention / low spend segment
41,Other,Lucknow,Motorola,iOS,3.7,42.3,236.9,148,0.9,1131,6.4,4.4,450,Gaming,3,1581,Young Low Spender,Retention / low spend segment
30,Female,Jaipur,Xiaomi,Android,12.0,3.4,276.9,159,3.2,2349,4.4,0.7,1126,Work,3,3475,Young Low Spender,Retention / low spend segment
22,Other,Jaipur,OnePlus,Android,5.4,9.9,149.4,49,4.6,2187,4.2,4.2,382,Gaming,3,2569,Young Low Spender,Retention / low spend segment
34,Other,Kolkata,Samsung,Android,1.1,13.0,76.0,103,1.6,3695,7.3,1.8,1216,Social Media,3,4911,Young Low Spender,Retention / low spend segment
19,Other,Kolkata,Vivo,Android,3.8,14.6,191.5,137,1.3,2531,6.4,2.9,103,Work,3,2634,Young Low Spender,Retention / low spend segment
28,Female,Ahmedabad,Nokia,iOS,2.9,24.7,129.8,179,2.6,2628,3.7,3.9,1107,Work,3,3735,Young Low Spender,Retention / low spend segment
27,Female,Pune,Vivo,iOS,11.1,40.9,290.5,31,5.7,1384,3.0,0.3,1920,Social Media,3,3304,Young Low Spender,Retention / low spend segment
19,Female,Chennai,Realme,Android,10.4,45.8,155.0,165,1.2,3470,7.6,0.8,229,Work,3,3699,Young Low Spender,Retention / low spend segment
27,Female,Bangalore,OnePlus,Android,4.0,41.5,181.8,99,4.1,4529,1.4,2.2,1538,Work,3,6067,Young Low Spender,Retention / low spend segment
39,Other,Bangalore,Xiaomi,Android,9.3,37.7,216.8,74,0.5,2344,7.8,1.9,118,Social Media,3,2462,Young Low Spender,Retention / low spend segment
24,Other,Delhi,Realme,Android,4.8,43.6,214.4,25,3.7,4217,2.6,4.6,1885,Work,3,6102,Young Low Spender,Retention / low spend segment
15,Other,Chennai,Realme,iOS,5.0,30.7,52.6,10,2.1,5527,4.0,3.3,788,Work,3,6315,Young Low Spender,Retention / low spend segment
27,Male,Ahmedabad,Realme,Android,9.1,26.6,264.8,23,5.4,3782,3.9,0.7,518,Gaming,3,4300,Young Low Spender,Retention / low spend segment
30,Other,Chennai,OnePlus,Android,9.1,36.4,259.4,17,1.5,1728,2.4,1.1,471,Entertainment,3,2199,Young Low Spender,Retention / low spend segment
28,Other,Jaipur,Xiaomi,Android,6.7,20.4,73.0,200,3.0,2509,5.9,3.6,1448,Social Media,3,3957,Young Low Spender,Retention / low spend segment
36,Male,Lucknow,Oppo,Android,2.7,31.5,253.4,190,4.2,2081,7.1,2.5,270,Gaming,3,2351,Young Low Spender,Retention / low spend segment
35,Male,Lucknow,Nokia,iOS,1.1,11.9,136.0,45,3.2,1414,4.1,2.5,886,Education,3,2300,Young Low Spender,Retention / low spend segment
15,Male,Kolkata,Oppo,Android,10.0,3.4,251.7,62,4.0,983,2.7,0.1,868,Gaming,3,1851,Young Low Spender,Retention / low spend segment
18,Female,Ahmedabad,Apple,Android,10.8,2.8,230.0,91,3.0,5449,3.5,3.3,1677,Gaming,3,7126,Young Low Spender,Retention / low spend segment
32,Female,Chennai,Samsung,iOS,7.0,31.7,140.4,21,1.3,4121,7.4,4.8,1662,Gaming,3,5783,Young Low Spender,Retention / low spend segment
34,Female,Ahmedabad,Samsung,iOS,10.9,23.9,109.6,71,3.9,4196,5.3,2.7,1987,Work,3,6183,Young Low Spender,Retention / low spend segment
31,Male,Bangalore,Nokia,Android,6.3,45.0,74.6,95,2.8,4728,5.8,0.8,835,Education,3,5563,Young Low Spender,Retention / low spend segment
38,Other,Delhi,Oppo,Android,5.4,21.1,182.0,72,1.5,2019,3.5,4.4,1922,Entertainment,3,3941,Young Low Spender,Retention / low spend segment
15,Other,Kolkata,Vivo,Android,10.5,40.0,48.6,18,5.2,3392,3.3,2.1,1048,Work,3,4440,Young Low Spender,Retention / low spend segment
27,Female,Chennai,Nokia,iOS,2.9,32.0,157.3,119,2.6,3077,3.1,4.5,1132,Social Media,3,4209,Young Low Spender,Retention / low spend segment
40,Female,Lucknow,Realme,Android,4.0,19.8,187.2,47,0.9,2529,1.0,2.2,1582,Gaming,3,4111,Young Low Spender,Retention / low spend segment
17,Male,Jaipur,Nokia,iOS,6.2,15.7,106.4,91,1.0,3803,0.9,3.4,256,Education,3,4059,Young Low Spender,Retention / low spend segment
17,Male,Hyderabad,Oppo,iOS,3.2,36.2,249.4,161,4.8,5046,1.0,4.7,949,Entertainment,3,5995,Young Low Spender,Retention / low spend segment
22,Other,Chennai,Xiaomi,iOS,7.5,21.3,272.8,64,0.5,2360,3.4,3.0,645,Education,3,3005,Young Low Spender,Retention / low spend segment
31,Male,Chennai,Vivo,Android,6.9,42.3,45.0,79,5.4,1558,1.5,0.6,1424,Entertainment,3,2982,Young Low Spender,Retention / low spend segment
18,Male,Hyderabad,Samsung,iOS,11.6,20.0,237.0,37,2.2,4102,7.9,1.8,1576,Gaming,3,5678,Young Low Spender,Retention / low spend segment
21,Male,Chennai,Nokia,Android,2.5,45.3,288.8,143,2.8,1466,5.4,3.5,788,Work,3,2254,Young Low Spender,Retention / low spend segment
28,Male,Ahmedabad,Xiaomi,iOS,11.7,33.1,261.8,197,3.7,4260,1.3,2.6,598,Education,3,4858,Young Low Spender,Retention / low spend segment
19,Other,Chennai,Realme,iOS,6.0,48.9,159.5,87,0.9,4658,2.8,1.6,569,Gaming,3,5227,Young Low Spender,Retention / low spend segment
19,Female,Kolkata,Apple,Android,3.5,5.2,22.6,99,2.3,2698,3.6,3.1,696,Education,3,3394,Young Low Spender,Retention / low spend segment
27,Other,Jaipur,Google Pixel,iOS,9.6,37.4,291.4,127,5.6,656,2.6,2.3,1796,Social Media,3,2452,Young Low Spender,Retention / low spend segment
15,Female,Jaipur,Motorola,Android,11.7,31.1,92.1,82,2.0,4427,4.6,4.7,139,Gaming,3,4566,Young Low Spender,Retention / low spend segment
36,Male,Pune,Oppo,Android,7.1,6.5,62.7,194,1.0,1736,1.4,3.8,1205,Education,3,2941,Young Low Spender,Retention / low spend segment
15,Other,Jaipur,Motorola,Android,2.4,15.8,229.2,144,5.5,889,1.0,4.7,135,Education,3,1024,Young Low Spender,Retention / low spend segment
25,Male,Hyderabad,Motorola,iOS,2.3,49.9,74.1,141,2.0,1356,2.4,0.7,687,Work,3,2043,Young Low Spender,Retention / low spend segment
19,Male,Mumbai,OnePlus,iOS,7.3,2.1,51.3,84,5.7,2242,5.1,4.8,582,Work,3,2824,Young Low Spender,Retention / low spend segment
18,Other,Pune,Motorola,iOS,10.7,40.7,87.0,158,4.2,2698,0.5,1.9,410,Social Media,3,3108,Young Low Spender,Retention / low spend segment
19,Male,Jaipur,Samsung,Android,5.8,26.2,70.1,96,1.3,3967,2.0,3.9,993,Social Media,3,4960,Young Low Spender,Retention / low spend segment
27,Other,Hyderabad,Apple,Android,4.2,36.2,200.9,188,3.1,2273,1.9,1.3,623,Work,3,2896,Young Low Spender,Retention / low spend segment
27,Female,Chennai,Apple,iOS,9.2,43.7,260.2,17,3.3,2736,0.8,1.3,488,Education,3,3224,Young Low Spender,Retention / low spend segment
23,Female,Pune,Oppo,Android,10.0,11.5,108.7,196,3.1,4871,4.2,4.5,707,Entertainment,3,5578,Young Low Spender,Retention / low spend segment
40,Other,Lucknow,Realme,iOS,4.9,21.7,285.4,175,2.2,1200,2.9,2.3,1315,Social Media,3,2515,Young Low Spender,Retention / low spend segment
25,Female,Jaipur,Motorola,iOS,4.5,4.5,237.3,98,1.0,3769,5.8,1.2,1125,Gaming,3,4894,Young Low Spender,Retention / low spend segment
19,Female,Kolkata,Xiaomi,iOS,4.7,12.8,59.0,70,5.5,2520,3.1,1.3,221,Social Media,3,2741,Young Low Spender,Retention / low spend segment
18,Male,Delhi,Oppo,Android,4.8,45.3,283.4,67,5.7,4126,6.0,1.0,214,Work,3,4340,Young Low Spender,Retention / low spend segment
24,Other,Pune,Apple,Android,9.7,10.4,285.6,48,2.6,1622,2.5,4.6,109,Social Media,3,1731,Young Low Spender,Retention / low spend segment
19,Female,Pune,Oppo,Android,4.5,12.8,118.1,38,5.3,1838,7.7,4.3,1086,Education,3,2924,Young Low Spender,Retention / low spend segment
23,Female,Kolkata,Motorola,iOS,9.4,6.3,57.1,141,1.6,3866,6.1,2.1,118,Gaming,3,3984,Young Low Spender,Retention / low spend segment
27,Male,Delhi,Oppo,Android,6.3,6.1,242.0,10,5.0,4260,2.1,3.9,1151,Work,3,5411,Young Low Spender,Retention / low spend segment
32,Male,Kolkata,Samsung,Android,2.8,3.5,181.8,61,2.3,1782,1.5,3.2,968,Gaming,3,2750,Young Low Spender,Retention / low spend segment
25,Female,Chennai,Vivo,Android,10.3,41.8,189.3,186,2.9,1214,4.2,0.2,819,Education,3,2033,Young Low Spender,Retention / low spend segment
19,Male,Delhi,Apple,Android,9.9,24.2,119.8,190,5.3,625,1.8,4.7,1092,Education,3,1717,Young Low Spender,Retention / low spend segment
25,Male,Lucknow,Google Pixel,Android,11.0,30.8,36.8,163,2.0,879,6.4,0.1,1987,Education,3,2866,Young Low Spender,Retention / low spend segment
18,Other,Mumbai,Oppo,Android,1.0,9.9,39.8,25,5.6,359,7.3,4.8,548,Gaming,3,907,Young Low Spender,Retention / low spend segment
15,Other,Lucknow,Samsung,iOS,6.6,4.4,84.5,18,5.5,2747,6.3,1.9,769,Entertainment,3,3516,Young Low Spender,Retention / low spend segment
16,Other,Mumbai,Oppo,iOS,11.4,21.5,123.7,16,5.3,3559,3.5,1.2,1757,Social Media,3,5316,Young Low Spender,Retention / low spend segment
27,Female,Jaipur,Motorola,iOS,3.4,36.3,34.4,11,1.0,3363,6.8,4.0,1565,Gaming,3,4928,Young Low Spender,Retention / low spend segment
23,Female,Chennai,Google Pixel,iOS,7.8,21.0,142.3,81,1.0,4115,0.7,4.0,1048,Education,3,5163,Young Low Spender,Retention / low spend segment
23,Other,Bangalore,Oppo,Android,5.9,45.4,93.0,72,2.9,4308,4.7,4.3,1438,Education,3,5746,Young Low Spender,Retention / low spend segment
32,Female,Hyderabad,Nokia,Android,1.1,1.6,166.0,155,3.5,4919,6.3,0.3,414,Social Media,3,5333,Young Low Spender,Retention / low spend segment
15,Female,Kolkata,Google Pixel,Android,10.2,20.1,221.9,134,1.2,3962,2.6,2.0,354,Work,3,4316,Young Low Spender,Retention / low spend segment
17,Other,Delhi,Oppo,iOS,7.9,37.4,40.9,31,5.4,3659,2.2,1.5,1897,Education,3,5556,Young Low Spender,Retention / low spend segment
18,Male,Hyderabad,Google Pixel,Android,1.2,41.5,56.0,99,3.3,660,8.0,0.5,1905,Gaming,3,2565,Young Low Spender,Retention / low spend segment
35,Other,Delhi,Oppo,iOS,8.6,13.5,107.6,193,4.1,4112,2.1,1.9,430,Entertainment,3,4542,Young Low Spender,Retention / low spend segment
26,Other,Kolkata,Samsung,iOS,9.3,21.2,278.9,139,3.3,6057,6.5,0.4,1132,Gaming,3,7189,Young Low Spender,Retention / low spend segment
34,Female,Chennai,Xiaomi,Android,10.7,24.4,276.7,170,1.6,2448,3.6,0.9,1438,Gaming,3,3886,Young Low Spender,Retention / low spend segment
16,Female,Bangalore,OnePlus,Android,10.1,33.6,289.2,37,3.2,2941,4.3,2.4,1681,Social Media,3,4622,Young Low Spender,Retention / low spend segment
27,Female,Kolkata,Realme,iOS,10.8,14.0,146.6,189,3.2,2721,2.5,2.2,375,Entertainment,3,3096,Young Low Spender,Retention / low spend segment
33,Other,Mumbai,Motorola,Android,10.3,6.4,142.8,25,0.8,541,7.6,2.7,1313,Entertainment,3,1854,Young Low Spender,Retention / low spend segment
17,Other,Lucknow,OnePlus,iOS,10.3,34.8,49.6,50,1.5,4624,4.8,0.7,896,Entertainment,3,5520,Young Low Spender,Retention / low spend segment
18,Female,Kolkata,Apple,iOS,3.6,7.3,82.0,144,4.6,4327,1.4,2.6,370,Entertainment,3,4697,Young Low Spender,Retention / low spend segment
30,Other,Kolkata,OnePlus,iOS,11.9,40.7,264.4,138,1.7,4823,3.2,2.8,592,Entertainment,3,5415,Young Low Spender,Retention / low spend segment
32,Male,Bangalore,Motorola,Android,1.9,16.0,97.8,90,5.0,1265,4.4,1.4,1522,Gaming,3,2787,Young Low Spender,Retention / low spend segment
33,Female,Lucknow,Nokia,iOS,4.3,5.6,88.7,165,1.7,3515,4.6,1.8,362,Work,3,3877,Young Low Spender,Retention / low spend segment
27,Other,Bangalore,Vivo,Android,3.9,42.5,165.2,168,5.8,2884,3.7,0.3,867,Work,3,3751,Young Low Spender,Retention / low spend segment
18,Male,Hyderabad,Google Pixel,Android,7.6,43.6,228.3,191,1.2,2661,4.0,2.3,223,Education,3,2884,Young Low Spender,Retention / low spend segment
33,Female,Bangalore,Samsung,iOS,6.8,4.1,172.8,76,0.5,1130,1.7,0.2,1940,Entertainment,3,3070,Young Low Spender,Retention / low spend segment
39,Female,Pune,Xiaomi,Android,2.8,30.2,228.1,121,1.0,2063,6.1,2.7,1061,Gaming,3,3124,Young Low Spender,Retention / low spend segment
25,Other,Chennai,Apple,iOS,7.6,3.0,43.7,72,3.6,4408,7.6,1.6,648,Education,3,5056,Young Low Spender,Retention / low spend segment
39,Other,Jaipur,Motorola,Android,7.4,5.0,255.5,133,2.7,4011,7.4,4.2,914,Social Media,3,4925,Young Low Spender,Retention / low spend segment
20,Male,Pune,Vivo,Android,8.3,13.1,258.3,99,3.4,2055,7.4,2.9,1748,Education,3,3803,Young Low Spender,Retention / low spend segment
29,Female,Bangalore,Vivo,Android,4.6,44.4,24.9,53,1.3,968,1.5,1.2,131,Entertainment,3,1099,Young Low Spender,Retention / low spend segment
22,Female,Chennai,Realme,iOS,11.3,28.9,132.2,126,0.9,168,6.7,0.9,1301,Entertainment,3,1469,Young Low Spender,Retention / low spend segment
15,Male,Ahmedabad,Motorola,Android,5.7,49.1,264.2,39,2.6,3555,0.5,2.7,512,Education,3,4067,Young Low Spender,Retention / low spend segment
32,Female,Bangalore,Google Pixel,iOS,10.6,21.4,148.7,78,4.2,2683,0.9,3.2,1585,Entertainment,3,4268,Young Low Spender,Retention / low spend segment
16,Other,Hyderabad,Samsung,iOS,11.4,19.5,222.7,130,3.7,3097,3.3,4.6,1836,Work,3,4933,Young Low Spender,Retention / low spend segment
34,Male,Chennai,Nokia,Android,11.2,9.2,175.3,88,1.7,3130,2.2,0.6,797,Social Media,3,3927,Young Low Spender,Retention / low spend segment
23,Female,Jaipur,Xiaomi,iOS,11.6,34.2,213.3,175,1.5,3788,3.2,4.9,1633,Education,3,5421,Young Low Spender,Retention / low spend segment
34,Other,Mumbai,Vivo,Android,4.1,41.3,164.8,121,2.2,1019,3.1,0.8,804,Gaming,3,1823,Young Low Spender,Retention / low spend segment
16,Female,Mumbai,OnePlus,Android,6.8,27.6,77.7,197,5.1,2616,0.8,1.4,287,Social Media,3,2903,Young Low Spender,Retention / low spend segment
32,Other,Chennai,Vivo,iOS,9.0,46.9,254.1,178,4.9,948,6.5,4.7,148,Work,3,1096,Young Low Spender,Retention / low spend segment
32,Male,Kolkata,Nokia,iOS,11.0,27.2,136.7,67,5.5,2067,3.5,4.9,1572,Education,3,3639,Young Low Spender,Retention / low spend segment
35,Female,Pune,Realme,Android,4.8,16.0,177.2,40,3.3,4454,5.3,4.7,901,Work,3,5355,Young Low Spender,Retention / low spend segment
22,Female,Kolkata,Google Pixel,Android,8.0,41.0,250.6,99,2.5,2024,2.5,4.2,1517,Social Media,3,3541,Young Low Spender,Retention / low spend segment
31,Male,Kolkata,OnePlus,Android,2.0,32.4,17.6,23,1.8,1860,1.4,1.2,1523,Education,3,3383,Young Low Spender,Retention / low spend segment
26,Female,Lucknow,Google Pixel,Android,3.3,26.7,153.6,78,5.7,2020,6.5,1.3,345,Education,3,2365,Young Low Spender,Retention / low spend segment
23,Other,Chennai,Apple,iOS,8.0,19.9,282.7,152,2.2,5346,0.6,1.5,511,Work,3,5857,Young Low Spender,Retention / low spend segment
28,Male,Ahmedabad,Oppo,Android,3.9,33.1,274.0,123,4.3,4792,2.2,4.0,1142,Social Media,3,5934,Young Low Spender,Retention / low spend segment
27,Male,Kolkata,Motorola,Android,9.9,9.9,103.5,37,5.1,2259,3.7,0.9,227,Social Media,3,2486,Young Low Spender,Retention / low spend segment
23,Male,Mumbai,Realme,iOS,7.7,47.1,39.2,62,3.9,1133,4.7,3.3,253,Entertainment,3,1386,Young Low Spender,Retention / low spend segment
24,Other,Kolkata,Realme,iOS,3.8,19.1,290.1,117,5.8,546,7.1,1.1,1578,Work,3,2124,Young Low Spender,Retention / low spend segment
28,Other,Delhi,Motorola,Android,10.7,46.2,198.7,184,4.7,1812,2.3,4.9,1982,Entertainment,3,3794,Young Low Spender,Retention / low spend segment
19,Other,Chennai,OnePlus,Android,10.2,7.8,272.7,44,2.9,1314,7.7,4.7,1397,Work,3,2711,Young Low Spender,Retention / low spend segment
19,Male,Ahmedabad,Samsung,Android,6.0,39.0,65.2,51,3.4,4745,7.9,4.8,1503,Social Media,3,6248,Young Low Spender,Retention / low spend segment
30,Male,Mumbai,Oppo,Android,2.7,12.5,158.6,18,4.7,3117,1.1,3.9,904,Social Media,3,4021,Young Low Spender,Retention / low spend segment
31,Male,Lucknow,Nokia,Android,5.3,3.4,215.1,89,1.6,3459,3.1,2.2,530,Education,3,3989,Young Low Spender,Retention / low spend segment
16,Female,Delhi,OnePlus,Android,8.1,37.5,194.8,200,6.0,1075,2.5,4.7,661,Social Media,3,1736,Young Low Spender,Retention / low spend segment
15,Other,Ahmedabad,Vivo,iOS,4.9,36.7,107.8,173,2.1,1168,2.9,2.5,1188,Gaming,3,2356,Young Low Spender,Retention / low spend segment
15,Female,Bangalore,Xiaomi,iOS,11.2,9.6,178.9,47,2.2,4173,2.6,4.5,496,Education,3,4669,Young Low Spender,Retention / low spend segment
29,Male,Lucknow,Nokia,Android,6.0,28.5,149.5,119,0.7,2294,5.8,2.7,476,Gaming,3,2770,Young Low Spender,Retention / low spend segment
38,Other,Lucknow,Apple,iOS,7.2,23.9,257.0,197,2.1,3277,3.8,2.6,866,Entertainment,3,4143,Young Low Spender,Retention / low spend segment
15,Male,Bangalore,Samsung,Android,1.8,37.1,177.5,101,2.8,1948,4.2,4.1,1780,Education,3,3728,Young Low Spender,Retention / low spend segment
15,Male,Mumbai,Realme,iOS,8.1,48.4,177.8,64,2.1,3891,1.6,1.2,767,Social Media,3,4658,Young Low Spender,Retention / low spend segment
23,Male,Chennai,Apple,iOS,9.8,23.8,198.4,154,2.1,6418,6.0,1.7,460,Education,3,6878,Young Low Spender,Retention / low spend segment
25,Female,Mumbai,Vivo,Android,8.2,46.5,28.6,144,1.4,2557,1.5,2.6,323,Gaming,3,2880,Young Low Spender,Retention / low spend segment
24,Male,Pune,Motorola,iOS,6.4,36.0,264.4,176,2.0,2383,2.1,1.3,1798,Entertainment,3,4181,Young Low Spender,Retention / low spend segment
28,Female,Jaipur,Vivo,Android,11.8,42.1,289.8,19,2.9,5593,3.5,3.5,1856,Education,3,7449,Young Low Spender,Retention / low spend segment
23,Female,Mumbai,Oppo,iOS,5.3,37.6,218.9,43,5.1,3202,4.9,0.6,842,Work,3,4044,Young Low Spender,Retention / low spend segment
30,Male,Mumbai,Motorola,iOS,1.9,29.0,68.7,86,4.1,4045,6.0,4.5,637,Education,3,4682,Young Low Spender,Retention / low spend segment
22,Male,Pune,Nokia,Android,6.7,33.0,289.2,179,4.0,4777,1.3,1.9,1180,Gaming,3,5957,Young Low Spender,Retention / low spend segment
19,Male,Hyderabad,Nokia,Android,3.3,26.5,211.5,65,5.4,1760,3.4,3.8,1813,Social Media,3,3573,Young Low Spender,Retention / low spend segment
26,Male,Jaipur,Realme,Android,8.4,17.4,278.5,81,4.8,790,0.6,3.0,1880,Work,3,2670,Young Low Spender,Retention / low spend segment
16,Male,Delhi,Apple,iOS,9.9,35.1,180.2,20,2.1,1356,7.2,2.4,1608,Social Media,3,2964,Young Low Spender,Retention / low spend segment
30,Other,Ahmedabad,Xiaomi,iOS,4.7,16.7,75.7,31,5.4,466,1.7,0.8,1356,Work,3,1822,Young Low Spender,Retention / low spend segment
38,Male,Bangalore,Apple,iOS,8.5,23.6,140.0,129,2.6,1262,2.2,1.0,148,Work,3,1410,Young Low Spender,Retention / low spend segment
16,Male,Mumbai,Realme,Android,5.3,29.9,37.8,125,2.6,5136,2.8,0.0,362,Entertainment,3,5498,Young Low Spender,Retention / low spend segment
22,Female,Bangalore,Nokia,iOS,5.6,16.8,53.1,180,3.3,4756,7.6,1.3,910,Entertainment,3,5666,Young Low Spender,Retention / low spend segment
36,Other,Ahmedabad,Oppo,Android,3.8,48.1,225.5,48,2.2,3143,6.4,1.2,326,Education,3,3469,Young Low Spender,Retention / low spend segment
16,Other,Lucknow,Apple,iOS,6.9,10.8,67.2,195,2.1,235,0.5,0.9,579,Gaming,3,814,Young Low Spender,Retention / low spend segment
27,Other,Chennai,Realme,iOS,7.1,37.5,43.7,183,1.6,383,7.3,1.2,885,Social Media,3,1268,Young Low Spender,Retention / low spend segment
28,Other,Jaipur,Realme,iOS,2.6,44.6,152.4,59,1.8,4481,7.6,4.9,1495,Social Media,3,5976,Young Low Spender,Retention / low spend segment
17,Male,Kolkata,Oppo,iOS,10.4,48.5,274.4,90,3.0,5153,6.0,3.9,216,Gaming,3,5369,Young Low Spender,Retention / low spend segment
17,Male,Lucknow,Nokia,iOS,5.6,5.7,43.3,112,3.6,1204,1.5,3.6,615,Work,3,1819,Young Low Spender,Retention / low spend segment
26,Other,Kolkata,Oppo,Android,11.3,22.3,226.8,156,3.2,6354,3.1,2.2,111,Education,3,6465,Young Low Spender,Retention / low spend segment
29,Male,Bangalore,Realme,iOS,5.3,22.0,28.6,135,2.3,442,4.3,3.5,711,Social Media,3,1153,Young Low Spender,Retention / low spend segment
21,Female,Chennai,Motorola,iOS,10.3,30.1,63.9,156,3.8,2422,1.5,1.3,257,Work,3,2679,Young Low Spender,Retention / low spend segment
27,Female,Jaipur,Xiaomi,iOS,10.8,29.8,195.1,165,1.3,1670,4.6,1.4,1181,Gaming,3,2851,Young Low Spender,Retention / low spend segment
25,Other,Hyderabad,Xiaomi,Android,6.4,41.3,297.4,108,3.8,4454,6.0,2.9,1888,Entertainment,3,6342,Young Low Spender,Retention / low spend segment
37,Male,Bangalore,Oppo,iOS,4.2,42.1,223.7,70,1.2,2098,6.9,2.3,1171,Work,3,3269,Young Low Spender,Retention / low spend segment
20,Female,Pune,Realme,Android,6.8,20.0,217.9,156,1.4,5934,0.6,4.7,1934,Education,3,7868,Young Low Spender,Retention / low spend segment
28,Male,Ahmedabad,Samsung,iOS,2.3,25.3,281.0,16,4.4,4980,1.6,2.8,1681,Work,3,6661,Young Low Spender,Retention / low spend segment
24,Female,Chennai,Nokia,Android,10.6,35.0,179.9,66,3.8,1277,2.4,0.2,763,Entertainment,3,2040,Young Low Spender,Retention / low spend segment
35,Male,Pune,OnePlus,Android,7.1,13.9,190.9,10,1.3,2371,4.5,0.5,863,Social Media,3,3234,Young Low Spender,Retention / low spend segment
29,Male,Mumbai,Google Pixel,iOS,3.2,14.7,165.8,163,3.5,5702,7.3,3.2,1016,Gaming,3,6718,Young Low Spender,Retention / low spend segment
18,Other,Chennai,Google Pixel,Android,8.0,20.8,139.4,78,1.9,982,7.9,0.7,536,Gaming,3,1518,Young Low Spender,Retention / low spend segment
18,Female,Ahmedabad,Google Pixel,Android,8.1,22.7,243.4,116,5.4,3721,5.6,0.0,454,Entertainment,3,4175,Young Low Spender,Retention / low spend segment
20,Female,Delhi,Samsung,iOS,6.9,28.1,286.2,12,3.0,4873,6.1,2.6,1596,Work,3,6469,Young Low Spender,Retention / low spend segment
17,Male,Lucknow,Nokia,Android,9.0,28.6,227.1,170,2.6,4250,5.1,2.6,1425,Entertainment,3,5675,Young Low Spender,Retention / low spend segment
33,Male,Pune,Xiaomi,Android,6.8,49.5,11.3,175,3.8,2813,2.1,2.3,1905,Social Media,3,4718,Young Low Spender,Retention / low spend segment
26,Other,Chennai,Motorola,iOS,9.7,4.3,285.5,174,0.6,3269,4.0,4.4,673,Entertainment,3,3942,Young Low Spender,Retention / low spend segment
39,Other,Kolkata,Xiaomi,iOS,6.3,11.9,260.6,200,2.9,2232,6.3,3.7,1179,Gaming,3,3411,Young Low Spender,Retention / low spend segment
34,Male,Ahmedabad,Motorola,iOS,5.1,31.7,280.7,154,2.5,4145,6.0,3.8,1993,Education,3,6138,Young Low Spender,Retention / low spend segment
34,Male,Kolkata,Nokia,Android,6.8,19.6,240.4,200,4.1,3416,3.7,3.9,1907,Work,3,5323,Young Low Spender,Retention / low spend segment
17,Female,Delhi,Xiaomi,Android,3.6,18.4,213.5,32,5.2,569,5.6,4.9,1229,Work,3,1798,Young Low Spender,Retention / low spend segment
29,Female,Lucknow,Samsung,Android,8.9,22.0,262.0,49,3.3,4626,2.4,4.9,440,Gaming,3,5066,Young Low Spender,Retention / low spend segment
23,Other,Delhi,Realme,Android,8.8,15.7,24.7,187,2.5,2665,2.9,4.5,1706,Gaming,3,4371,Young Low Spender,Retention / low spend segment
26,Male,Ahmedabad,Google Pixel,Android,11.8,22.0,295.0,108,3.6,5430,0.5,2.1,647,Work,3,6077,Young Low Spender,Retention / low spend segment
20,Female,Hyderabad,Xiaomi,Android,10.3,40.8,276.0,192,2.9,4090,2.1,0.9,1380,Social Media,3,5470,Young Low Spender,Retention / low spend segment
21,Male,Ahmedabad,Motorola,Android,1.7,31.6,213.8,51,2.4,2793,1.3,0.9,649,Education,3,3442,Young Low Spender,Retention / low spend segment
17,Female,Jaipur,OnePlus,Android,8.1,41.5,95.3,112,2.7,6666,4.3,1.6,1007,Social Media,3,7673,Young Low Spender,Retention / low spend segment
28,Other,Lucknow,Realme,Android,6.9,11.5,78.5,45,2.1,1441,3.1,4.6,303,Social Media,3,1744,Young Low Spender,Retention / low spend segment
26,Female,Lucknow,Vivo,Android,5.7,40.6,36.0,125,0.6,3859,2.9,3.0,845,Education,3,4704,Young Low Spender,Retention / low spend segment
20,Other,Delhi,Samsung,iOS,1.3,24.0,62.5,95,0.8,1820,3.3,2.2,1993,Social Media,3,3813,Young Low Spender,Retention / low spend segment
27,Other,Lucknow,Nokia,Android,10.3,45.2,204.5,66,3.2,5597,5.8,4.9,1510,Education,3,7107,Young Low Spender,Retention / low spend segment
33,Female,Kolkata,Xiaomi,Android,2.5,16.0,144.5,170,1.5,1598,6.3,4.0,1562,Education,3,3160,Young Low Spender,Retention / low spend segment
36,Other,Lucknow,OnePlus,Android,4.8,49.9,172.5,123,1.3,1627,4.9,4.5,1586,Work,3,3213,Young Low Spender,Retention / low spend segment
20,Other,Pune,Xiaomi,iOS,5.6,28.8,263.3,28,2.9,3134,0.6,5.0,1423,Work,3,4557,Young Low Spender,Retention / low spend segment
21,Other,Chennai,Vivo,iOS,7.0,23.3,97.4,129,2.5,1518,1.1,3.5,1138,Entertainment,3,2656,Young Low Spender,Retention / low spend segment
20,Male,Delhi,Realme,iOS,9.6,26.2,88.3,155,4.8,2107,2.3,0.4,996,Gaming,3,3103,Young Low Spender,Retention / low spend segment
16,Other,Ahmedabad,Nokia,Android,9.4,27.4,25.0,55,3.1,2484,0.8,0.1,549,Gaming,3,3033,Young Low Spender,Retention / low spend segment
19,Female,Ahmedabad,Nokia,Android,6.8,47.6,114.2,164,2.4,1713,8.0,4.3,1570,Social Media,3,3283,Young Low Spender,Retention / low spend segment
16,Male,Chennai,Xiaomi,iOS,8.1,4.7,128.9,16,1.5,2448,7.4,4.6,203,Work,3,2651,Young Low Spender,Retention / low spend segment
20,Other,Ahmedabad,Oppo,Android,8.3,35.5,124.8,140,0.5,1704,4.5,1.3,1827,Gaming,3,3531,Young Low Spender,Retention / low spend segment
21,Female,Kolkata,Samsung,Android,7.9,20.9,134.6,108,2.3,6709,5.1,0.2,1450,Gaming,3,8159,Young Low Spender,Retention / low spend segment
27,Female,Chennai,Samsung,iOS,3.2,6.2,276.7,112,4.4,4445,1.5,1.5,1733,Gaming,3,6178,Young Low Spender,Retention / low spend segment
35,Other,Ahmedabad,Realme,Android,9.6,18.2,139.4,189,1.8,2997,5.9,1.1,1960,Gaming,3,4957,Young Low Spender,Retention / low spend segment
25,Male,Jaipur,Apple,iOS,4.8,11.6,195.3,153,4.1,5401,6.2,0.3,973,Gaming,3,6374,Young Low Spender,Retention / low spend segment
23,Female,Mumbai,Samsung,Android,3.8,8.2,51.2,135,2.6,4204,2.8,2.6,423,Social Media,3,4627,Young Low Spender,Retention / low spend segment
34,Male,Ahmedabad,Nokia,iOS,7.4,20.4,62.9,62,4.5,635,2.6,4.1,1013,Education,3,1648,Young Low Spender,Retention / low spend segment
36,Other,Jaipur,Realme,iOS,4.4,13.4,35.3,168,0.7,920,3.2,4.1,283,Gaming,3,1203,Young Low Spender,Retention / low spend segment
38,Female,Chennai,Vivo,iOS,1.6,35.7,82.8,103,1.7,1783,0.6,1.4,545,Gaming,3,2328,Young Low Spender,Retention / low spend segment
29,Female,Pune,OnePlus,Android,11.1,2.0,124.6,34,3.7,4559,0.8,4.5,272,Social Media,3,4831,Young Low Spender,Retention / low spend segment
22,Female,Lucknow,Oppo,Android,11.9,15.7,187.2,173,2.3,2249,6.2,3.4,108,Gaming,3,2357,Young Low Spender,Retention / low spend segment
19,Male,Delhi,Realme,Android,9.5,36.1,46.3,91,6.0,1471,2.6,3.7,842,Work,3,2313,Young Low Spender,Retention / low spend segment
23,Other,Lucknow,Xiaomi,iOS,4.8,38.8,26.6,17,4.6,2191,5.4,3.1,630,Entertainment,3,2821,Young Low Spender,Retention / low spend segment
26,Other,Mumbai,OnePlus,iOS,4.2,28.8,189.9,151,2.7,5748,7.0,2.8,431,Gaming,3,6179,Young Low Spender,Retention / low spend segment
16,Male,Chennai,Vivo,Android,2.5,16.1,212.0,189,3.3,889,6.6,3.7,590,Education,3,1479,Young Low Spender,Retention / low spend segment
34,Other,Ahmedabad,Google Pixel,Android,8.3,3.0,37.4,36,1.0,546,0.8,0.4,1533,Education,3,2079,Young Low Spender,Retention / low spend segment
35,Female,Bangalore,Samsung,iOS,11.7,45.5,298.4,71,1.2,1300,6.5,2.8,316,Gaming,3,1616,Young Low Spender,Retention / low spend segment
21,Male,Mumbai,Google Pixel,iOS,2.4,22.5,95.4,191,1.7,5783,4.9,4.7,1465,Gaming,3,7248,Young Low Spender,Retention / low spend segment
38,Female,Pune,Realme,iOS,10.0,47.1,290.7,35,1.3,939,4.8,4.7,480,Social Media,3,1419,Young Low Spender,Retention / low spend segment
32,Female,Pune,OnePlus,iOS,11.6,16.7,72.0,46,3.0,719,4.3,0.3,147,Gaming,3,866,Young Low Spender,Retention / low spend segment
25,Other,Kolkata,Realme,Android,6.2,42.8,38.1,47,3.0,2765,3.0,0.5,1701,Social Media,3,4466,Young Low Spender,Retention / low spend segment
18,Other,Ahmedabad,Apple,iOS,9.7,30.3,31.5,123,3.5,1063,3.2,1.6,1110,Work,3,2173,Young Low Spender,Retention / low spend segment
22,Female,Kolkata,Vivo,Android,10.5,33.2,227.5,136,2.9,3373,6.6,2.9,1804,Entertainment,3,5177,Young Low Spender,Retention / low spend segment
19,Other,Kolkata,Google Pixel,Android,11.8,49.2,38.2,10,5.6,450,4.5,3.9,1165,Entertainment,3,1615,Young Low Spender,Retention / low spend segment
27,Female,Delhi,Motorola,iOS,7.5,31.5,264.2,39,5.3,3146,0.9,3.5,132,Social Media,3,3278,Young Low Spender,Retention / low spend segment
20,Other,Ahmedabad,Motorola,Android,6.0,31.1,252.4,176,5.3,2708,4.3,3.2,659,Social Media,3,3367,Young Low Spender,Retention / low spend segment
29,Female,Jaipur,Vivo,iOS,10.1,30.8,193.7,154,4.0,2732,3.9,3.5,1740,Gaming,3,4472,Young Low Spender,Retention / low spend segment
32,Female,Mumbai,Google Pixel,iOS,8.8,47.9,265.2,32,3.1,602,5.8,0.9,1500,Work,3,2102,Young Low Spender,Retention / low spend segment
30,Other,Jaipur,Realme,Android,2.6,37.5,47.3,11,3.5,2045,7.4,4.2,1082,Social Media,3,3127,Young Low Spender,Retention / low spend segment
15,Other,Ahmedabad,Samsung,Android,8.1,19.2,149.8,123,3.8,6100,7.4,2.1,1380,Entertainment,3,7480,Young Low Spender,Retention / low spend segment
15,Male,Ahmedabad,Realme,iOS,3.8,6.8,228.8,127,1.8,3558,5.9,0.8,1111,Work,3,4669,Young Low Spender,Retention / low spend segment
34,Other,Mumbai,Oppo,Android,7.3,30.5,278.3,26,5.4,274,5.3,0.1,1251,Social Media,3,1525,Young Low Spender,Retention / low spend segment
25,Male,Kolkata,Samsung,iOS,8.2,42.1,285.8,94,3.4,6610,7.5,2.1,1455,Entertainment,3,8065,Young Low Spender,Retention / low spend segment
27,Female,Ahmedabad,Apple,iOS,9.8,3.3,86.1,81,1.2,3827,7.6,1.0,1505,Education,3,5332,Young Low Spender,Retention / low spend segment
15,Female,Jaipur,Apple,Android,4.8,46.6,131.0,165,2.8,7149,5.4,0.4,439,Education,3,7588,Young Low Spender,Retention / low spend segment
29,Other,Hyderabad,Apple,Android,5.6,3.7,75.8,88,4.7,2159,7.7,4.1,200,Education,3,2359,Young Low Spender,Retention / low spend segment
18,Female,Delhi,Motorola,iOS,3.2,43.0,208.3,11,3.1,1614,5.0,2.6,332,Work,3,1946,Young Low Spender,Retention / low spend segment
31,Male,Ahmedabad,Samsung,iOS,8.2,23.7,11.1,16,0.7,2010,7.0,3.0,1089,Education,3,3099,Young Low Spender,Retention / low spend segment
36,Female,Pune,Nokia,iOS,7.7,42.3,132.9,142,3.9,3030,4.8,0.4,1686,Social Media,3,4716,Young Low Spender,Retention / low spend segment
24,Male,Ahmedabad,Nokia,iOS,11.1,24.0,206.9,65,2.8,1328,0.7,4.0,673,Gaming,3,2001,Young Low Spender,Retention / low spend segment
21,Male,Ahmedabad,Vivo,iOS,2.8,2.6,290.7,85,2.7,4124,1.7,4.3,874,Education,3,4998,Young Low Spender,Retention / low spend segment
20,Male,Mumbai,Xiaomi,Android,3.4,8.1,9.0,121,1.7,967,0.7,2.3,782,Work,3,1749,Young Low Spender,Retention / low spend segment
18,Other,Kolkata,Apple,Android,4.4,42.0,17.9,87,0.7,196,5.7,4.8,312,Work,3,508,Young Low Spender,Retention / low spend segment
23,Other,Pune,Samsung,Android,9.0,19.4,268.0,179,2.5,5964,3.6,4.7,1060,Entertainment,3,7024,Young Low Spender,Retention / low spend segment
16,Female,Hyderabad,Vivo,iOS,4.1,28.8,165.4,37,4.1,570,7.0,1.8,1688,Gaming,3,2258,Young Low Spender,Retention / low spend segment
25,Female,Ahmedabad,Vivo,iOS,8.4,14.2,284.8,159,1.6,3493,4.4,4.7,1878,Gaming,3,5371,Young Low Spender,Retention / low spend segment
19,Male,Hyderabad,Apple,Android,1.9,37.5,164.0,56,2.3,7207,1.6,0.5,1838,Social Media,3,9045,Young Low Spender,Retention / low spend segment
41,Other,Ahmedabad,Nokia,Android,11.1,38.9,256.9,81,1.1,997,5.0,2.5,669,Work,3,1666,Young Low Spender,Retention / low spend segment
21,Other,Mumbai,Vivo,Android,6.8,42.1,225.7,110,1.0,2014,3.4,1.5,597,Social Media,3,2611,Young Low Spender,Retention / low spend segment
29,Male,Hyderabad,Apple,iOS,8.4,26.0,5.4,39,3.3,2816,2.3,2.2,1235,Social Media,3,4051,Young Low Spender,Retention / low spend segment
23,Male,Kolkata,Apple,Android,1.7,13.5,232.3,110,3.0,4494,4.7,2.7,628,Entertainment,3,5122,Young Low Spender,Retention / low spend segment
23,Male,Bangalore,Oppo,iOS,6.5,34.3,71.9,26,5.2,2033,1.9,2.7,1321,Work,3,3354,Young Low Spender,Retention / low spend segment
32,Female,Lucknow,Nokia,iOS,10.5,15.7,162.6,159,2.8,1144,2.0,3.5,548,Entertainment,3,1692,Young Low Spender,Retention / low spend segment
27,Female,Hyderabad,Apple,iOS,8.9,41.0,267.6,118,4.9,129,6.1,2.0,1633,Entertainment,3,1762,Young Low Spender,Retention / low spend segment
18,Other,Chennai,Realme,iOS,5.9,41.8,271.6,60,4.3,5533,3.6,4.0,138,Entertainment,3,5671,Young Low Spender,Retention / low spend segment
33,Other,Delhi,Realme,Android,11.8,43.7,103.3,23,5.2,2444,5.7,0.7,367,Work,3,2811,Young Low Spender,Retention / low spend segment
35,Female,Bangalore,Vivo,Android,8.6,24.2,206.2,137,0.7,2886,3.0,4.3,1538,Gaming,3,4424,Young Low Spender,Retention / low spend segment
18,Male,Jaipur,Vivo,Android,9.4,25.2,296.2,145,1.7,4040,6.7,0.2,1539,Education,3,5579,Young Low Spender,Retention / low spend segment
16,Female,Hyderabad,Google Pixel,iOS,4.9,29.8,114.2,37,3.8,3628,7.4,2.6,1527,Work,3,5155,Young Low Spender,Retention / low spend segment
24,Male,Jaipur,Vivo,Android,11.2,19.2,176.9,164,4.4,4707,5.5,3.1,1588,Work,3,6295,Young Low Spender,Retention / low spend segment
34,Other,Ahmedabad,Oppo,Android,9.2,8.7,297.6,46,1.0,2299,5.6,0.0,1214,Gaming,3,3513,Young Low Spender,Retention / low spend segment
31,Male,Mumbai,Vivo,iOS,9.7,32.6,126.8,60,4.2,2142,2.8,0.6,1607,Work,3,3749,Young Low Spender,Retention / low spend segment
15,Female,Kolkata,Samsung,Android,9.9,5.1,258.1,175,4.8,4520,0.7,4.6,395,Work,3,4915,Young Low Spender,Retention / low spend segment
34,Male,Jaipur,Motorola,Android,7.9,17.8,279.5,125,1.1,3627,3.6,1.1,382,Social Media,3,4009,Young Low Spender,Retention / low spend segment
19,Male,Ahmedabad,OnePlus,iOS,8.9,41.3,5.7,26,3.5,3515,6.3,4.6,1796,Education,3,5311,Young Low Spender,Retention / low spend segment
21,Female,Lucknow,Xiaomi,Android,9.3,20.1,191.8,165,1.2,3752,6.2,0.1,644,Education,3,4396,Young Low Spender,Retention / low spend segment
20,Male,Pune,Realme,Android,8.8,13.9,296.7,67,2.2,3102,3.6,1.3,1044,Work,3,4146,Young Low Spender,Retention / low spend segment
18,Other,Mumbai,Vivo,Android,9.5,16.3,94.1,120,1.2,3706,2.7,4.9,1440,Work,3,5146,Young Low Spender,Retention / low spend segment
15,Male,Delhi,Nokia,Android,8.0,2.9,294.2,149,4.1,3934,3.8,2.1,743,Education,3,4677,Young Low Spender,Retention / low spend segment
29,Female,Kolkata,Xiaomi,iOS,1.3,13.0,295.8,172,2.6,5952,6.3,1.3,1160,Gaming,3,7112,Young Low Spender,Retention / low spend segment
32,Female,Delhi,OnePlus,iOS,5.7,49.2,38.5,73,5.4,2074,3.4,0.0,1369,Work,3,3443,Young Low Spender,Retention / low spend segment
24,Female,Mumbai,Xiaomi,iOS,10.6,7.3,100.9,90,2.6,5199,1.1,3.5,177,Work,3,5376,Young Low Spender,Retention / low spend segment
37,Male,Mumbai,Realme,Android,3.9,8.7,296.5,111,3.2,4878,2.5,0.9,1011,Work,3,5889,Young Low Spender,Retention / low spend segment
33,Other,Ahmedabad,Xiaomi,iOS,6.7,13.6,116.2,70,0.9,3068,4.4,1.9,585,Entertainment,3,3653,Young Low Spender,Retention / low spend segment
28,Male,Hyderabad,Vivo,iOS,10.7,36.6,244.7,120,2.6,1436,1.4,4.3,558,Social Media,3,1994,Young Low Spender,Retention / low spend segment
28,Female,Hyderabad,Google Pixel,iOS,8.2,2.4,54.3,124,2.4,2914,5.5,4.6,949,Entertainment,3,3863,Young Low Spender,Retention / low spend segment
39,Male,Chennai,Nokia,iOS,11.4,14.7,148.4,169,2.3,2902,7.0,3.8,897,Entertainment,3,3799,Young Low Spender,Retention / low spend segment
30,Female,Jaipur,Google Pixel,iOS,1.4,6.3,120.1,192,0.9,3326,5.8,4.4,1346,Education,3,4672,Young Low Spender,Retention / low spend segment
30,Female,Hyderabad,Oppo,iOS,6.3,17.2,87.9,155,1.3,2313,2.2,4.5,1458,Social Media,3,3771,Young Low Spender,Retention / low spend segment
20,Female,Kolkata,Samsung,Android,6.8,44.4,107.0,46,3.7,1400,0.9,0.3,141,Work,3,1541,Young Low Spender,Retention / low spend segment
18,Male,Hyderabad,Samsung,iOS,4.0,48.8,54.2,118,5.1,1644,2.3,3.4,563,Social Media,3,2207,Young Low Spender,Retention / low spend segment
21,Female,Ahmedabad,Vivo,iOS,10.5,1.6,236.7,183,2.6,5366,2.2,1.4,244,Work,3,5610,Young Low Spender,Retention / low spend segment
20,Male,Chennai,Vivo,iOS,3.8,15.9,204.6,168,4.5,5346,7.1,0.2,140,Gaming,3,5486,Young Low Spender,Retention / low spend segment
37,Male,Delhi,Apple,Android,2.6,29.4,194.2,130,2.9,1066,1.3,3.4,1923,Work,3,2989,Young Low Spender,Retention / low spend segment
31,Other,Kolkata,Oppo,iOS,11.9,32.4,244.7,115,4.2,2713,2.3,4.9,1610,Social Media,3,4323,Young Low Spender,Retention / low spend segment
21,Male,Hyderabad,Nokia,iOS,9.6,16.4,115.0,44,5.9,2169,3.9,1.7,425,Gaming,3,2594,Young Low Spender,Retention / low spend segment
32,Male,Kolkata,Oppo,iOS,11.0,6.5,192.9,196,4.8,1165,5.4,0.9,1769,Education,3,2934,Young Low Spender,Retention / low spend segment
40,Female,Bangalore,Oppo,iOS,6.6,4.4,97.4,78,0.8,899,3.1,4.9,1488,Gaming,3,2387,Young Low Spender,Retention / low spend segment
23,Female,Delhi,Nokia,Android,5.1,12.1,75.2,14,5.0,995,7.7,0.3,248,Entertainment,3,1243,Young Low Spender,Retention / low spend segment
40,Other,Lucknow,Nokia,Android,5.6,17.0,196.1,82,1.1,2213,6.2,4.2,1050,Gaming,3,3263,Young Low Spender,Retention / low spend segment
27,Female,Bangalore,Nokia,Android,6.7,41.6,135.2,185,4.2,1695,6.4,1.6,588,Work,3,2283,Young Low Spender,Retention / low spend segment
17,Female,Mumbai,Google Pixel,iOS,4.2,28.5,61.1,57,1.2,4651,5.8,0.1,1450,Education,3,6101,Young Low Spender,Retention / low spend segment
21,Female,Hyderabad,Samsung,Android,11.2,27.5,253.7,143,2.8,1985,7.3,3.0,1087,Work,3,3072,Young Low Spender,Retention / low spend segment
17,Other,Kolkata,Vivo,Android,9.3,25.2,144.8,56,4.6,3876,7.7,0.5,1440,Work,3,5316,Young Low Spender,Retention / low spend segment
19,Male,Ahmedabad,Realme,iOS,7.2,48.0,79.0,175,1.9,4090,5.6,4.9,1996,Gaming,3,6086,Young Low Spender,Retention / low spend segment
38,Male,Ahmedabad,Google Pixel,iOS,3.6,41.6,231.5,154,2.3,3985,6.5,3.6,1634,Social Media,3,5619,Young Low Spender,Retention / low spend segment
31,Female,Hyderabad,Xiaomi,Android,4.6,35.6,167.8,157,2.0,4154,6.4,0.1,1806,Social Media,3,5960,Young Low Spender,Retention / low spend segment
39,Other,Hyderabad,Oppo,Android,4.5,26.9,263.0,149,1.9,710,7.8,2.7,776,Entertainment,3,1486,Young Low Spender,Retention / low spend segment
16,Male,Pune,Google Pixel,iOS,5.5,2.1,36.1,36,2.3,5935,6.5,4.4,609,Social Media,3,6544,Young Low Spender,Retention / low spend segment
25,Female,Hyderabad,Google Pixel,iOS,1.2,34.6,251.4,138,3.5,1403,6.7,3.0,1338,Work,3,2741,Young Low Spender,Retention / low spend segment
26,Other,Lucknow,Xiaomi,iOS,1.0,33.6,107.2,69,1.9,5507,6.4,3.5,179,Social Media,3,5686,Young Low Spender,Retention / low spend segment
30,Female,Hyderabad,Vivo,iOS,11.1,35.3,209.5,161,0.7,558,8.0,2.9,960,Entertainment,3,1518,Young Low Spender,Retention / low spend segment
21,Male,Lucknow,Oppo,Android,10.2,43.8,83.7,41,5.5,3068,5.0,1.7,475,Work,3,3543,Young Low Spender,Retention / low spend segment
22,Female,Pune,Motorola,iOS,6.1,19.5,211.1,160,1.4,3255,3.6,2.8,1631,Gaming,3,4886,Young Low Spender,Retention / low spend segment
29,Male,Ahmedabad,OnePlus,iOS,7.6,29.8,42.8,13,5.6,558,5.7,1.2,1538,Social Media,3,2096,Young Low Spender,Retention / low spend segment
21,Other,Mumbai,Google Pixel,iOS,1.3,16.7,6.6,145,1.4,2469,3.4,3.8,1196,Work,3,3665,Young Low Spender,Retention / low spend segment
28,Male,Hyderabad,Oppo,Android,6.4,4.8,23.3,50,3.6,2936,3.3,4.4,888,Entertainment,3,3824,Young Low Spender,Retention / low spend segment
17,Other,Ahmedabad,Apple,Android,8.5,49.1,149.1,158,0.6,1451,1.2,3.4,1723,Work,3,3174,Young Low Spender,Retention / low spend segment
15,Male,Chennai,Nokia,Android,7.3,8.7,79.7,95,2.5,2782,4.2,0.6,484,Work,3,3266,Young Low Spender,Retention / low spend segment
28,Female,Delhi,Nokia,iOS,10.7,19.5,102.1,121,3.2,2133,5.8,1.5,1190,Social Media,3,3323,Young Low Spender,Retention / low spend segment
30,Female,Kolkata,Apple,Android,2.9,7.6,29.7,35,4.9,2630,6.1,3.8,429,Gaming,3,3059,Young Low Spender,Retention / low spend segment
17,Male,Hyderabad,Google Pixel,Android,1.1,27.7,196.5,108,5.1,3269,6.6,2.9,314,Entertainment,3,3583,Young Low Spender,Retention / low spend segment
27,Male,Jaipur,Apple,iOS,7.8,8.0,173.4,19,0.7,4498,1.1,4.7,1829,Work,3,6327,Young Low Spender,Retention / low spend segment
36,Other,Chennai,OnePlus,iOS,7.7,18.5,68.6,142,3.0,862,2.8,3.7,1156,Gaming,3,2018,Young Low Spender,Retention / low spend segment
33,Male,Hyderabad,Vivo,iOS,9.3,13.8,226.8,162,1.5,2599,4.7,1.3,256,Entertainment,3,2855,Young Low Spender,Retention / low spend segment
15,Other,Ahmedabad,Motorola,Android,8.7,14.1,205.4,38,1.0,4568,3.9,1.2,1952,Gaming,3,6520,Young Low Spender,Retention / low spend segment
24,Male,Mumbai,Realme,Android,9.7,39.2,29.0,17,2.0,1280,5.9,2.1,468,Education,3,1748,Young Low Spender,Retention / low spend segment
16,Female,Delhi,Samsung,iOS,4.8,21.4,190.8,143,1.4,2086,1.0,1.7,1250,Gaming,3,3336,Young Low Spender,Retention / low spend segment
38,Female,Ahmedabad,Apple,iOS,3.6,47.8,185.3,29,1.7,1341,6.9,0.4,784,Gaming,3,2125,Young Low Spender,Retention / low spend segment
39,Male,Kolkata,Realme,Android,11.5,12.0,131.5,169,1.7,229,3.5,4.0,1155,Work,3,1384,Young Low Spender,Retention / low spend segment
29,Female,Pune,Xiaomi,Android,3.5,45.9,117.2,97,4.7,454,6.8,3.7,1857,Gaming,3,2311,Young Low Spender,Retention / low spend segment
16,Female,Mumbai,Realme,iOS,5.0,16.6,259.6,83,5.3,542,4.5,1.1,1243,Education,3,1785,Young Low Spender,Retention / low spend segment
16,Male,Jaipur,Realme,iOS,7.2,26.5,31.2,121,1.8,5002,6.2,3.0,526,Social Media,3,5528,Young Low Spender,Retention / low spend segment
18,Other,Kolkata,Vivo,Android,10.1,33.5,49.6,106,3.6,6176,2.6,1.4,1102,Entertainment,3,7278,Young Low Spender,Retention / low spend segment
23,Other,Mumbai,Motorola,Android,6.2,8.4,288.5,133,1.5,4384,2.8,1.9,427,Gaming,3,4811,Young Low Spender,Retention / low spend segment
19,Other,Delhi,Apple,iOS,1.4,16.9,114.8,63,2.5,3094,5.3,3.6,458,Social Media,3,3552,Young Low Spender,Retention / low spend segment
37,Female,Jaipur,Motorola,Android,10.4,15.8,191.1,98,1.0,1976,1.0,2.4,622,Social Media,3,2598,Young Low Spender,Retention / low spend segment
37,Other,Kolkata,Motorola,iOS,7.2,30.9,247.3,89,2.5,1326,6.8,2.9,925,Education,3,2251,Young Low Spender,Retention / low spend segment
32,Female,Lucknow,Google Pixel,iOS,3.1,37.8,280.0,27,3.7,271,0.8,0.2,1135,Work,3,1406,Young Low Spender,Retention / low spend segment
19,Other,Kolkata,Nokia,iOS,8.0,21.5,213.1,32,3.2,1194,3.9,3.9,758,Entertainment,3,1952,Young Low Spender,Retention / low spend segment
23,Male,Jaipur,Apple,Android,2.2,16.6,191.2,187,2.1,1121,5.5,0.5,1443,Education,3,2564,Young Low Spender,Retention / low spend segment
26,Female,Hyderabad,Samsung,Android,4.0,1.6,261.6,99,2.1,5771,6.5,4.5,538,Gaming,3,6309,Young Low Spender,Retention / low spend segment
19,Male,Pune,OnePlus,Android,5.4,13.1,268.6,44,2.3,5707,6.1,1.6,1312,Gaming,3,7019,Young Low Spender,Retention / low spend segment
21,Female,Ahmedabad,Realme,iOS,1.7,3.6,224.7,60,1.2,4779,1.5,4.2,1192,Entertainment,3,5971,Young Low Spender,Retention / low spend segment
29,Male,Bangalore,Apple,Android,4.6,5.6,106.3,152,5.6,514,4.0,0.8,293,Education,3,807,Young Low Spender,Retention / low spend segment
32,Male,Pune,Nokia,Android,1.5,43.9,245.7,34,3.4,1287,7.7,0.7,701,Social Media,3,1988,Young Low Spender,Retention / low spend segment
33,Male,Lucknow,Realme,Android,4.5,47.6,101.5,150,3.8,282,3.0,2.9,834,Gaming,3,1116,Young Low Spender,Retention / low spend segment
16,Other,Hyderabad,Oppo,Android,6.3,47.4,171.7,141,2.6,5903,1.2,1.3,217,Education,3,6120,Young Low Spender,Retention / low spend segment
32,Male,Chennai,Xiaomi,iOS,12.0,5.4,208.7,161,3.8,416,1.0,0.5,1436,Education,3,1852,Young Low Spender,Retention / low spend segment
19,Male,Lucknow,OnePlus,Android,5.8,45.6,111.7,54,2.6,1185,5.8,2.3,890,Education,3,2075,Young Low Spender,Retention / low spend segment
21,Male,Kolkata,Vivo,Android,1.5,50.0,247.2,121,5.6,2026,1.5,2.4,587,Social Media,3,2613,Young Low Spender,Retention / low spend segment
27,Female,Hyderabad,Realme,iOS,10.1,2.6,162.7,81,2.9,2745,1.2,2.2,1582,Education,3,4327,Young Low Spender,Retention / low spend segment
32,Other,Chennai,Nokia,Android,1.7,37.7,121.4,52,2.4,3392,1.3,4.7,1903,Social Media,3,5295,Young Low Spender,Retention / low spend segment
24,Other,Pune,Motorola,iOS,1.3,24.2,86.3,138,3.9,4015,5.7,5.0,1590,Work,3,5605,Young Low Spender,Retention / low spend segment
30,Female,Kolkata,Xiaomi,iOS,3.5,1.1,125.7,185,3.3,933,7.2,4.6,1672,Social Media,3,2605,Young Low Spender,Retention / low spend segment
35,Male,Pune,Oppo,iOS,9.4,1.9,171.6,93,1.5,1038,4.1,3.3,1652,Work,3,2690,Young Low Spender,Retention / low spend segment
25,Male,Delhi,Samsung,Android,2.7,48.1,281.2,200,3.7,5180,3.6,1.4,1443,Gaming,3,6623,Young Low Spender,Retention / low spend segment
33,Other,Delhi,Oppo,iOS,6.6,6.6,185.7,78,3.8,2625,2.5,3.5,1936,Social Media,3,4561,Young Low Spender,Retention / low spend segment
32,Other,Kolkata,Motorola,Android,4.0,35.1,191.4,93,1.0,1145,7.8,4.8,1300,Social Media,3,2445,Young Low Spender,Retention / low spend segment
22,Other,Ahmedabad,Xiaomi,Android,4.8,40.2,248.6,16,2.8,2806,7.0,3.7,1775,Entertainment,3,4581,Young Low Spender,Retention / low spend segment
22,Female,Bangalore,Xiaomi,Android,4.7,23.2,157.9,116,1.3,2922,3.8,3.3,1280,Gaming,3,4202,Young Low Spender,Retention / low spend segment
20,Other,Bangalore,Realme,iOS,3.0,24.3,179.7,79,0.7,5592,2.9,0.9,653,Work,3,6245,Young Low Spender,Retention / low spend segment
28,Other,Delhi,Apple,Android,9.3,46.8,125.3,95,3.0,5921,1.6,2.9,422,Entertainment,3,6343,Young Low Spender,Retention / low spend segment
17,Female,Bangalore,Nokia,Android,7.4,47.1,127.1,73,1.4,1238,6.6,4.4,538,Gaming,3,1776,Young Low Spender,Retention / low spend segment
24,Other,Chennai,Vivo,iOS,8.0,3.3,56.2,54,4.7,1449,0.5,0.5,1905,Social Media,3,3354,Young Low Spender,Retention / low spend segment
20,Male,Ahmedabad,Oppo,Android,5.8,17.8,241.7,18,0.9,4957,6.6,0.0,1048,Education,3,6005,Young Low Spender,Retention / low spend segment
15,Female,Hyderabad,Nokia,Android,5.2,7.8,11.1,156,2.7,2080,2.3,0.1,1340,Education,3,3420,Young Low Spender,Retention / low spend segment
24,Other,Delhi,Xiaomi,iOS,4.9,40.9,227.1,195,5.8,1631,8.0,0.4,1650,Education,3,3281,Young Low Spender,Retention / low spend segment
23,Other,Hyderabad,Samsung,Android,3.4,32.6,281.0,171,1.3,896,7.8,3.2,1001,Gaming,3,1897,Young Low Spender,Retention / low spend segment
28,Female,Bangalore,Realme,iOS,11.8,19.7,72.3,96,3.4,782,3.0,2.6,1131,Gaming,3,1913,Young Low Spender,Retention / low spend segment
15,Female,Delhi,Motorola,Android,11.7,31.6,276.1,62,3.3,623,5.4,1.7,1836,Education,3,2459,Young Low Spender,Retention / low spend segment
33,Other,Jaipur,Vivo,Android,3.9,31.0,242.9,146,3.2,3274,3.2,3.6,994,Education,3,4268,Young Low Spender,Retention / low spend segment
21,Male,Mumbai,Samsung,iOS,7.2,12.8,230.2,157,4.7,443,7.7,4.1,170,Gaming,3,613,Young Low Spender,Retention / low spend segment
25,Other,Hyderabad,Motorola,Android,3.9,16.4,107.0,91,1.1,384,5.4,0.9,619,Entertainment,3,1003,Young Low Spender,Retention / low spend segment
33,Other,Pune,Oppo,Android,5.1,9.0,286.8,170,4.2,1017,5.0,1.2,723,Gaming,3,1740,Young Low Spender,Retention / low spend segment
21,Other,Bangalore,Apple,iOS,8.1,45.7,193.4,30,1.1,605,4.2,2.7,1006,Social Media,3,1611,Young Low Spender,Retention / low spend segment
19,Other,Lucknow,Vivo,iOS,2.2,17.7,85.9,124,4.3,3589,4.0,4.0,1744,Social Media,3,5333,Young Low Spender,Retention / low spend segment
34,Other,Jaipur,Realme,iOS,11.7,36.4,206.4,148,2.1,1659,5.4,3.1,1214,Work,3,2873,Young Low Spender,Retention / low spend segment
30,Female,Hyderabad,Vivo,iOS,2.8,23.7,120.4,99,1.0,2786,2.1,1.2,1522,Gaming,3,4308,Young Low Spender,Retention / low spend segment
28,Other,Mumbai,Samsung,iOS,11.5,29.5,254.4,135,5.3,1618,1.3,2.2,1669,Entertainment,3,3287,Young Low Spender,Retention / low spend segment
26,Male,Jaipur,Nokia,iOS,7.5,43.5,10.9,70,3.0,5905,3.6,2.4,1606,Gaming,3,7511,Young Low Spender,Retention / low spend segment
33,Other,Lucknow,Xiaomi,Android,10.5,46.3,55.3,33,1.7,4140,5.2,1.5,1813,Work,3,5953,Young Low Spender,Retention / low spend segment
21,Female,Chennai,Google Pixel,iOS,10.8,43.6,231.3,30,3.3,2747,5.8,3.9,870,Social Media,3,3617,Young Low Spender,Retention / low spend segment
25,Other,Jaipur,Realme,Android,6.5,15.0,96.4,70,0.9,4269,7.4,0.7,991,Gaming,3,5260,Young Low Spender,Retention / low spend segment
20,Male,Ahmedabad,OnePlus,iOS,3.3,5.2,205.6,168,4.4,4654,3.6,3.2,730,Social Media,3,5384,Young Low Spender,Retention / low spend segment
24,Male,Hyderabad,Samsung,Android,5.5,4.7,97.0,103,5.0,3025,1.6,3.5,609,Social Media,3,3634,Young Low Spender,Retention / low spend segment
29,Other,Pune,Nokia,iOS,6.0,1.1,281.6,173,3.0,205,7.7,3.4,1662,Social Media,3,1867,Young Low Spender,Retention / low spend segment
29,Male,Lucknow,Realme,iOS,6.2,37.3,120.7,176,5.3,2830,7.3,3.7,1353,Work,3,4183,Young Low Spender,Retention / low spend segment
17,Female,Hyderabad,Xiaomi,Android,6.8,14.9,259.7,195,3.7,788,0.9,2.1,1351,Gaming,3,2139,Young Low Spender,Retention / low spend segment
37,Male,Hyderabad,Motorola,iOS,9.7,49.1,194.9,86,0.8,1098,2.9,4.9,1223,Entertainment,3,2321,Young Low Spender,Retention / low spend segment
20,Female,Chennai,Google Pixel,iOS,5.0,30.7,145.1,151,1.3,488,6.0,1.4,1331,Gaming,3,1819,Young Low Spender,Retention / low spend segment
19,Other,Lucknow,OnePlus,iOS,8.4,47.3,285.4,47,2.3,3023,2.7,0.7,830,Work,3,3853,Young Low Spender,Retention / low spend segment
15,Female,Delhi,Xiaomi,Android,3.4,22.2,259.9,139,1.4,4942,7.4,3.6,613,Work,3,5555,Young Low Spender,Retention / low spend segment
17,Male,Kolkata,Oppo,iOS,2.6,4.8,208.0,102,5.6,292,7.2,3.8,158,Work,3,450,Young Low Spender,Retention / low spend segment
17,Male,Lucknow,Google Pixel,iOS,7.0,11.5,291.5,112,2.4,1039,1.1,2.5,1511,Social Media,3,2550,Young Low Spender,Retention / low spend segment
22,Female,Chennai,Samsung,Android,10.4,9.8,188.9,153,2.1,6234,2.8,4.6,213,Social Media,3,6447,Young Low Spender,Retention / low spend segment
15,Other,Chennai,Motorola,Android,3.2,43.1,172.5,164,5.2,143,7.2,5.0,263,Entertainment,3,406,Young Low Spender,Retention / low spend segment
33,Female,Lucknow,Nokia,Android,2.1,39.8,216.3,164,3.6,939,5.9,0.7,866,Gaming,3,1805,Young Low Spender,Retention / low spend segment
31,Male,Pune,Xiaomi,Android,2.0,18.7,147.6,70,4.2,4395,1.8,4.7,298,Work,3,4693,Young Low Spender,Retention / low spend segment
30,Other,Kolkata,Vivo,Android,7.3,36.8,262.4,184,3.0,6020,5.7,0.4,1739,Gaming,3,7759,Young Low Spender,Retention / low spend segment
36,Male,Lucknow,Apple,iOS,10.4,49.3,88.2,126,3.1,1812,0.9,0.3,598,Entertainment,3,2410,Young Low Spender,Retention / low spend segment
19,Female,Lucknow,Nokia,iOS,2.9,23.3,41.6,51,2.2,4894,4.0,4.3,758,Gaming,3,5652,Young Low Spender,Retention / low spend segment
18,Other,Delhi,Samsung,iOS,3.2,48.1,213.7,103,5.6,1052,0.9,3.4,1775,Social Media,3,2827,Young Low Spender,Retention / low spend segment
20,Other,Pune,Xiaomi,iOS,2.2,27.2,170.6,189,2.1,385,3.0,5.0,376,Gaming,3,761,Young Low Spender,Retention / low spend segment
27,Other,Chennai,Motorola,iOS,5.5,38.5,153.8,67,4.2,1272,3.5,0.7,1807,Social Media,3,3079,Young Low Spender,Retention / low spend segment
19,Male,Hyderabad,Motorola,iOS,7.3,2.8,264.4,182,3.2,1135,5.2,0.6,1235,Education,3,2370,Young Low Spender,Retention / low spend segment
25,Female,Hyderabad,Nokia,Android,3.8,17.4,115.0,190,2.6,2956,2.5,1.0,675,Gaming,3,3631,Young Low Spender,Retention / low spend segment
27,Male,Chennai,Oppo,Android,1.9,30.0,204.7,72,0.6,3869,4.9,4.7,858,Gaming,3,4727,Young Low Spender,Retention / low spend segment
19,Female,Lucknow,OnePlus,iOS,11.5,7.0,67.5,195,4.1,2340,2.7,1.4,1270,Work,3,3610,Young Low Spender,Retention / low spend segment
36,Female,Ahmedabad,Apple,iOS,10.4,10.7,177.1,87,2.4,551,5.6,0.4,996,Work,3,1547,Young Low Spender,Retention / low spend segment
32,Other,Ahmedabad,Google Pixel,Android,7.5,46.0,191.5,109,2.9,4328,4.7,3.9,1393,Entertainment,3,5721,Young Low Spender,Retention / low spend segment
38,Female,Bangalore,Motorola,Android,10.7,1.0,254.3,108,0.7,2587,6.7,3.7,761,Entertainment,3,3348,Young Low Spender,Retention / low spend segment
31,Male,Hyderabad,Realme,iOS,5.9,38.5,105.3,120,5.7,1428,2.4,4.4,1889,Social Media,3,3317,Young Low Spender,Retention / low spend segment
31,Other,Kolkata,OnePlus,Android,2.2,33.2,38.6,18,1.9,2534,2.5,1.7,636,Work,3,3170,Young Low Spender,Retention / low spend segment
22,Male,Chennai,Realme,iOS,3.6,14.0,210.8,52,1.8,465,4.5,2.7,1619,Work,3,2084,Young Low Spender,Retention / low spend segment
25,Other,Mumbai,Motorola,Android,10.5,25.4,290.8,94,4.3,4687,3.6,0.8,257,Education,3,4944,Young Low Spender,Retention / low spend segment
25,Male,Chennai,Apple,Android,5.9,15.9,296.2,40,0.8,1201,4.9,3.7,1752,Entertainment,3,2953,Young Low Spender,Retention / low spend segment
35,Male,Pune,OnePlus,iOS,4.3,8.6,181.8,169,2.7,2999,7.2,3.1,1141,Gaming,3,4140,Young Low Spender,Retention / low spend segment
20,Female,Mumbai,Nokia,Android,8.7,22.3,116.5,69,6.0,2184,0.6,2.9,1255,Work,3,3439,Young Low Spender,Retention / low spend segment
17,Other,Pune,Realme,iOS,2.3,9.1,170.3,74,3.6,5135,1.8,3.9,1014,Work,3,6149,Young Low Spender,Retention / low spend segment
26,Male,Delhi,Xiaomi,iOS,4.3,15.8,66.5,54,5.1,540,1.6,4.0,1896,Work,3,2436,Young Low Spender,Retention / low spend segment
18,Other,Ahmedabad,Motorola,Android,10.9,32.1,153.6,198,2.3,124,1.6,4.3,1163,Gaming,3,1287,Young Low Spender,Retention / low spend segment
32,Male,Mumbai,Nokia,Android,6.5,31.0,205.4,176,2.4,119,5.2,1.6,1248,Entertainment,3,1367,Young Low Spender,Retention / low spend segment
28,Other,Pune,Apple,Android,10.1,38.7,16.6,178,3.9,1142,1.1,4.7,649,Education,3,1791,Young Low Spender,Retention / low spend segment
20,Other,Ahmedabad,Google Pixel,Android,11.7,13.3,185.9,120,3.5,2690,3.0,1.9,684,Gaming,3,3374,Young Low Spender,Retention / low spend segment
26,Male,Ahmedabad,Nokia,Android,11.1,12.2,161.4,22,2.7,6004,3.2,3.8,1544,Social Media,3,7548,Young Low Spender,Retention / low spend segment
35,Male,Mumbai,Nokia,iOS,1.1,11.9,190.8,186,4.1,3669,7.4,3.1,1643,Education,3,5312,Young Low Spender,Retention / low spend segment
23,Male,Kolkata,Apple,iOS,9.5,15.3,154.9,76,4.5,1362,6.4,1.5,301,Work,3,1663,Young Low Spender,Retention / low spend segment
22,Male,Chennai,Xiaomi,iOS,10.3,42.0,6.1,81,2.1,6296,6.4,0.9,532,Work,3,6828,Young Low Spender,Retention / low spend segment
16,Other,Ahmedabad,Realme,iOS,9.7,36.2,105.3,125,1.6,6107,2.5,4.4,142,Gaming,3,6249,Young Low Spender,Retention / low spend segment
35,Male,Delhi,Apple,Android,2.1,30.5,223.8,194,4.1,2817,7.1,1.5,529,Work,3,3346,Young Low Spender,Retention / low spend segment
16,Male,Ahmedabad,Nokia,Android,7.6,13.2,222.9,11,4.8,5312,2.4,3.4,731,Entertainment,3,6043,Young Low Spender,Retention / low spend segment
23,Female,Pune,Realme,iOS,8.3,25.9,101.1,51,2.9,448,5.0,2.4,1999,Social Media,3,2447,Young Low Spender,Retention / low spend segment
27,Male,Bangalore,Apple,iOS,2.2,19.7,202.9,65,2.2,5556,3.4,2.1,1210,Entertainment,3,6766,Young Low Spender,Retention / low spend segment
31,Female,Pune,Realme,Android,9.6,36.0,149.6,63,4.4,1199,1.1,0.7,663,Entertainment,3,1862,Young Low Spender,Retention / low spend segment
19,Other,Mumbai,Samsung,Android,4.2,25.4,280.6,136,2.3,1719,6.2,1.1,112,Work,3,1831,Young Low Spender,Retention / low spend segment
31,Female,Ahmedabad,Vivo,iOS,4.1,31.0,16.7,76,4.9,888,1.3,1.4,952,Work,3,1840,Young Low Spender,Retention / low spend segment
16,Female,Lucknow,Apple,Android,1.2,21.8,185.6,91,1.3,392,3.2,3.0,547,Entertainment,3,939,Young Low Spender,Retention / low spend segment
26,Other,Jaipur,Apple,iOS,8.8,31.7,42.6,192,3.9,2749,7.8,0.8,1835,Gaming,3,4584,Young Low Spender,Retention / low spend segment
32,Female,Delhi,Samsung,iOS,2.5,6.7,165.7,37,2.8,1586,2.3,4.8,731,Work,3,2317,Young Low Spender,Retention / low spend segment
26,Male,Ahmedabad,OnePlus,Android,3.2,17.4,95.0,107,0.9,4350,7.6,3.0,1213,Gaming,3,5563,Young Low Spender,Retention / low spend segment
16,Other,Lucknow,OnePlus,iOS,8.9,37.6,41.3,45,2.8,5964,6.7,4.3,844,Entertainment,3,6808,Young Low Spender,Retention / low spend segment
28,Male,Lucknow,Motorola,iOS,3.4,11.4,68.6,12,4.3,463,4.0,4.6,1572,Education,3,2035,Young Low Spender,Retention / low spend segment
22,Female,Ahmedabad,Xiaomi,Android,10.9,38.7,224.9,139,3.2,5846,4.7,3.4,1968,Education,3,7814,Young Low Spender,Retention / low spend segment
20,Female,Lucknow,Motorola,iOS,6.9,6.9,169.1,100,4.5,2511,4.4,4.6,1337,Gaming,3,3848,Young Low Spender,Retention / low spend segment
23,Male,Hyderabad,Apple,iOS,4.2,21.7,235.3,71,2.8,1171,6.1,4.4,438,Education,3,1609,Young Low Spender,Retention / low spend segment
19,Male,Jaipur,Samsung,Android,3.1,20.9,294.2,192,1.9,3267,2.3,4.6,1525,Social Media,3,4792,Young Low Spender,Retention / low spend segment
21,Female,Delhi,Google Pixel,Android,4.8,40.4,242.6,135,2.0,4099,1.4,0.9,1250,Social Media,3,5349,Young Low Spender,Retention / low spend segment
16,Female,Delhi,Xiaomi,iOS,1.8,29.7,169.4,195,1.9,1222,5.0,4.3,626,Social Media,3,1848,Young Low Spender,Retention / low spend segment
18,Other,Hyderabad,Xiaomi,Android,6.6,24.3,280.8,91,1.2,2802,5.4,0.1,1611,Education,3,4413,Young Low Spender,Retention / low spend segment
28,Male,Jaipur,Motorola,Android,4.0,39.2,284.9,30,0.9,3949,7.0,3.3,1619,Work,3,5568,Young Low Spender,Retention / low spend segment
21,Female,Pune,Motorola,iOS,1.1,44.6,192.7,50,0.6,2468,3.6,3.8,105,Education,3,2573,Young Low Spender,Retention / low spend segment
31,Other,Delhi,Vivo,Android,8.8,14.1,261.4,100,2.1,459,6.3,0.9,377,Gaming,3,836,Young Low Spender,Retention / low spend segment
24,Other,Kolkata,Realme,Android,9.1,30.5,8.7,135,4.3,707,5.3,2.1,1341,Gaming,3,2048,Young Low Spender,Retention / low spend segment
22,Male,Bangalore,Oppo,Android,9.0,12.7,220.6,110,2.6,6770,3.3,4.9,984,Entertainment,3,7754,Young Low Spender,Retention / low spend segment
31,Male,Chennai,Vivo,Android,9.1,12.3,32.2,166,4.4,715,1.2,2.1,1057,Social Media,3,1772,Young Low Spender,Retention / low spend segment
17,Male,Kolkata,Motorola,iOS,9.5,39.5,84.5,195,3.4,3267,4.4,3.2,768,Gaming,3,4035,Young Low Spender,Retention / low spend segment
16,Female,Lucknow,Motorola,iOS,5.4,10.0,218.6,63,1.8,2971,4.2,4.1,523,Education,3,3494,Young Low Spender,Retention / low spend segment
16,Female,Kolkata,Oppo,Android,4.5,1.4,157.5,86,0.9,2608,4.2,4.6,439,Education,3,3047,Young Low Spender,Retention / low spend segment
17,Male,Delhi,Realme,Android,7.2,2.9,48.0,93,5.2,1750,3.3,4.9,1092,Entertainment,3,2842,Young Low Spender,Retention / low spend segment
22,Female,Bangalore,Nokia,iOS,3.6,31.5,61.2,88,1.4,1245,4.0,4.3,1110,Work,3,2355,Young Low Spender,Retention / low spend segment
37,Other,Jaipur,Google Pixel,Android,5.6,18.9,221.8,130,3.1,4829,6.9,3.7,693,Education,3,5522,Young Low Spender,Retention / low spend segment
23,Male,Jaipur,Apple,Android,7.1,30.7,74.4,22,3.4,3742,4.2,2.3,679,Social Media,3,4421,Young Low Spender,Retention / low spend segment
28,Other,Bangalore,Nokia,Android,7.6,41.5,211.2,12,4.2,3914,7.0,4.7,1104,Social Media,3,5018,Young Low Spender,Retention / low spend segment
15,Other,Mumbai,Oppo,Android,4.7,6.4,67.2,127,1.9,1117,7.1,2.5,1560,Gaming,3,2677,Young Low Spender,Retention / low spend segment
36,Male,Delhi,Motorola,Android,9.8,4.8,143.6,65,0.9,412,0.6,3.8,1863,Education,3,2275,Young Low Spender,Retention / low spend segment
24,Female,Lucknow,OnePlus,iOS,5.0,23.7,40.1,135,3.7,4540,2.3,1.9,1258,Work,3,5798,Young Low Spender,Retention / low spend segment
25,Female,Delhi,Google Pixel,Android,11.5,46.5,214.8,34,2.4,1280,4.0,0.2,513,Work,3,1793,Young Low Spender,Retention / low spend segment
31,Male,Delhi,Realme,Android,5.6,18.0,156.2,67,2.8,2113,4.2,0.8,1919,Work,3,4032,Young Low Spender,Retention / low spend segment
23,Other,Bangalore,OnePlus,Android,3.8,36.1,93.3,91,0.9,2188,1.7,3.8,732,Work,3,2920,Young Low Spender,Retention / low spend segment
18,Other,Jaipur,Apple,Android,11.2,30.7,130.0,34,2.2,2928,3.8,4.4,1179,Gaming,3,4107,Young Low Spender,Retention / low spend segment
27,Female,Hyderabad,OnePlus,iOS,8.9,19.7,288.2,107,3.8,5992,2.7,3.8,1626,Social Media,3,7618,Young Low Spender,Retention / low spend segment
19,Other,Jaipur,Xiaomi,Android,1.9,41.1,58.0,189,2.4,3661,2.4,0.4,634,Work,3,4295,Young Low Spender,Retention / low spend segment
27,Female,Bangalore,Vivo,Android,3.0,42.1,153.8,188,2.2,1842,5.1,0.1,1477,Entertainment,3,3319,Young Low Spender,Retention / low spend segment
21,Female,Delhi,Nokia,Android,8.3,15.4,261.0,123,5.4,2697,2.4,0.8,303,Entertainment,3,3000,Young Low Spender,Retention / low spend segment
33,Other,Pune,OnePlus,Android,9.8,39.7,173.6,15,1.1,2853,3.1,1.1,1851,Social Media,3,4704,Young Low Spender,Retention / low spend segment
36,Female,Lucknow,Motorola,Android,12.0,43.1,222.8,89,4.2,2292,6.7,3.8,1487,Education,3,3779,Young Low Spender,Retention / low spend segment
21,Other,Chennai,Xiaomi,iOS,6.6,14.9,110.4,188,1.7,3698,0.7,3.6,571,Education,3,4269,Young Low Spender,Retention / low spend segment
34,Male,Lucknow,Google Pixel,Android,6.9,12.1,274.6,77,3.9,4002,3.3,0.2,1601,Work,3,5603,Young Low Spender,Retention / low spend segment
25,Other,Lucknow,Vivo,iOS,11.1,38.7,8.2,114,6.0,1118,7.3,3.0,1426,Entertainment,3,2544,Young Low Spender,Retention / low spend segment
40,Male,Lucknow,Realme,iOS,4.5,18.5,182.1,193,1.6,2620,5.8,3.1,535,Entertainment,3,3155,Young Low Spender,Retention / low spend segment
20,Female,Mumbai,OnePlus,Android,7.2,44.5,151.0,174,2.9,7199,3.2,1.3,797,Work,3,7996,Young Low Spender,Retention / low spend segment
31,Other,Jaipur,Google Pixel,Android,4.0,19.9,42.9,197,2.9,3104,2.9,2.2,294,Gaming,3,3398,Young Low Spender,Retention / low spend segment
22,Other,Hyderabad,Vivo,iOS,3.4,18.2,151.9,159,1.5,945,1.6,2.3,335,Education,3,1280,Young Low Spender,Retention / low spend segment
27,Other,Chennai,Apple,iOS,11.3,14.9,58.1,18,3.3,3560,1.6,3.5,681,Gaming,3,4241,Young Low Spender,Retention / low spend segment
34,Female,Lucknow,Samsung,iOS,3.2,47.3,198.1,132,3.3,3136,1.2,3.5,954,Social Media,3,4090,Young Low Spender,Retention / low spend segment
15,Male,Lucknow,Oppo,iOS,7.7,32.5,34.2,109,3.5,668,1.7,3.5,824,Entertainment,3,1492,Young Low Spender,Retention / low spend segment
26,Other,Hyderabad,Vivo,Android,4.0,34.7,43.8,181,2.5,2911,5.7,0.3,1324,Education,3,4235,Young Low Spender,Retention / low spend segment
16,Other,Bangalore,Google Pixel,iOS,2.6,41.0,39.3,181,3.7,948,6.5,4.3,1347,Work,3,2295,Young Low Spender,Retention / low spend segment
35,Other,Ahmedabad,OnePlus,Android,10.2,19.6,169.4,186,1.4,2985,1.4,0.6,1719,Social Media,3,4704,Young Low Spender,Retention / low spend segment
22,Female,Delhi,Vivo,Android,3.2,46.9,244.6,146,1.4,4240,0.8,1.6,1814,Education,3,6054,Young Low Spender,Retention / low spend segment
24,Male,Ahmedabad,Apple,iOS,10.0,40.2,83.6,45,4.7,937,0.7,0.5,353,Social Media,3,1290,Young Low Spender,Retention / low spend segment
20,Female,Pune,Samsung,Android,7.9,20.2,219.3,200,1.6,190,1.8,1.7,1093,Social Media,3,1283,Young Low Spender,Retention / low spend segment
22,Female,Delhi,Apple,iOS,11.4,17.0,18.1,166,0.5,4198,0.6,4.4,262,Education,3,4460,Young Low Spender,Retention / low spend segment
15,Other,Kolkata,Xiaomi,iOS,6.5,42.4,250.1,152,4.6,2558,3.6,2.7,700,Work,3,3258,Young Low Spender,Retention / low spend segment
27,Female,Mumbai,Oppo,iOS,5.1,9.1,52.4,119,5.0,1853,6.8,2.2,223,Work,3,2076,Young Low Spender,Retention / low spend segment
16,Other,Hyderabad,Samsung,iOS,4.0,7.7,214.1,51,3.4,3071,6.6,0.5,154,Social Media,3,3225,Young Low Spender,Retention / low spend segment
28,Male,Mumbai,Xiaomi,Android,2.9,13.1,78.3,70,3.2,3357,5.0,3.0,1279,Entertainment,3,4636,Young Low Spender,Retention / low spend segment
15,Male,Mumbai,Realme,Android,8.0,44.0,87.7,69,5.6,1219,4.8,4.7,1490,Gaming,3,2709,Young Low Spender,Retention / low spend segment
24,Other,Lucknow,Nokia,iOS,7.0,28.6,91.2,35,3.3,2525,4.4,3.7,1941,Entertainment,3,4466,Young Low Spender,Retention / low spend segment
27,Other,Chennai,Apple,Android,7.6,23.2,47.2,75,4.4,3108,1.0,3.1,201,Work,3,3309,Young Low Spender,Retention / low spend segment
16,Male,Delhi,Motorola,iOS,4.5,30.4,117.6,111,2.3,5847,6.5,4.2,1555,Work,3,7402,Young Low Spender,Retention / low spend segment
19,Female,Bangalore,Realme,Android,6.4,22.3,269.2,163,2.2,580,0.9,0.7,974,Work,3,1554,Young Low Spender,Retention / low spend segment
27,Male,Hyderabad,Nokia,iOS,9.5,21.1,276.5,72,1.6,4221,6.4,1.6,1347,Gaming,3,5568,Young Low Spender,Retention / low spend segment
32,Other,Chennai,OnePlus,Android,1.7,23.9,105.9,37,4.0,4532,1.0,3.7,275,Education,3,4807,Young Low Spender,Retention / low spend segment
23,Other,Chennai,Motorola,Android,5.6,18.3,135.8,64,0.7,4628,2.7,0.5,967,Social Media,3,5595,Young Low Spender,Retention / low spend segment
35,Other,Lucknow,Apple,iOS,11.9,14.5,289.8,195,3.1,2359,4.1,1.3,1414,Education,3,3773,Young Low Spender,Retention / low spend segment
21,Other,Mumbai,Samsung,Android,2.6,49.0,66.4,138,2.0,4883,4.6,2.0,1278,Gaming,3,6161,Young Low Spender,Retention / low spend segment
25,Female,Delhi,Vivo,Android,11.2,2.9,102.5,43,5.9,2882,1.2,0.8,410,Entertainment,3,3292,Young Low Spender,Retention / low spend segment
20,Male,Hyderabad,Nokia,iOS,1.2,13.4,175.8,136,2.6,6460,3.1,0.2,396,Entertainment,3,6856,Young Low Spender,Retention / low spend segment
32,Other,Chennai,OnePlus,Android,10.2,18.7,57.9,179,4.7,2705,6.2,0.6,762,Gaming,3,3467,Young Low Spender,Retention / low spend segment
26,Other,Bangalore,Nokia,Android,10.1,3.4,238.2,98,1.3,745,6.4,3.2,594,Entertainment,3,1339,Young Low Spender,Retention / low spend segment
23,Female,Pune,Apple,iOS,7.4,49.3,287.0,81,2.1,2698,2.1,1.1,825,Social Media,3,3523,Young Low Spender,Retention / low spend segment
16,Other,Delhi,Oppo,Android,3.4,8.0,239.9,131,3.1,2250,4.5,2.6,1907,Education,3,4157,Young Low Spender,Retention / low spend segment
30,Female,Jaipur,Xiaomi,Android,7.1,8.4,186.0,22,1.9,2610,4.4,0.2,733,Entertainment,3,3343,Young Low Spender,Retention / low spend segment
31,Male,Pune,Nokia,iOS,10.7,47.4,143.5,188,3.9,1901,5.6,2.9,1697,Work,3,3598,Young Low Spender,Retention / low spend segment
15,Female,Lucknow,Apple,iOS,1.1,48.7,231.2,11,5.0,3045,5.5,2.0,471,Work,3,3516,Young Low Spender,Retention / low spend segment
17,Female,Bangalore,Oppo,Android,2.0,18.0,12.9,114,5.7,2995,7.2,2.9,1053,Gaming,3,4048,Young Low Spender,Retention / low spend segment
20,Other,Delhi,Oppo,Android,8.2,20.7,42.2,197,2.2,672,3.3,2.4,1225,Entertainment,3,1897,Young Low Spender,Retention / low spend segment
28,Other,Lucknow,Realme,iOS,4.6,44.8,215.9,42,2.8,4530,2.6,0.5,876,Education,3,5406,Young Low Spender,Retention / low spend segment
26,Male,Delhi,Realme,Android,2.0,15.4,147.3,80,5.6,2431,6.4,0.1,1868,Social Media,3,4299,Young Low Spender,Retention / low spend segment
37,Female,Kolkata,Motorola,iOS,6.9,44.6,261.9,90,2.7,163,2.4,2.0,299,Education,3,462,Young Low Spender,Retention / low spend segment
30,Male,Kolkata,Oppo,iOS,1.3,5.5,277.6,78,2.1,2175,4.9,0.6,214,Gaming,3,2389,Young Low Spender,Retention / low spend segment
28,Male,Lucknow,Apple,iOS,8.1,6.1,40.7,48,3.8,4126,3.9,0.3,547,Work,3,4673,Young Low Spender,Retention / low spend segment
30,Other,Kolkata,Realme,iOS,6.8,20.1,299.4,12,5.4,1917,2.8,3.6,1215,Entertainment,3,3132,Young Low Spender,Retention / low spend segment
29,Male,Hyderabad,Realme,Android,7.6,32.3,89.9,120,4.5,1275,6.0,5.0,1580,Social Media,3,2855,Young Low Spender,Retention / low spend segment
26,Other,Ahmedabad,Xiaomi,Android,11.1,47.9,273.0,51,3.9,2658,6.6,1.2,430,Entertainment,3,3088,Young Low Spender,Retention / low spend segment
22,Other,Kolkata,Apple,Android,6.3,49.5,198.3,122,1.7,4832,5.1,1.9,1309,Work,3,6141,Young Low Spender,Retention / low spend segment
16,Male,Lucknow,Motorola,iOS,2.1,36.2,190.5,113,2.7,4560,3.6,2.8,1521,Social Media,3,6081,Young Low Spender,Retention / low spend segment
26,Other,Jaipur,Motorola,iOS,5.4,39.3,140.1,43,5.8,651,6.7,3.5,421,Work,3,1072,Young Low Spender,Retention / low spend segment
21,Male,Jaipur,OnePlus,Android,11.5,5.0,104.1,88,5.6,864,1.7,2.0,1030,Entertainment,3,1894,Young Low Spender,Retention / low spend segment
25,Female,Mumbai,OnePlus,iOS,9.7,26.7,136.3,28,2.6,3083,3.8,1.9,1214,Work,3,4297,Young Low Spender,Retention / low spend segment
20,Male,Ahmedabad,Motorola,Android,5.5,22.7,282.4,152,3.3,1670,4.9,1.5,309,Entertainment,3,1979,Young Low Spender,Retention / low spend segment
30,Other,Mumbai,Nokia,Android,9.0,33.4,89.1,66,1.7,3742,4.2,4.6,1535,Work,3,5277,Young Low Spender,Retention / low spend segment
22,Other,Ahmedabad,Xiaomi,Android,6.1,20.2,133.9,87,2.3,2853,6.5,1.7,137,Social Media,3,2990,Young Low Spender,Retention / low spend segment
28,Female,Pune,OnePlus,iOS,2.4,2.1,294.3,163,2.0,2140,6.4,3.7,325,Work,3,2465,Young Low Spender,Retention / low spend segment
23,Female,Delhi,Realme,iOS,5.7,7.3,200.3,196,2.6,5526,0.8,4.8,994,Social Media,3,6520,Young Low Spender,Retention / low spend segment
33,Other,Ahmedabad,Apple,Android,9.8,9.8,293.1,116,2.3,3702,6.9,2.7,293,Social Media,3,3995,Young Low Spender,Retention / low spend segment
28,Other,Lucknow,Motorola,iOS,5.0,16.2,144.5,147,5.6,239,2.4,4.5,585,Social Media,3,824,Young Low Spender,Retention / low spend segment
30,Other,Mumbai,Oppo,iOS,8.1,46.1,43.6,44,3.5,4270,6.5,4.5,947,Gaming,3,5217,Young Low Spender,Retention / low spend segment
32,Female,Pune,Nokia,iOS,11.7,28.6,133.6,89,5.9,1443,0.9,2.0,532,Work,3,1975,Young Low Spender,Retention / low spend segment
34,Other,Jaipur,Oppo,Android,5.9,30.5,264.0,42,3.4,3258,3.1,1.7,212,Gaming,3,3470,Young Low Spender,Retention / low spend segment
20,Female,Delhi,OnePlus,iOS,10.3,32.2,263.8,81,3.5,4964,0.5,0.5,217,Gaming,3,5181,Young Low Spender,Retention / low spend segment
25,Male,Kolkata,Realme,Android,9.2,46.7,71.5,37,2.6,5367,4.9,0.9,1158,Education,3,6525,Young Low Spender,Retention / low spend segment
15,Female,Chennai,Vivo,iOS,10.6,8.5,27.8,128,3.5,3789,4.9,1.5,837,Education,3,4626,Young Low Spender,Retention / low spend segment
23,Female,Chennai,Motorola,iOS,11.1,9.6,281.8,177,2.2,368,6.4,0.4,301,Gaming,3,669,Young Low Spender,Retention / low spend segment
29,Female,Chennai,Motorola,Android,8.7,10.6,250.3,119,4.4,1353,4.4,0.6,1347,Entertainment,3,2700,Young Low Spender,Retention / low spend segment
27,Female,Kolkata,Realme,iOS,3.1,26.7,251.0,89,5.2,466,7.8,2.7,1063,Gaming,3,1529,Young Low Spender,Retention / low spend segment
21,Female,Jaipur,Google Pixel,Android,2.0,5.0,147.5,179,2.7,4408,4.0,0.2,539,Education,3,4947,Young Low Spender,Retention / low spend segment
28,Female,Ahmedabad,Motorola,Android,8.8,43.6,144.4,121,3.7,1245,0.7,0.1,1504,Work,3,2749,Young Low Spender,Retention / low spend segment
17,Male,Hyderabad,Vivo,iOS,6.2,3.8,153.7,94,4.0,2973,7.5,0.7,576,Entertainment,3,3549,Young Low Spender,Retention / low spend segment
22,Female,Lucknow,Xiaomi,iOS,11.0,4.8,232.2,141,0.8,1973,2.6,0.5,1985,Social Media,3,3958,Young Low Spender,Retention / low spend segment
34,Male,Chennai,Nokia,iOS,2.2,47.3,132.1,27,2.7,1608,2.6,0.8,1234,Social Media,3,2842,Young Low Spender,Retention / low spend segment
23,Other,Pune,Samsung,Android,8.9,6.2,224.4,109,4.0,1964,2.4,2.9,1620,Entertainment,3,3584,Young Low Spender,Retention / low spend segment
16,Male,Mumbai,Apple,iOS,12.0,30.8,231.6,88,5.0,669,6.9,2.8,241,Work,3,910,Young Low Spender,Retention / low spend segment
23,Male,Ahmedabad,Apple,iOS,4.8,12.4,181.1,173,4.9,2834,4.3,0.4,190,Education,3,3024,Young Low Spender,Retention / low spend segment
32,Other,Kolkata,Samsung,Android,4.1,1.3,189.9,126,5.4,1758,4.2,0.2,807,Work,3,2565,Young Low Spender,Retention / low spend segment
22,Female,Ahmedabad,Nokia,iOS,8.6,12.9,294.3,143,2.6,2307,1.0,3.8,119,Education,3,2426,Young Low Spender,Retention / low spend segment
28,Other,Lucknow,Samsung,iOS,7.8,49.6,290.2,73,3.2,3143,3.4,4.9,1767,Gaming,3,4910,Young Low Spender,Retention / low spend segment
25,Male,Chennai,Vivo,Android,10.5,33.5,65.4,95,3.3,2667,0.6,2.4,1994,Entertainment,3,4661,Young Low Spender,Retention / low spend segment
28,Other,Mumbai,Nokia,Android,6.5,44.3,181.9,105,3.1,3303,7.9,2.8,1430,Gaming,3,4733,Young Low Spender,Retention / low spend segment
25,Female,Kolkata,Xiaomi,iOS,3.3,6.6,255.4,157,2.9,4775,6.8,0.6,314,Social Media,3,5089,Young Low Spender,Retention / low spend segment
41,Male,Lucknow,Realme,Android,10.4,22.3,256.9,114,1.6,2899,1.9,1.2,398,Work,3,3297,Young Low Spender,Retention / low spend segment
30,Other,Jaipur,Xiaomi,iOS,5.1,5.5,120.9,18,0.9,486,0.7,0.9,1203,Gaming,3,1689,Young Low Spender,Retention / low spend segment
22,Male,Kolkata,Google Pixel,iOS,5.4,33.7,23.9,172,1.8,2706,6.3,4.9,858,Gaming,3,3564,Young Low Spender,Retention / low spend segment
20,Female,Ahmedabad,Samsung,iOS,8.4,19.1,20.3,199,5.9,1116,6.9,2.5,1836,Entertainment,3,2952,Young Low Spender,Retention / low spend segment
26,Male,Jaipur,Apple,Android,11.1,8.2,250.7,162,1.8,2101,6.1,1.2,1251,Work,3,3352,Young Low Spender,Retention / low spend segment
22,Other,Delhi,OnePlus,iOS,9.1,30.8,254.4,18,2.7,6815,0.6,3.0,807,Work,3,7622,Young Low Spender,Retention / low spend segment
26,Male,Pune,Nokia,iOS,7.4,33.1,100.9,115,3.2,883,2.5,4.9,1690,Education,3,2573,Young Low Spender,Retention / low spend segment
31,Male,Chennai,Realme,iOS,11.7,15.3,265.3,178,1.9,862,4.6,0.3,431,Gaming,3,1293,Young Low Spender,Retention / low spend segment
32,Other,Hyderabad,Vivo,Android,11.9,37.7,20.4,17,1.7,2882,0.7,0.1,255,Education,3,3137,Young Low Spender,Retention / low spend segment
17,Male,Delhi,OnePlus,Android,9.6,9.6,171.9,183,2.9,6487,3.8,4.8,1411,Gaming,3,7898,Young Low Spender,Retention / low spend segment
19,Male,Chennai,Xiaomi,Android,7.5,35.1,107.9,147,4.9,1201,4.9,2.0,768,Education,3,1969,Young Low Spender,Retention / low spend segment
21,Male,Lucknow,Vivo,iOS,11.4,21.7,153.9,162,3.7,1715,5.9,4.5,311,Gaming,3,2026,Young Low Spender,Retention / low spend segment
22,Female,Lucknow,Realme,iOS,1.3,42.9,272.9,193,4.6,4757,1.2,1.1,1842,Social Media,3,6599,Young Low Spender,Retention / low spend segment
30,Female,Ahmedabad,Realme,iOS,5.0,34.6,280.6,198,3.2,3733,3.5,2.5,1760,Gaming,3,5493,Young Low Spender,Retention / low spend segment
39,Female,Hyderabad,Realme,iOS,10.2,43.8,63.9,174,0.9,2366,3.7,3.8,1353,Entertainment,3,3719,Young Low Spender,Retention / low spend segment
32,Male,Hyderabad,Xiaomi,iOS,2.5,14.1,264.0,70,4.9,1821,5.7,3.5,1964,Education,3,3785,Young Low Spender,Retention / low spend segment
22,Other,Bangalore,Samsung,iOS,8.7,16.1,39.1,149,2.3,3026,5.7,2.3,1782,Work,3,4808,Young Low Spender,Retention / low spend segment
16,Female,Chennai,Apple,iOS,4.4,3.6,264.0,191,1.5,747,2.7,1.9,1540,Education,3,2287,Young Low Spender,Retention / low spend segment
23,Other,Bangalore,Vivo,iOS,9.6,30.5,102.8,96,2.9,4933,0.6,3.7,130,Social Media,3,5063,Young Low Spender,Retention / low spend segment
16,Male,Ahmedabad,Xiaomi,Android,3.8,21.2,138.1,108,5.5,3052,2.4,3.3,1052,Social Media,3,4104,Young Low Spender,Retention / low spend segment
23,Other,Ahmedabad,Nokia,Android,1.2,16.9,49.0,22,0.7,4628,3.9,4.0,1244,Education,3,5872,Young Low Spender,Retention / low spend segment
31,Female,Lucknow,Realme,Android,1.8,1.8,152.5,27,1.5,1296,6.9,1.2,236,Social Media,3,1532,Young Low Spender,Retention / low spend segment
19,Female,Jaipur,Samsung,Android,4.0,20.5,243.6,159,2.0,6370,1.7,0.4,911,Education,3,7281,Young Low Spender,Retention / low spend segment
18,Female,Kolkata,OnePlus,Android,4.4,45.1,250.0,162,1.4,6678,3.2,4.9,380,Work,3,7058,Young Low Spender,Retention / low spend segment
19,Female,Jaipur,Vivo,iOS,11.1,19.3,269.0,198,1.0,4377,3.8,2.8,1667,Gaming,3,6044,Young Low Spender,Retention / low spend segment
18,Other,Mumbai,Samsung,iOS,5.4,37.4,22.6,158,3.9,5469,1.4,0.6,629,Entertainment,3,6098,Young Low Spender,Retention / low spend segment
16,Other,Hyderabad,Realme,iOS,11.4,43.2,76.1,117,1.2,2166,6.1,2.4,441,Work,3,2607,Young Low Spender,Retention / low spend segment
30,Male,Bangalore,Samsung,iOS,2.3,13.9,123.1,66,3.5,3343,5.5,3.5,1394,Social Media,3,4737,Young Low Spender,Retention / low spend segment
19,Other,Bangalore,Oppo,iOS,5.4,16.4,124.7,193,3.2,6275,5.4,2.6,947,Entertainment,3,7222,Young Low Spender,Retention / low spend segment
22,Other,Mumbai,Motorola,iOS,7.2,2.4,89.8,185,2.2,4176,1.6,2.0,1883,Gaming,3,6059,Young Low Spender,Retention / low spend segment
33,Male,Kolkata,Realme,Android,7.7,12.8,125.5,121,3.6,2931,3.0,0.2,280,Social Media,3,3211,Young Low Spender,Retention / low spend segment
26,Female,Delhi,Google Pixel,iOS,2.0,49.0,270.7,75,3.2,213,4.7,1.2,367,Education,3,580,Young Low Spender,Retention / low spend segment
23,Male,Ahmedabad,Xiaomi,iOS,6.7,42.8,26.4,21,2.1,2190,7.9,4.8,797,Entertainment,3,2987,Young Low Spender,Retention / low spend segment
21,Other,Bangalore,Apple,Android,11.8,20.7,151.8,181,1.0,2265,7.9,4.2,1997,Gaming,3,4262,Young Low Spender,Retention / low spend segment
18,Other,Bangalore,Nokia,iOS,7.0,32.5,226.3,131,5.2,4534,5.5,1.2,841,Social Media,3,5375,Young Low Spender,Retention / low spend segment
22,Other,Mumbai,Vivo,Android,5.6,19.1,7.4,114,5.0,1031,1.0,0.9,1502,Gaming,3,2533,Young Low Spender,Retention / low spend segment
21,Male,Ahmedabad,Motorola,Android,4.5,29.9,274.4,108,4.2,4689,7.4,5.0,1986,Social Media,3,6675,Young Low Spender,Retention / low spend segment
23,Other,Chennai,Google Pixel,iOS,3.0,39.1,56.7,156,2.4,5811,0.8,0.2,1533,Entertainment,3,7344,Young Low Spender,Retention / low spend segment
30,Male,Ahmedabad,Google Pixel,Android,7.6,9.7,260.5,30,5.2,3574,7.3,4.8,478,Gaming,3,4052,Young Low Spender,Retention / low spend segment
28,Other,Jaipur,Samsung,Android,10.5,8.7,28.0,119,2.7,846,5.1,1.1,1450,Gaming,3,2296,Young Low Spender,Retention / low spend segment
32,Female,Hyderabad,OnePlus,iOS,3.0,48.3,142.9,72,0.6,721,3.6,2.5,445,Education,3,1166,Young Low Spender,Retention / low spend segment
31,Male,Delhi,Xiaomi,iOS,9.1,24.8,97.4,178,1.9,1854,7.8,1.1,886,Education,3,2740,Young Low Spender,Retention / low spend segment
28,Other,Chennai,Nokia,iOS,3.3,42.5,244.1,170,5.3,1904,0.6,5.0,947,Education,3,2851,Young Low Spender,Retention / low spend segment
15,Female,Hyderabad,Samsung,Android,6.8,7.6,204.0,198,1.7,216,5.9,4.0,914,Work,3,1130,Young Low Spender,Retention / low spend segment
29,Other,Kolkata,Realme,iOS,9.1,30.1,70.9,184,3.5,1729,6.8,2.4,1212,Education,3,2941,Young Low Spender,Retention / low spend segment
19,Male,Delhi,Oppo,Android,9.2,47.4,162.7,42,2.8,5178,4.7,0.9,1769,Work,3,6947,Young Low Spender,Retention / low spend segment
24,Male,Chennai,Xiaomi,Android,11.6,16.3,69.9,43,3.1,4981,0.6,4.7,1363,Gaming,3,6344,Young Low Spender,Retention / low spend segment
22,Female,Hyderabad,Realme,Android,3.6,27.5,106.5,47,4.3,1949,5.6,1.4,511,Entertainment,3,2460,Young Low Spender,Retention / low spend segment
33,Other,Hyderabad,Nokia,iOS,9.8,2.8,109.6,57,2.2,612,2.5,2.2,1959,Social Media,3,2571,Young Low Spender,Retention / low spend segment
27,Other,Delhi,Vivo,Android,2.6,26.1,153.9,182,3.7,2289,5.6,0.5,397,Gaming,3,2686,Young Low Spender,Retention / low spend segment
29,Female,Kolkata,Google Pixel,iOS,5.8,3.1,54.0,76,4.1,4016,3.3,3.6,269,Gaming,3,4285,Young Low Spender,Retention / low spend segment
23,Female,Mumbai,Oppo,Android,4.9,15.5,66.0,19,5.8,2458,3.9,1.8,758,Social Media,3,3216,Young Low Spender,Retention / low spend segment
16,Male,Hyderabad,Oppo,Android,4.9,17.6,145.9,104,1.5,2629,5.1,3.4,864,Gaming,3,3493,Young Low Spender,Retention / low spend segment
24,Male,Ahmedabad,Realme,iOS,8.9,33.7,291.3,78,5.8,343,3.8,4.0,1161,Entertainment,3,1504,Young Low Spender,Retention / low spend segment
16,Other,Jaipur,OnePlus,iOS,7.9,35.2,149.5,153,3.1,7436,5.5,1.2,1513,Gaming,3,8949,Young Low Spender,Retention / low spend segment
40,Other,Delhi,Google Pixel,Android,2.7,17.8,85.5,68,0.5,892,0.8,4.9,1406,Social Media,3,2298,Young Low Spender,Retention / low spend segment
17,Male,Mumbai,Motorola,iOS,7.7,2.9,299.9,34,2.4,6387,1.2,2.0,1147,Entertainment,3,7534,Young Low Spender,Retention / low spend segment
32,Female,Chennai,Xiaomi,iOS,10.1,8.1,9.3,27,4.5,1300,5.7,2.1,810,Education,3,2110,Young Low Spender,Retention / low spend segment
18,Male,Kolkata,Nokia,iOS,5.1,18.7,206.6,87,4.0,1543,6.1,0.1,1619,Entertainment,3,3162,Young Low Spender,Retention / low spend segment
17,Other,Delhi,OnePlus,Android,6.0,2.4,103.0,94,0.9,964,5.6,0.4,1111,Entertainment,3,2075,Young Low Spender,Retention / low spend segment
22,Male,Ahmedabad,Oppo,iOS,2.2,22.0,160.9,11,3.2,149,3.9,0.2,825,Work,3,974,Young Low Spender,Retention / low spend segment
18,Female,Delhi,Apple,Android,7.2,15.7,277.7,96,3.5,3081,7.1,2.6,180,Education,3,3261,Young Low Spender,Retention / low spend segment
18,Female,Chennai,Motorola,Android,8.0,16.7,256.5,119,2.8,1742,2.2,1.2,419,Social Media,3,2161,Young Low Spender,Retention / low spend segment
28,Other,Hyderabad,Google Pixel,iOS,7.9,16.8,90.5,149,1.6,1599,4.5,2.3,1690,Social Media,3,3289,Young Low Spender,Retention / low spend segment
29,Female,Kolkata,OnePlus,iOS,7.8,5.4,160.8,147,0.9,172,7.5,3.8,914,Entertainment,3,1086,Young Low Spender,Retention / low spend segment
24,Other,Jaipur,Google Pixel,Android,4.1,46.6,120.5,48,3.9,4760,2.2,2.4,116,Education,3,4876,Young Low Spender,Retention / low spend segment
20,Other,Delhi,Oppo,iOS,6.2,25.8,105.9,62,2.7,4018,6.8,4.5,1224,Work,3,5242,Young Low Spender,Retention / low spend segment
33,Other,Bangalore,Samsung,Android,5.3,29.9,121.6,161,2.8,5167,4.5,1.3,1034,Education,3,6201,Young Low Spender,Retention / low spend segment
15,Other,Jaipur,Samsung,iOS,9.1,2.0,5.7,97,1.3,2648,0.8,3.2,1728,Gaming,3,4376,Young Low Spender,Retention / low spend segment
23,Other,Lucknow,Oppo,iOS,1.4,11.9,207.8,194,1.3,2624,3.1,0.5,445,Social Media,3,3069,Young Low Spender,Retention / low spend segment
19,Other,Ahmedabad,Motorola,iOS,7.6,20.6,75.1,153,2.8,2665,3.9,2.9,1272,Social Media,3,3937,Young Low Spender,Retention / low spend segment
17,Other,Delhi,Vivo,Android,3.9,46.3,245.1,15,2.9,5716,4.3,4.7,1978,Education,3,7694,Young Low Spender,Retention / low spend segment
29,Male,Kolkata,Nokia,Android,3.5,3.1,33.2,139,4.5,1778,1.4,2.5,519,Entertainment,3,2297,Young Low Spender,Retention / low spend segment
33,Male,Pune,Realme,Android,1.4,19.4,196.9,175,2.3,267,7.4,0.3,988,Entertainment,3,1255,Young Low Spender,Retention / low spend segment
19,Other,Ahmedabad,Realme,iOS,10.4,33.5,112.4,121,4.8,1835,6.9,1.4,222,Gaming,3,2057,Young Low Spender,Retention / low spend segment
32,Male,Chennai,OnePlus,Android,5.8,44.4,272.6,77,2.2,3757,2.6,2.0,1366,Work,3,5123,Young Low Spender,Retention / low spend segment
17,Other,Mumbai,Motorola,Android,3.7,41.9,17.5,29,1.7,2554,5.7,0.0,1301,Education,3,3855,Young Low Spender,Retention / low spend segment
29,Other,Lucknow,Vivo,Android,7.1,45.2,7.0,174,3.2,4302,2.1,4.4,1776,Work,3,6078,Young Low Spender,Retention / low spend segment
15,Other,Jaipur,Xiaomi,iOS,9.0,21.1,38.1,85,1.2,2472,4.9,0.2,1374,Gaming,3,3846,Young Low Spender,Retention / low spend segment
36,Other,Chennai,Vivo,Android,4.3,11.8,232.6,117,3.7,1997,2.3,4.4,224,Entertainment,3,2221,Young Low Spender,Retention / low spend segment
37,Other,Ahmedabad,Nokia,iOS,11.8,43.4,63.4,16,0.6,161,1.9,4.9,1325,Work,3,1486,Young Low Spender,Retention / low spend segment
22,Female,Lucknow,Google Pixel,Android,7.2,25.0,158.9,138,4.4,3558,2.9,4.5,793,Education,3,4351,Young Low Spender,Retention / low spend segment
21,Female,Pune,OnePlus,iOS,9.7,14.6,67.2,98,1.5,522,1.1,4.9,483,Entertainment,3,1005,Young Low Spender,Retention / low spend segment
20,Female,Ahmedabad,OnePlus,iOS,7.6,2.6,282.9,117,4.6,1907,4.7,1.9,1354,Entertainment,3,3261,Young Low Spender,Retention / low spend segment
26,Other,Bangalore,Realme,Android,5.1,33.8,132.3,150,1.3,2664,0.5,0.2,1131,Work,3,3795,Young Low Spender,Retention / low spend segment
19,Other,Delhi,Google Pixel,Android,8.1,48.2,67.3,131,5.7,400,6.2,4.8,1359,Education,3,1759,Young Low Spender,Retention / low spend segment
19,Other,Jaipur,OnePlus,Android,1.8,41.3,76.3,175,1.7,5273,2.2,3.8,1743,Work,3,7016,Young Low Spender,Retention / low spend segment
25,Female,Mumbai,Nokia,Android,10.9,23.2,136.0,191,3.1,860,1.4,3.8,1831,Entertainment,3,2691,Young Low Spender,Retention / low spend segment
20,Other,Bangalore,Realme,Android,9.2,4.0,86.3,46,2.5,1792,3.6,3.0,1625,Entertainment,3,3417,Young Low Spender,Retention / low spend segment
15,Male,Pune,Xiaomi,Android,1.9,49.0,209.5,145,2.6,2137,7.2,1.0,593,Entertainment,3,2730,Young Low Spender,Retention / low spend segment
34,Other,Ahmedabad,OnePlus,iOS,4.2,23.4,245.0,182,1.1,1848,3.2,2.7,1499,Social Media,3,3347,Young Low Spender,Retention / low spend segment
28,Female,Pune,Oppo,iOS,1.5,43.3,60.2,45,2.4,2878,4.3,2.6,1621,Social Media,3,4499,Young Low Spender,Retention / low spend segment
32,Male,Ahmedabad,Google Pixel,Android,7.9,14.2,192.2,170,2.8,2358,3.9,2.6,1125,Entertainment,3,3483,Young Low Spender,Retention / low spend segment
27,Male,Ahmedabad,Motorola,iOS,10.4,24.8,262.2,171,1.1,2893,7.8,1.0,399,Gaming,3,3292,Young Low Spender,Retention / low spend segment
27,Female,Hyderabad,Realme,iOS,8.4,33.6,172.9,57,0.6,1955,4.7,1.9,405,Work,3,2360,Young Low Spender,Retention / low spend segment
33,Female,Delhi,Motorola,iOS,2.1,27.2,232.6,162,3.6,4293,2.7,3.5,946,Entertainment,3,5239,Young Low Spender,Retention / low spend segment
16,Male,Ahmedabad,Google Pixel,Android,5.9,22.6,99.8,89,4.2,5861,2.5,0.3,1997,Gaming,3,7858,Young Low Spender,Retention / low spend segment
28,Other,Bangalore,Vivo,iOS,6.8,36.7,129.6,119,2.0,3454,6.0,2.4,1703,Education,3,5157,Young Low Spender,Retention / low spend segment
25,Female,Jaipur,Nokia,Android,11.9,14.6,57.7,157,2.4,2316,0.8,4.9,1387,Work,3,3703,Young Low Spender,Retention / low spend segment
16,Male,Pune,Nokia,Android,11.3,32.9,18.2,105,2.4,3619,6.4,1.4,1690,Education,3,5309,Young Low Spender,Retention / low spend segment
37,Other,Mumbai,OnePlus,iOS,4.8,42.7,298.1,45,4.3,3418,6.3,1.8,1714,Entertainment,3,5132,Young Low Spender,Retention / low spend segment
28,Male,Chennai,Vivo,Android,2.5,2.7,253.5,102,2.2,834,1.6,3.3,355,Work,3,1189,Young Low Spender,Retention / low spend segment
19,Other,Pune,Xiaomi,Android,2.5,15.6,209.2,133,5.4,1912,2.1,1.9,345,Social Media,3,2257,Young Low Spender,Retention / low spend segment
19,Other,Hyderabad,Xiaomi,iOS,8.7,4.0,183.8,182,1.9,6044,3.0,1.7,1809,Social Media,3,7853,Young Low Spender,Retention / low spend segment
19,Female,Delhi,Oppo,iOS,10.2,49.8,221.5,33,0.8,4452,5.2,0.8,811,Work,3,5263,Young Low Spender,Retention / low spend segment
30,Female,Hyderabad,Vivo,iOS,4.8,14.7,157.3,164,1.5,2196,6.5,1.9,1611,Gaming,3,3807,Young Low Spender,Retention / low spend segment
15,Other,Delhi,Nokia,Android,3.4,6.8,12.2,10,0.7,134,6.2,4.0,1054,Social Media,3,1188,Young Low Spender,Retention / low spend segment
33,Female,Ahmedabad,OnePlus,Android,11.6,47.7,94.6,52,3.0,5092,3.0,3.3,1167,Gaming,3,6259,Young Low Spender,Retention / low spend segment
25,Female,Delhi,Xiaomi,iOS,10.2,29.9,111.3,144,3.9,2170,5.9,2.2,453,Education,3,2623,Young Low Spender,Retention / low spend segment
38,Male,Kolkata,OnePlus,Android,4.2,42.4,284.6,72,1.0,2808,6.2,1.4,1625,Education,3,4433,Young Low Spender,Retention / low spend segment
24,Female,Chennai,Realme,Android,5.3,22.7,163.1,163,1.3,2767,3.6,3.1,1392,Entertainment,3,4159,Young Low Spender,Retention / low spend segment
29,Male,Pune,Apple,iOS,5.0,32.5,299.1,154,4.1,779,6.8,1.1,815,Education,3,1594,Young Low Spender,Retention / low spend segment
25,Other,Delhi,Xiaomi,iOS,3.7,12.6,48.6,63,2.9,5055,6.9,3.2,918,Entertainment,3,5973,Young Low Spender,Retention / low spend segment
31,Female,Hyderabad,Realme,iOS,2.9,41.6,126.2,177,0.8,2650,7.6,1.3,1500,Social Media,3,4150,Young Low Spender,Retention / low spend segment
36,Male,Pune,Motorola,Android,1.9,35.3,95.3,11,3.5,824,3.9,0.2,471,Education,3,1295,Young Low Spender,Retention / low spend segment
36,Other,Bangalore,Samsung,Android,8.2,48.5,83.2,131,2.5,821,6.3,3.8,744,Social Media,3,1565,Young Low Spender,Retention / low spend segment
24,Other,Ahmedabad,Samsung,iOS,10.1,10.5,127.0,40,2.5,5928,4.1,4.4,1831,Entertainment,3,7759,Young Low Spender,Retention / low spend segment
23,Male,Bangalore,Oppo,Android,11.9,16.8,140.3,133,2.8,6977,3.9,3.7,1257,Entertainment,3,8234,Young Low Spender,Retention / low spend segment
30,Female,Jaipur,Xiaomi,iOS,10.4,3.5,13.3,14,2.6,1807,2.9,2.3,961,Education,3,2768,Young Low Spender,Retention / low spend segment
30,Male,Hyderabad,Realme,iOS,10.3,10.3,31.6,198,4.5,637,5.0,3.1,1985,Gaming,3,2622,Young Low Spender,Retention / low spend segment
21,Other,Hyderabad,Realme,iOS,4.8,23.6,120.4,178,2.1,686,7.6,0.4,1666,Education,3,2352,Young Low Spender,Retention / low spend segment
31,Female,Mumbai,Oppo,Android,1.8,29.3,242.4,150,3.1,1834,7.8,2.2,411,Social Media,3,2245,Young Low Spender,Retention / low spend segment
38,Other,Bangalore,Motorola,Android,8.5,39.8,57.0,136,0.8,1374,1.2,1.2,1060,Social Media,3,2434,Young Low Spender,Retention / low spend segment
34,Male,Pune,Samsung,iOS,2.8,48.1,209.6,27,2.8,554,2.2,2.6,1996,Social Media,3,2550,Young Low Spender,Retention / low spend segment
38,Male,Jaipur,Nokia,iOS,5.6,44.9,216.5,52,0.9,1286,4.5,1.1,1713,Work,3,2999,Young Low Spender,Retention / low spend segment
19,Male,Delhi,Xiaomi,Android,5.2,2.3,34.3,147,4.7,3812,5.7,2.8,1233,Entertainment,3,5045,Young Low Spender,Retention / low spend segment
39,Other,Hyderabad,Oppo,iOS,12.0,7.3,10.2,165,0.9,2533,1.9,1.4,1174,Gaming,3,3707,Young Low Spender,Retention / low spend segment
32,Other,Kolkata,Oppo,Android,5.6,37.8,195.8,139,2.8,4969,6.3,3.8,1153,Education,3,6122,Young Low Spender,Retention / low spend segment
15,Other,Mumbai,Samsung,Android,1.4,24.4,58.7,149,5.0,2613,6.7,0.4,1957,Work,3,4570,Young Low Spender,Retention / low spend segment
40,Female,Pune,Realme,iOS,4.8,3.4,113.5,77,0.6,675,1.0,3.4,746,Work,3,1421,Young Low Spender,Retention / low spend segment
21,Female,Chennai,Samsung,Android,7.4,19.7,160.9,101,5.8,2684,2.3,1.3,1904,Social Media,3,4588,Young Low Spender,Retention / low spend segment
41,Female,Ahmedabad,Xiaomi,Android,11.0,17.3,143.9,78,0.8,375,7.8,3.3,1762,Education,3,2137,Young Low Spender,Retention / low spend segment
29,Other,Lucknow,Oppo,Android,1.5,43.2,74.7,197,2.8,4511,4.4,0.9,1180,Social Media,3,5691,Young Low Spender,Retention / low spend segment
15,Male,Kolkata,Nokia,iOS,10.9,10.4,197.5,141,3.2,335,5.0,1.7,725,Work,3,1060,Young Low Spender,Retention / low spend segment
36,Male,Ahmedabad,Realme,iOS,7.7,40.3,295.7,198,4.5,3336,6.0,1.3,171,Work,3,3507,Young Low Spender,Retention / low spend segment
33,Male,Lucknow,Samsung,Android,8.7,25.8,199.2,32,2.2,295,6.7,1.5,1517,Education,3,1812,Young Low Spender,Retention / low spend segment
38,Male,Ahmedabad,Apple,Android,2.5,49.5,112.1,167,2.1,3045,5.0,0.6,452,Education,3,3497,Young Low Spender,Retention / low spend segment
17,Other,Chennai,OnePlus,iOS,1.3,15.9,179.5,129,3.1,1973,7.4,4.9,1869,Entertainment,3,3842,Young Low Spender,Retention / low spend segment
37,Female,Jaipur,Oppo,Android,5.0,42.5,224.2,44,1.3,1490,3.2,4.0,361,Work,3,1851,Young Low Spender,Retention / low spend segment
30,Female,Jaipur,Nokia,Android,1.0,36.5,208.0,163,2.9,3815,7.1,1.0,644,Gaming,3,4459,Young Low Spender,Retention / low spend segment
32,Male,Jaipur,OnePlus,Android,5.2,3.0,21.9,98,3.7,186,7.9,2.7,388,Education,3,574,Young Low Spender,Retention / low spend segment
16,Other,Mumbai,Motorola,iOS,7.1,39.0,157.4,195,6.0,930,7.3,4.9,1669,Entertainment,3,2599,Young Low Spender,Retention / low spend segment
36,Male,Lucknow,Oppo,Android,1.9,8.5,137.4,95,0.7,2054,6.5,2.7,315,Social Media,3,2369,Young Low Spender,Retention / low spend segment
36,Other,Lucknow,Xiaomi,Android,2.3,29.9,279.5,48,4.4,759,3.3,0.4,1194,Gaming,3,1953,Young Low Spender,Retention / low spend segment
26,Female,Pune,Oppo,iOS,2.3,6.5,173.5,60,3.3,4065,5.9,0.4,1863,Work,3,5928,Young Low Spender,Retention / low spend segment
21,Male,Chennai,Vivo,iOS,1.7,18.8,90.9,165,3.5,1085,2.5,0.5,1934,Work,3,3019,Young Low Spender,Retention / low spend segment
26,Female,Bangalore,Xiaomi,Android,4.3,25.2,266.8,93,4.8,205,0.6,4.9,427,Social Media,3,632,Young Low Spender,Retention / low spend segment
23,Female,Hyderabad,Vivo,Android,8.9,45.6,267.0,93,4.0,5622,5.6,0.5,554,Social Media,3,6176,Young Low Spender,Retention / low spend segment
28,Male,Hyderabad,Realme,Android,11.4,20.4,268.3,107,0.8,305,6.2,2.1,199,Social Media,3,504,Young Low Spender,Retention / low spend segment
32,Other,Jaipur,Realme,iOS,9.5,42.2,272.5,167,2.9,1328,1.3,2.0,470,Education,3,1798,Young Low Spender,Retention / low spend segment
16,Male,Pune,Apple,Android,10.1,16.5,164.3,150,2.9,5486,6.2,4.0,1221,Work,3,6707,Young Low Spender,Retention / low spend segment
25,Male,Delhi,Samsung,Android,10.6,49.9,61.6,107,0.9,4903,1.9,4.3,1894,Social Media,3,6797,Young Low Spender,Retention / low spend segment
29,Female,Jaipur,Nokia,Android,4.2,16.1,59.3,141,2.7,5509,6.5,1.1,105,Work,3,5614,Young Low Spender,Retention / low spend segment
26,Female,Jaipur,Motorola,Android,8.1,33.4,241.1,174,3.0,498,6.3,3.7,272,Gaming,3,770,Young Low Spender,Retention / low spend segment
17,Male,Pune,Motorola,iOS,9.4,32.0,75.3,170,2.2,5891,0.6,1.6,259,Work,3,6150,Young Low Spender,Retention / low spend segment
25,Female,Delhi,OnePlus,Android,3.5,47.6,139.3,138,1.3,3846,6.3,0.5,1637,Work,3,5483,Young Low Spender,Retention / low spend segment
21,Other,Chennai,Apple,Android,6.1,8.0,43.5,92,4.5,2480,3.1,4.9,691,Work,3,3171,Young Low Spender,Retention / low spend segment
16,Male,Mumbai,Nokia,Android,9.0,32.8,174.5,38,0.9,1644,5.3,4.5,491,Social Media,3,2135,Young Low Spender,Retention / low spend segment
20,Male,Mumbai,Nokia,iOS,1.9,12.4,158.8,178,4.7,954,7.4,0.2,1249,Education,3,2203,Young Low Spender,Retention / low spend segment
17,Female,Chennai,Realme,iOS,6.5,25.8,28.4,64,3.8,2514,0.9,2.3,1910,Social Media,3,4424,Young Low Spender,Retention / low spend segment
21,Other,Jaipur,Nokia,iOS,10.3,46.3,87.2,138,5.7,272,4.9,4.5,1542,Work,3,1814,Young Low Spender,Retention / low spend segment
31,Female,Ahmedabad,Xiaomi,Android,10.5,34.6,220.2,98,4.0,4004,2.1,1.2,1141,Entertainment,3,5145,Young Low Spender,Retention / low spend segment
31,Female,Lucknow,Vivo,Android,7.7,24.1,149.7,139,5.3,1042,7.5,2.0,1609,Education,3,2651,Young Low Spender,Retention / low spend segment
26,Other,Mumbai,Samsung,Android,6.2,41.8,119.9,30,5.0,3150,2.4,1.0,1957,Entertainment,3,5107,Young Low Spender,Retention / low spend segment
15,Other,Kolkata,Apple,Android,10.3,6.1,27.4,94,5.5,2221,4.5,0.0,1331,Gaming,3,3552,Young Low Spender,Retention / low spend segment
23,Male,Lucknow,Realme,Android,3.6,35.5,146.4,146,2.6,837,1.5,1.8,1696,Social Media,3,2533,Young Low Spender,Retention / low spend segment
22,Female,Mumbai,Vivo,iOS,2.1,46.4,192.9,137,1.3,5152,5.9,4.6,232,Work,3,5384,Young Low Spender,Retention / low spend segment
35,Other,Kolkata,Vivo,iOS,3.1,15.3,189.0,56,2.1,3796,2.0,3.8,1117,Entertainment,3,4913,Young Low Spender,Retention / low spend segment
17,Other,Mumbai,Xiaomi,iOS,6.4,4.1,39.7,175,5.9,1113,6.9,4.3,1955,Entertainment,3,3068,Young Low Spender,Retention / low spend segment
22,Male,Kolkata,Samsung,iOS,9.6,22.0,156.1,56,5.8,360,6.6,1.0,501,Education,3,861,Young Low Spender,Retention / low spend segment
15,Male,Pune,Nokia,iOS,10.4,15.0,99.6,114,3.0,414,3.0,0.8,130,Social Media,3,544,Young Low Spender,Retention / low spend segment
31,Other,Mumbai,Motorola,Android,1.7,21.7,229.9,162,5.5,2649,5.0,5.0,1945,Work,3,4594,Young Low Spender,Retention / low spend segment
24,Other,Delhi,Samsung,iOS,11.8,32.8,25.3,114,3.2,294,4.7,0.6,1679,Entertainment,3,1973,Young Low Spender,Retention / low spend segment
24,Other,Mumbai,Xiaomi,iOS,5.0,47.7,196.4,19,5.0,3510,0.6,3.8,1755,Gaming,3,5265,Young Low Spender,Retention / low spend segment
28,Other,Chennai,Motorola,iOS,8.7,22.4,183.2,195,0.9,3733,3.8,1.5,948,Social Media,3,4681,Young Low Spender,Retention / low spend segment
36,Female,Delhi,OnePlus,iOS,5.0,25.9,184.3,180,2.9,627,6.2,0.0,1769,Work,3,2396,Young Low Spender,Retention / low spend segment
19,Male,Lucknow,Oppo,iOS,3.6,31.9,81.2,193,0.7,718,6.3,2.0,951,Work,3,1669,Young Low Spender,Retention / low spend segment
24,Other,Kolkata,OnePlus,Android,1.9,44.8,204.9,189,2.1,4657,1.3,4.4,418,Gaming,3,5075,Young Low Spender,Retention / low spend segment
21,Female,Jaipur,OnePlus,iOS,6.1,34.9,73.7,200,5.6,1409,6.9,0.3,770,Gaming,3,2179,Young Low Spender,Retention / low spend segment
22,Female,Mumbai,Xiaomi,Android,3.5,10.0,141.2,100,1.1,2388,6.6,2.4,1936,Work,3,4324,Young Low Spender,Retention / low spend segment
38,Female,Delhi,Xiaomi,iOS,11.9,34.9,227.7,51,0.8,2531,4.9,3.3,117,Gaming,3,2648,Young Low Spender,Retention / low spend segment
18,Other,Kolkata,Samsung,Android,2.3,16.5,34.1,60,1.7,1468,7.8,2.5,923,Work,3,2391,Young Low Spender,Retention / low spend segment
36,Male,Delhi,Xiaomi,iOS,6.4,18.2,143.2,103,0.9,602,1.5,2.9,1229,Entertainment,3,1831,Young Low Spender,Retention / low spend segment
16,Other,Chennai,Apple,Android,1.8,42.0,223.4,161,0.6,2135,7.7,0.1,1961,Work,3,4096,Young Low Spender,Retention / low spend segment
33,Male,Hyderabad,Oppo,iOS,2.6,3.3,159.9,66,1.8,4013,2.4,2.3,274,Gaming,3,4287,Young Low Spender,Retention / low spend segment
24,Other,Delhi,Motorola,iOS,9.5,16.0,267.4,54,3.7,2464,3.6,1.9,709,Work,3,3173,Young Low Spender,Retention / low spend segment
15,Other,Delhi,Nokia,iOS,4.9,6.4,59.7,88,4.6,934,5.6,4.0,1025,Entertainment,3,1959,Young Low Spender,Retention / low spend segment
28,Female,Pune,Vivo,iOS,1.9,26.9,228.1,117,3.7,5731,4.3,2.9,1450,Entertainment,3,7181,Young Low Spender,Retention / low spend segment
22,Male,Lucknow,Samsung,iOS,8.2,40.7,291.2,98,1.7,418,7.7,0.2,211,Entertainment,3,629,Young Low Spender,Retention / low spend segment
33,Female,Pune,Samsung,Android,3.0,6.7,74.7,171,3.6,4350,6.3,1.0,574,Education,3,4924,Young Low Spender,Retention / low spend segment
22,Female,Hyderabad,Oppo,iOS,8.2,11.9,28.6,10,5.7,2703,5.7,1.3,804,Work,3,3507,Young Low Spender,Retention / low spend segment
28,Female,Jaipur,Google Pixel,Android,4.6,40.6,213.6,80,4.8,3988,2.2,1.9,1741,Social Media,3,5729,Young Low Spender,Retention / low spend segment
26,Female,Ahmedabad,Vivo,Android,10.5,45.2,278.6,86,5.7,3109,5.5,1.9,1233,Gaming,3,4342,Young Low Spender,Retention / low spend segment
30,Female,Hyderabad,Xiaomi,Android,3.2,24.9,168.9,154,2.0,2363,5.8,0.6,1851,Education,3,4214,Young Low Spender,Retention / low spend segment
16,Other,Lucknow,Samsung,iOS,8.4,44.6,140.1,96,3.7,3855,2.9,2.8,1959,Social Media,3,5814,Young Low Spender,Retention / low spend segment
18,Other,Lucknow,Apple,iOS,2.8,30.1,131.6,96,1.3,2018,5.9,3.9,300,Entertainment,3,2318,Young Low Spender,Retention / low spend segment
17,Male,Chennai,Motorola,Android,9.8,5.2,166.8,163,5.6,530,4.5,3.5,1821,Gaming,3,2351,Young Low Spender,Retention / low spend segment
36,Male,Jaipur,Motorola,Android,10.1,46.9,229.4,102,1.0,2581,5.9,1.8,1130,Social Media,3,3711,Young Low Spender,Retention / low spend segment
25,Other,Ahmedabad,Nokia,iOS,7.4,21.0,163.1,117,1.9,1443,3.2,1.3,1152,Work,3,2595,Young Low Spender,Retention / low spend segment
26,Female,Lucknow,Vivo,iOS,2.0,44.4,193.6,46,5.5,606,4.2,4.1,1582,Education,3,2188,Young Low Spender,Retention / low spend segment
35,Female,Jaipur,Samsung,Android,8.8,19.3,25.0,132,2.8,1091,7.3,0.4,1782,Work,3,2873,Young Low Spender,Retention / low spend segment
36,Female,Bangalore,Oppo,iOS,8.7,36.9,110.5,32,3.6,3714,5.9,2.8,460,Social Media,3,4174,Young Low Spender,Retention / low spend segment
31,Male,Bangalore,Vivo,Android,1.0,8.2,174.7,41,5.5,2285,4.8,2.0,1056,Education,3,3341,Young Low Spender,Retention / low spend segment
29,Other,Ahmedabad,Realme,iOS,11.8,11.4,149.6,28,0.5,2086,1.0,2.6,666,Social Media,3,2752,Young Low Spender,Retention / low spend segment
38,Other,Jaipur,Oppo,iOS,7.7,3.9,216.9,39,2.1,1617,6.1,1.2,799,Work,3,2416,Young Low Spender,Retention / low spend segment
20,Other,Kolkata,Oppo,Android,4.8,25.6,229.2,150,0.7,383,1.4,2.2,1480,Social Media,3,1863,Young Low Spender,Retention / low spend segment
27,Other,Bangalore,Nokia,iOS,4.5,44.0,243.1,17,2.4,4742,5.6,1.4,299,Education,3,5041,Young Low Spender,Retention / low spend segment
39,Male,Ahmedabad,Realme,iOS,4.9,20.6,292.3,116,1.2,560,5.4,4.3,982,Social Media,3,1542,Young Low Spender,Retention / low spend segment
28,Female,Lucknow,Google Pixel,iOS,5.9,8.1,293.6,187,2.3,2496,4.7,4.5,1173,Gaming,3,3669,Young Low Spender,Retention / low spend segment
16,Male,Jaipur,Samsung,Android,7.4,33.8,212.9,156,4.4,1171,5.6,3.5,1506,Social Media,3,2677,Young Low Spender,Retention / low spend segment
32,Other,Pune,Nokia,Android,6.2,19.7,75.4,178,0.9,991,3.5,4.5,1219,Entertainment,3,2210,Young Low Spender,Retention / low spend segment
36,Male,Mumbai,Vivo,Android,8.4,44.7,116.1,136,1.8,3529,6.1,3.8,1200,Entertainment,3,4729,Young Low Spender,Retention / low spend segment
26,Other,Hyderabad,OnePlus,iOS,1.2,7.7,72.8,68,1.7,3486,1.0,3.1,1035,Education,3,4521,Young Low Spender,Retention / low spend segment
39,Male,Ahmedabad,Nokia,Android,4.9,25.9,297.2,140,2.6,4259,6.3,3.2,328,Gaming,3,4587,Young Low Spender,Retention / low spend segment
22,Female,Chennai,Xiaomi,Android,5.5,22.3,199.6,187,2.5,5100,2.0,0.1,1493,Education,3,6593,Young Low Spender,Retention / low spend segment
18,Male,Ahmedabad,Apple,Android,11.1,35.4,205.9,67,1.8,1358,1.7,3.0,1863,Education,3,3221,Young Low Spender,Retention / low spend segment
27,Other,Pune,Nokia,iOS,4.8,5.0,207.7,80,4.4,3749,3.7,2.3,961,Gaming,3,4710,Young Low Spender,Retention / low spend segment
16,Other,Ahmedabad,Samsung,Android,10.3,1.7,227.8,198,5.7,1513,6.1,1.3,729,Work,3,2242,Young Low Spender,Retention / low spend segment
25,Male,Hyderabad,Motorola,Android,10.3,48.5,66.2,34,3.6,3052,0.8,0.3,1097,Entertainment,3,4149,Young Low Spender,Retention / low spend segment
35,Female,Jaipur,Google Pixel,iOS,4.7,27.7,115.7,128,3.5,706,6.1,3.8,905,Work,3,1611,Young Low Spender,Retention / low spend segment
36,Other,Ahmedabad,Oppo,Android,5.1,17.4,284.3,158,3.6,1313,6.3,1.9,1648,Education,3,2961,Young Low Spender,Retention / low spend segment
34,Female,Pune,Xiaomi,Android,6.2,24.8,206.7,60,1.1,2615,5.3,1.8,1422,Entertainment,3,4037,Young Low Spender,Retention / low spend segment
26,Other,Mumbai,Google Pixel,iOS,4.2,17.1,196.9,109,2.8,5479,3.6,4.2,1458,Entertainment,3,6937,Young Low Spender,Retention / low spend segment
32,Other,Delhi,OnePlus,Android,4.7,37.2,249.7,193,5.9,1499,4.6,2.4,1620,Work,3,3119,Young Low Spender,Retention / low spend segment
20,Female,Bangalore,Nokia,iOS,4.4,3.4,287.9,162,2.6,1294,1.6,0.3,1265,Work,3,2559,Young Low Spender,Retention / low spend segment
18,Male,Lucknow,OnePlus,iOS,7.5,23.5,174.4,71,0.9,1062,6.2,4.2,1923,Social Media,3,2985,Young Low Spender,Retention / low spend segment
19,Female,Pune,Realme,iOS,3.2,30.4,142.8,173,4.0,5604,2.6,2.7,1487,Education,3,7091,Young Low Spender,Retention / low spend segment
15,Male,Delhi,Nokia,Android,3.0,26.9,279.6,180,3.6,7006,4.9,1.4,1520,Education,3,8526,Young Low Spender,Retention / low spend segment
16,Male,Hyderabad,Oppo,iOS,10.4,8.4,250.8,168,2.5,3821,0.6,3.1,1278,Education,3,5099,Young Low Spender,Retention / low spend segment
25,Female,Ahmedabad,Apple,Android,11.2,18.7,122.2,189,5.2,3691,1.2,2.6,438,Work,3,4129,Young Low Spender,Retention / low spend segment
16,Male,Jaipur,Apple,Android,3.7,13.2,293.0,191,5.5,3522,1.4,4.7,597,Work,3,4119,Young Low Spender,Retention / low spend segment
20,Female,Pune,Apple,iOS,9.6,12.5,11.6,121,2.2,4989,2.8,1.3,1443,Entertainment,3,6432,Young Low Spender,Retention / low spend segment
23,Other,Ahmedabad,Google Pixel,iOS,5.6,15.6,114.9,141,5.2,316,7.2,0.8,1662,Gaming,3,1978,Young Low Spender,Retention / low spend segment
32,Other,Hyderabad,Realme,iOS,4.8,49.3,267.0,142,1.7,2443,1.5,2.9,199,Entertainment,3,2642,Young Low Spender,Retention / low spend segment
32,Female,Hyderabad,Oppo,Android,9.9,14.8,278.1,39,2.0,2213,7.0,2.6,697,Entertainment,3,2910,Young Low Spender,Retention / low spend segment
18,Male,Pune,Xiaomi,iOS,3.3,28.2,188.2,43,3.4,289,0.6,4.7,658,Education,3,947,Young Low Spender,Retention / low spend segment
25,Male,Lucknow,Oppo,Android,11.7,19.2,239.9,116,0.9,1251,2.9,1.4,1130,Social Media,3,2381,Young Low Spender,Retention / low spend segment
29,Other,Mumbai,Vivo,Android,6.4,24.5,61.2,197,1.5,3555,7.2,3.9,725,Work,3,4280,Young Low Spender,Retention / low spend segment
23,Female,Lucknow,Motorola,iOS,5.3,4.1,193.7,31,1.8,415,6.7,1.8,1423,Work,3,1838,Young Low Spender,Retention / low spend segment
33,Other,Lucknow,OnePlus,Android,1.7,1.3,269.3,33,5.0,3582,6.8,4.6,1658,Entertainment,3,5240,Young Low Spender,Retention / low spend segment
21,Female,Pune,Samsung,iOS,7.5,45.8,240.0,122,2.3,6449,1.3,2.4,436,Entertainment,3,6885,Young Low Spender,Retention / low spend segment
18,Male,Mumbai,Xiaomi,Android,10.5,31.7,196.4,68,3.2,2922,3.9,2.4,672,Education,3,3594,Young Low Spender,Retention / low spend segment
38,Female,Mumbai,Xiaomi,iOS,3.5,46.3,297.3,74,2.6,2197,6.5,4.7,281,Gaming,3,2478,Young Low Spender,Retention / low spend segment
17,Other,Mumbai,Vivo,iOS,3.6,1.2,117.4,101,3.3,5511,7.6,0.0,1242,Work,3,6753,Young Low Spender,Retention / low spend segment
19,Female,Kolkata,Motorola,Android,8.4,12.2,269.3,130,3.8,5498,5.8,2.5,650,Work,3,6148,Young Low Spender,Retention / low spend segment
17,Female,Lucknow,Motorola,Android,10.8,47.4,5.3,175,4.8,2782,5.5,3.7,208,Entertainment,3,2990,Young Low Spender,Retention / low spend segment
26,Other,Pune,Nokia,iOS,11.2,21.9,290.2,58,1.2,2304,6.5,3.3,1162,Education,3,3466,Young Low Spender,Retention / low spend segment
27,Male,Hyderabad,OnePlus,Android,7.8,15.7,235.4,105,1.9,3694,7.9,4.7,733,Education,3,4427,Young Low Spender,Retention / low spend segment
19,Male,Jaipur,Apple,Android,6.6,49.5,237.4,77,3.9,4811,5.0,1.9,1828,Education,3,6639,Young Low Spender,Retention / low spend segment
25,Other,Pune,Vivo,Android,7.7,33.6,74.2,153,6.0,316,6.5,2.3,793,Entertainment,3,1109,Young Low Spender,Retention / low spend segment
36,Other,Kolkata,Nokia,Android,10.6,47.1,213.7,159,2.7,2573,3.7,1.3,597,Entertainment,3,3170,Young Low Spender,Retention / low spend segment
25,Other,Delhi,Xiaomi,iOS,5.4,10.6,63.7,118,2.8,4005,5.1,0.4,236,Gaming,3,4241,Young Low Spender,Retention / low spend segment
30,Male,Pune,Samsung,Android,6.3,14.4,60.1,45,0.6,1232,7.2,4.7,416,Gaming,3,1648,Young Low Spender,Retention / low spend segment
23,Male,Mumbai,Motorola,iOS,4.3,16.2,94.2,13,5.3,1839,2.8,0.8,945,Entertainment,3,2784,Young Low Spender,Retention / low spend segment
20,Other,Pune,OnePlus,iOS,5.9,46.0,156.8,54,4.8,304,3.4,4.2,765,Entertainment,3,1069,Young Low Spender,Retention / low spend segment
39,Other,Mumbai,Oppo,iOS,10.5,40.1,183.0,77,0.6,2156,7.1,3.0,277,Gaming,3,2433,Young Low Spender,Retention / low spend segment
16,Other,Lucknow,Oppo,Android,3.4,42.6,42.3,185,2.1,6273,2.0,1.5,145,Entertainment,3,6418,Young Low Spender,Retention / low spend segment
21,Male,Pune,Oppo,iOS,9.4,4.7,127.4,146,1.2,164,1.2,1.6,967,Gaming,3,1131,Young Low Spender,Retention / low spend segment
38,Male,Ahmedabad,Samsung,iOS,2.7,8.8,147.6,123,1.3,642,4.3,4.0,1591,Entertainment,3,2233,Young Low Spender,Retention / low spend segment
20,Female,Lucknow,Vivo,iOS,4.2,34.6,82.3,23,5.6,1741,5.3,0.9,1433,Social Media,3,3174,Young Low Spender,Retention / low spend segment
33,Other,Bangalore,Realme,iOS,4.6,41.8,146.7,96,3.6,3943,1.9,0.2,1806,Work,3,5749,Young Low Spender,Retention / low spend segment
31,Male,Lucknow,Oppo,iOS,4.1,16.8,18.9,63,5.5,1273,5.5,1.9,1899,Social Media,3,3172,Young Low Spender,Retention / low spend segment
30,Male,Delhi,Vivo,iOS,11.8,48.5,120.6,130,3.0,4565,6.4,1.8,238,Work,3,4803,Young Low Spender,Retention / low spend segment
31,Other,Kolkata,Google Pixel,Android,1.2,11.3,212.4,11,1.8,2350,4.3,4.7,1901,Social Media,3,4251,Young Low Spender,Retention / low spend segment
16,Male,Lucknow,Xiaomi,Android,11.2,44.0,114.8,86,4.3,472,6.9,4.9,186,Education,3,658,Young Low Spender,Retention / low spend segment
33,Male,Ahmedabad,Motorola,Android,8.6,20.7,46.5,156,1.6,507,2.9,0.1,1870,Social Media,3,2377,Young Low Spender,Retention / low spend segment
22,Female,Jaipur,Oppo,iOS,2.5,30.5,138.9,78,3.0,279,5.9,4.3,1878,Work,3,2157,Young Low Spender,Retention / low spend segment
16,Male,Delhi,Samsung,Android,4.3,10.1,178.4,178,0.8,6323,5.8,0.7,1523,Gaming,3,7846,Young Low Spender,Retention / low spend segment
16,Male,Bangalore,OnePlus,Android,1.4,25.2,173.6,12,5.3,4443,3.2,3.9,336,Gaming,3,4779,Young Low Spender,Retention / low spend segment
25,Other,Mumbai,Xiaomi,Android,6.5,32.1,27.3,196,3.1,1837,1.1,1.3,1086,Entertainment,3,2923,Young Low Spender,Retention / low spend segment
16,Other,Jaipur,Motorola,iOS,11.8,19.4,297.3,141,5.6,2385,7.8,1.4,218,Social Media,3,2603,Young Low Spender,Retention / low spend segment
17,Other,Kolkata,OnePlus,Android,9.7,12.9,282.0,35,1.1,1701,2.5,2.1,283,Gaming,3,1984,Young Low Spender,Retention / low spend segment
20,Male,Lucknow,OnePlus,iOS,1.4,47.8,212.6,77,5.4,572,0.7,1.1,293,Entertainment,3,865,Young Low Spender,Retention / low spend segment
18,Other,Pune,OnePlus,Android,4.1,6.9,204.5,170,4.7,1010,7.1,2.4,1281,Education,3,2291,Young Low Spender,Retention / low spend segment
18,Female,Delhi,Realme,iOS,9.0,14.6,194.9,55,2.2,6452,2.8,2.1,1731,Work,3,8183,Young Low Spender,Retention / low spend segment
18,Male,Mumbai,Apple,Android,10.2,16.2,226.3,83,3.9,3513,4.9,2.0,1333,Entertainment,3,4846,Young Low Spender,Retention / low spend segment
18,Male,Delhi,Samsung,iOS,1.6,36.9,234.2,51,2.0,358,5.6,0.2,1021,Education,3,1379,Young Low Spender,Retention / low spend segment
18,Male,Hyderabad,Motorola,Android,5.5,40.9,91.6,192,3.3,2967,5.6,1.4,258,Social Media,3,3225,Young Low Spender,Retention / low spend segment
35,Female,Jaipur,Google Pixel,iOS,11.3,33.6,34.7,160,0.8,1947,3.8,2.2,1458,Gaming,3,3405,Young Low Spender,Retention / low spend segment
28,Other,Bangalore,Apple,Android,3.5,32.1,40.3,107,2.3,1818,1.9,2.9,402,Entertainment,3,2220,Young Low Spender,Retention / low spend segment
20,Male,Kolkata,Nokia,iOS,8.4,14.2,245.8,19,5.2,2094,3.9,3.3,687,Education,3,2781,Young Low Spender,Retention / low spend segment
23,Other,Jaipur,Samsung,Android,7.5,49.3,284.2,160,3.0,3054,5.4,0.5,971,Gaming,3,4025,Young Low Spender,Retention / low spend segment
32,Female,Kolkata,OnePlus,Android,2.7,4.6,118.3,148,3.9,2643,1.0,1.9,554,Social Media,3,3197,Young Low Spender,Retention / low spend segment
30,Female,Mumbai,Google Pixel,iOS,1.9,21.1,292.0,139,1.5,3493,4.9,2.7,235,Gaming,3,3728,Young Low Spender,Retention / low spend segment
26,Male,Hyderabad,Google Pixel,Android,2.8,17.1,181.6,111,5.3,2595,1.1,3.5,1896,Entertainment,3,4491,Young Low Spender,Retention / low spend segment
15,Female,Mumbai,Apple,Android,9.3,14.7,167.6,109,2.8,6830,4.6,2.7,986,Social Media,3,7816,Young Low Spender,Retention / low spend segment
29,Male,Jaipur,Xiaomi,Android,6.0,35.3,98.0,139,3.0,736,5.6,1.8,1611,Social Media,3,2347,Young Low Spender,Retention / low spend segment
16,Male,Jaipur,Xiaomi,iOS,10.2,29.9,231.4,149,3.5,1632,7.5,1.1,526,Education,3,2158,Young Low Spender,Retention / low spend segment
16,Male,Mumbai,Samsung,Android,2.6,44.8,174.2,32,2.7,428,2.2,4.4,265,Education,3,693,Young Low Spender,Retention / low spend segment
24,Other,Jaipur,Motorola,Android,5.3,42.5,279.6,43,5.9,1487,0.7,1.5,1853,Gaming,3,3340,Young Low Spender,Retention / low spend segment
26,Male,Bangalore,Oppo,Android,5.9,4.9,246.0,44,3.4,1541,4.7,4.9,1101,Education,3,2642,Young Low Spender,Retention / low spend segment
23,Female,Pune,OnePlus,Android,3.3,36.4,276.5,143,2.7,5491,4.9,1.1,1563,Gaming,3,7054,Young Low Spender,Retention / low spend segment
33,Male,Jaipur,OnePlus,Android,2.0,30.4,74.0,176,1.7,3837,5.4,1.6,1553,Work,3,5390,Young Low Spender,Retention / low spend segment
32,Other,Hyderabad,Motorola,Android,7.0,23.6,96.1,14,1.7,1224,3.2,1.0,1291,Social Media,3,2515,Young Low Spender,Retention / low spend segment
25,Male,Chennai,Apple,Android,8.5,23.0,258.9,137,3.3,5297,3.0,0.2,681,Gaming,3,5978,Young Low Spender,Retention / low spend segment
33,Female,Mumbai,Xiaomi,Android,3.0,4.3,209.1,78,3.9,972,7.7,0.9,625,Education,3,1597,Young Low Spender,Retention / low spend segment
17,Male,Mumbai,Vivo,Android,8.6,21.4,256.2,123,1.7,5528,2.5,4.0,1568,Work,3,7096,Young Low Spender,Retention / low spend segment
32,Male,Jaipur,OnePlus,Android,10.4,45.5,281.0,29,4.2,2697,5.0,1.5,340,Education,3,3037,Young Low Spender,Retention / low spend segment
18,Other,Chennai,Vivo,iOS,11.5,38.0,123.5,160,1.9,3803,1.1,0.2,1024,Entertainment,3,4827,Young Low Spender,Retention / low spend segment
15,Male,Hyderabad,Oppo,iOS,1.4,13.3,79.9,143,1.0,6090,4.1,3.3,1322,Education,3,7412,Young Low Spender,Retention / low spend segment
26,Male,Kolkata,Samsung,Android,1.8,43.2,265.6,141,3.3,5580,4.0,3.7,829,Work,3,6409,Young Low Spender,Retention / low spend segment
32,Male,Kolkata,Google Pixel,Android,9.6,47.4,122.7,21,2.1,4751,7.0,4.8,1902,Education,3,6653,Young Low Spender,Retention / low spend segment
21,Female,Jaipur,Vivo,iOS,5.3,43.9,47.2,37,3.4,4450,0.6,0.6,441,Education,3,4891,Young Low Spender,Retention / low spend segment
25,Female,Hyderabad,OnePlus,Android,5.6,22.4,18.0,59,1.3,1860,3.9,0.4,748,Education,3,2608,Young Low Spender,Retention / low spend segment
24,Female,Hyderabad,Apple,iOS,1.7,1.1,70.5,180,3.3,2896,4.9,3.0,1724,Education,3,4620,Young Low Spender,Retention / low spend segment
33,Other,Mumbai,Google Pixel,iOS,2.6,33.7,208.3,97,3.6,1611,1.4,1.1,291,Gaming,3,1902,Young Low Spender,Retention / low spend segment
27,Male,Lucknow,Realme,Android,3.6,30.3,229.6,26,3.8,3569,2.7,3.6,174,Work,3,3743,Young Low Spender,Retention / low spend segment
32,Male,Bangalore,Realme,Android,7.6,1.5,299.5,196,4.2,3954,7.2,2.5,1965,Social Media,3,5919,Young Low Spender,Retention / low spend segment
26,Female,Bangalore,Apple,Android,8.5,29.3,122.9,31,5.6,1831,1.7,3.2,144,Social Media,3,1975,Young Low Spender,Retention / low spend segment
29,Female,Mumbai,Samsung,iOS,9.5,7.3,170.6,56,1.1,4468,5.8,2.3,1282,Work,3,5750,Young Low Spender,Retention / low spend segment
30,Female,Hyderabad,Apple,iOS,6.4,1.6,206.3,166,2.6,1861,6.9,1.7,637,Work,3,2498,Young Low Spender,Retention / low spend segment
27,Female,Mumbai,Motorola,Android,1.3,6.5,288.4,102,4.9,693,1.0,1.2,660,Social Media,3,1353,Young Low Spender,Retention / low spend segment
15,Female,Bangalore,Apple,Android,9.3,45.7,234.6,97,1.8,3909,6.9,2.2,1630,Work,3,5539,Young Low Spender,Retention / low spend segment
39,Female,Mumbai,Vivo,iOS,8.3,7.8,215.7,112,2.1,924,7.9,0.2,1801,Social Media,3,2725,Young Low Spender,Retention / low spend segment
19,Female,Ahmedabad,Google Pixel,Android,11.4,35.4,184.8,82,2.6,6619,1.0,1.4,1560,Work,3,8179,Young Low Spender,Retention / low spend segment
19,Other,Kolkata,OnePlus,Android,1.2,41.5,191.8,20,1.1,4037,2.6,4.2,377,Gaming,3,4414,Young Low Spender,Retention / low spend segment
22,Female,Lucknow,Samsung,iOS,9.7,48.3,26.5,142,1.2,819,5.0,3.6,637,Work,3,1456,Young Low Spender,Retention / low spend segment
18,Female,Bangalore,Samsung,iOS,5.9,20.6,66.5,110,1.8,2788,6.2,4.4,1585,Social Media,3,4373,Young Low Spender,Retention / low spend segment
19,Female,Hyderabad,Apple,iOS,7.2,3.1,73.3,87,2.8,5739,5.9,2.1,285,Work,3,6024,Young Low Spender,Retention / low spend segment
33,Female,Bangalore,Google Pixel,Android,7.9,46.5,87.3,176,3.3,3808,1.0,3.3,150,Education,3,3958,Young Low Spender,Retention / low spend segment
18,Other,Mumbai,Realme,Android,2.9,42.1,53.7,166,4.5,4053,5.7,3.2,1390,Work,3,5443,Young Low Spender,Retention / low spend segment
30,Female,Jaipur,Motorola,Android,6.3,4.9,175.1,144,1.0,1345,5.8,0.9,1813,Education,3,3158,Young Low Spender,Retention / low spend segment
25,Other,Lucknow,Xiaomi,iOS,8.6,11.3,114.8,18,5.8,2213,5.9,4.8,1009,Entertainment,3,3222,Young Low Spender,Retention / low spend segment
25,Male,Ahmedabad,Motorola,iOS,6.9,48.3,293.0,108,5.4,2185,2.7,4.3,426,Gaming,3,2611,Young Low Spender,Retention / low spend segment
24,Male,Kolkata,Xiaomi,iOS,6.6,13.5,178.3,56,2.2,3981,3.0,0.7,1675,Entertainment,3,5656,Young Low Spender,Retention / low spend segment
33,Male,Hyderabad,Oppo,iOS,8.0,13.5,89.6,11,2.7,1849,1.2,4.9,1333,Education,3,3182,Young Low Spender,Retention / low spend segment
27,Other,Jaipur,Google Pixel,iOS,8.2,37.6,65.2,186,4.5,2051,7.6,3.7,1480,Entertainment,3,3531,Young Low Spender,Retention / low spend segment
20,Male,Pune,Google Pixel,iOS,4.6,40.6,55.2,51,5.4,3652,4.4,4.5,1674,Work,3,5326,Young Low Spender,Retention / low spend segment
36,Other,Lucknow,Apple,Android,9.2,18.3,86.4,173,3.5,2213,4.0,4.8,153,Education,3,2366,Young Low Spender,Retention / low spend segment
21,Male,Lucknow,Google Pixel,Android,12.0,7.3,243.9,40,3.7,6326,7.4,1.2,1864,Work,3,8190,Young Low Spender,Retention / low spend segment
34,Male,Bangalore,Vivo,iOS,1.3,10.7,92.3,60,2.7,2404,2.0,0.5,1046,Entertainment,3,3450,Young Low Spender,Retention / low spend segment
24,Male,Pune,Samsung,iOS,9.3,5.9,167.5,97,2.2,5338,3.9,3.5,982,Entertainment,3,6320,Young Low Spender,Retention / low spend segment
24,Other,Chennai,Google Pixel,Android,1.2,33.6,230.6,98,3.9,3182,6.8,4.8,1927,Gaming,3,5109,Young Low Spender,Retention / low spend segment
25,Male,Kolkata,Nokia,iOS,4.2,32.1,12.0,144,3.7,3360,5.1,1.7,978,Entertainment,3,4338,Young Low Spender,Retention / low spend segment
30,Other,Kolkata,Apple,iOS,12.0,7.0,275.2,13,2.8,3465,5.1,2.2,962,Entertainment,3,4427,Young Low Spender,Retention / low spend segment
26,Female,Mumbai,Nokia,Android,5.4,14.2,194.8,161,0.9,1667,1.4,3.6,367,Gaming,3,2034,Young Low Spender,Retention / low spend segment
21,Male,Mumbai,Vivo,Android,11.3,14.0,154.5,105,0.9,4943,6.4,3.6,860,Education,3,5803,Young Low Spender,Retention / low spend segment
23,Female,Ahmedabad,Samsung,Android,7.5,38.6,131.8,165,5.0,1128,4.5,3.4,984,Social Media,3,2112,Young Low Spender,Retention / low spend segment
20,Other,Lucknow,Motorola,Android,3.3,6.5,55.7,174,1.2,2128,7.3,2.8,586,Social Media,3,2714,Young Low Spender,Retention / low spend segment
37,Female,Jaipur,Motorola,Android,8.4,26.1,238.4,15,0.8,2044,6.6,1.5,969,Education,3,3013,Young Low Spender,Retention / low spend segment
23,Other,Jaipur,Oppo,iOS,9.9,10.7,186.7,168,1.1,108,2.2,0.6,602,Entertainment,3,710,Young Low Spender,Retention / low spend segment
19,Female,Chennai,Oppo,Android,9.3,28.6,67.2,22,4.0,5240,2.8,1.1,383,Entertainment,3,5623,Young Low Spender,Retention / low spend segment
27,Other,Lucknow,Google Pixel,iOS,7.7,23.1,179.3,15,2.8,2422,4.1,4.2,1939,Social Media,3,4361,Young Low Spender,Retention / low spend segment
19,Male,Lucknow,Nokia,iOS,4.0,8.6,168.3,129,4.9,974,4.5,3.6,1791,Work,3,2765,Young Low Spender,Retention / low spend segment
37,Female,Ahmedabad,Realme,iOS,7.1,23.7,124.7,149,2.8,1112,5.1,2.7,605,Social Media,3,1717,Young Low Spender,Retention / low spend segment
21,Female,Delhi,OnePlus,Android,9.8,45.8,90.4,118,3.4,1731,7.8,2.2,1875,Gaming,3,3606,Young Low Spender,Retention / low spend segment
34,Female,Hyderabad,Motorola,Android,7.1,35.0,159.6,147,2.6,3932,3.3,4.2,1354,Entertainment,3,5286,Young Low Spender,Retention / low spend segment
31,Female,Lucknow,Vivo,iOS,6.2,27.5,252.0,171,3.1,2622,4.5,0.2,404,Education,3,3026,Young Low Spender,Retention / low spend segment
15,Female,Kolkata,Vivo,Android,6.3,25.6,126.7,32,1.9,6854,6.4,3.5,345,Education,3,7199,Young Low Spender,Retention / low spend segment
18,Male,Mumbai,Apple,iOS,4.1,49.6,273.9,19,3.9,5000,2.9,4.3,917,Education,3,5917,Young Low Spender,Retention / low spend segment
19,Other,Kolkata,Apple,iOS,1.8,2.2,204.3,182,4.8,885,0.9,0.6,1656,Entertainment,3,2541,Young Low Spender,Retention / low spend segment
33,Female,Lucknow,OnePlus,iOS,10.7,6.5,32.5,145,3.4,549,1.3,2.4,655,Entertainment,3,1204,Young Low Spender,Retention / low spend segment
33,Male,Lucknow,Xiaomi,Android,10.6,33.5,38.1,191,2.7,3949,4.0,1.3,134,Entertainment,3,4083,Young Low Spender,Retention / low spend segment
23,Male,Delhi,Xiaomi,Android,11.4,43.0,192.5,145,1.6,2820,3.2,1.3,1868,Social Media,3,4688,Young Low Spender,Retention / low spend segment
30,Male,Chennai,Samsung,iOS,4.8,8.0,76.9,191,1.9,4281,5.1,0.9,709,Social Media,3,4990,Young Low Spender,Retention / low spend segment
18,Other,Chennai,Vivo,iOS,3.0,3.5,63.5,155,1.6,5641,4.9,2.4,238,Gaming,3,5879,Young Low Spender,Retention / low spend segment
16,Other,Kolkata,Oppo,iOS,5.5,21.7,235.4,172,1.6,3493,3.8,4.7,755,Entertainment,3,4248,Young Low Spender,Retention / low spend segment
37,Other,Bangalore,Samsung,Android,10.4,46.7,153.8,133,1.4,1240,2.5,1.3,1048,Gaming,3,2288,Young Low Spender,Retention / low spend segment
23,Female,Delhi,Samsung,Android,8.0,30.8,204.3,142,5.2,3989,3.8,1.5,404,Work,3,4393,Young Low Spender,Retention / low spend segment
17,Male,Kolkata,Samsung,iOS,5.8,44.7,202.5,31,3.3,1494,4.5,4.4,1968,Entertainment,3,3462,Young Low Spender,Retention / low spend segment
27,Male,Hyderabad,Apple,iOS,10.8,47.3,22.1,87,2.5,2067,2.8,3.6,373,Entertainment,3,2440,Young Low Spender,Retention / low spend segment
31,Other,Chennai,Nokia,Android,2.9,7.8,17.6,102,5.6,389,1.4,4.6,579,Social Media,3,968,Young Low Spender,Retention / low spend segment
29,Other,Pune,Nokia,iOS,7.6,7.4,133.5,195,3.6,1080,1.3,1.7,1689,Education,3,2769,Young Low Spender,Retention / low spend segment
28,Other,Bangalore,Vivo,iOS,5.7,26.3,82.3,82,1.6,487,2.7,2.4,1120,Social Media,3,1607,Young Low Spender,Retention / low spend segment
21,Other,Delhi,Samsung,Android,5.0,29.2,60.8,171,0.7,3596,2.1,0.9,1134,Entertainment,3,4730,Young Low Spender,Retention / low spend segment
15,Female,Chennai,Oppo,iOS,11.7,33.2,140.9,30,2.5,2669,7.6,4.5,1900,Work,3,4569,Young Low Spender,Retention / low spend segment
28,Female,Ahmedabad,Apple,Android,9.0,15.2,71.0,173,3.0,2118,3.4,1.8,192,Work,3,2310,Young Low Spender,Retention / low spend segment
39,Male,Bangalore,Oppo,iOS,2.3,27.5,291.6,74,1.5,202,5.4,1.4,282,Entertainment,3,484,Young Low Spender,Retention / low spend segment
19,Other,Kolkata,OnePlus,iOS,8.6,30.0,75.0,41,2.4,855,0.9,1.8,514,Gaming,3,1369,Young Low Spender,Retention / low spend segment
39,Other,Hyderabad,Motorola,Android,3.6,10.3,154.3,167,1.2,2902,7.9,0.2,1010,Entertainment,3,3912,Young Low Spender,Retention / low spend segment
30,Female,Pune,Apple,iOS,5.0,20.4,111.0,76,3.8,2434,4.5,4.7,1000,Entertainment,3,3434,Young Low Spender,Retention / low spend segment
34,Other,Pune,Realme,Android,6.3,20.5,137.5,66,1.7,3546,7.0,2.3,136,Entertainment,3,3682,Young Low Spender,Retention / low spend segment
36,Female,Delhi,Xiaomi,iOS,5.8,22.5,236.1,21,3.3,1407,6.3,2.9,469,Gaming,3,1876,Young Low Spender,Retention / low spend segment
16,Female,Bangalore,Oppo,iOS,2.0,10.4,204.4,128,1.3,3366,5.9,3.2,543,Gaming,3,3909,Young Low Spender,Retention / low spend segment
19,Female,Pune,Nokia,Android,3.0,12.2,27.8,105,1.7,5922,5.4,2.2,1364,Social Media,3,7286,Young Low Spender,Retention / low spend segment
36,Female,Lucknow,OnePlus,iOS,11.3,30.5,69.0,156,0.6,1669,2.9,0.7,197,Gaming,3,1866,Young Low Spender,Retention / low spend segment
34,Other,Pune,Realme,iOS,10.8,27.6,130.2,199,0.8,2176,1.9,4.0,194,Social Media,3,2370,Young Low Spender,Retention / low spend segment
33,Other,Delhi,Apple,Android,4.7,31.9,188.4,134,4.6,2205,7.5,4.4,1876,Education,3,4081,Young Low Spender,Retention / low spend segment
37,Other,Kolkata,Xiaomi,iOS,5.0,40.7,80.7,140,2.7,2442,4.8,0.3,1118,Education,3,3560,Young Low Spender,Retention / low spend segment
22,Male,Chennai,Vivo,Android,6.5,20.5,184.5,183,1.3,4056,3.2,3.2,647,Entertainment,3,4703,Young Low Spender,Retention / low spend segment
33,Male,Chennai,OnePlus,Android,5.8,12.7,299.6,174,0.7,2245,6.8,3.7,527,Entertainment,3,2772,Young Low Spender,Retention / low spend segment
22,Other,Bangalore,Xiaomi,Android,7.8,8.6,114.6,158,2.1,6442,5.1,1.0,1167,Education,3,7609,Young Low Spender,Retention / low spend segment
37,Female,Lucknow,OnePlus,iOS,9.1,43.4,272.3,167,3.4,251,3.9,2.1,1553,Social Media,3,1804,Young Low Spender,Retention / low spend segment
24,Male,Kolkata,Samsung,iOS,4.6,35.9,287.9,51,2.6,5247,1.4,0.9,1223,Social Media,3,6470,Young Low Spender,Retention / low spend segment
35,Other,Delhi,Google Pixel,iOS,5.2,12.2,32.9,89,1.0,2212,2.7,0.3,1784,Social Media,3,3996,Young Low Spender,Retention / low spend segment
27,Male,Kolkata,Oppo,Android,7.0,2.5,105.1,131,3.1,859,5.5,2.1,714,Gaming,3,1573,Young Low Spender,Retention / low spend segment
34,Other,Chennai,Vivo,Android,2.9,21.7,296.7,86,3.5,637,5.0,3.3,1266,Gaming,3,1903,Young Low Spender,Retention / low spend segment
22,Female,Lucknow,Xiaomi,iOS,11.1,36.8,50.0,170,2.4,4483,7.7,0.6,618,Social Media,3,5101,Young Low Spender,Retention / low spend segment
20,Female,Delhi,Realme,iOS,6.4,36.3,24.0,24,2.5,4424,6.7,3.2,250,Entertainment,3,4674,Young Low Spender,Retention / low spend segment
27,Female,Chennai,Google Pixel,iOS,6.5,45.6,188.9,119,3.3,151,0.6,0.6,1153,Social Media,3,1304,Young Low Spender,Retention / low spend segment
39,Female,Kolkata,OnePlus,Android,3.4,37.3,212.1,13,1.8,3158,0.6,0.1,1297,Education,3,4455,Young Low Spender,Retention / low spend segment
28,Other,Jaipur,Samsung,iOS,8.7,2.2,24.5,75,3.3,4992,5.1,0.1,216,Entertainment,3,5208,Young Low Spender,Retention / low spend segment
17,Other,Ahmedabad,Google Pixel,Android,3.8,11.8,198.5,130,2.7,4213,5.0,4.9,1987,Social Media,3,6200,Young Low Spender,Retention / low spend segment
35,Female,Kolkata,Xiaomi,Android,7.8,42.1,291.3,12,2.1,3107,7.3,4.3,133,Work,3,3240,Young Low Spender,Retention / low spend segment
31,Female,Pune,Samsung,iOS,9.9,44.3,43.4,53,3.0,1590,6.9,1.1,924,Social Media,3,2514,Young Low Spender,Retention / low spend segment
21,Female,Hyderabad,Xiaomi,iOS,9.7,32.4,97.7,176,4.0,3833,3.7,3.1,1046,Social Media,3,4879,Young Low Spender,Retention / low spend segment
28,Other,Chennai,OnePlus,iOS,7.8,24.1,182.6,190,2.0,1914,2.7,4.5,280,Social Media,3,2194,Young Low Spender,Retention / low spend segment
17,Other,Jaipur,Google Pixel,iOS,5.9,45.3,92.5,78,4.4,5527,6.9,0.9,297,Social Media,3,5824,Young Low Spender,Retention / low spend segment
15,Other,Pune,Samsung,iOS,10.5,38.4,171.6,115,4.5,2062,7.9,0.3,356,Gaming,3,2418,Young Low Spender,Retention / low spend segment
19,Male,Pune,Realme,iOS,4.0,45.2,102.7,77,1.3,4092,4.7,3.3,349,Education,3,4441,Young Low Spender,Retention / low spend segment
25,Female,Hyderabad,OnePlus,Android,2.9,11.7,25.4,57,2.5,5150,2.2,0.8,701,Gaming,3,5851,Young Low Spender,Retention / low spend segment
16,Male,Pune,OnePlus,iOS,4.3,15.3,222.3,96,4.6,156,5.8,0.9,1002,Social Media,3,1158,Young Low Spender,Retention / low spend segment
22,Male,Ahmedabad,OnePlus,iOS,7.7,3.6,205.7,188,4.6,1725,4.1,4.5,527,Work,3,2252,Young Low Spender,Retention / low spend segment
34,Male,Chennai,Oppo,iOS,8.0,27.5,224.4,128,2.6,2809,7.5,4.6,375,Gaming,3,3184,Young Low Spender,Retention / low spend segment
29,Male,Jaipur,Oppo,Android,7.5,47.6,153.1,79,2.4,2257,5.9,0.3,1948,Social Media,3,4205,Young Low Spender,Retention / low spend segment
16,Female,Jaipur,Samsung,Android,7.1,44.7,186.6,195,0.8,2937,1.5,3.4,449,Social Media,3,3386,Young Low Spender,Retention / low spend segment
34,Female,Hyderabad,Xiaomi,iOS,9.0,25.3,205.1,146,3.0,5491,5.4,2.3,750,Social Media,3,6241,Young Low Spender,Retention / low spend segment
20,Female,Lucknow,Nokia,Android,10.3,33.2,278.3,24,3.5,4177,3.8,3.6,789,Work,3,4966,Young Low Spender,Retention / low spend segment
29,Female,Hyderabad,Samsung,iOS,9.9,46.9,122.8,77,2.7,5363,5.6,1.1,1043,Education,3,6406,Young Low Spender,Retention / low spend segment
24,Female,Mumbai,Apple,iOS,10.4,4.1,121.0,186,1.2,981,0.8,4.0,722,Education,3,1703,Young Low Spender,Retention / low spend segment
21,Male,Jaipur,Motorola,Android,5.4,6.4,216.7,27,1.5,930,5.8,0.2,450,Education,3,1380,Young Low Spender,Retention / low spend segment
28,Female,Delhi,Samsung,Android,5.4,9.3,58.8,85,0.7,2817,5.0,3.2,408,Work,3,3225,Young Low Spender,Retention / low spend segment
18,Other,Ahmedabad,Vivo,Android,6.9,11.7,123.0,183,1.0,2165,7.2,1.2,746,Education,3,2911,Young Low Spender,Retention / low spend segment
30,Female,Lucknow,Google Pixel,Android,8.2,27.3,144.0,53,1.2,487,2.1,3.3,223,Social Media,3,710,Young Low Spender,Retention / low spend segment
33,Female,Delhi,Oppo,iOS,3.2,17.7,227.5,96,3.8,3905,1.6,0.7,1899,Education,3,5804,Young Low Spender,Retention / low spend segment
29,Other,Hyderabad,Vivo,Android,6.8,9.9,117.2,62,1.1,2517,1.1,1.3,1677,Work,3,4194,Young Low Spender,Retention / low spend segment
34,Other,Hyderabad,Oppo,iOS,11.3,49.2,117.2,58,1.6,1981,6.1,0.3,141,Social Media,3,2122,Young Low Spender,Retention / low spend segment
16,Male,Mumbai,Nokia,Android,10.7,22.9,296.7,126,5.1,3115,3.9,1.2,1487,Entertainment,3,4602,Young Low Spender,Retention / low spend segment
16,Male,Delhi,Oppo,Android,11.0,21.7,296.4,40,4.5,3027,2.3,3.5,1788,Work,3,4815,Young Low Spender,Retention / low spend segment
15,Female,Chennai,Apple,Android,3.1,15.7,179.5,48,1.6,4090,4.9,4.3,708,Work,3,4798,Young Low Spender,Retention / low spend segment
19,Other,Ahmedabad,Xiaomi,iOS,9.4,6.7,91.8,23,4.7,181,6.3,4.7,1454,Work,3,1635,Young Low Spender,Retention / low spend segment
17,Male,Delhi,Google Pixel,iOS,9.6,24.4,96.0,189,3.6,563,6.7,4.9,648,Gaming,3,1211,Young Low Spender,Retention / low spend segment
35,Other,Chennai,Motorola,Android,1.4,13.4,243.6,46,3.3,1591,6.7,3.6,1820,Work,3,3411,Young Low Spender,Retention / low spend segment
33,Other,Mumbai,Vivo,Android,1.2,41.2,295.5,59,2.1,4377,4.3,1.2,1711,Education,3,6088,Young Low Spender,Retention / low spend segment
16,Other,Delhi,Motorola,iOS,5.1,18.6,55.1,41,2.5,182,7.3,4.3,1935,Social Media,3,2117,Young Low Spender,Retention / low spend segment
24,Male,Pune,Apple,iOS,2.1,4.5,98.6,189,3.6,2379,4.6,5.0,1802,Gaming,3,4181,Young Low Spender,Retention / low spend segment
34,Other,Kolkata,Xiaomi,iOS,2.0,23.8,140.9,80,1.2,2645,4.4,3.4,375,Social Media,3,3020,Young Low Spender,Retention / low spend segment
33,Other,Jaipur,Samsung,Android,8.0,43.7,119.6,135,5.3,2298,2.4,3.6,1798,Gaming,3,4096,Young Low Spender,Retention / low spend segment
23,Other,Pune,Nokia,iOS,9.3,1.7,189.8,94,5.8,1717,5.3,2.5,1308,Social Media,3,3025,Young Low Spender,Retention / low spend segment
29,Female,Lucknow,Apple,iOS,3.5,44.4,113.7,70,2.9,1932,6.3,0.3,629,Gaming,3,2561,Young Low Spender,Retention / low spend segment
19,Other,Jaipur,Nokia,iOS,7.3,5.0,278.2,63,3.2,2487,0.9,0.8,1998,Education,3,4485,Young Low Spender,Retention / low spend segment
29,Female,Mumbai,Motorola,Android,4.7,23.6,281.3,93,2.6,2958,5.7,4.9,630,Education,3,3588,Young Low Spender,Retention / low spend segment
35,Female,Kolkata,Xiaomi,iOS,5.9,3.6,238.3,124,4.3,2870,3.5,5.0,1064,Gaming,3,3934,Young Low Spender,Retention / low spend segment
26,Male,Delhi,Oppo,iOS,6.1,45.7,163.0,129,1.0,2331,5.2,4.6,1531,Education,3,3862,Young Low Spender,Retention / low spend segment
25,Other,Chennai,OnePlus,Android,4.2,21.8,89.6,109,5.4,1109,2.2,1.8,354,Gaming,3,1463,Young Low Spender,Retention / low spend segment
30,Male,Lucknow,Motorola,iOS,6.3,40.2,94.7,146,2.1,3264,3.0,4.8,1615,Entertainment,3,4879,Young Low Spender,Retention / low spend segment
16,Other,Pune,Apple,iOS,5.7,31.7,150.0,119,3.7,5207,6.6,4.4,1015,Gaming,3,6222,Young Low Spender,Retention / low spend segment
35,Male,Mumbai,Xiaomi,Android,5.3,48.3,265.5,115,4.9,2769,4.1,2.9,1978,Work,3,4747,Young Low Spender,Retention / low spend segment
22,Male,Delhi,Motorola,Android,1.4,48.7,63.8,191,4.3,4793,0.5,4.1,308,Gaming,3,5101,Young Low Spender,Retention / low spend segment
17,Other,Chennai,OnePlus,iOS,11.0,7.8,114.4,172,3.4,5510,7.3,3.7,1490,Entertainment,3,7000,Young Low Spender,Retention / low spend segment
19,Female,Kolkata,Oppo,iOS,8.3,35.3,56.9,76,5.2,3393,7.5,1.4,1867,Entertainment,3,5260,Young Low Spender,Retention / low spend segment
29,Other,Lucknow,Oppo,iOS,1.3,48.8,63.5,67,4.0,4170,7.1,1.9,547,Social Media,3,4717,Young Low Spender,Retention / low spend segment
16,Female,Chennai,Motorola,iOS,1.0,32.6,215.4,158,0.9,2011,3.4,4.9,228,Gaming,3,2239,Young Low Spender,Retention / low spend segment
21,Male,Delhi,Samsung,Android,4.1,32.1,122.8,89,1.4,4005,2.3,3.2,1472,Gaming,3,5477,Young Low Spender,Retention / low spend segment
19,Female,Hyderabad,OnePlus,Android,6.9,33.9,188.4,146,3.0,2109,2.5,1.6,1403,Social Media,3,3512,Young Low Spender,Retention / low spend segment
21,Female,Ahmedabad,Xiaomi,iOS,10.4,20.6,255.1,16,4.5,5301,4.4,1.7,698,Social Media,3,5999,Young Low Spender,Retention / low spend segment
21,Male,Ahmedabad,Samsung,Android,5.1,32.7,102.2,134,1.1,3978,3.5,3.0,288,Social Media,3,4266,Young Low Spender,Retention / low spend segment
34,Other,Bangalore,Samsung,Android,9.4,36.9,88.4,193,2.2,652,3.1,1.9,533,Education,3,1185,Young Low Spender,Retention / low spend segment
18,Male,Mumbai,Vivo,Android,8.1,41.8,126.7,152,5.5,2124,0.9,2.3,1712,Social Media,3,3836,Young Low Spender,Retention / low spend segment
31,Other,Lucknow,Vivo,Android,7.2,36.6,207.3,158,4.0,2063,6.8,3.1,1195,Education,3,3258,Young Low Spender,Retention / low spend segment
22,Male,Pune,Vivo,iOS,8.0,11.5,266.9,68,3.0,6875,7.1,4.0,455,Education,3,7330,Young Low Spender,Retention / low spend segment
34,Male,Pune,Google Pixel,iOS,3.4,44.4,53.6,24,3.6,3683,7.8,1.4,1353,Work,3,5036,Young Low Spender,Retention / low spend segment
19,Male,Ahmedabad,Realme,iOS,5.5,34.7,247.7,72,2.2,7258,7.5,3.2,1063,Work,3,8321,Young Low Spender,Retention / low spend segment
22,Female,Delhi,Google Pixel,Android,7.2,14.7,257.4,191,4.3,5088,1.9,1.7,1957,Gaming,3,7045,Young Low Spender,Retention / low spend segment
18,Female,Jaipur,Motorola,iOS,2.9,24.5,93.5,160,5.9,2670,3.6,3.4,1216,Work,3,3886,Young Low Spender,Retention / low spend segment
33,Other,Ahmedabad,Xiaomi,iOS,3.8,49.5,195.5,181,1.4,982,3.6,2.9,640,Social Media,3,1622,Young Low Spender,Retention / low spend segment
30,Other,Mumbai,Nokia,iOS,2.2,40.5,108.0,141,1.1,274,7.8,3.7,884,Gaming,3,1158,Young Low Spender,Retention / low spend segment
19,Male,Hyderabad,Vivo,iOS,5.0,2.2,257.7,137,4.4,1478,1.5,4.7,1809,Education,3,3287,Young Low Spender,Retention / low spend segment
38,Female,Ahmedabad,Xiaomi,Android,11.0,8.4,21.2,145,1.5,297,3.1,0.6,1699,Entertainment,3,1996,Young Low Spender,Retention / low spend segment
18,Male,Kolkata,Motorola,Android,6.9,19.9,190.1,177,1.7,4974,0.8,2.5,541,Entertainment,3,5515,Young Low Spender,Retention / low spend segment
24,Male,Ahmedabad,Oppo,iOS,4.0,49.4,295.0,52,2.9,4748,6.9,1.0,731,Work,3,5479,Young Low Spender,Retention / low spend segment
23,Other,Jaipur,Motorola,Android,6.9,49.1,196.9,74,0.5,2066,3.9,1.3,559,Work,3,2625,Young Low Spender,Retention / low spend segment
25,Male,Kolkata,Apple,Android,2.6,31.1,241.3,37,0.8,1385,5.9,1.1,1022,Social Media,3,2407,Young Low Spender,Retention / low spend segment
25,Female,Chennai,OnePlus,iOS,5.7,43.4,122.5,115,3.3,5585,0.7,3.6,1221,Work,3,6806,Young Low Spender,Retention / low spend segment
17,Female,Pune,Realme,iOS,7.6,6.2,221.6,187,0.6,2642,7.2,1.0,172,Entertainment,3,2814,Young Low Spender,Retention / low spend segment
18,Male,Kolkata,Oppo,Android,7.8,15.5,46.2,91,2.5,266,6.7,2.8,896,Entertainment,3,1162,Young Low Spender,Retention / low spend segment
30,Male,Bangalore,Vivo,Android,9.3,26.3,272.2,200,2.9,4598,5.3,4.9,606,Social Media,3,5204,Young Low Spender,Retention / low spend segment
17,Female,Jaipur,OnePlus,Android,1.0,46.5,127.5,55,3.7,2299,3.6,4.5,458,Education,3,2757,Young Low Spender,Retention / low spend segment
31,Male,Mumbai,Motorola,Android,11.4,25.8,111.3,127,3.9,2975,6.1,4.0,539,Entertainment,3,3514,Young Low Spender,Retention / low spend segment
18,Male,Ahmedabad,Google Pixel,Android,7.5,31.1,145.1,137,5.0,2026,5.6,4.6,1685,Social Media,3,3711,Young Low Spender,Retention / low spend segment
18,Male,Pune,Realme,iOS,2.6,43.7,41.5,72,5.8,2881,3.2,1.7,789,Social Media,3,3670,Young Low Spender,Retention / low spend segment
15,Other,Jaipur,Xiaomi,iOS,4.6,8.5,215.2,152,5.2,1375,6.2,1.0,925,Work,3,2300,Young Low Spender,Retention / low spend segment
28,Other,Delhi,Vivo,iOS,3.1,13.5,226.8,43,2.1,5226,7.9,4.5,706,Work,3,5932,Young Low Spender,Retention / low spend segment
21,Other,Jaipur,Google Pixel,Android,4.2,41.4,82.5,150,3.5,3819,0.6,4.2,107,Social Media,3,3926,Young Low Spender,Retention / low spend segment
27,Female,Delhi,OnePlus,iOS,4.1,36.1,21.7,24,2.5,2096,1.3,4.2,838,Work,3,2934,Young Low Spender,Retention / low spend segment
29,Other,Hyderabad,Google Pixel,Android,9.1,22.2,236.5,64,2.8,3865,6.3,2.7,136,Gaming,3,4001,Young Low Spender,Retention / low spend segment
18,Male,Hyderabad,Samsung,Android,11.6,29.8,222.1,117,3.4,3066,4.1,0.8,768,Work,3,3834,Young Low Spender,Retention / low spend segment
29,Female,Pune,Nokia,iOS,8.0,33.1,250.7,121,2.7,2704,3.2,0.6,1904,Social Media,3,4608,Young Low Spender,Retention / low spend segment
42,Male,Hyderabad,Samsung,iOS,8.9,4.7,293.9,87,1.3,2698,1.8,4.4,265,Social Media,3,2963,Young Low Spender,Retention / low spend segment
18,Female,Bangalore,Samsung,Android,5.2,15.4,159.0,98,4.1,645,3.9,2.9,257,Gaming,3,902,Young Low Spender,Retention / low spend segment
18,Male,Lucknow,Xiaomi,Android,9.1,8.0,20.7,192,2.8,2201,7.9,4.4,1042,Gaming,3,3243,Young Low Spender,Retention / low spend segment
23,Other,Kolkata,Realme,iOS,3.3,4.0,37.2,17,2.1,6010,2.5,3.1,891,Entertainment,3,6901,Young Low Spender,Retention / low spend segment
23,Female,Chennai,Vivo,iOS,6.4,20.2,185.3,174,5.0,2595,3.8,1.6,991,Education,3,3586,Young Low Spender,Retention / low spend segment
19,Other,Pune,Nokia,Android,10.0,9.7,138.9,150,3.7,5993,7.8,1.8,942,Entertainment,3,6935,Young Low Spender,Retention / low spend segment
17,Male,Jaipur,Realme,Android,2.0,12.1,250.2,36,4.1,1007,2.5,4.8,1538,Social Media,3,2545,Young Low Spender,Retention / low spend segment
23,Other,Delhi,Xiaomi,iOS,7.4,27.1,72.7,185,2.8,3639,0.8,3.4,954,Entertainment,3,4593,Young Low Spender,Retention / low spend segment
15,Male,Pune,Realme,iOS,2.6,18.1,154.3,153,1.0,4125,0.7,2.2,1878,Entertainment,3,6003,Young Low Spender,Retention / low spend segment
38,Male,Pune,OnePlus,iOS,6.7,47.0,20.7,82,1.1,525,7.5,3.8,1786,Social Media,3,2311,Young Low Spender,Retention / low spend segment
19,Other,Delhi,Apple,iOS,6.4,14.0,169.4,130,4.0,2589,7.3,1.1,355,Entertainment,3,2944,Young Low Spender,Retention / low spend segment
37,Other,Bangalore,Nokia,iOS,4.6,8.6,77.5,174,1.9,3740,2.5,0.5,1606,Work,3,5346,Young Low Spender,Retention / low spend segment
21,Other,Pune,Motorola,iOS,3.6,22.0,115.0,75,3.3,2168,2.8,1.4,959,Social Media,3,3127,Young Low Spender,Retention / low spend segment
36,Male,Chennai,Nokia,Android,2.6,19.0,79.6,125,1.7,1952,3.1,1.0,941,Entertainment,3,2893,Young Low Spender,Retention / low spend segment
15,Other,Delhi,OnePlus,Android,8.8,46.8,189.9,128,4.9,4708,2.5,2.0,160,Work,3,4868,Young Low Spender,Retention / low spend segment
20,Other,Kolkata,Google Pixel,iOS,10.3,26.3,123.1,147,3.0,5608,3.8,4.1,1576,Entertainment,3,7184,Young Low Spender,Retention / low spend segment
30,Male,Hyderabad,Nokia,Android,9.4,1.2,231.5,200,4.5,1109,6.2,0.4,168,Gaming,3,1277,Young Low Spender,Retention / low spend segment
15,Other,Hyderabad,OnePlus,iOS,9.1,49.4,133.5,159,1.5,5518,3.8,5.0,100,Gaming,3,5618,Young Low Spender,Retention / low spend segment
16,Male,Pune,Realme,iOS,8.0,42.8,235.5,88,4.6,4848,7.7,3.6,1317,Gaming,3,6165,Young Low Spender,Retention / low spend segment
16,Other,Mumbai,Apple,iOS,11.1,28.8,238.9,16,4.2,1516,4.8,0.2,561,Social Media,3,2077,Young Low Spender,Retention / low spend segment
16,Other,Mumbai,OnePlus,Android,8.4,14.2,44.7,22,0.7,5191,7.3,2.6,308,Education,3,5499,Young Low Spender,Retention / low spend segment
37,Male,Delhi,Xiaomi,Android,5.2,23.9,286.5,170,2.9,2892,7.2,3.5,1999,Social Media,3,4891,Young Low Spender,Retention / low spend segment
17,Other,Chennai,Apple,Android,9.0,37.7,48.1,90,2.3,738,7.3,1.6,1524,Work,3,2262,Young Low Spender,Retention / low spend segment
20,Female,Hyderabad,Apple,Android,4.2,40.5,41.6,151,2.6,5211,3.0,3.6,181,Gaming,3,5392,Young Low Spender,Retention / low spend segment
19,Male,Pune,Samsung,iOS,6.1,31.2,241.0,162,1.5,449,6.3,4.2,1819,Social Media,3,2268,Young Low Spender,Retention / low spend segment
36,Female,Kolkata,Nokia,Android,5.0,38.1,155.2,34,2.3,1183,5.8,4.7,902,Work,3,2085,Young Low Spender,Retention / low spend segment
15,Other,Hyderabad,Motorola,Android,11.1,38.1,119.6,182,1.6,4173,4.5,0.7,1939,Social Media,3,6112,Young Low Spender,Retention / low spend segment
22,Female,Pune,OnePlus,iOS,5.0,26.5,44.3,76,3.1,4544,2.4,2.2,868,Gaming,3,5412,Young Low Spender,Retention / low spend segment
33,Female,Lucknow,Oppo,iOS,11.8,5.0,19.7,36,3.6,4420,7.5,3.4,1912,Education,3,6332,Young Low Spender,Retention / low spend segment
30,Male,Chennai,Oppo,iOS,2.8,20.8,136.4,170,1.4,647,6.8,3.2,340,Education,3,987,Young Low Spender,Retention / low spend segment
15,Other,Chennai,Google Pixel,Android,10.1,26.8,26.9,198,2.6,6809,3.4,0.8,1525,Work,3,8334,Young Low Spender,Retention / low spend segment
23,Female,Bangalore,OnePlus,Android,7.5,25.4,32.2,11,2.6,313,4.0,2.9,311,Social Media,3,624,Young Low Spender,Retention / low spend segment
22,Male,Chennai,Oppo,Android,2.7,46.5,294.3,47,1.4,3602,4.1,2.2,1801,Entertainment,3,5403,Young Low Spender,Retention / low spend segment
36,Male,Jaipur,Nokia,iOS,3.4,42.2,173.0,100,2.0,2499,7.0,1.2,316,Social Media,3,2815,Young Low Spender,Retention / low spend segment
29,Female,Mumbai,Vivo,Android,4.1,25.3,294.3,154,1.5,1240,4.1,0.2,636,Education,3,1876,Young Low Spender,Retention / low spend segment
24,Male,Ahmedabad,Realme,Android,4.1,43.8,133.3,166,3.7,3215,3.6,2.9,567,Work,3,3782,Young Low Spender,Retention / low spend segment
26,Male,Kolkata,OnePlus,iOS,4.8,20.5,65.1,22,1.6,316,1.3,1.9,1893,Work,3,2209,Young Low Spender,Retention / low spend segment
18,Male,Chennai,Nokia,Android,8.1,10.3,75.4,53,1.3,481,3.7,4.1,843,Entertainment,3,1324,Young Low Spender,Retention / low spend segment
18,Male,Jaipur,Samsung,Android,4.2,33.7,159.4,84,2.3,2266,4.2,4.2,395,Social Media,3,2661,Young Low Spender,Retention / low spend segment
31,Female,Kolkata,Realme,Android,4.0,7.8,275.3,89,3.3,283,3.2,2.2,1579,Social Media,3,1862,Young Low Spender,Retention / low spend segment
21,Other,Ahmedabad,Samsung,Android,7.5,15.2,152.8,42,3.1,3651,5.9,2.3,1225,Social Media,3,4876,Young Low Spender,Retention / low spend segment
33,Other,Delhi,Apple,Android,3.7,2.3,12.5,58,1.7,765,3.5,0.0,1113,Work,3,1878,Young Low Spender,Retention / low spend segment
32,Female,Ahmedabad,Samsung,Android,8.8,40.0,257.8,185,4.1,4623,6.0,4.4,1023,Education,3,5646,Young Low Spender,Retention / low spend segment
32,Male,Pune,Samsung,Android,11.4,12.0,295.9,171,3.9,3455,1.0,3.7,1834,Social Media,3,5289,Young Low Spender,Retention / low spend segment
21,Female,Pune,OnePlus,Android,8.9,33.9,189.7,193,1.0,2020,6.8,1.2,1923,Gaming,3,3943,Young Low Spender,Retention / low spend segment
18,Other,Delhi,Samsung,iOS,2.2,38.6,21.6,56,2.6,2288,3.6,4.1,1527,Social Media,3,3815,Young Low Spender,Retention / low spend segment
25,Male,Chennai,OnePlus,iOS,7.8,33.8,243.5,128,2.0,834,7.0,4.7,504,Entertainment,3,1338,Young Low Spender,Retention / low spend segment
19,Other,Mumbai,Nokia,iOS,10.2,5.2,37.0,86,3.6,1731,3.4,2.5,715,Gaming,3,2446,Young Low Spender,Retention / low spend segment
19,Male,Bangalore,Google Pixel,iOS,9.5,27.6,162.0,183,4.8,3623,5.5,2.3,449,Social Media,3,4072,Young Low Spender,Retention / low spend segment
15,Male,Chennai,Oppo,iOS,7.5,17.4,264.4,88,0.9,2137,1.5,3.1,1504,Gaming,3,3641,Young Low Spender,Retention / low spend segment
29,Other,Pune,Vivo,iOS,4.8,20.0,132.5,11,2.8,5970,5.7,1.1,157,Work,3,6127,Young Low Spender,Retention / low spend segment
29,Male,Jaipur,Nokia,iOS,1.7,12.1,179.5,166,0.7,203,5.5,2.5,1059,Education,3,1262,Young Low Spender,Retention / low spend segment
24,Male,Chennai,Nokia,Android,7.3,11.8,211.7,84,2.3,3186,3.4,3.5,139,Gaming,3,3325,Young Low Spender,Retention / low spend segment
27,Other,Pune,Realme,iOS,11.3,9.5,59.9,149,0.5,1663,1.6,4.6,1474,Education,3,3137,Young Low Spender,Retention / low spend segment
20,Other,Lucknow,Nokia,Android,4.5,14.7,254.8,198,1.3,3179,3.4,3.0,204,Entertainment,3,3383,Young Low Spender,Retention / low spend segment
19,Female,Lucknow,Motorola,Android,9.3,2.1,129.4,34,3.9,3955,1.1,4.0,1301,Work,3,5256,Young Low Spender,Retention / low spend segment
20,Male,Pune,Oppo,iOS,5.9,33.4,235.1,151,4.7,3458,6.4,4.6,990,Work,3,4448,Young Low Spender,Retention / low spend segment
24,Male,Kolkata,Xiaomi,Android,8.4,9.3,31.2,38,5.5,1224,4.7,2.5,1923,Education,3,3147,Young Low Spender,Retention / low spend segment
21,Female,Ahmedabad,Nokia,Android,4.8,30.8,196.5,89,4.2,3532,1.4,4.0,531,Social Media,3,4063,Young Low Spender,Retention / low spend segment
27,Male,Hyderabad,Samsung,Android,11.4,27.7,28.4,85,2.4,4644,4.2,0.4,312,Work,3,4956,Young Low Spender,Retention / low spend segment
15,Female,Bangalore,Samsung,Android,3.3,8.1,118.3,50,3.4,4282,3.6,4.6,1738,Education,3,6020,Young Low Spender,Retention / low spend segment
28,Other,Pune,Samsung,iOS,6.1,5.6,126.6,88,5.0,1758,2.8,2.9,1388,Social Media,3,3146,Young Low Spender,Retention / low spend segment
15,Male,Ahmedabad,Nokia,Android,11.3,20.3,119.9,78,5.9,3413,4.0,3.9,1753,Work,3,5166,Young Low Spender,Retention / low spend segment
16,Male,Chennai,OnePlus,Android,10.3,12.3,198.2,129,2.3,2751,4.7,1.6,113,Entertainment,3,2864,Young Low Spender,Retention / low spend segment
29,Other,Lucknow,Oppo,Android,6.7,26.5,268.3,169,3.4,4700,2.7,5.0,1483,Social Media,3,6183,Young Low Spender,Retention / low spend segment
30,Female,Bangalore,Samsung,Android,6.2,7.3,225.1,150,4.5,3351,0.9,1.0,1199,Social Media,3,4550,Young Low Spender,Retention / low spend segment
27,Female,Lucknow,Samsung,Android,6.2,17.6,48.2,52,3.0,3762,7.1,1.2,1526,Work,3,5288,Young Low Spender,Retention / low spend segment
18,Male,Pune,OnePlus,Android,10.9,34.9,181.5,43,2.5,685,1.2,2.6,719,Entertainment,3,1404,Young Low Spender,Retention / low spend segment
18,Other,Hyderabad,OnePlus,iOS,5.4,44.7,44.2,183,1.8,5767,6.6,3.1,1318,Education,3,7085,Young Low Spender,Retention / low spend segment
28,Male,Hyderabad,Google Pixel,Android,4.3,10.0,235.7,177,1.2,617,5.4,2.0,465,Gaming,3,1082,Young Low Spender,Retention / low spend segment
34,Other,Pune,Realme,Android,11.7,4.3,15.1,166,3.9,1695,3.7,0.2,221,Education,3,1916,Young Low Spender,Retention / low spend segment
25,Male,Mumbai,Xiaomi,Android,4.8,28.2,60.0,77,4.9,2319,3.8,0.7,881,Education,3,3200,Young Low Spender,Retention / low spend segment
32,Male,Delhi,Oppo,iOS,1.9,3.6,74.8,37,3.6,4121,4.2,0.5,1523,Social Media,3,5644,Young Low Spender,Retention / low spend segment
18,Male,Chennai,Samsung,Android,5.5,6.4,75.1,70,4.9,3881,1.5,2.8,459,Gaming,3,4340,Young Low Spender,Retention / low spend segment
19,Other,Kolkata,Google Pixel,Android,9.0,6.5,26.8,135,1.8,2280,4.1,3.9,889,Work,3,3169,Young Low Spender,Retention / low spend segment
15,Other,Mumbai,Apple,Android,7.3,26.4,268.1,32,4.7,3589,6.2,3.5,1755,Work,3,5344,Young Low Spender,Retention / low spend segment
35,Female,Jaipur,Nokia,iOS,1.4,22.4,71.5,138,2.4,2542,5.3,2.2,1303,Entertainment,3,3845,Young Low Spender,Retention / low spend segment
30,Male,Mumbai,Samsung,Android,4.4,3.0,284.7,70,2.8,103,3.8,2.6,258,Work,3,361,Young Low Spender,Retention / low spend segment
29,Other,Jaipur,Apple,iOS,2.3,26.6,164.5,114,5.6,2654,6.7,4.0,172,Gaming,3,2826,Young Low Spender,Retention / low spend segment
23,Other,Bangalore,Motorola,iOS,6.5,14.9,46.2,90,2.6,2206,1.1,1.8,144,Education,3,2350,Young Low Spender,Retention / low spend segment
37,Female,Lucknow,Nokia,iOS,5.5,21.9,123.5,44,3.2,2187,6.7,3.3,1539,Entertainment,3,3726,Young Low Spender,Retention / low spend segment
28,Male,Jaipur,Realme,iOS,3.0,5.3,80.9,89,2.9,858,1.3,0.5,382,Education,3,1240,Young Low Spender,Retention / low spend segment
27,Other,Ahmedabad,Apple,iOS,9.6,25.0,58.0,67,1.7,3088,3.6,0.5,1311,Education,3,4399,Young Low Spender,Retention / low spend segment
15,Female,Bangalore,OnePlus,Android,11.5,39.6,150.9,175,4.3,1411,1.9,4.3,847,Entertainment,3,2258,Young Low Spender,Retention / low spend segment
28,Female,Delhi,Apple,iOS,8.4,32.0,7.1,189,1.6,406,0.8,3.6,308,Work,3,714,Young Low Spender,Retention / low spend segment
18,Female,Ahmedabad,Xiaomi,Android,4.4,28.9,92.7,165,3.1,5118,3.7,2.1,1037,Work,3,6155,Young Low Spender,Retention / low spend segment
27,Male,Bangalore,OnePlus,Android,11.1,31.5,139.7,153,3.0,4767,4.1,2.0,823,Gaming,3,5590,Young Low Spender,Retention / low spend segment
37,Female,Ahmedabad,OnePlus,iOS,7.5,35.5,27.0,61,0.7,1158,6.0,2.3,423,Social Media,3,1581,Young Low Spender,Retention / low spend segment
17,Other,Bangalore,Motorola,iOS,5.0,11.8,235.9,118,1.0,5691,1.3,0.4,1966,Work,3,7657,Young Low Spender,Retention / low spend segment
33,Male,Chennai,Google Pixel,Android,5.8,31.2,152.1,149,2.4,2066,0.9,0.2,1538,Education,3,3604,Young Low Spender,Retention / low spend segment
18,Other,Bangalore,Oppo,Android,8.5,27.4,241.5,178,5.0,1539,6.3,4.7,1295,Work,3,2834,Young Low Spender,Retention / low spend segment
15,Other,Jaipur,Vivo,iOS,8.3,41.9,129.2,192,4.8,718,0.8,1.9,193,Social Media,3,911,Young Low Spender,Retention / low spend segment
15,Other,Delhi,Motorola,iOS,1.7,16.4,61.2,38,2.6,5855,4.9,0.8,1951,Gaming,3,7806,Young Low Spender,Retention / low spend segment
19,Female,Chennai,Realme,Android,4.6,12.1,12.5,96,1.8,423,6.7,0.3,1974,Entertainment,3,2397,Young Low Spender,Retention / low spend segment
31,Male,Bangalore,Realme,Android,1.7,46.5,91.5,60,3.2,4580,2.6,0.3,1155,Social Media,3,5735,Young Low Spender,Retention / low spend segment
22,Other,Hyderabad,Samsung,iOS,1.9,18.0,70.8,23,2.5,2879,6.5,0.4,1576,Work,3,4455,Young Low Spender,Retention / low spend segment
18,Female,Jaipur,Apple,iOS,2.7,39.2,91.0,175,0.8,3027,5.5,2.6,970,Work,3,3997,Young Low Spender,Retention / low spend segment
25,Other,Mumbai,OnePlus,iOS,9.3,20.3,144.1,35,3.1,228,5.9,4.6,1606,Entertainment,3,1834,Young Low Spender,Retention / low spend segment
18,Other,Pune,Oppo,iOS,9.9,45.0,7.8,156,2.3,2240,5.3,3.4,1239,Education,3,3479,Young Low Spender,Retention / low spend segment
33,Male,Bangalore,Oppo,Android,11.6,6.5,149.9,53,5.6,1829,6.9,2.7,1368,Gaming,3,3197,Young Low Spender,Retention / low spend segment
31,Other,Delhi,Xiaomi,Android,1.9,14.6,216.8,68,2.1,819,2.9,1.0,312,Education,3,1131,Young Low Spender,Retention / low spend segment
20,Other,Delhi,Motorola,iOS,10.0,7.8,136.8,169,2.1,392,2.1,4.8,1419,Work,3,1811,Young Low Spender,Retention / low spend segment
26,Male,Kolkata,Oppo,Android,1.1,21.3,12.2,98,3.8,1098,5.7,2.3,1051,Gaming,3,2149,Young Low Spender,Retention / low spend segment
32,Female,Delhi,Google Pixel,Android,4.5,3.7,298.7,34,2.9,5103,5.8,2.4,1172,Entertainment,3,6275,Young Low Spender,Retention / low spend segment
33,Other,Lucknow,Motorola,Android,1.3,31.8,144.9,100,2.4,1510,7.7,3.4,699,Gaming,3,2209,Young Low Spender,Retention / low spend segment
19,Male,Hyderabad,Google Pixel,Android,11.3,1.6,74.4,21,2.5,5136,8.0,4.3,1738,Gaming,3,6874,Young Low Spender,Retention / low spend segment
38,Female,Kolkata,OnePlus,Android,8.2,45.3,213.5,171,2.8,3770,2.5,3.0,1864,Education,3,5634,Young Low Spender,Retention / low spend segment
19,Male,Ahmedabad,Apple,iOS,4.1,38.5,285.5,188,2.3,3225,0.9,4.1,1761,Entertainment,3,4986,Young Low Spender,Retention / low spend segment
34,Female,Ahmedabad,Nokia,Android,3.4,20.1,96.7,179,4.4,1403,3.9,3.3,1027,Gaming,3,2430,Young Low Spender,Retention / low spend segment
19,Other,Pune,Realme,iOS,9.6,6.6,255.0,199,2.8,1203,5.4,4.5,1105,Education,3,2308,Young Low Spender,Retention / low spend segment
19,Male,Pune,Xiaomi,Android,4.4,38.5,106.4,69,0.9,5584,4.9,2.1,1287,Entertainment,3,6871,Young Low Spender,Retention / low spend segment
34,Male,Hyderabad,Apple,Android,10.6,29.5,64.5,84,3.2,4125,7.7,0.0,1843,Education,3,5968,Young Low Spender,Retention / low spend segment
26,Female,Pune,Google Pixel,iOS,12.0,22.4,65.8,180,2.0,1505,1.5,3.1,438,Education,3,1943,Young Low Spender,Retention / low spend segment
25,Male,Jaipur,Realme,iOS,7.7,3.6,76.9,26,4.8,1573,1.8,4.3,826,Social Media,3,2399,Young Low Spender,Retention / low spend segment
26,Female,Delhi,Oppo,iOS,10.5,17.4,107.3,168,5.7,396,6.2,3.1,470,Work,3,866,Young Low Spender,Retention / low spend segment
15,Female,Bangalore,OnePlus,Android,9.4,9.7,286.5,63,1.1,3657,6.8,3.7,1360,Work,3,5017,Young Low Spender,Retention / low spend segment
17,Other,Bangalore,Xiaomi,Android,5.3,11.1,223.7,136,1.3,480,4.3,2.9,1468,Education,3,1948,Young Low Spender,Retention / low spend segment
15,Other,Hyderabad,OnePlus,iOS,10.3,24.3,45.2,31,2.5,341,2.5,1.2,1424,Social Media,3,1765,Young Low Spender,Retention / low spend segment
25,Other,Jaipur,Motorola,Android,12.0,30.8,282.2,83,2.7,6209,2.6,1.2,1041,Gaming,3,7250,Young Low Spender,Retention / low spend segment
23,Other,Hyderabad,Realme,iOS,2.8,12.9,23.1,77,1.4,1796,5.8,3.3,1170,Work,3,2966,Young Low Spender,Retention / low spend segment
24,Male,Mumbai,Apple,Android,7.9,17.2,66.0,186,0.9,2295,5.2,3.6,449,Social Media,3,2744,Young Low Spender,Retention / low spend segment
19,Female,Bangalore,Google Pixel,Android,7.1,1.5,294.5,120,0.8,4444,4.6,1.6,827,Social Media,3,5271,Young Low Spender,Retention / low spend segment
16,Other,Delhi,Samsung,Android,4.3,48.8,171.4,183,4.3,4480,7.0,3.6,1131,Social Media,3,5611,Young Low Spender,Retention / low spend segment
25,Female,Delhi,Nokia,iOS,10.3,48.6,40.6,155,4.8,1130,2.9,1.6,1797,Entertainment,3,2927,Young Low Spender,Retention / low spend segment
28,Female,Hyderabad,OnePlus,Android,2.4,39.7,68.7,153,2.2,993,5.0,4.2,262,Entertainment,3,1255,Young Low Spender,Retention / low spend segment
24,Male,Lucknow,OnePlus,iOS,6.3,11.2,30.0,134,5.0,3011,7.1,4.5,1660,Work,3,4671,Young Low Spender,Retention / low spend segment
35,Male,Pune,Nokia,iOS,3.0,30.3,128.4,45,3.1,3366,7.3,0.1,1122,Work,3,4488,Young Low Spender,Retention / low spend segment
17,Female,Chennai,OnePlus,iOS,6.0,26.4,47.7,87,0.7,979,6.9,0.8,438,Entertainment,3,1417,Young Low Spender,Retention / low spend segment
20,Male,Delhi,Vivo,iOS,3.5,8.0,52.2,130,2.3,2964,4.1,2.6,1397,Work,3,4361,Young Low Spender,Retention / low spend segment
19,Female,Kolkata,Xiaomi,iOS,11.6,4.8,73.2,138,5.0,2851,2.6,4.7,1963,Social Media,3,4814,Young Low Spender,Retention / low spend segment
41,Female,Delhi,Oppo,Android,3.9,22.8,288.2,26,1.0,1358,6.2,3.4,1548,Social Media,3,2906,Young Low Spender,Retention / low spend segment
18,Male,Delhi,Google Pixel,Android,2.6,6.1,237.1,160,3.1,5877,3.5,0.2,1324,Education,3,7201,Young Low Spender,Retention / low spend segment
16,Other,Bangalore,Samsung,iOS,11.7,34.7,259.9,39,5.0,4370,1.0,4.5,1036,Gaming,3,5406,Young Low Spender,Retention / low spend segment
18,Male,Kolkata,Apple,iOS,9.2,10.2,42.5,137,1.5,1120,0.7,0.9,653,Entertainment,3,1773,Young Low Spender,Retention / low spend segment
27,Male,Ahmedabad,Apple,Android,10.5,18.1,105.8,149,3.2,2968,4.9,2.5,1959,Work,3,4927,Young Low Spender,Retention / low spend segment
20,Male,Delhi,Xiaomi,iOS,11.9,47.9,13.7,76,1.9,601,0.8,3.0,275,Social Media,3,876,Young Low Spender,Retention / low spend segment
33,Other,Mumbai,Xiaomi,iOS,8.1,25.5,211.0,75,1.9,3437,5.3,2.6,1475,Education,3,4912,Young Low Spender,Retention / low spend segment
25,Male,Ahmedabad,Apple,iOS,8.6,40.2,26.1,117,0.7,4061,3.0,3.4,501,Work,3,4562,Young Low Spender,Retention / low spend segment
17,Other,Chennai,Xiaomi,iOS,3.5,15.7,158.0,68,4.5,2148,5.3,2.2,662,Entertainment,3,2810,Young Low Spender,Retention / low spend segment
15,Female,Ahmedabad,Vivo,Android,7.7,14.1,100.9,21,4.5,5073,7.2,4.1,1275,Education,3,6348,Young Low Spender,Retention / low spend segment
19,Male,Lucknow,Realme,iOS,5.3,28.3,287.0,115,2.7,215,3.6,2.9,890,Education,3,1105,Young Low Spender,Retention / low spend segment
17,Female,Bangalore,OnePlus,iOS,4.3,26.4,238.5,103,2.9,5343,2.7,3.4,1835,Entertainment,3,7178,Young Low Spender,Retention / low spend segment
30,Male,Ahmedabad,Nokia,Android,8.3,39.4,269.8,48,2.5,1416,6.8,0.4,557,Work,3,1973,Young Low Spender,Retention / low spend segment
19,Female,Jaipur,Samsung,Android,2.8,49.0,171.4,106,4.7,4822,2.3,0.3,1174,Education,3,5996,Young Low Spender,Retention / low spend segment
19,Female,Chennai,Nokia,iOS,11.4,22.7,284.5,132,2.3,2755,6.9,2.6,258,Education,3,3013,Young Low Spender,Retention / low spend segment
23,Male,Bangalore,OnePlus,iOS,10.0,23.0,296.3,136,0.6,4729,4.3,3.7,1472,Entertainment,3,6201,Young Low Spender,Retention / low spend segment
23,Male,Bangalore,Realme,Android,8.0,12.5,124.8,128,3.3,4988,6.7,2.3,1722,Entertainment,3,6710,Young Low Spender,Retention / low spend segment
17,Female,Lucknow,OnePlus,iOS,3.0,45.6,226.2,56,5.6,2196,2.1,0.3,705,Entertainment,3,2901,Young Low Spender,Retention / low spend segment
15,Other,Kolkata,Google Pixel,iOS,1.0,2.5,26.4,95,4.6,1949,5.9,1.0,1008,Gaming,3,2957,Young Low Spender,Retention / low spend segment
22,Female,Pune,OnePlus,iOS,7.9,21.4,80.4,100,1.2,3847,6.3,2.2,536,Entertainment,3,4383,Young Low Spender,Retention / low spend segment
21,Other,Chennai,Apple,iOS,2.8,40.4,37.3,172,2.8,5603,2.9,3.4,1997,Gaming,3,7600,Young Low Spender,Retention / low spend segment
23,Male,Bangalore,Realme,iOS,4.8,33.0,27.7,182,5.2,2720,6.5,2.4,727,Work,3,3447,Young Low Spender,Retention / low spend segment
24,Other,Lucknow,Samsung,iOS,2.0,43.3,104.6,116,4.7,2335,3.1,2.0,542,Entertainment,3,2877,Young Low Spender,Retention / low spend segment
15,Female,Pune,Realme,iOS,7.0,30.1,165.0,30,3.3,3033,0.5,1.4,286,Social Media,3,3319,Young Low Spender,Retention / low spend segment
32,Male,Ahmedabad,Vivo,Android,7.3,39.2,279.9,34,3.7,4325,6.8,3.8,1245,Social Media,3,5570,Young Low Spender,Retention / low spend segment
24,Other,Delhi,Xiaomi,iOS,6.1,12.8,78.3,39,2.7,1010,1.6,2.2,973,Gaming,3,1983,Young Low Spender,Retention / low spend segment
24,Female,Bangalore,Samsung,iOS,6.5,39.8,295.7,122,2.9,3786,5.0,1.7,1584,Education,3,5370,Young Low Spender,Retention / low spend segment
22,Female,Delhi,OnePlus,Android,11.5,1.6,287.0,64,1.2,3561,0.5,1.8,1123,Gaming,3,4684,Young Low Spender,Retention / low spend segment
40,Other,Jaipur,OnePlus,Android,1.7,3.0,287.3,190,1.9,3424,1.4,3.6,506,Social Media,3,3930,Young Low Spender,Retention / low spend segment
20,Male,Lucknow,Samsung,iOS,2.5,36.7,170.9,12,2.2,2306,7.5,3.7,1869,Social Media,3,4175,Young Low Spender,Retention / low spend segment
34,Male,Chennai,Google Pixel,iOS,7.7,35.1,155.4,182,4.9,2167,6.3,2.5,1513,Gaming,3,3680,Young Low Spender,Retention / low spend segment
31,Male,Kolkata,Motorola,Android,7.9,8.6,23.6,138,0.7,2282,5.5,0.1,1350,Work,3,3632,Young Low Spender,Retention / low spend segment
30,Male,Kolkata,Vivo,Android,4.5,5.2,15.2,122,5.3,1181,6.7,0.6,776,Gaming,3,1957,Young Low Spender,Retention / low spend segment
29,Male,Jaipur,Motorola,Android,4.7,47.3,100.0,76,3.4,4482,0.7,0.7,1719,Work,3,6201,Young Low Spender,Retention / low spend segment
21,Other,Chennai,OnePlus,iOS,7.5,15.4,292.2,192,1.7,3760,3.3,0.3,1116,Entertainment,3,4876,Young Low Spender,Retention / low spend segment
15,Other,Jaipur,Xiaomi,Android,5.8,44.9,127.3,199,3.6,174,1.1,3.5,869,Gaming,3,1043,Young Low Spender,Retention / low spend segment
24,Female,Kolkata,Nokia,iOS,3.4,36.3,220.6,10,5.5,1479,7.0,0.9,1747,Work,3,3226,Young Low Spender,Retention / low spend segment
24,Male,Mumbai,Samsung,iOS,10.3,28.0,273.3,155,5.4,4319,6.3,2.3,443,Education,3,4762,Young Low Spender,Retention / low spend segment
16,Male,Chennai,Xiaomi,iOS,2.5,43.1,237.1,104,4.3,6368,4.3,4.7,1169,Education,3,7537,Young Low Spender,Retention / low spend segment
33,Female,Bangalore,Motorola,Android,6.1,40.9,5.5,69,3.2,2307,3.0,3.3,972,Entertainment,3,3279,Young Low Spender,Retention / low spend segment
26,Male,Mumbai,Oppo,Android,8.7,45.8,152.1,184,2.9,3319,4.8,1.6,129,Work,3,3448,Young Low Spender,Retention / low spend segment
28,Other,Kolkata,Vivo,iOS,11.2,29.2,263.6,196,2.5,1088,5.8,1.0,380,Gaming,3,1468,Young Low Spender,Retention / low spend segment
31,Other,Lucknow,Apple,iOS,8.2,15.8,95.8,13,1.0,3293,5.8,4.4,1909,Education,3,5202,Young Low Spender,Retention / low spend segment
23,Female,Bangalore,Vivo,Android,8.7,48.8,38.6,136,2.2,1816,4.4,0.2,159,Entertainment,3,1975,Young Low Spender,Retention / low spend segment
33,Female,Mumbai,OnePlus,iOS,4.3,49.2,282.1,59,3.0,1014,5.9,4.8,946,Gaming,3,1960,Young Low Spender,Retention / low spend segment
18,Male,Lucknow,Vivo,iOS,11.8,17.9,207.6,170,0.9,2805,2.9,0.2,1626,Work,3,4431,Young Low Spender,Retention / low spend segment
30,Female,Ahmedabad,Apple,Android,9.5,41.3,130.0,190,1.4,3299,1.4,0.2,1658,Entertainment,3,4957,Young Low Spender,Retention / low spend segment
22,Male,Kolkata,Samsung,iOS,11.1,2.7,168.7,145,2.6,6003,5.4,3.6,620,Social Media,3,6623,Young Low Spender,Retention / low spend segment
24,Female,Kolkata,Vivo,iOS,10.5,43.9,239.5,162,6.0,2333,3.1,3.6,1841,Entertainment,3,4174,Young Low Spender,Retention / low spend segment
21,Female,Lucknow,OnePlus,iOS,8.2,20.7,56.0,171,0.8,4765,2.6,0.4,1982,Gaming,3,6747,Young Low Spender,Retention / low spend segment
31,Female,Kolkata,Xiaomi,iOS,7.4,32.5,28.7,146,3.9,1925,6.5,2.3,534,Social Media,3,2459,Young Low Spender,Retention / low spend segment
24,Other,Jaipur,Apple,iOS,9.2,46.6,123.6,39,3.5,809,2.2,0.8,455,Education,3,1264,Young Low Spender,Retention / low spend segment
26,Other,Pune,Samsung,Android,4.9,14.1,65.3,81,2.8,6239,0.9,4.7,722,Entertainment,3,6961,Young Low Spender,Retention / low spend segment
17,Male,Lucknow,Apple,Android,9.6,42.3,243.0,78,3.0,3699,6.1,3.3,326,Education,3,4025,Young Low Spender,Retention / low spend segment
29,Male,Bangalore,OnePlus,iOS,2.0,30.5,258.0,189,3.2,2981,6.3,0.1,1579,Gaming,3,4560,Young Low Spender,Retention / low spend segment
23,Male,Hyderabad,Xiaomi,Android,7.3,26.8,216.7,121,3.2,5762,1.5,1.3,1494,Work,3,7256,Young Low Spender,Retention / low spend segment
21,Male,Hyderabad,Vivo,iOS,7.4,49.6,265.0,50,4.5,647,8.0,3.0,1206,Education,3,1853,Young Low Spender,Retention / low spend segment
17,Male,Delhi,Apple,Android,10.3,14.8,28.2,168,3.0,2329,5.7,0.4,1330,Gaming,3,3659,Young Low Spender,Retention / low spend segment
15,Other,Hyderabad,Vivo,iOS,8.4,35.7,27.4,16,4.8,2002,7.5,1.3,1700,Education,3,3702,Young Low Spender,Retention / low spend segment
20,Female,Delhi,Xiaomi,iOS,5.4,47.5,274.8,112,1.0,1604,3.3,3.1,1174,Gaming,3,2778,Young Low Spender,Retention / low spend segment
32,Male,Chennai,Apple,Android,1.8,20.5,26.3,84,1.5,2242,1.0,0.2,859,Work,3,3101,Young Low Spender,Retention / low spend segment
16,Other,Mumbai,Oppo,Android,10.2,16.4,261.5,190,4.2,3985,5.2,4.9,1515,Entertainment,3,5500,Young Low Spender,Retention / low spend segment
19,Female,Ahmedabad,Google Pixel,iOS,1.1,28.5,68.1,38,2.8,383,7.3,1.6,1877,Work,3,2260,Young Low Spender,Retention / low spend segment
19,Female,Pune,Vivo,Android,8.3,24.1,147.5,161,3.9,1344,2.0,0.7,483,Social Media,3,1827,Young Low Spender,Retention / low spend segment
20,Male,Kolkata,Realme,iOS,6.4,38.4,87.8,128,5.5,2319,3.9,1.7,1673,Education,3,3992,Young Low Spender,Retention / low spend segment
30,Male,Bangalore,OnePlus,iOS,9.5,23.4,263.9,32,3.1,238,6.6,4.4,1206,Entertainment,3,1444,Young Low Spender,Retention / low spend segment
20,Male,Delhi,Realme,Android,5.9,39.6,70.0,155,2.9,1522,0.8,1.0,1505,Education,3,3027,Young Low Spender,Retention / low spend segment
16,Other,Mumbai,Oppo,Android,8.2,12.9,281.9,145,4.0,4698,7.8,4.7,133,Social Media,3,4831,Young Low Spender,Retention / low spend segment
29,Female,Jaipur,Google Pixel,Android,8.1,11.1,18.1,127,6.0,563,4.1,4.9,154,Social Media,3,717,Young Low Spender,Retention / low spend segment
28,Female,Lucknow,Google Pixel,iOS,4.2,40.3,39.5,88,1.3,922,7.4,3.6,1164,Gaming,3,2086,Young Low Spender,Retention / low spend segment
20,Other,Bangalore,Oppo,iOS,2.3,28.5,194.4,112,4.0,4495,2.0,4.0,1182,Gaming,3,5677,Young Low Spender,Retention / low spend segment
26,Female,Bangalore,Google Pixel,Android,7.6,26.9,47.0,136,3.7,1247,4.8,4.5,1024,Social Media,3,2271,Young Low Spender,Retention / low spend segment
20,Other,Pune,Apple,iOS,9.8,19.5,234.2,84,5.7,1501,3.1,4.7,1720,Work,3,3221,Young Low Spender,Retention / low spend segment
21,Other,Ahmedabad,Nokia,iOS,3.8,19.9,193.6,170,2.6,1658,3.6,2.9,1058,Social Media,3,2716,Young Low Spender,Retention / low spend segment
28,Female,Pune,Xiaomi,Android,11.7,47.9,146.0,185,3.0,599,5.1,0.8,936,Education,3,1535,Young Low Spender,Retention / low spend segment
19,Other,Lucknow,Nokia,iOS,3.5,4.3,89.0,167,3.9,1768,5.8,4.1,1593,Social Media,3,3361,Young Low Spender,Retention / low spend segment
21,Other,Mumbai,Oppo,Android,11.7,37.9,54.3,117,1.3,2708,7.7,1.8,248,Social Media,3,2956,Young Low Spender,Retention / low spend segment
31,Other,Kolkata,Xiaomi,Android,9.4,17.2,101.2,119,3.6,4390,2.6,2.2,142,Entertainment,3,4532,Young Low Spender,Retention / low spend segment
30,Other,Mumbai,Google Pixel,iOS,9.4,14.1,231.7,162,4.3,4277,4.2,4.9,514,Gaming,3,4791,Young Low Spender,Retention / low spend segment
16,Female,Mumbai,Xiaomi,Android,7.3,34.1,114.0,24,4.6,3419,1.7,0.9,1876,Entertainment,3,5295,Young Low Spender,Retention / low spend segment
20,Female,Ahmedabad,Xiaomi,Android,11.8,36.4,160.1,84,3.4,6195,5.0,0.2,1649,Work,3,7844,Young Low Spender,Retention / low spend segment
29,Female,Hyderabad,Vivo,iOS,8.7,47.2,246.2,199,2.5,2869,1.9,3.0,1296,Education,3,4165,Young Low Spender,Retention / low spend segment
18,Male,Mumbai,Oppo,iOS,4.4,11.9,116.0,69,1.2,1934,7.6,4.4,1404,Gaming,3,3338,Young Low Spender,Retention / low spend segment
17,Other,Chennai,Realme,iOS,2.3,12.6,72.3,42,3.1,6780,3.9,1.9,1204,Gaming,3,7984,Young Low Spender,Retention / low spend segment
17,Female,Ahmedabad,Vivo,iOS,6.5,16.9,174.4,122,3.7,5986,3.9,2.2,1511,Gaming,3,7497,Young Low Spender,Retention / low spend segment
25,Female,Kolkata,Motorola,Android,7.4,15.2,114.8,138,3.4,340,5.7,0.6,972,Gaming,3,1312,Young Low Spender,Retention / low spend segment
15,Female,Hyderabad,Nokia,Android,3.5,40.0,127.7,155,3.2,4466,7.7,4.2,641,Work,3,5107,Young Low Spender,Retention / low spend segment
33,Male,Mumbai,Realme,iOS,5.4,21.0,211.3,198,2.8,4496,1.7,0.5,1392,Work,3,5888,Young Low Spender,Retention / low spend segment
21,Male,Chennai,OnePlus,iOS,8.7,23.6,298.0,180,1.9,3093,7.6,5.0,176,Gaming,3,3269,Young Low Spender,Retention / low spend segment
16,Other,Delhi,Apple,iOS,3.9,25.8,293.0,81,3.3,5673,7.5,4.7,814,Education,3,6487,Young Low Spender,Retention / low spend segment
35,Other,Bangalore,Motorola,iOS,8.4,3.7,299.6,197,4.7,193,7.6,1.5,891,Work,3,1084,Young Low Spender,Retention / low spend segment
16,Male,Chennai,Samsung,Android,1.7,45.9,290.9,79,3.7,3435,2.0,2.9,1635,Education,3,5070,Young Low Spender,Retention / low spend segment
33,Other,Bangalore,Vivo,iOS,5.6,15.9,144.4,197,1.2,906,6.3,1.6,243,Gaming,3,1149,Young Low Spender,Retention / low spend segment
24,Male,Pune,OnePlus,Android,10.3,22.5,210.9,127,1.6,3478,2.8,1.5,1948,Entertainment,3,5426,Young Low Spender,Retention / low spend segment
38,Female,Jaipur,Vivo,Android,10.9,19.6,282.7,16,1.0,1059,6.9,0.7,1021,Social Media,3,2080,Young Low Spender,Retention / low spend segment
34,Female,Pune,Motorola,Android,11.6,9.1,83.0,124,1.7,1224,4.5,4.2,1303,Social Media,3,2527,Young Low Spender,Retention / low spend segment
33,Male,Chennai,Apple,iOS,6.2,4.4,267.8,194,4.0,1166,3.2,2.8,905,Gaming,3,2071,Young Low Spender,Retention / low spend segment
27,Male,Kolkata,Samsung,Android,4.6,43.5,205.1,91,1.4,2309,2.6,0.7,796,Entertainment,3,3105,Young Low Spender,Retention / low spend segment
37,Other,Pune,OnePlus,Android,7.0,33.0,164.6,57,1.4,3199,4.7,4.9,1662,Entertainment,3,4861,Young Low Spender,Retention / low spend segment
17,Other,Ahmedabad,Oppo,iOS,3.1,16.5,78.8,64,5.0,1089,7.0,0.8,1545,Work,3,2634,Young Low Spender,Retention / low spend segment
20,Male,Hyderabad,Vivo,Android,3.2,38.5,182.8,119,2.6,7037,4.8,2.4,1792,Gaming,3,8829,Young Low Spender,Retention / low spend segment
19,Female,Chennai,Realme,iOS,1.3,18.1,63.7,34,1.3,6071,4.4,3.3,846,Gaming,3,6917,Young Low Spender,Retention / low spend segment
36,Female,Bangalore,OnePlus,Android,9.2,30.4,22.2,119,3.0,356,5.3,1.0,1624,Entertainment,3,1980,Young Low Spender,Retention / low spend segment
17,Female,Jaipur,Motorola,iOS,2.8,10.5,69.1,43,1.9,6421,1.7,0.2,246,Social Media,3,6667,Young Low Spender,Retention / low spend segment
15,Other,Pune,Realme,iOS,3.3,13.3,21.9,95,3.9,1833,6.2,2.0,1486,Entertainment,3,3319,Young Low Spender,Retention / low spend segment
30,Other,Jaipur,OnePlus,Android,5.7,37.1,62.6,188,3.4,4428,6.0,2.0,614,Gaming,3,5042,Young Low Spender,Retention / low spend segment
28,Other,Kolkata,Google Pixel,iOS,7.0,27.1,50.0,106,2.2,1421,7.2,3.7,1521,Entertainment,3,2942,Young Low Spender,Retention / low spend segment
23,Other,Chennai,Nokia,iOS,3.5,48.0,23.1,12,0.7,2764,6.8,0.7,1660,Social Media,3,4424,Young Low Spender,Retention / low spend segment
29,Male,Hyderabad,Google Pixel,iOS,8.5,17.6,143.2,92,1.3,565,4.9,0.6,434,Gaming,3,999,Young Low Spender,Retention / low spend segment
28,Other,Kolkata,Vivo,iOS,11.1,2.5,45.0,145,1.6,740,5.1,0.8,964,Gaming,3,1704,Young Low Spender,Retention / low spend segment
23,Male,Bangalore,Xiaomi,iOS,8.2,35.9,80.4,109,0.7,2411,7.2,2.1,1693,Gaming,3,4104,Young Low Spender,Retention / low spend segment
16,Male,Lucknow,OnePlus,iOS,7.9,37.9,167.6,18,5.6,1080,1.3,0.1,1391,Education,3,2471,Young Low Spender,Retention / low spend segment
23,Female,Lucknow,Xiaomi,iOS,10.3,46.2,221.0,161,2.6,6846,2.7,4.0,846,Work,3,7692,Young Low Spender,Retention / low spend segment
19,Female,Ahmedabad,OnePlus,iOS,6.1,27.3,205.4,125,3.5,1053,4.8,3.7,602,Entertainment,3,1655,Young Low Spender,Retention / low spend segment
20,Female,Ahmedabad,Xiaomi,iOS,7.7,46.6,30.1,188,0.5,657,3.9,0.5,1812,Entertainment,3,2469,Young Low Spender,Retention / low spend segment
15,Male,Bangalore,Apple,iOS,3.8,9.5,258.3,103,1.3,5496,7.3,4.5,1713,Work,3,7209,Young Low Spender,Retention / low spend segment
20,Male,Hyderabad,Realme,iOS,11.6,9.8,270.1,71,4.7,1366,7.9,3.2,1217,Social Media,3,2583,Young Low Spender,Retention / low spend segment
18,Male,Mumbai,Xiaomi,iOS,2.2,1.8,155.9,69,3.2,3578,2.0,3.2,1955,Education,3,5533,Young Low Spender,Retention / low spend segment
18,Female,Pune,Oppo,iOS,4.3,32.7,211.1,147,3.2,3530,2.8,4.8,527,Entertainment,3,4057,Young Low Spender,Retention / low spend segment
15,Other,Delhi,Google Pixel,Android,6.1,43.6,74.5,100,1.3,4306,1.2,2.7,1812,Entertainment,3,6118,Young Low Spender,Retention / low spend segment
18,Female,Lucknow,Xiaomi,iOS,2.5,33.5,12.3,154,3.6,1802,5.9,3.4,738,Entertainment,3,2540,Young Low Spender,Retention / low spend segment
15,Other,Bangalore,Samsung,Android,10.1,29.7,228.5,195,1.8,4079,3.5,1.0,1823,Gaming,3,5902,Young Low Spender,Retention / low spend segment
26,Other,Hyderabad,Motorola,Android,11.5,7.1,55.5,130,5.8,1960,6.4,0.3,1702,Gaming,3,3662,Young Low Spender,Retention / low spend segment
28,Male,Jaipur,Samsung,Android,7.2,40.6,68.9,127,2.3,751,1.0,0.9,1558,Work,3,2309,Young Low Spender,Retention / low spend segment
17,Female,Hyderabad,Nokia,iOS,8.9,15.4,155.8,138,1.1,514,4.8,2.2,162,Social Media,3,676,Young Low Spender,Retention / low spend segment
17,Other,Lucknow,Vivo,Android,7.1,24.5,97.0,31,0.8,1881,4.4,1.3,1677,Work,3,3558,Young Low Spender,Retention / low spend segment
27,Other,Hyderabad,OnePlus,iOS,4.0,39.9,209.4,171,3.4,722,3.1,4.3,266,Gaming,3,988,Young Low Spender,Retention / low spend segment
24,Female,Ahmedabad,Xiaomi,iOS,4.0,19.3,216.4,44,5.0,362,4.4,4.4,1032,Education,3,1394,Young Low Spender,Retention / low spend segment
27,Female,Mumbai,Google Pixel,iOS,1.7,33.5,127.0,83,1.1,103,6.1,1.0,371,Work,3,474,Young Low Spender,Retention / low spend segment
19,Female,Ahmedabad,Google Pixel,iOS,3.6,43.4,217.3,200,2.9,4091,0.6,2.2,762,Entertainment,3,4853,Young Low Spender,Retention / low spend segment
20,Other,Pune,Samsung,iOS,9.6,45.3,270.7,133,5.0,1103,5.2,1.4,1624,Social Media,3,2727,Young Low Spender,Retention / low spend segment
37,Other,Pune,Google Pixel,Android,7.3,16.3,146.0,135,2.2,1571,1.7,3.1,132,Gaming,3,1703,Young Low Spender,Retention / low spend segment
21,Other,Lucknow,Nokia,Android,6.7,28.2,164.8,96,3.7,2541,0.7,4.2,1295,Social Media,3,3836,Young Low Spender,Retention / low spend segment
21,Female,Pune,Oppo,Android,11.9,10.7,152.5,48,0.7,3746,3.8,2.4,1165,Education,3,4911,Young Low Spender,Retention / low spend segment
19,Female,Ahmedabad,Vivo,Android,4.0,30.0,170.2,115,0.6,1224,4.8,1.0,230,Entertainment,3,1454,Young Low Spender,Retention / low spend segment
26,Male,Delhi,Nokia,Android,2.3,9.6,207.3,119,4.9,2169,3.2,1.6,911,Education,3,3080,Young Low Spender,Retention / low spend segment
27,Male,Hyderabad,Vivo,Android,10.4,25.1,215.6,181,3.0,1508,0.7,1.2,212,Education,3,1720,Young Low Spender,Retention / low spend segment
15,Female,Jaipur,Samsung,iOS,6.8,12.4,18.6,159,1.6,2805,1.1,2.1,382,Entertainment,3,3187,Young Low Spender,Retention / low spend segment
35,Other,Mumbai,Samsung,iOS,9.2,7.7,46.9,24,1.8,1190,1.8,3.9,1404,Work,3,2594,Young Low Spender,Retention / low spend segment
30,Female,Chennai,Oppo,iOS,1.7,7.1,279.3,11,1.6,741,7.3,4.5,446,Gaming,3,1187,Young Low Spender,Retention / low spend segment
22,Male,Mumbai,Google Pixel,iOS,1.9,49.4,172.1,188,3.2,228,7.6,0.4,153,Education,3,381,Young Low Spender,Retention / low spend segment
31,Female,Hyderabad,Xiaomi,Android,6.2,18.4,31.0,164,5.4,1243,7.5,4.6,462,Gaming,3,1705,Young Low Spender,Retention / low spend segment
19,Female,Jaipur,Apple,Android,9.1,47.3,52.3,43,2.8,2913,3.9,1.9,402,Work,3,3315,Young Low Spender,Retention / low spend segment
17,Male,Jaipur,Oppo,iOS,7.0,46.3,125.6,151,4.8,3606,6.9,3.3,1764,Social Media,3,5370,Young Low Spender,Retention / low spend segment
34,Other,Delhi,Realme,iOS,3.9,39.2,257.7,126,3.3,2733,4.4,2.6,387,Entertainment,3,3120,Young Low Spender,Retention / low spend segment
34,Male,Ahmedabad,Realme,iOS,9.6,34.3,274.2,96,1.7,998,1.5,0.4,532,Education,3,1530,Young Low Spender,Retention / low spend segment
22,Other,Ahmedabad,Xiaomi,Android,1.8,23.7,228.0,114,5.4,602,2.1,4.7,1691,Entertainment,3,2293,Young Low Spender,Retention / low spend segment
23,Male,Lucknow,Apple,iOS,1.1,4.7,115.4,128,5.3,3056,1.1,3.9,291,Work,3,3347,Young Low Spender,Retention / low spend segment
16,Female,Lucknow,Nokia,Android,11.6,21.6,215.2,77,4.4,1712,1.2,0.9,797,Gaming,3,2509,Young Low Spender,Retention / low spend segment
15,Other,Mumbai,Nokia,iOS,9.3,25.9,82.0,34,2.6,1028,6.8,3.7,800,Work,3,1828,Young Low Spender,Retention / low spend segment
29,Male,Mumbai,Google Pixel,iOS,11.5,48.1,64.5,105,4.6,1800,6.5,2.0,884,Work,3,2684,Young Low Spender,Retention / low spend segment
16,Male,Delhi,Oppo,Android,8.6,34.5,117.7,113,3.1,3182,6.4,3.5,1418,Entertainment,3,4600,Young Low Spender,Retention / low spend segment
21,Female,Jaipur,Samsung,iOS,11.4,37.1,122.2,106,2.0,2917,4.3,4.2,908,Gaming,3,3825,Young Low Spender,Retention / low spend segment
20,Other,Bangalore,OnePlus,iOS,4.8,5.9,94.0,152,5.0,2608,3.0,1.5,777,Social Media,3,3385,Young Low Spender,Retention / low spend segment
39,Female,Kolkata,Apple,Android,7.0,49.7,105.9,138,1.9,3151,4.2,3.9,1625,Gaming,3,4776,Young Low Spender,Retention / low spend segment
23,Female,Bangalore,Google Pixel,Android,5.9,8.0,291.2,14,4.8,2853,6.8,2.2,1395,Entertainment,3,4248,Young Low Spender,Retention / low spend segment
22,Female,Hyderabad,Vivo,Android,6.5,33.4,88.3,61,2.0,3299,2.6,0.6,951,Education,3,4250,Young Low Spender,Retention / low spend segment
20,Other,Chennai,Google Pixel,iOS,6.7,23.5,263.1,172,2.2,501,6.2,4.9,880,Work,3,1381,Young Low Spender,Retention / low spend segment
27,Other,Delhi,OnePlus,Android,5.2,46.1,154.9,176,3.6,2086,6.9,3.7,1006,Work,3,3092,Young Low Spender,Retention / low spend segment
22,Male,Kolkata,Oppo,iOS,5.3,48.2,25.7,19,3.8,1548,2.6,1.2,1941,Social Media,3,3489,Young Low Spender,Retention / low spend segment
17,Female,Pune,Samsung,iOS,6.0,49.9,252.1,49,2.2,131,3.0,0.1,1001,Entertainment,3,1132,Young Low Spender,Retention / low spend segment
32,Male,Delhi,Apple,Android,5.0,49.9,238.4,124,4.4,1757,7.6,1.0,1615,Work,3,3372,Young Low Spender,Retention / low spend segment
18,Other,Bangalore,Xiaomi,iOS,4.2,32.3,234.1,118,2.5,1175,7.4,0.4,1180,Work,3,2355,Young Low Spender,Retention / low spend segment
17,Male,Lucknow,Realme,iOS,8.4,42.1,199.4,69,1.5,2081,1.2,0.3,1674,Education,3,3755,Young Low Spender,Retention / low spend segment
31,Other,Delhi,Realme,iOS,3.5,18.1,115.7,158,3.6,1678,3.7,1.9,798,Social Media,3,2476,Young Low Spender,Retention / low spend segment
31,Other,Kolkata,Apple,iOS,11.8,24.6,115.6,116,5.9,1279,2.8,1.5,664,Education,3,1943,Young Low Spender,Retention / low spend segment
22,Other,Delhi,OnePlus,Android,11.9,16.2,139.8,103,5.1,572,6.4,1.2,1460,Education,3,2032,Young Low Spender,Retention / low spend segment
35,Other,Pune,Motorola,Android,2.7,7.1,164.9,55,3.7,3320,1.3,3.0,1464,Work,3,4784,Young Low Spender,Retention / low spend segment
26,Male,Hyderabad,Vivo,Android,4.4,19.4,209.8,83,2.5,526,3.7,1.7,1873,Education,3,2399,Young Low Spender,Retention / low spend segment
26,Male,Mumbai,Motorola,Android,2.1,12.5,119.1,82,0.9,2892,7.7,0.7,209,Education,3,3101,Young Low Spender,Retention / low spend segment
25,Female,Lucknow,Motorola,iOS,7.4,15.7,271.0,97,4.1,5529,4.3,3.4,1552,Entertainment,3,7081,Young Low Spender,Retention / low spend segment
21,Other,Lucknow,Realme,Android,9.5,11.7,178.2,73,1.3,1370,3.0,3.5,184,Work,3,1554,Young Low Spender,Retention / low spend segment
29,Female,Mumbai,Vivo,iOS,8.2,38.2,164.5,198,4.3,2051,0.7,4.1,1713,Social Media,3,3764,Young Low Spender,Retention / low spend segment
24,Other,Jaipur,Apple,iOS,4.1,49.7,272.2,117,1.2,3687,2.9,3.1,1621,Work,3,5308,Young Low Spender,Retention / low spend segment
24,Male,Mumbai,Oppo,Android,6.5,25.0,102.0,174,1.0,5049,1.0,1.1,508,Gaming,3,5557,Young Low Spender,Retention / low spend segment
19,Male,Jaipur,Motorola,Android,1.2,12.3,264.8,95,0.9,4999,1.5,4.0,622,Work,3,5621,Young Low Spender,Retention / low spend segment
15,Other,Delhi,Xiaomi,iOS,8.0,29.6,90.1,40,4.9,347,5.3,1.9,1757,Social Media,3,2104,Young Low Spender,Retention / low spend segment
21,Male,Delhi,Xiaomi,iOS,5.5,25.8,292.2,97,3.3,1235,2.6,4.1,1258,Social Media,3,2493,Young Low Spender,Retention / low spend segment
36,Female,Bangalore,Apple,Android,4.9,22.9,253.3,58,3.8,4545,6.6,0.4,929,Work,3,5474,Young Low Spender,Retention / low spend segment
29,Other,Mumbai,Realme,iOS,1.1,22.3,87.4,191,3.1,1307,7.8,2.3,1701,Entertainment,3,3008,Young Low Spender,Retention / low spend segment
28,Other,Jaipur,Google Pixel,Android,2.3,44.9,211.3,180,1.7,5175,1.3,3.7,1434,Work,3,6609,Young Low Spender,Retention / low spend segment
22,Male,Ahmedabad,Nokia,Android,7.8,15.1,273.2,113,3.5,5944,7.7,4.3,1170,Social Media,3,7114,Young Low Spender,Retention / low spend segment
16,Female,Jaipur,Apple,Android,5.9,47.2,148.4,29,4.4,522,3.5,3.3,369,Entertainment,3,891,Young Low Spender,Retention / low spend segment
20,Female,Mumbai,Realme,Android,11.8,19.4,57.8,80,4.1,3563,2.6,3.8,1393,Entertainment,3,4956,Young Low Spender,Retention / low spend segment
26,Female,Jaipur,OnePlus,iOS,6.4,43.0,95.3,54,5.0,1782,4.8,2.6,1437,Work,3,3219,Young Low Spender,Retention / low spend segment
25,Female,Ahmedabad,Google Pixel,iOS,3.7,32.5,221.1,167,3.4,4400,8.0,3.6,1915,Entertainment,3,6315,Young Low Spender,Retention / low spend segment
34,Female,Chennai,Xiaomi,iOS,4.6,22.8,289.6,53,3.8,1258,3.8,1.5,1713,Entertainment,3,2971,Young Low Spender,Retention / low spend segment
17,Female,Chennai,Google Pixel,iOS,3.4,20.8,57.0,136,4.3,4652,1.3,4.5,1570,Education,3,6222,Young Low Spender,Retention / low spend segment
17,Male,Delhi,Realme,iOS,8.5,21.3,212.4,21,5.7,2337,1.3,3.3,592,Gaming,3,2929,Young Low Spender,Retention / low spend segment
30,Female,Hyderabad,Xiaomi,Android,1.3,1.3,108.5,14,4.5,1246,3.7,3.4,277,Social Media,3,1523,Young Low Spender,Retention / low spend segment
24,Other,Ahmedabad,Oppo,Android,8.6,42.8,143.8,99,1.4,4373,7.8,4.1,276,Work,3,4649,Young Low Spender,Retention / low spend segment
27,Male,Delhi,Xiaomi,Android,5.2,41.1,82.3,119,4.4,3494,4.9,3.5,823,Gaming,3,4317,Young Low Spender,Retention / low spend segment
38,Other,Ahmedabad,Vivo,iOS,6.4,30.1,144.7,108,2.6,1482,5.9,2.4,1160,Gaming,3,2642,Young Low Spender,Retention / low spend segment
32,Female,Chennai,Google Pixel,iOS,7.5,23.3,48.5,90,4.5,407,2.9,3.3,519,Social Media,3,926,Young Low Spender,Retention / low spend segment
24,Female,Kolkata,Nokia,iOS,6.5,4.9,59.3,169,5.3,2430,7.6,0.5,1349,Social Media,3,3779,Young Low Spender,Retention / low spend segment
31,Other,Chennai,Vivo,Android,11.0,13.5,244.3,160,3.7,5423,2.1,0.6,1534,Education,3,6957,Young Low Spender,Retention / low spend segment
19,Female,Jaipur,Vivo,iOS,2.1,23.9,103.9,49,1.5,3004,5.4,4.3,157,Social Media,3,3161,Young Low Spender,Retention / low spend segment
19,Other,Bangalore,Vivo,iOS,2.1,10.9,293.6,71,3.7,5248,6.9,2.1,973,Gaming,3,6221,Young Low Spender,Retention / low spend segment
21,Male,Pune,Apple,iOS,6.0,43.2,205.8,36,1.6,4043,6.7,3.0,454,Entertainment,3,4497,Young Low Spender,Retention / low spend segment
18,Other,Mumbai,Realme,iOS,2.6,34.1,106.5,145,3.1,878,5.5,3.0,296,Gaming,3,1174,Young Low Spender,Retention / low spend segment
37,Female,Lucknow,Realme,iOS,1.2,28.1,136.1,153,0.6,165,3.4,4.4,1487,Education,3,1652,Young Low Spender,Retention / low spend segment
37,Female,Delhi,Motorola,Android,3.3,29.6,8.0,114,2.2,3652,5.4,2.5,1921,Work,3,5573,Young Low Spender,Retention / low spend segment
16,Male,Mumbai,Nokia,iOS,3.0,36.9,289.5,31,3.9,958,5.0,4.9,1298,Education,3,2256,Young Low Spender,Retention / low spend segment
31,Other,Hyderabad,Motorola,Android,3.3,14.7,16.6,51,5.8,492,2.8,2.1,939,Social Media,3,1431,Young Low Spender,Retention / low spend segment
35,Female,Ahmedabad,Oppo,iOS,8.1,5.6,292.1,200,4.3,1840,7.4,4.2,298,Entertainment,3,2138,Young Low Spender,Retention / low spend segment
15,Male,Mumbai,OnePlus,Android,6.2,15.2,296.4,61,2.2,7146,1.3,4.0,860,Entertainment,3,8006,Young Low Spender,Retention / low spend segment
21,Female,Jaipur,Vivo,Android,4.1,39.3,195.8,73,4.5,1163,7.4,1.6,1133,Gaming,3,2296,Young Low Spender,Retention / low spend segment
17,Male,Pune,OnePlus,Android,3.7,37.5,90.3,57,5.3,3395,6.4,0.3,1739,Work,3,5134,Young Low Spender,Retention / low spend segment
23,Other,Jaipur,Google Pixel,iOS,8.5,46.1,19.1,29,3.7,2763,3.6,2.2,1917,Work,3,4680,Young Low Spender,Retention / low spend segment
33,Male,Pune,OnePlus,Android,7.8,36.9,130.1,51,3.9,4187,6.9,1.2,311,Social Media,3,4498,Young Low Spender,Retention / low spend segment
28,Other,Mumbai,Vivo,Android,4.7,15.6,191.8,185,3.1,6185,3.8,3.2,621,Work,3,6806,Young Low Spender,Retention / low spend segment
29,Other,Mumbai,Realme,iOS,7.1,10.4,254.0,112,1.4,1752,3.2,3.0,133,Work,3,1885,Young Low Spender,Retention / low spend segment
19,Male,Chennai,OnePlus,iOS,5.7,26.1,215.9,44,3.1,4210,0.7,3.6,609,Education,3,4819,Young Low Spender,Retention / low spend segment
15,Other,Pune,Oppo,iOS,8.7,29.5,262.8,156,2.1,4859,1.6,0.8,1250,Education,3,6109,Young Low Spender,Retention / low spend segment
36,Female,Pune,Xiaomi,Android,6.8,22.3,133.1,94,1.3,2265,3.9,0.3,1441,Education,3,3706,Young Low Spender,Retention / low spend segment
19,Female,Chennai,Apple,iOS,7.2,21.4,115.4,177,2.0,539,1.5,1.8,1267,Education,3,1806,Young Low Spender,Retention / low spend segment
28,Other,Bangalore,Vivo,iOS,1.9,24.5,160.3,23,3.2,4148,0.9,1.8,934,Education,3,5082,Young Low Spender,Retention / low spend segment
20,Other,Mumbai,Apple,iOS,5.2,33.5,296.2,122,1.0,3112,2.4,1.4,1887,Work,3,4999,Young Low Spender,Retention / low spend segment
16,Female,Bangalore,Oppo,Android,2.7,40.4,91.4,140,2.2,3179,2.4,4.5,852,Work,3,4031,Young Low Spender,Retention / low spend segment
31,Female,Jaipur,Oppo,iOS,7.0,15.2,290.6,119,1.4,1722,2.0,3.0,114,Social Media,3,1836,Young Low Spender,Retention / low spend segment
16,Male,Chennai,Vivo,iOS,9.6,46.5,290.5,119,5.6,3468,7.9,4.2,1097,Education,3,4565,Young Low Spender,Retention / low spend segment
22,Female,Chennai,Oppo,Android,7.6,44.1,68.7,193,3.7,3268,6.9,3.7,886,Gaming,3,4154,Young Low Spender,Retention / low spend segment
36,Other,Lucknow,Vivo,Android,10.5,46.4,252.9,70,2.7,2145,4.3,4.7,1272,Gaming,3,3417,Young Low Spender,Retention / low spend segment
30,Male,Mumbai,Oppo,Android,8.9,2.4,295.5,186,1.1,3762,2.9,2.5,857,Work,3,4619,Young Low Spender,Retention / low spend segment
24,Male,Ahmedabad,Google Pixel,iOS,10.7,28.0,72.3,14,5.2,3680,1.8,2.9,1708,Work,3,5388,Young Low Spender,Retention / low spend segment
26,Other,Pune,Nokia,iOS,6.9,38.5,172.1,27,0.9,4476,6.2,3.1,1772,Entertainment,3,6248,Young Low Spender,Retention / low spend segment
17,Male,Chennai,Samsung,Android,7.6,28.1,30.6,91,3.0,896,1.1,2.5,1111,Gaming,3,2007,Young Low Spender,Retention / low spend segment
25,Female,Pune,Vivo,Android,10.0,39.9,177.5,128,2.7,5981,2.8,2.9,1578,Entertainment,3,7559,Young Low Spender,Retention / low spend segment
25,Male,Lucknow,OnePlus,Android,1.4,7.8,183.6,129,1.8,2069,2.0,1.1,1993,Education,3,4062,Young Low Spender,Retention / low spend segment
21,Other,Delhi,Google Pixel,iOS,1.8,20.5,72.6,81,1.7,5498,3.1,3.8,902,Social Media,3,6400,Young Low Spender,Retention / low spend segment
21,Other,Pune,Samsung,Android,3.3,29.3,186.1,92,4.2,634,3.0,4.2,1464,Education,3,2098,Young Low Spender,Retention / low spend segment
20,Female,Bangalore,Oppo,Android,10.3,27.6,286.4,79,2.9,3120,1.9,1.1,619,Gaming,3,3739,Young Low Spender,Retention / low spend segment
36,Male,Jaipur,Google Pixel,iOS,3.6,10.3,295.4,19,2.7,2800,1.2,1.0,1101,Gaming,3,3901,Young Low Spender,Retention / low spend segment
30,Other,Delhi,Nokia,iOS,1.2,13.4,79.3,160,5.7,2230,3.5,0.7,1650,Social Media,3,3880,Young Low Spender,Retention / low spend segment
23,Male,Mumbai,Oppo,Android,10.1,5.0,38.3,74,3.1,4269,2.4,2.5,1878,Entertainment,3,6147,Young Low Spender,Retention / low spend segment
18,Other,Hyderabad,Google Pixel,Android,10.8,45.4,265.0,116,5.1,4876,7.0,0.4,235,Social Media,3,5111,Young Low Spender,Retention / low spend segment
25,Male,Pune,OnePlus,Android,1.4,28.9,253.2,159,3.5,2401,1.3,4.5,571,Work,3,2972,Young Low Spender,Retention / low spend segment
31,Female,Jaipur,Xiaomi,iOS,3.7,29.2,33.2,109,1.6,3247,4.5,0.6,1987,Gaming,3,5234,Young Low Spender,Retention / low spend segment
15,Female,Kolkata,Samsung,iOS,8.6,29.2,296.9,113,2.9,8096,7.2,2.7,1158,Education,3,9254,Young Low Spender,Retention / low spend segment
24,Other,Jaipur,Google Pixel,iOS,6.4,36.0,237.0,125,1.7,1383,1.9,4.2,1938,Social Media,3,3321,Young Low Spender,Retention / low spend segment
21,Other,Chennai,OnePlus,iOS,5.9,37.5,185.3,165,2.3,1775,4.9,3.7,1335,Social Media,3,3110,Young Low Spender,Retention / low spend segment
15,Female,Bangalore,Nokia,iOS,10.6,45.0,170.8,93,1.3,4003,3.8,2.3,1673,Education,3,5676,Young Low Spender,Retention / low spend segment
23,Other,Delhi,Oppo,iOS,8.9,35.5,188.8,143,5.1,4301,2.9,3.0,1722,Gaming,3,6023,Young Low Spender,Retention / low spend segment
22,Female,Jaipur,Nokia,Android,8.0,39.7,199.0,193,3.2,3007,5.0,4.6,462,Entertainment,3,3469,Young Low Spender,Retention / low spend segment
16,Male,Kolkata,Oppo,Android,4.9,14.3,181.2,15,1.2,2565,1.5,4.4,490,Gaming,3,3055,Young Low Spender,Retention / low spend segment
25,Other,Hyderabad,Realme,Android,6.4,17.9,81.2,119,2.2,2258,1.4,1.0,1710,Education,3,3968,Young Low Spender,Retention / low spend segment
28,Female,Kolkata,Motorola,Android,10.6,24.0,58.4,28,2.7,2074,6.2,2.0,717,Entertainment,3,2791,Young Low Spender,Retention / low spend segment
35,Male,Jaipur,Motorola,iOS,11.8,9.5,111.6,140,4.3,3790,7.5,1.0,917,Entertainment,3,4707,Young Low Spender,Retention / low spend segment
35,Female,Pune,Nokia,Android,8.8,37.7,200.2,117,3.0,4127,2.8,2.6,706,Education,3,4833,Young Low Spender,Retention / low spend segment
35,Male,Bangalore,Nokia,iOS,8.0,11.7,263.0,25,1.6,3996,3.8,1.3,826,Entertainment,3,4822,Young Low Spender,Retention / low spend segment
19,Female,Bangalore,Motorola,iOS,11.2,30.9,190.0,188,0.6,4665,3.6,1.9,1169,Social Media,3,5834,Young Low Spender,Retention / low spend segment
35,Female,Pune,Samsung,Android,1.3,4.3,198.3,177,3.6,1935,3.5,0.3,1616,Work,3,3551,Young Low Spender,Retention / low spend segment
36,Female,Chennai,Oppo,iOS,7.1,19.4,261.8,33,2.0,1160,7.2,1.8,931,Social Media,3,2091,Young Low Spender,Retention / low spend segment
19,Female,Lucknow,Samsung,iOS,5.9,37.0,126.3,93,5.0,2506,1.8,1.3,1573,Gaming,3,4079,Young Low Spender,Retention / low spend segment
35,Male,Pune,Vivo,Android,4.1,14.4,127.2,170,2.1,4009,5.6,0.2,321,Education,3,4330,Young Low Spender,Retention / low spend segment
19,Male,Jaipur,Xiaomi,Android,7.8,7.3,234.8,119,6.0,2558,2.8,3.6,305,Entertainment,3,2863,Young Low Spender,Retention / low spend segment
30,Male,Bangalore,Nokia,Android,11.7,14.7,281.5,59,3.0,559,2.6,2.1,1412,Education,3,1971,Young Low Spender,Retention / low spend segment
23,Female,Delhi,Vivo,Android,5.0,41.4,71.2,64,3.0,1912,4.3,1.9,1268,Social Media,3,3180,Young Low Spender,Retention / low spend segment
31,Other,Bangalore,Google Pixel,Android,3.5,28.9,65.6,21,2.7,2000,3.2,2.4,1553,Work,3,3553,Young Low Spender,Retention / low spend segment
19,Male,Chennai,Xiaomi,Android,9.8,10.8,191.2,138,3.8,1536,4.9,1.8,900,Education,3,2436,Young Low Spender,Retention / low spend segment
24,Other,Hyderabad,Vivo,iOS,11.6,1.7,282.8,101,5.6,2282,5.8,1.2,548,Social Media,3,2830,Young Low Spender,Retention / low spend segment
16,Female,Chennai,Vivo,Android,2.3,45.6,81.3,175,2.8,2712,3.1,2.3,733,Entertainment,3,3445,Young Low Spender,Retention / low spend segment
32,Male,Ahmedabad,Realme,iOS,10.9,34.1,286.4,78,5.8,1037,7.5,1.5,769,Gaming,3,1806,Young Low Spender,Retention / low spend segment
29,Male,Hyderabad,Apple,Android,10.1,23.7,226.9,98,1.2,2982,7.9,3.1,1016,Work,3,3998,Young Low Spender,Retention / low spend segment
23,Male,Pune,Motorola,Android,7.1,40.8,96.4,80,5.8,1775,7.9,0.0,411,Entertainment,3,2186,Young Low Spender,Retention / low spend segment
16,Male,Jaipur,Apple,iOS,2.2,22.0,5.3,76,2.5,4568,3.1,3.9,664,Entertainment,3,5232,Young Low Spender,Retention / low spend segment
24,Other,Bangalore,Motorola,Android,2.0,38.9,263.0,129,5.0,1196,1.2,2.7,378,Gaming,3,1574,Young Low Spender,Retention / low spend segment
24,Other,Jaipur,Xiaomi,iOS,1.5,36.3,118.5,186,1.1,4951,7.2,4.9,1801,Entertainment,3,6752,Young Low Spender,Retention / low spend segment
19,Other,Kolkata,Google Pixel,Android,11.3,4.7,89.9,125,3.6,2802,6.9,2.7,1983,Work,3,4785,Young Low Spender,Retention / low spend segment
29,Female,Delhi,Google Pixel,Android,10.9,22.9,262.1,44,3.5,4704,7.9,4.5,1091,Work,3,5795,Young Low Spender,Retention / low spend segment
18,Male,Jaipur,Samsung,iOS,8.7,5.3,258.8,41,2.3,2061,7.2,3.1,1016,Education,3,3077,Young Low Spender,Retention / low spend segment
35,Female,Lucknow,Google Pixel,Android,4.9,10.2,292.0,174,3.9,2636,4.5,2.8,1206,Education,3,3842,Young Low Spender,Retention / low spend segment
34,Male,Lucknow,Nokia,iOS,5.3,32.7,221.8,82,0.6,1228,3.3,1.0,1322,Entertainment,3,2550,Young Low Spender,Retention / low spend segment
16,Female,Pune,Oppo,Android,2.4,3.7,261.8,12,5.9,1910,1.4,0.6,1692,Work,3,3602,Young Low Spender,Retention / low spend segment
19,Male,Mumbai,Oppo,iOS,4.4,22.1,231.7,70,4.6,663,7.0,2.1,611,Gaming,3,1274,Young Low Spender,Retention / low spend segment
34,Male,Bangalore,Realme,iOS,5.7,30.3,129.0,117,1.2,2660,0.9,2.2,1764,Social Media,3,4424,Young Low Spender,Retention / low spend segment
16,Other,Bangalore,Nokia,Android,8.1,39.6,218.4,128,1.9,2463,2.9,2.0,1815,Work,3,4278,Young Low Spender,Retention / low spend segment
19,Female,Jaipur,Oppo,iOS,10.1,1.3,277.2,66,5.1,534,4.2,1.2,1358,Social Media,3,1892,Young Low Spender,Retention / low spend segment
36,Other,Jaipur,Xiaomi,Android,8.1,37.0,218.7,59,4.3,3122,6.2,1.2,159,Work,3,3281,Young Low Spender,Retention / low spend segment
17,Male,Delhi,Samsung,iOS,1.0,27.0,106.5,35,0.6,506,5.2,0.4,703,Education,3,1209,Young Low Spender,Retention / low spend segment
19,Female,Delhi,Apple,iOS,5.8,34.2,248.6,187,2.0,1115,7.6,0.8,398,Work,3,1513,Young Low Spender,Retention / low spend segment
36,Male,Bangalore,OnePlus,iOS,7.8,24.5,150.0,100,1.3,2378,4.1,0.8,487,Entertainment,3,2865,Young Low Spender,Retention / low spend segment
15,Male,Delhi,Google Pixel,Android,3.7,28.7,184.2,158,1.9,3093,5.0,3.9,1816,Social Media,3,4909,Young Low Spender,Retention / low spend segment
17,Female,Ahmedabad,Oppo,Android,6.5,21.9,297.4,25,0.8,5514,1.9,1.4,1162,Education,3,6676,Young Low Spender,Retention / low spend segment
36,Other,Mumbai,Vivo,iOS,3.2,47.7,53.2,166,2.1,3254,2.4,0.6,654,Education,3,3908,Young Low Spender,Retention / low spend segment
21,Other,Ahmedabad,OnePlus,Android,8.2,48.2,281.1,17,2.3,674,2.6,3.0,1198,Social Media,3,1872,Young Low Spender,Retention / low spend segment
40,Male,Ahmedabad,Oppo,iOS,7.5,9.3,231.7,78,1.1,2499,1.3,2.1,1346,Gaming,3,3845,Young Low Spender,Retention / low spend segment
16,Other,Chennai,Vivo,iOS,2.9,1.7,62.7,37,3.8,5518,7.2,0.7,319,Education,3,5837,Young Low Spender,Retention / low spend segment
26,Male,Bangalore,OnePlus,Android,7.6,32.4,47.0,80,4.1,1348,6.0,1.5,993,Entertainment,3,2341,Young Low Spender,Retention / low spend segment
18,Male,Mumbai,Motorola,iOS,10.0,12.7,68.2,54,2.8,2223,1.6,3.2,318,Social Media,3,2541,Young Low Spender,Retention / low spend segment
24,Other,Hyderabad,Apple,iOS,10.4,17.3,185.8,19,2.2,5461,6.9,4.5,1243,Social Media,3,6704,Young Low Spender,Retention / low spend segment
35,Male,Bangalore,Oppo,Android,2.5,13.7,264.4,184,2.2,2207,3.4,0.2,770,Work,3,2977,Young Low Spender,Retention / low spend segment
15,Female,Kolkata,OnePlus,Android,11.4,29.5,167.1,78,3.4,4462,5.5,3.7,367,Education,3,4829,Young Low Spender,Retention / low spend segment
33,Female,Lucknow,Motorola,iOS,2.7,35.0,105.2,126,0.7,240,7.1,0.3,786,Social Media,3,1026,Young Low Spender,Retention / low spend segment
25,Other,Hyderabad,Realme,Android,10.5,48.4,23.9,170,2.6,2386,6.6,0.8,504,Gaming,3,2890,Young Low Spender,Retention / low spend segment
37,Male,Kolkata,Samsung,Android,11.5,14.8,246.7,196,1.5,2410,2.5,2.9,475,Social Media,3,2885,Young Low Spender,Retention / low spend segment
33,Female,Lucknow,Realme,Android,3.1,41.0,154.9,29,2.3,1236,3.2,0.0,372,Gaming,3,1608,Young Low Spender,Retention / low spend segment
33,Other,Hyderabad,Motorola,Android,4.8,16.3,235.1,63,4.3,4145,1.0,1.2,1637,Gaming,3,5782,Young Low Spender,Retention / low spend segment
35,Female,Pune,Motorola,iOS,11.0,12.7,173.6,152,0.5,2499,6.4,4.0,1361,Entertainment,3,3860,Young Low Spender,Retention / low spend segment
28,Female,Lucknow,Motorola,Android,6.9,38.0,126.9,147,4.3,4612,6.0,0.5,1980,Entertainment,3,6592,Young Low Spender,Retention / low spend segment
27,Male,Jaipur,OnePlus,Android,11.9,41.8,80.1,51,2.1,1427,6.1,2.6,1988,Work,3,3415,Young Low Spender,Retention / low spend segment
23,Female,Delhi,Samsung,Android,2.4,40.0,114.5,52,5.3,397,3.2,4.6,1427,Social Media,3,1824,Young Low Spender,Retention / low spend segment
24,Male,Lucknow,Nokia,iOS,2.6,31.0,144.8,177,2.4,5482,2.2,0.9,1748,Education,3,7230,Young Low Spender,Retention / low spend segment
32,Male,Pune,Oppo,iOS,4.9,28.4,154.4,55,5.1,1526,6.7,3.3,1525,Work,3,3051,Young Low Spender,Retention / low spend segment
26,Other,Bangalore,Realme,Android,7.9,7.7,100.2,11,2.8,6077,7.9,1.6,150,Work,3,6227,Young Low Spender,Retention / low spend segment
33,Other,Kolkata,Xiaomi,Android,8.3,4.5,211.0,149,3.7,3655,3.0,3.8,363,Education,3,4018,Young Low Spender,Retention / low spend segment
16,Female,Kolkata,Google Pixel,iOS,5.0,31.6,274.6,45,1.4,5135,7.9,4.8,1698,Work,3,6833,Young Low Spender,Retention / low spend segment
15,Other,Pune,Xiaomi,Android,6.1,37.9,198.6,68,1.1,5834,4.9,0.3,1836,Work,3,7670,Young Low Spender,Retention / low spend segment
26,Male,Bangalore,Motorola,iOS,6.0,35.9,41.6,146,2.5,3781,2.9,1.4,1704,Gaming,3,5485,Young Low Spender,Retention / low spend segment
15,Other,Chennai,Nokia,iOS,10.1,27.7,224.0,83,3.8,2342,7.8,2.2,699,Entertainment,3,3041,Young Low Spender,Retention / low spend segment
20,Male,Chennai,Xiaomi,iOS,6.5,46.3,248.6,70,2.4,1260,3.0,0.3,953,Gaming,3,2213,Young Low Spender,Retention / low spend segment
21,Other,Mumbai,Google Pixel,Android,3.3,47.5,181.4,124,4.0,3903,3.5,0.8,1240,Entertainment,3,5143,Young Low Spender,Retention / low spend segment
17,Other,Kolkata,Xiaomi,Android,2.9,9.8,282.8,133,2.2,6050,4.2,1.3,1555,Work,3,7605,Young Low Spender,Retention / low spend segment
24,Female,Jaipur,Nokia,iOS,9.5,30.6,207.6,88,2.6,5027,1.8,2.4,603,Work,3,5630,Young Low Spender,Retention / low spend segment
20,Other,Delhi,Apple,Android,9.2,25.3,26.3,41,1.8,4420,5.1,2.8,582,Gaming,3,5002,Young Low Spender,Retention / low spend segment
25,Male,Bangalore,Oppo,Android,4.6,49.6,230.0,189,3.7,1328,1.8,0.9,1535,Entertainment,3,2863,Young Low Spender,Retention / low spend segment
25,Female,Hyderabad,Samsung,Android,1.8,15.9,192.6,68,1.3,2704,3.6,0.5,1665,Entertainment,3,4369,Young Low Spender,Retention / low spend segment
18,Female,Delhi,Xiaomi,Android,5.1,24.3,274.2,21,4.8,3483,2.5,1.4,873,Work,3,4356,Young Low Spender,Retention / low spend segment
20,Other,Pune,Oppo,iOS,1.6,49.3,61.3,187,5.6,2275,7.9,1.3,490,Entertainment,3,2765,Young Low Spender,Retention / low spend segment
27,Female,Delhi,Samsung,iOS,7.0,6.7,114.7,162,3.5,4237,2.4,1.6,1849,Gaming,3,6086,Young Low Spender,Retention / low spend segment
27,Male,Pune,Xiaomi,Android,9.1,37.9,221.2,38,4.5,2404,2.7,1.9,1754,Entertainment,3,4158,Young Low Spender,Retention / low spend segment
20,Female,Jaipur,Realme,Android,10.6,45.2,230.8,37,0.8,1527,1.7,2.2,1096,Entertainment,3,2623,Young Low Spender,Retention / low spend segment
39,Female,Delhi,Realme,iOS,2.5,22.0,159.5,151,1.2,2722,4.6,0.9,627,Education,3,3349,Young Low Spender,Retention / low spend segment
35,Female,Pune,Realme,Android,3.4,44.5,249.8,177,0.8,2951,1.9,2.3,1248,Work,3,4199,Young Low Spender,Retention / low spend segment
21,Female,Ahmedabad,Samsung,Android,11.3,25.4,295.1,82,2.2,1334,6.1,2.2,334,Entertainment,3,1668,Young Low Spender,Retention / low spend segment
24,Female,Pune,Xiaomi,iOS,8.3,12.0,148.5,13,4.6,858,4.4,0.3,1880,Entertainment,3,2738,Young Low Spender,Retention / low spend segment
15,Other,Hyderabad,Realme,Android,2.7,27.7,123.1,182,2.7,5563,6.7,1.5,305,Work,3,5868,Young Low Spender,Retention / low spend segment
26,Female,Mumbai,Realme,Android,11.4,32.7,190.9,39,3.3,6090,4.0,3.9,462,Social Media,3,6552,Young Low Spender,Retention / low spend segment
33,Male,Chennai,Realme,iOS,1.9,36.5,153.3,100,0.7,354,4.1,2.6,1127,Education,3,1481,Young Low Spender,Retention / low spend segment
34,Male,Jaipur,Realme,Android,1.9,26.5,181.5,193,3.6,1690,4.4,0.9,592,Education,3,2282,Young Low Spender,Retention / low spend segment
26,Male,Hyderabad,Motorola,Android,2.7,22.1,79.4,50,3.5,2599,2.1,0.2,1678,Education,3,4277,Young Low Spender,Retention / low spend segment
26,Other,Jaipur,Nokia,Android,5.5,9.4,287.1,71,2.6,3064,6.1,1.9,775,Gaming,3,3839,Young Low Spender,Retention / low spend segment
34,Female,Kolkata,Realme,iOS,8.2,9.2,100.5,110,1.2,178,2.2,2.6,1851,Gaming,3,2029,Young Low Spender,Retention / low spend segment
30,Male,Chennai,Samsung,iOS,4.2,33.7,286.9,154,2.9,110,0.7,3.9,1011,Education,3,1121,Young Low Spender,Retention / low spend segment
16,Female,Pune,Motorola,iOS,7.0,12.1,82.3,106,1.3,4334,3.3,2.3,1718,Social Media,3,6052,Young Low Spender,Retention / low spend segment
22,Other,Hyderabad,Samsung,iOS,11.4,31.3,290.4,73,3.9,5522,5.3,3.6,1105,Education,3,6627,Young Low Spender,Retention / low spend segment
17,Male,Ahmedabad,Realme,Android,5.4,2.0,122.1,182,2.0,517,0.8,3.0,135,Education,3,652,Young Low Spender,Retention / low spend segment
26,Female,Ahmedabad,Vivo,iOS,9.4,38.4,273.9,132,3.6,481,2.4,0.1,1574,Education,3,2055,Young Low Spender,Retention / low spend segment
24,Other,Bangalore,OnePlus,Android,2.9,39.5,54.9,72,3.2,4206,2.9,3.3,173,Work,3,4379,Young Low Spender,Retention / low spend segment
22,Other,Chennai,Motorola,Android,6.7,49.7,195.7,75,2.0,4346,7.1,4.2,1092,Education,3,5438,Young Low Spender,Retention / low spend segment
30,Male,Bangalore,Nokia,Android,4.3,47.2,17.0,109,2.7,1072,3.3,1.9,596,Social Media,3,1668,Young Low Spender,Retention / low spend segment
39,Other,Kolkata,Google Pixel,iOS,10.3,5.9,98.7,18,1.6,2459,7.4,0.3,1465,Work,3,3924,Young Low Spender,Retention / low spend segment
32,Male,Kolkata,Samsung,Android,5.9,12.4,220.3,155,1.7,3465,3.6,1.1,1562,Education,3,5027,Young Low Spender,Retention / low spend segment
31,Male,Ahmedabad,Vivo,Android,10.1,16.0,204.0,198,1.2,2007,1.4,4.7,584,Social Media,3,2591,Young Low Spender,Retention / low spend segment
17,Male,Delhi,Google Pixel,iOS,8.3,27.2,249.9,56,5.0,3408,5.8,4.4,736,Gaming,3,4144,Young Low Spender,Retention / low spend segment
15,Other,Mumbai,Vivo,Android,7.3,22.2,225.1,158,1.6,5109,4.4,0.5,857,Gaming,3,5966,Young Low Spender,Retention / low spend segment
36,Other,Delhi,OnePlus,iOS,6.3,16.4,197.5,173,2.5,2412,2.7,4.3,684,Work,3,3096,Young Low Spender,Retention / low spend segment
38,Female,Mumbai,Apple,Android,9.1,6.1,125.2,127,0.6,2500,2.3,3.3,847,Entertainment,3,3347,Young Low Spender,Retention / low spend segment
20,Male,Ahmedabad,Vivo,Android,3.8,17.9,17.9,188,3.1,2207,4.2,4.6,1314,Entertainment,3,3521,Young Low Spender,Retention / low spend segment
17,Male,Chennai,OnePlus,iOS,6.0,42.4,108.2,98,1.6,5787,4.7,4.9,1612,Social Media,3,7399,Young Low Spender,Retention / low spend segment
15,Other,Lucknow,Google Pixel,iOS,7.2,27.7,177.8,143,3.2,2656,1.2,1.8,1569,Entertainment,3,4225,Young Low Spender,Retention / low spend segment
25,Male,Lucknow,Vivo,iOS,11.8,22.9,87.5,137,3.8,4114,7.1,5.0,1613,Education,3,5727,Young Low Spender,Retention / low spend segment
22,Female,Delhi,Xiaomi,iOS,11.3,46.2,43.2,20,5.1,1952,4.5,3.0,364,Work,3,2316,Young Low Spender,Retention / low spend segment
26,Other,Delhi,OnePlus,Android,4.4,43.2,50.1,49,3.7,3905,1.5,1.8,296,Gaming,3,4201,Young Low Spender,Retention / low spend segment
24,Other,Hyderabad,Vivo,iOS,5.9,26.4,170.9,10,3.8,1616,2.7,0.7,656,Gaming,3,2272,Young Low Spender,Retention / low spend segment
31,Male,Chennai,OnePlus,iOS,10.7,7.8,283.9,46,3.7,3384,7.5,0.2,1780,Education,3,5164,Young Low Spender,Retention / low spend segment
22,Female,Mumbai,Vivo,iOS,9.7,34.7,265.6,66,1.3,4432,3.8,1.4,1703,Gaming,3,6135,Young Low Spender,Retention / low spend segment
27,Other,Chennai,Oppo,Android,10.9,49.5,43.0,193,3.1,982,6.2,3.9,141,Entertainment,3,1123,Young Low Spender,Retention / low spend segment
20,Female,Chennai,Xiaomi,Android,9.7,10.6,158.1,99,4.4,822,7.5,3.6,681,Gaming,3,1503,Young Low Spender,Retention / low spend segment
31,Male,Bangalore,Oppo,iOS,8.6,11.7,139.6,60,2.5,2126,2.0,2.2,1637,Education,3,3763,Young Low Spender,Retention / low spend segment
15,Other,Kolkata,Realme,iOS,1.6,44.5,148.8,27,1.1,6055,4.6,0.8,984,Entertainment,3,7039,Young Low Spender,Retention / low spend segment
28,Other,Jaipur,Apple,Android,8.4,28.1,25.6,19,2.3,1937,2.3,4.8,1995,Education,3,3932,Young Low Spender,Retention / low spend segment
23,Female,Pune,Motorola,Android,3.0,19.2,169.2,110,4.2,1738,7.2,2.0,1143,Work,3,2881,Young Low Spender,Retention / low spend segment
15,Female,Kolkata,Google Pixel,iOS,5.3,30.0,79.3,190,5.2,169,1.4,4.9,1183,Work,3,1352,Young Low Spender,Retention / low spend segment
37,Female,Jaipur,Nokia,Android,11.3,18.1,240.6,57,3.6,3134,1.5,2.9,780,Work,3,3914,Young Low Spender,Retention / low spend segment
41,Male,Mumbai,Motorola,Android,4.5,34.5,171.9,80,0.6,1177,5.4,4.0,524,Education,3,1701,Young Low Spender,Retention / low spend segment
28,Other,Kolkata,Vivo,Android,5.0,12.3,164.8,142,5.9,103,4.6,1.6,124,Entertainment,3,227,Young Low Spender,Retention / low spend segment
22,Male,Kolkata,Google Pixel,Android,4.4,13.6,241.4,169,0.7,757,1.7,4.0,1708,Entertainment,3,2465,Young Low Spender,Retention / low spend segment
29,Female,Chennai,Xiaomi,Android,4.8,1.9,11.6,134,0.7,3322,4.2,0.3,1562,Gaming,3,4884,Young Low Spender,Retention / low spend segment
16,Female,Kolkata,Nokia,Android,8.0,32.5,202.9,195,1.1,4788,2.7,1.7,1924,Education,3,6712,Young Low Spender,Retention / low spend segment
19,Male,Chennai,Google Pixel,Android,10.5,42.2,188.3,83,5.3,1060,5.3,4.1,622,Entertainment,3,1682,Young Low Spender,Retention / low spend segment
15,Female,Pune,Nokia,iOS,9.3,31.8,186.6,137,4.1,3330,7.9,3.3,1572,Gaming,3,4902,Young Low Spender,Retention / low spend segment
33,Male,Jaipur,Nokia,Android,11.3,4.3,195.9,35,2.3,3859,2.9,2.7,1682,Work,3,5541,Young Low Spender,Retention / low spend segment
24,Male,Ahmedabad,Google Pixel,Android,4.7,8.1,176.9,100,2.0,395,4.4,0.0,1080,Social Media,3,1475,Young Low Spender,Retention / low spend segment
19,Female,Ahmedabad,Apple,Android,6.9,14.3,89.5,196,5.0,1729,7.4,0.7,1407,Work,3,3136,Young Low Spender,Retention / low spend segment
30,Female,Jaipur,Nokia,iOS,4.4,24.3,204.8,105,2.2,4193,1.2,4.4,187,Gaming,3,4380,Young Low Spender,Retention / low spend segment
39,Male,Bangalore,Apple,iOS,7.6,8.0,125.7,40,1.7,2310,0.8,0.6,1137,Education,3,3447,Young Low Spender,Retention / low spend segment
20,Male,Delhi,Realme,iOS,3.8,10.7,80.8,103,2.9,4871,6.1,4.9,952,Education,3,5823,Young Low Spender,Retention / low spend segment
21,Other,Delhi,Nokia,iOS,11.2,4.1,294.6,134,1.0,1706,7.5,1.5,927,Gaming,3,2633,Young Low Spender,Retention / low spend segment
34,Female,Kolkata,Motorola,iOS,9.4,28.9,233.5,193,3.6,4251,0.6,3.8,466,Work,3,4717,Young Low Spender,Retention / low spend segment
29,Female,Jaipur,Apple,Android,5.6,27.2,141.8,176,3.7,3413,2.8,3.8,346,Social Media,3,3759,Young Low Spender,Retention / low spend segment
21,Male,Chennai,Samsung,iOS,11.3,31.7,149.0,160,1.3,1903,4.9,0.2,707,Work,3,2610,Young Low Spender,Retention / low spend segment
26,Female,Jaipur,Samsung,Android,10.1,12.3,156.2,121,5.8,1005,5.2,1.5,1687,Gaming,3,2692,Young Low Spender,Retention / low spend segment
23,Male,Ahmedabad,Nokia,Android,3.5,9.9,282.8,144,1.7,5754,2.0,2.0,694,Work,3,6448,Young Low Spender,Retention / low spend segment
23,Other,Delhi,Realme,Android,10.9,37.7,158.0,19,0.7,2180,3.3,2.2,141,Gaming,3,2321,Young Low Spender,Retention / low spend segment
28,Other,Delhi,Xiaomi,Android,10.4,36.3,185.4,113,3.0,3314,7.0,0.9,1461,Entertainment,3,4775,Young Low Spender,Retention / low spend segment
32,Male,Pune,Oppo,iOS,8.7,16.3,230.3,137,4.0,4707,3.1,3.5,1102,Work,3,5809,Young Low Spender,Retention / low spend segment
22,Other,Chennai,Samsung,Android,10.4,25.6,290.4,30,3.2,5003,2.3,2.7,466,Gaming,3,5469,Young Low Spender,Retention / low spend segment
16,Female,Kolkata,OnePlus,Android,6.3,12.0,153.1,90,0.9,3924,5.9,2.8,117,Social Media,3,4041,Young Low Spender,Retention / low spend segment
31,Male,Kolkata,Oppo,Android,4.6,22.2,27.3,92,5.2,2234,7.5,3.9,1390,Work,3,3624,Young Low Spender,Retention / low spend segment
30,Male,Mumbai,Realme,iOS,9.6,39.8,174.0,54,0.7,2023,0.8,1.3,462,Entertainment,3,2485,Young Low Spender,Retention / low spend segment
16,Other,Ahmedabad,OnePlus,Android,4.5,8.5,277.0,188,2.5,6978,0.6,4.4,1227,Work,3,8205,Young Low Spender,Retention / low spend segment
20,Other,Pune,Nokia,iOS,7.7,39.6,180.3,184,4.9,1954,2.4,1.6,673,Gaming,3,2627,Young Low Spender,Retention / low spend segment
30,Male,Ahmedabad,Oppo,Android,4.9,3.5,46.2,60,2.1,618,5.0,1.4,1322,Social Media,3,1940,Young Low Spender,Retention / low spend segment
17,Male,Bangalore,Xiaomi,iOS,3.8,33.8,147.2,108,5.1,412,2.4,0.2,1934,Work,3,2346,Young Low Spender,Retention / low spend segment
22,Female,Mumbai,Samsung,Android,6.4,40.4,203.6,153,4.8,4995,3.2,3.6,157,Entertainment,3,5152,Young Low Spender,Retention / low spend segment
16,Male,Hyderabad,OnePlus,iOS,4.3,32.3,25.6,91,0.9,4739,4.4,1.4,1288,Social Media,3,6027,Young Low Spender,Retention / low spend segment
18,Other,Hyderabad,OnePlus,Android,3.1,26.6,50.9,47,4.5,3900,1.4,2.8,1968,Work,3,5868,Young Low Spender,Retention / low spend segment
17,Male,Ahmedabad,Xiaomi,iOS,2.6,38.7,109.0,82,2.3,6985,1.7,3.7,1828,Work,3,8813,Young Low Spender,Retention / low spend segment
42,Male,Delhi,Oppo,iOS,7.8,18.6,280.3,32,1.2,2456,4.1,2.3,384,Social Media,3,2840,Young Low Spender,Retention / low spend segment
25,Other,Chennai,OnePlus,iOS,7.7,12.6,296.1,31,5.9,526,4.1,0.0,391,Work,3,917,Young Low Spender,Retention / low spend segment
25,Female,Kolkata,Vivo,Android,6.2,48.2,226.9,114,5.8,897,2.0,2.3,420,Entertainment,3,1317,Young Low Spender,Retention / low spend segment
17,Other,Delhi,Xiaomi,iOS,4.4,8.4,62.3,56,5.2,3519,6.7,4.6,1350,Education,3,4869,Young Low Spender,Retention / low spend segment
29,Other,Delhi,OnePlus,Android,4.4,9.6,55.9,81,2.7,3206,2.9,0.8,1188,Education,3,4394,Young Low Spender,Retention / low spend segment
25,Female,Jaipur,OnePlus,Android,1.9,20.0,205.7,52,4.2,2939,3.7,2.8,171,Gaming,3,3110,Young Low Spender,Retention / low spend segment
30,Female,Kolkata,Nokia,iOS,2.0,23.5,224.7,82,2.6,1718,7.6,3.4,462,Work,3,2180,Young Low Spender,Retention / low spend segment
30,Female,Ahmedabad,Realme,iOS,2.5,13.1,64.8,20,2.5,5387,6.2,3.4,1493,Gaming,3,6880,Young Low Spender,Retention / low spend segment
19,Other,Chennai,Samsung,Android,9.1,11.9,270.0,16,5.8,2264,5.1,0.7,1041,Work,3,3305,Young Low Spender,Retention / low spend segment
30,Other,Chennai,Vivo,Android,4.8,26.2,24.6,29,1.2,2867,4.9,1.4,167,Social Media,3,3034,Young Low Spender,Retention / low spend segment
20,Other,Jaipur,Oppo,Android,4.5,2.8,71.8,69,3.2,5682,7.9,1.6,922,Gaming,3,6604,Young Low Spender,Retention / low spend segment
30,Male,Mumbai,Realme,Android,6.9,42.8,76.9,17,1.7,4434,1.1,0.0,785,Education,3,5219,Young Low Spender,Retention / low spend segment
25,Other,Delhi,Samsung,Android,4.1,34.7,58.5,84,4.2,4496,5.5,2.1,230,Work,3,4726,Young Low Spender,Retention / low spend segment
28,Other,Pune,Apple,Android,9.7,39.8,59.1,148,1.9,1240,2.3,2.3,753,Work,3,1993,Young Low Spender,Retention / low spend segment
16,Female,Ahmedabad,Samsung,iOS,10.3,12.3,15.1,123,3.1,904,2.5,3.0,696,Entertainment,3,1600,Young Low Spender,Retention / low spend segment
20,Other,Kolkata,Realme,Android,11.7,35.4,144.6,25,6.0,2585,6.8,0.0,1070,Education,3,3655,Young Low Spender,Retention / low spend segment
20,Female,Bangalore,Google Pixel,Android,1.2,7.1,33.3,135,5.7,2166,0.8,0.6,1273,Work,3,3439,Young Low Spender,Retention / low spend segment
39,Other,Kolkata,Oppo,iOS,6.7,36.2,250.1,147,1.4,152,3.3,1.2,1088,Education,3,1240,Young Low Spender,Retention / low spend segment
34,Male,Ahmedabad,Oppo,Android,3.1,13.0,273.8,117,3.7,2644,6.6,0.3,1661,Entertainment,3,4305,Young Low Spender,Retention / low spend segment
20,Female,Ahmedabad,Vivo,iOS,11.5,33.4,68.0,106,4.9,1744,5.5,1.8,1772,Gaming,3,3516,Young Low Spender,Retention / low spend segment
35,Other,Bangalore,OnePlus,iOS,11.5,14.4,153.2,85,2.4,1805,5.7,0.4,1396,Entertainment,3,3201,Young Low Spender,Retention / low spend segment
35,Other,Chennai,Vivo,iOS,1.1,21.8,148.1,69,2.7,1407,6.1,1.7,862,Entertainment,3,2269,Young Low Spender,Retention / low spend segment
32,Female,Lucknow,OnePlus,iOS,10.4,32.3,76.0,193,1.0,1824,6.0,2.8,1276,Entertainment,3,3100,Young Low Spender,Retention / low spend segment
30,Male,Pune,Xiaomi,iOS,8.0,49.8,257.2,149,2.3,3885,1.1,4.0,1285,Social Media,3,5170,Young Low Spender,Retention / low spend segment
25,Male,Chennai,Motorola,Android,11.1,28.3,283.2,118,2.3,4761,4.8,2.4,1881,Entertainment,3,6642,Young Low Spender,Retention / low spend segment
22,Female,Hyderabad,Realme,iOS,1.4,2.5,145.2,127,3.4,1621,2.6,3.5,1043,Work,3,2664,Young Low Spender,Retention / low spend segment
16,Other,Pune,Oppo,iOS,6.7,27.0,295.5,167,3.8,1857,7.8,2.3,1260,Gaming,3,3117,Young Low Spender,Retention / low spend segment
34,Male,Hyderabad,Google Pixel,iOS,2.2,46.5,222.3,81,3.2,3961,4.8,1.4,963,Work,3,4924,Young Low Spender,Retention / low spend segment
15,Other,Hyderabad,Vivo,iOS,10.2,30.4,103.7,88,0.9,2665,0.5,1.5,215,Social Media,3,2880,Young Low Spender,Retention / low spend segment
26,Female,Kolkata,OnePlus,iOS,4.3,36.9,225.0,45,1.2,2094,1.3,0.3,1964,Gaming,3,4058,Young Low Spender,Retention / low spend segment
25,Other,Delhi,Realme,Android,4.5,37.8,134.8,106,3.4,4932,5.9,2.7,333,Entertainment,3,5265,Young Low Spender,Retention / low spend segment
16,Female,Bangalore,OnePlus,Android,2.1,46.3,151.2,51,2.9,6116,2.3,1.7,880,Work,3,6996,Young Low Spender,Retention / low spend segment
29,Male,Chennai,Vivo,iOS,12.0,18.4,195.5,87,2.2,4867,2.2,2.8,677,Education,3,5544,Young Low Spender,Retention / low spend segment
21,Other,Ahmedabad,Google Pixel,Android,3.4,46.2,256.4,188,3.8,3553,5.2,3.9,1457,Work,3,5010,Young Low Spender,Retention / low spend segment
30,Female,Mumbai,OnePlus,Android,3.4,33.5,60.9,193,5.6,2025,6.8,3.7,1352,Entertainment,3,3377,Young Low Spender,Retention / low spend segment
34,Other,Bangalore,Oppo,iOS,2.3,28.1,96.6,91,1.6,2015,4.5,0.6,181,Social Media,3,2196,Young Low Spender,Retention / low spend segment
19,Other,Bangalore,Samsung,Android,9.8,11.2,41.9,167,1.7,4961,0.6,4.7,1174,Social Media,3,6135,Young Low Spender,Retention / low spend segment
34,Other,Chennai,Motorola,Android,2.6,45.4,62.6,151,2.9,4312,0.7,4.1,1695,Entertainment,3,6007,Young Low Spender,Retention / low spend segment
15,Male,Pune,Vivo,Android,8.2,1.4,96.2,105,4.8,1838,4.3,3.5,591,Gaming,3,2429,Young Low Spender,Retention / low spend segment
20,Female,Ahmedabad,Realme,Android,5.2,22.4,164.9,196,2.5,6847,2.6,5.0,768,Social Media,3,7615,Young Low Spender,Retention / low spend segment
26,Male,Ahmedabad,OnePlus,iOS,12.0,38.8,41.2,87,4.1,2163,1.7,5.0,1440,Gaming,3,3603,Young Low Spender,Retention / low spend segment
24,Male,Pune,Apple,iOS,2.0,29.4,150.6,65,5.7,1027,3.4,1.1,1712,Social Media,3,2739,Young Low Spender,Retention / low spend segment
30,Male,Pune,Realme,iOS,3.9,26.3,14.2,116,2.4,3978,3.5,0.8,1902,Education,3,5880,Young Low Spender,Retention / low spend segment
23,Male,Mumbai,OnePlus,iOS,6.4,17.5,213.4,70,5.8,955,3.2,0.4,417,Work,3,1372,Young Low Spender,Retention / low spend segment
16,Male,Mumbai,Google Pixel,iOS,5.5,18.0,124.9,176,1.0,2463,4.8,0.1,1192,Entertainment,3,3655,Young Low Spender,Retention / low spend segment
33,Female,Delhi,Vivo,iOS,7.7,45.3,73.4,195,2.9,4181,2.9,4.9,343,Gaming,3,4524,Young Low Spender,Retention / low spend segment
31,Male,Bangalore,OnePlus,iOS,4.1,32.0,127.8,179,2.7,2419,7.1,0.6,1162,Work,3,3581,Young Low Spender,Retention / low spend segment
23,Female,Mumbai,Vivo,iOS,6.8,11.9,279.5,142,6.0,843,7.2,3.2,419,Education,3,1262,Young Low Spender,Retention / low spend segment
20,Female,Chennai,Google Pixel,Android,8.4,20.7,287.8,63,4.8,5053,0.7,2.1,1303,Work,3,6356,Young Low Spender,Retention / low spend segment
30,Male,Chennai,Google Pixel,Android,8.8,7.5,48.7,74,3.1,2281,0.7,4.1,1491,Gaming,3,3772,Young Low Spender,Retention / low spend segment
30,Other,Ahmedabad,OnePlus,Android,9.9,17.7,54.5,116,2.8,2075,3.4,4.9,634,Social Media,3,2709,Young Low Spender,Retention / low spend segment
32,Other,Pune,Realme,Android,5.0,16.3,290.0,89,4.9,3082,2.9,4.3,829,Gaming,3,3911,Young Low Spender,Retention / low spend segment
16,Male,Lucknow,Nokia,Android,2.5,42.6,195.9,135,1.9,5563,2.1,1.1,463,Entertainment,3,6026,Young Low Spender,Retention / low spend segment
33,Other,Lucknow,Xiaomi,iOS,1.7,23.7,10.5,195,1.3,1830,2.5,1.8,279,Entertainment,3,2109,Young Low Spender,Retention / low spend segment
32,Female,Mumbai,Vivo,iOS,11.8,5.8,157.5,45,5.1,2944,2.8,2.8,721,Education,3,3665,Young Low Spender,Retention / low spend segment
19,Other,Kolkata,Motorola,iOS,1.6,49.3,88.1,92,1.6,1518,2.0,1.4,125,Gaming,3,1643,Young Low Spender,Retention / low spend segment
36,Other,Hyderabad,Nokia,Android,6.6,38.5,60.3,78,2.8,1490,3.5,4.6,377,Gaming,3,1867,Young Low Spender,Retention / low spend segment
25,Male,Lucknow,Oppo,Android,2.5,18.6,47.0,110,0.6,586,3.3,0.0,1783,Work,3,2369,Young Low Spender,Retention / low spend segment
23,Other,Kolkata,Oppo,iOS,2.9,47.9,224.6,71,5.7,2381,2.5,1.4,988,Work,3,3369,Young Low Spender,Retention / low spend segment
24,Male,Lucknow,Apple,Android,3.4,12.5,115.6,59,4.7,949,6.0,2.5,1389,Entertainment,3,2338,Young Low Spender,Retention / low spend segment
17,Female,Lucknow,Google Pixel,Android,6.4,3.0,185.1,95,3.9,4437,4.4,1.9,918,Education,3,5355,Young Low Spender,Retention / low spend segment
21,Female,Chennai,OnePlus,Android,10.1,18.9,267.9,186,4.9,4189,0.6,2.2,344,Entertainment,3,4533,Young Low Spender,Retention / low spend segment
15,Other,Lucknow,Samsung,iOS,7.8,22.4,272.6,15,2.3,447,2.0,1.7,679,Work,3,1126,Young Low Spender,Retention / low spend segment
26,Other,Chennai,Vivo,iOS,9.3,42.8,54.7,99,2.4,2653,0.9,4.9,1479,Education,3,4132,Young Low Spender,Retention / low spend segment
20,Other,Delhi,Realme,Android,8.6,9.3,81.7,70,2.9,2678,7.2,2.7,920,Education,3,3598,Young Low Spender,Retention / low spend segment
35,Other,Chennai,Nokia,iOS,3.1,22.2,158.8,194,1.5,683,7.4,0.0,527,Social Media,3,1210,Young Low Spender,Retention / low spend segment
23,Female,Lucknow,Vivo,iOS,8.9,27.5,25.5,188,3.8,4698,1.7,2.3,1700,Gaming,3,6398,Young Low Spender,Retention / low spend segment
15,Other,Ahmedabad,Samsung,Android,5.1,45.3,174.4,26,5.8,1001,1.5,1.9,1618,Work,3,2619,Young Low Spender,Retention / low spend segment
26,Female,Kolkata,Samsung,iOS,5.0,41.2,42.6,39,1.8,1678,5.7,0.4,1200,Gaming,3,2878,Young Low Spender,Retention / low spend segment
16,Male,Delhi,Oppo,iOS,10.4,40.7,184.2,62,4.0,4627,5.0,3.2,942,Education,3,5569,Young Low Spender,Retention / low spend segment
15,Other,Bangalore,Xiaomi,Android,8.4,35.1,287.5,175,4.1,5054,7.3,4.7,422,Work,3,5476,Young Low Spender,Retention / low spend segment
31,Male,Pune,Google Pixel,Android,11.5,48.8,163.3,151,5.5,696,7.6,0.0,885,Social Media,3,1581,Young Low Spender,Retention / low spend segment
22,Other,Bangalore,Oppo,Android,10.2,24.1,179.9,56,4.4,1848,4.8,0.5,1543,Education,3,3391,Young Low Spender,Retention / low spend segment
19,Male,Bangalore,Nokia,iOS,11.4,49.5,20.6,82,4.2,4016,6.4,1.8,967,Entertainment,3,4983,Young Low Spender,Retention / low spend segment
24,Male,Ahmedabad,Apple,Android,5.2,23.7,174.1,78,4.7,2633,3.8,3.9,1320,Social Media,3,3953,Young Low Spender,Retention / low spend segment
15,Female,Delhi,Vivo,Android,3.0,30.9,170.3,169,2.3,6855,4.3,4.4,626,Social Media,3,7481,Young Low Spender,Retention / low spend segment
15,Male,Lucknow,OnePlus,iOS,1.0,1.4,134.2,102,3.2,1479,3.3,0.0,808,Entertainment,3,2287,Young Low Spender,Retention / low spend segment
22,Male,Hyderabad,Xiaomi,iOS,6.3,23.6,70.3,36,3.0,5373,2.7,0.1,149,Work,3,5522,Young Low Spender,Retention / low spend segment
16,Male,Ahmedabad,Motorola,Android,7.8,22.2,198.6,158,1.0,2103,2.4,3.3,1297,Gaming,3,3400,Young Low Spender,Retention / low spend segment
15,Male,Pune,Motorola,Android,5.1,30.7,266.5,73,3.4,7448,5.1,4.2,878,Gaming,3,8326,Young Low Spender,Retention / low spend segment
33,Male,Kolkata,Apple,iOS,7.5,21.7,273.0,12,2.1,1500,7.9,0.1,1846,Social Media,3,3346,Young Low Spender,Retention / low spend segment
27,Other,Bangalore,OnePlus,iOS,10.3,18.9,202.3,199,2.2,5120,4.4,1.5,525,Education,3,5645,Young Low Spender,Retention / low spend segment
25,Male,Hyderabad,Apple,iOS,10.1,20.4,44.3,51,3.0,3852,0.9,3.9,509,Gaming,3,4361,Young Low Spender,Retention / low spend segment
31,Other,Bangalore,Vivo,Android,7.7,45.6,179.7,79,3.2,2461,5.4,4.9,1959,Entertainment,3,4420,Young Low Spender,Retention / low spend segment
17,Other,Jaipur,Vivo,iOS,7.1,2.7,275.9,159,5.1,385,7.7,1.5,564,Gaming,3,949,Young Low Spender,Retention / low spend segment
15,Female,Mumbai,Apple,iOS,8.0,28.1,173.8,184,4.6,1281,0.9,2.8,135,Social Media,3,1416,Young Low Spender,Retention / low spend segment
16,Male,Mumbai,Apple,Android,8.3,33.8,161.3,120,3.6,5884,2.4,3.3,1015,Work,3,6899,Young Low Spender,Retention / low spend segment
20,Female,Pune,Apple,Android,2.0,33.2,208.5,16,0.7,1783,3.2,0.3,463,Gaming,3,2246,Young Low Spender,Retention / low spend segment
17,Male,Bangalore,OnePlus,Android,10.3,39.2,113.6,66,3.3,4152,2.4,0.3,1935,Social Media,3,6087,Young Low Spender,Retention / low spend segment
21,Other,Kolkata,Motorola,iOS,4.1,8.9,70.7,36,4.1,5311,2.8,3.2,1423,Entertainment,3,6734,Young Low Spender,Retention / low spend segment
21,Female,Pune,OnePlus,iOS,10.8,25.1,68.1,189,1.2,857,6.2,3.2,1851,Social Media,3,2708,Young Low Spender,Retention / low spend segment
19,Other,Lucknow,OnePlus,Android,1.5,12.4,223.6,118,4.4,5623,2.4,2.8,965,Social Media,3,6588,Young Low Spender,Retention / low spend segment
16,Other,Ahmedabad,Apple,Android,3.9,21.2,5.8,85,4.1,3790,1.4,5.0,293,Social Media,3,4083,Young Low Spender,Retention / low spend segment
26,Female,Jaipur,Vivo,iOS,4.8,4.5,259.4,117,1.6,462,6.8,3.6,1438,Work,3,1900,Young Low Spender,Retention / low spend segment
15,Male,Lucknow,Motorola,Android,3.4,1.2,196.6,74,5.7,1431,2.8,0.3,1989,Work,3,3420,Young Low Spender,Retention / low spend segment
19,Female,Chennai,Nokia,iOS,3.7,30.2,247.1,196,1.6,741,4.1,2.4,1960,Entertainment,3,2701,Young Low Spender,Retention / low spend segment
22,Male,Jaipur,Nokia,iOS,4.4,38.8,41.7,43,3.6,1238,1.3,3.3,1124,Entertainment,3,2362,Young Low Spender,Retention / low spend segment
19,Female,Lucknow,Realme,iOS,9.8,40.3,153.8,56,1.0,5681,2.1,3.9,1086,Social Media,3,6767,Young Low Spender,Retention / low spend segment
25,Female,Jaipur,OnePlus,iOS,11.2,29.4,63.7,140,3.8,3025,7.8,0.5,1688,Social Media,3,4713,Young Low Spender,Retention / low spend segment
20,Other,Pune,Oppo,Android,3.3,4.7,227.3,159,1.6,6112,4.1,2.6,813,Gaming,3,6925,Young Low Spender,Retention / low spend segment
40,Female,Pune,Realme,Android,10.4,45.7,148.9,60,0.7,682,1.3,2.3,947,Gaming,3,1629,Young Low Spender,Retention / low spend segment
33,Male,Chennai,Samsung,Android,10.7,40.7,147.9,161,3.2,2659,3.2,0.9,1975,Gaming,3,4634,Young Low Spender,Retention / low spend segment
19,Other,Chennai,Realme,Android,2.2,42.1,64.4,119,1.4,2784,0.9,3.9,328,Education,3,3112,Young Low Spender,Retention / low spend segment
22,Other,Chennai,Xiaomi,Android,7.1,13.5,259.8,126,5.7,715,7.6,1.5,521,Gaming,3,1236,Young Low Spender,Retention / low spend segment
35,Female,Chennai,Nokia,Android,7.1,11.2,120.4,16,4.0,880,3.8,4.2,1920,Education,3,2800,Young Low Spender,Retention / low spend segment
35,Male,Delhi,Apple,Android,2.1,30.8,124.7,29,3.6,1591,6.4,4.5,475,Entertainment,3,2066,Young Low Spender,Retention / low spend segment
27,Other,Chennai,Realme,Android,2.9,13.0,94.2,28,3.3,573,2.3,4.5,1102,Entertainment,3,1675,Young Low Spender,Retention / low spend segment
16,Other,Ahmedabad,Google Pixel,iOS,10.4,15.4,279.8,100,1.4,5379,3.6,1.5,1777,Gaming,3,7156,Young Low Spender,Retention / low spend segment
34,Male,Bangalore,Xiaomi,Android,8.8,42.5,134.3,92,3.4,4299,3.7,3.8,920,Education,3,5219,Young Low Spender,Retention / low spend segment
32,Female,Chennai,OnePlus,iOS,5.1,4.5,265.1,90,1.8,1044,2.7,3.6,1433,Education,3,2477,Young Low Spender,Retention / low spend segment
26,Other,Delhi,Samsung,Android,11.4,37.0,167.4,73,3.2,5282,5.0,3.7,363,Entertainment,3,5645,Young Low Spender,Retention / low spend segment
18,Other,Hyderabad,Apple,Android,7.8,8.2,66.0,95,1.3,4944,7.9,0.8,774,Education,3,5718,Young Low Spender,Retention / low spend segment
15,Other,Lucknow,OnePlus,iOS,6.9,5.7,166.3,170,2.5,3168,7.8,3.7,737,Social Media,3,3905,Young Low Spender,Retention / low spend segment
26,Male,Chennai,Motorola,Android,11.3,18.8,117.7,191,5.3,3046,3.2,1.7,335,Work,3,3381,Young Low Spender,Retention / low spend segment
32,Male,Mumbai,Apple,iOS,11.1,24.0,201.3,135,2.7,3865,4.8,2.3,847,Education,3,4712,Young Low Spender,Retention / low spend segment
18,Male,Pune,Nokia,iOS,1.7,41.8,219.4,183,3.7,5157,2.4,2.2,1607,Education,3,6764,Young Low Spender,Retention / low spend segment
25,Male,Chennai,OnePlus,iOS,10.3,4.6,171.3,169,2.4,2554,1.9,1.9,1994,Gaming,3,4548,Young Low Spender,Retention / low spend segment
16,Female,Hyderabad,Nokia,Android,1.7,42.6,20.7,58,2.8,5089,4.4,2.2,359,Gaming,3,5448,Young Low Spender,Retention / low spend segment
25,Other,Mumbai,Xiaomi,iOS,2.8,47.2,151.8,154,2.3,4037,4.0,2.2,1706,Education,3,5743,Young Low Spender,Retention / low spend segment
29,Other,Kolkata,Vivo,Android,7.8,45.2,100.2,83,2.9,2671,1.6,3.8,635,Education,3,3306,Young Low Spender,Retention / low spend segment
35,Other,Pune,Samsung,iOS,8.8,20.0,165.1,40,2.1,3345,7.8,3.6,556,Education,3,3901,Young Low Spender,Retention / low spend segment
16,Male,Chennai,Google Pixel,iOS,5.4,29.3,15.6,151,1.2,5203,4.8,2.6,1473,Social Media,3,6676,Young Low Spender,Retention / low spend segment
23,Female,Hyderabad,Samsung,Android,6.9,27.4,38.8,159,5.5,2757,6.7,2.4,815,Education,3,3572,Young Low Spender,Retention / low spend segment
16,Other,Delhi,Oppo,iOS,5.5,16.5,53.8,178,2.7,4771,1.1,3.3,1665,Gaming,3,6436,Young Low Spender,Retention / low spend segment
18,Male,Delhi,Oppo,iOS,7.2,34.6,244.1,115,3.0,3052,4.0,2.9,831,Education,3,3883,Young Low Spender,Retention / low spend segment
30,Other,Lucknow,Samsung,iOS,8.7,7.9,202.2,191,0.8,1521,1.4,3.8,1616,Education,3,3137,Young Low Spender,Retention / low spend segment
28,Female,Ahmedabad,Nokia,iOS,3.3,5.8,228.6,27,3.4,5932,4.9,4.7,1844,Gaming,3,7776,Young Low Spender,Retention / low spend segment
22,Male,Pune,OnePlus,Android,4.8,10.9,286.5,113,2.6,3836,1.6,0.1,831,Social Media,3,4667,Young Low Spender,Retention / low spend segment
36,Female,Mumbai,Xiaomi,iOS,3.8,26.6,41.6,171,2.7,3694,7.4,4.8,1398,Gaming,3,5092,Young Low Spender,Retention / low spend segment
19,Other,Chennai,Nokia,Android,7.6,8.0,289.2,151,3.6,6306,1.8,1.8,1496,Education,3,7802,Young Low Spender,Retention / low spend segment
15,Male,Mumbai,Samsung,iOS,2.8,12.9,152.1,63,4.8,5119,3.0,0.7,1987,Education,3,7106,Young Low Spender,Retention / low spend segment
22,Male,Delhi,Motorola,iOS,3.2,39.8,11.1,159,3.8,226,0.8,5.0,993,Social Media,3,1219,Young Low Spender,Retention / low spend segment
22,Male,Bangalore,Oppo,Android,11.9,22.4,93.0,14,3.3,1686,4.2,4.1,1568,Work,3,3254,Young Low Spender,Retention / low spend segment
21,Other,Kolkata,Vivo,Android,10.4,48.4,98.9,47,0.8,1506,5.9,1.8,348,Gaming,3,1854,Young Low Spender,Retention / low spend segment
21,Other,Bangalore,Realme,Android,8.3,25.0,61.8,175,2.3,6075,1.5,3.3,204,Work,3,6279,Young Low Spender,Retention / low spend segment
19,Other,Kolkata,OnePlus,Android,3.0,8.4,215.0,20,5.7,2031,2.2,1.8,302,Gaming,3,2333,Young Low Spender,Retention / low spend segment
26,Other,Kolkata,Vivo,iOS,5.4,11.7,211.1,122,1.9,4163,2.4,0.1,1913,Entertainment,3,6076,Young Low Spender,Retention / low spend segment
20,Male,Kolkata,OnePlus,iOS,5.5,1.7,241.6,104,3.3,5707,6.6,2.1,1515,Social Media,3,7222,Young Low Spender,Retention / low spend segment
20,Male,Delhi,Motorola,iOS,8.5,2.7,11.6,113,3.9,2703,1.9,4.6,991,Education,3,3694,Young Low Spender,Retention / low spend segment
17,Other,Mumbai,Xiaomi,Android,10.8,39.2,180.1,69,5.9,2258,1.8,4.6,1319,Gaming,3,3577,Young Low Spender,Retention / low spend segment
21,Male,Delhi,Nokia,iOS,6.8,31.6,18.4,20,4.8,812,7.0,0.7,1249,Entertainment,3,2061,Young Low Spender,Retention / low spend segment
23,Male,Chennai,Nokia,Android,3.6,16.8,229.3,60,1.2,2018,4.7,0.3,1779,Education,3,3797,Young Low Spender,Retention / low spend segment
23,Female,Jaipur,Samsung,iOS,9.7,28.5,65.0,69,2.4,3581,4.3,0.5,1295,Entertainment,3,4876,Young Low Spender,Retention / low spend segment
17,Female,Mumbai,Motorola,Android,3.7,44.3,210.7,91,2.2,2275,1.5,1.1,729,Education,3,3004,Young Low Spender,Retention / low spend segment
32,Male,Mumbai,Samsung,iOS,8.5,28.8,292.4,24,2.7,1799,1.6,2.3,1560,Gaming,3,3359,Young Low Spender,Retention / low spend segment
15,Female,Jaipur,Apple,Android,6.8,41.2,232.7,90,3.2,6535,4.6,2.8,247,Gaming,3,6782,Young Low Spender,Retention / low spend segment
18,Male,Chennai,Oppo,Android,6.5,42.7,274.8,108,2.8,5634,4.7,3.2,1217,Social Media,3,6851,Young Low Spender,Retention / low spend segment
28,Male,Pune,Xiaomi,Android,3.4,11.3,18.7,62,2.0,4170,3.4,1.3,870,Education,3,5040,Young Low Spender,Retention / low spend segment
23,Male,Delhi,Nokia,Android,6.8,31.6,185.3,93,3.9,4814,4.6,0.7,1632,Work,3,6446,Young Low Spender,Retention / low spend segment
31,Female,Lucknow,Motorola,iOS,3.9,6.3,82.7,84,4.4,2990,4.1,4.5,1998,Education,3,4988,Young Low Spender,Retention / low spend segment
26,Other,Jaipur,Google Pixel,iOS,10.3,40.6,141.5,68,3.0,4785,5.1,2.9,1068,Entertainment,3,5853,Young Low Spender,Retention / low spend segment
21,Other,Hyderabad,Vivo,Android,6.0,25.7,70.0,121,4.3,1538,4.0,0.4,767,Entertainment,3,2305,Young Low Spender,Retention / low spend segment
21,Male,Delhi,Xiaomi,iOS,10.9,44.6,75.5,46,2.9,2244,6.6,2.0,1407,Work,3,3651,Young Low Spender,Retention / low spend segment
30,Female,Delhi,Xiaomi,iOS,10.2,41.0,120.9,41,3.4,4836,5.4,3.8,1038,Education,3,5874,Young Low Spender,Retention / low spend segment
20,Other,Hyderabad,Vivo,iOS,3.9,29.7,278.3,27,4.6,3035,3.7,4.2,1642,Education,3,4677,Young Low Spender,Retention / low spend segment
30,Male,Jaipur,Nokia,Android,4.3,48.6,68.4,102,3.1,5451,6.7,0.4,329,Gaming,3,5780,Young Low Spender,Retention / low spend segment
16,Female,Pune,Nokia,iOS,6.8,32.8,212.6,14,3.3,3257,1.0,0.8,1527,Entertainment,3,4784,Young Low Spender,Retention / low spend segment
26,Male,Kolkata,Xiaomi,iOS,6.5,31.1,64.9,165,5.2,2972,1.0,3.7,1883,Gaming,3,4855,Young Low Spender,Retention / low spend segment
19,Male,Lucknow,Xiaomi,Android,4.4,27.4,226.1,43,2.2,3477,3.4,0.0,325,Gaming,3,3802,Young Low Spender,Retention / low spend segment
31,Female,Kolkata,Realme,iOS,2.1,3.5,190.0,116,3.5,221,5.1,0.2,509,Gaming,3,730,Young Low Spender,Retention / low spend segment
16,Male,Lucknow,Motorola,iOS,10.6,46.9,182.1,46,4.6,5007,6.9,2.6,1619,Entertainment,3,6626,Young Low Spender,Retention / low spend segment
36,Other,Mumbai,OnePlus,iOS,3.5,33.9,167.2,162,1.7,494,2.7,1.7,1225,Work,3,1719,Young Low Spender,Retention / low spend segment
35,Other,Mumbai,Motorola,iOS,7.9,1.7,206.7,11,3.6,3420,7.1,1.5,278,Education,3,3698,Young Low Spender,Retention / low spend segment
35,Other,Delhi,Samsung,Android,6.1,33.9,74.3,51,1.3,3087,2.6,4.3,1162,Education,3,4249,Young Low Spender,Retention / low spend segment
19,Other,Lucknow,Nokia,iOS,6.7,2.9,166.7,55,1.4,3879,1.8,2.0,238,Entertainment,3,4117,Young Low Spender,Retention / low spend segment
23,Male,Lucknow,Nokia,iOS,3.1,7.1,259.8,53,2.8,545,2.3,3.5,1559,Entertainment,3,2104,Young Low Spender,Retention / low spend segment
36,Female,Pune,Oppo,iOS,3.3,19.1,159.6,171,2.3,588,7.8,2.3,825,Gaming,3,1413,Young Low Spender,Retention / low spend segment
37,Male,Chennai,Realme,iOS,6.3,41.8,228.5,165,0.8,1016,2.5,3.1,591,Work,3,1607,Young Low Spender,Retention / low spend segment
31,Other,Bangalore,Realme,iOS,4.8,47.5,60.1,191,1.7,989,2.6,4.8,1529,Gaming,3,2518,Young Low Spender,Retention / low spend segment
39,Male,Ahmedabad,Xiaomi,Android,11.7,40.5,247.0,30,0.6,1341,4.6,3.4,1071,Social Media,3,2412,Young Low Spender,Retention / low spend segment
18,Female,Lucknow,Apple,Android,1.8,40.7,218.8,179,3.2,3189,7.2,0.2,110,Education,3,3299,Young Low Spender,Retention / low spend segment
25,Male,Jaipur,Oppo,iOS,3.0,39.5,281.3,70,1.6,4762,5.3,0.6,1703,Social Media,3,6465,Young Low Spender,Retention / low spend segment
17,Female,Ahmedabad,Xiaomi,Android,8.0,31.1,221.3,147,4.6,3073,7.3,4.6,661,Entertainment,3,3734,Young Low Spender,Retention / low spend segment
24,Male,Bangalore,Nokia,iOS,1.2,32.5,289.5,180,1.2,4347,2.2,3.3,1516,Education,3,5863,Young Low Spender,Retention / low spend segment
32,Male,Delhi,Nokia,iOS,8.7,12.1,121.0,176,5.0,1642,6.2,2.0,1981,Work,3,3623,Young Low Spender,Retention / low spend segment
35,Female,Bangalore,Apple,iOS,5.7,9.7,138.9,51,3.3,1241,1.6,3.5,590,Gaming,3,1831,Young Low Spender,Retention / low spend segment
20,Male,Kolkata,Samsung,iOS,6.6,35.0,33.6,71,0.8,5198,3.0,0.5,377,Gaming,3,5575,Young Low Spender,Retention / low spend segment
22,Female,Chennai,Realme,iOS,1.7,46.0,130.6,75,3.3,1053,3.0,2.1,1483,Gaming,3,2536,Young Low Spender,Retention / low spend segment
24,Other,Chennai,Vivo,iOS,2.1,18.3,237.3,13,2.1,963,3.3,0.3,215,Gaming,3,1178,Young Low Spender,Retention / low spend segment
16,Other,Pune,Samsung,Android,5.1,12.6,287.1,32,1.3,6878,7.1,4.5,1201,Education,3,8079,Young Low Spender,Retention / low spend segment
15,Female,Lucknow,Samsung,Android,7.4,4.9,89.8,36,2.0,6699,5.1,0.5,1824,Social Media,3,8523,Young Low Spender,Retention / low spend segment
22,Other,Ahmedabad,OnePlus,Android,10.5,34.0,270.0,122,1.2,2443,3.5,3.1,1597,Gaming,3,4040,Young Low Spender,Retention / low spend segment
37,Male,Lucknow,Realme,iOS,11.3,44.1,65.8,63,2.6,734,3.7,0.0,924,Work,3,1658,Young Low Spender,Retention / low spend segment
21,Other,Bangalore,OnePlus,Android,3.5,39.8,38.9,69,2.6,2831,4.2,1.6,470,Work,3,3301,Young Low Spender,Retention / low spend segment
16,Male,Kolkata,Google Pixel,iOS,8.0,2.6,177.6,27,5.0,1934,7.2,2.2,783,Entertainment,3,2717,Young Low Spender,Retention / low spend segment
35,Male,Hyderabad,Samsung,Android,9.4,26.4,187.6,95,1.1,545,6.4,0.6,1247,Education,3,1792,Young Low Spender,Retention / low spend segment
31,Female,Pune,Google Pixel,Android,3.4,33.6,56.1,34,4.1,4165,4.6,3.3,220,Entertainment,3,4385,Young Low Spender,Retention / low spend segment
17,Other,Jaipur,Motorola,iOS,4.5,37.0,237.1,99,1.5,3387,7.8,0.7,876,Work,3,4263,Young Low Spender,Retention / low spend segment
22,Other,Delhi,Oppo,iOS,4.0,41.1,43.9,93,5.8,2838,7.5,2.9,145,Entertainment,3,2983,Young Low Spender,Retention / low spend segment
25,Female,Jaipur,Oppo,Android,6.4,12.4,158.2,37,1.0,4332,2.6,1.8,781,Entertainment,3,5113,Young Low Spender,Retention / low spend segment
24,Other,Jaipur,Nokia,Android,6.7,19.3,180.3,64,5.9,1712,4.6,0.8,922,Entertainment,3,2634,Young Low Spender,Retention / low spend segment
30,Female,Chennai,Vivo,Android,6.8,47.0,227.9,43,2.0,2041,1.0,4.1,926,Gaming,3,2967,Young Low Spender,Retention / low spend segment
18,Other,Pune,Samsung,iOS,11.9,41.1,60.1,93,0.8,5007,2.7,1.9,1710,Work,3,6717,Young Low Spender,Retention / low spend segment
18,Male,Pune,Realme,Android,3.6,46.4,277.9,66,1.4,384,6.5,1.1,1336,Entertainment,3,1720,Young Low Spender,Retention / low spend segment
26,Female,Delhi,Oppo,iOS,7.7,16.2,51.7,178,3.4,1458,0.8,1.7,754,Entertainment,3,2212,Young Low Spender,Retention / low spend segment
20,Other,Pune,Apple,iOS,2.1,7.4,267.1,60,2.7,6451,2.7,2.8,137,Entertainment,3,6588,Young Low Spender,Retention / low spend segment
32,Female,Ahmedabad,Samsung,iOS,1.1,23.7,11.2,117,2.4,4982,1.1,4.0,1493,Education,3,6475,Young Low Spender,Retention / low spend segment
33,Other,Bangalore,OnePlus,iOS,5.5,27.0,126.3,99,3.6,4154,1.3,3.1,1591,Gaming,3,5745,Young Low Spender,Retention / low spend segment
23,Male,Ahmedabad,Realme,Android,11.4,6.7,223.5,100,2.4,6614,4.4,2.3,771,Entertainment,3,7385,Young Low Spender,Retention / low spend segment
39,Male,Lucknow,Vivo,iOS,4.8,17.1,296.1,48,0.8,1064,1.1,2.4,1645,Entertainment,3,2709,Young Low Spender,Retention / low spend segment
17,Male,Jaipur,Motorola,Android,4.9,45.2,119.5,52,4.2,2360,6.0,0.3,378,Social Media,3,2738,Young Low Spender,Retention / low spend segment
26,Female,Bangalore,Realme,iOS,7.2,6.3,261.4,115,2.7,3632,3.5,3.8,235,Work,3,3867,Young Low Spender,Retention / low spend segment
30,Female,Delhi,Xiaomi,iOS,8.5,26.1,243.8,50,3.5,4872,1.5,1.2,1303,Entertainment,3,6175,Young Low Spender,Retention / low spend segment
26,Female,Mumbai,Motorola,iOS,12.0,45.9,182.1,116,5.3,2081,6.4,0.2,277,Work,3,2358,Young Low Spender,Retention / low spend segment
37,Male,Jaipur,Realme,Android,10.9,13.3,40.8,195,2.8,4324,4.0,0.7,1939,Entertainment,3,6263,Young Low Spender,Retention / low spend segment
25,Male,Jaipur,Motorola,iOS,2.2,43.5,192.1,103,3.9,4483,3.7,1.6,872,Gaming,3,5355,Young Low Spender,Retention / low spend segment
17,Male,Pune,Motorola,iOS,1.5,29.6,110.6,161,2.3,7297,6.2,0.6,551,Social Media,3,7848,Young Low Spender,Retention / low spend segment
24,Female,Kolkata,Samsung,iOS,2.6,42.8,260.3,101,0.9,4394,0.9,1.0,643,Gaming,3,5037,Young Low Spender,Retention / low spend segment
30,Male,Lucknow,Vivo,Android,10.2,22.9,138.7,88,2.4,3492,7.4,4.6,1828,Gaming,3,5320,Young Low Spender,Retention / low spend segment
22,Male,Kolkata,Samsung,iOS,1.7,4.8,53.6,169,1.5,5859,8.0,4.1,1340,Gaming,3,7199,Young Low Spender,Retention / low spend segment
31,Female,Delhi,Motorola,Android,3.1,39.2,184.1,156,3.7,5028,2.6,0.5,1891,Gaming,3,6919,Young Low Spender,Retention / low spend segment
22,Female,Bangalore,Vivo,Android,10.8,1.2,295.3,45,1.9,4035,4.8,3.8,743,Education,3,4778,Young Low Spender,Retention / low spend segment
22,Female,Chennai,Apple,iOS,7.1,44.9,22.9,184,1.5,5552,5.9,4.6,1491,Education,3,7043,Young Low Spender,Retention / low spend segment
25,Other,Bangalore,Apple,Android,7.0,45.8,290.5,97,0.8,1356,5.1,4.8,942,Gaming,3,2298,Young Low Spender,Retention / low spend segment
38,Male,Pune,Oppo,iOS,2.5,38.2,52.0,30,2.1,2477,2.7,3.7,773,Entertainment,3,3250,Young Low Spender,Retention / low spend segment
15,Female,Jaipur,Oppo,iOS,11.1,42.9,250.9,32,2.5,1532,3.0,2.2,1346,Work,3,2878,Young Low Spender,Retention / low spend segment
16,Male,Ahmedabad,Nokia,iOS,9.2,6.0,210.4,177,2.7,4907,3.8,0.3,1088,Entertainment,3,5995,Young Low Spender,Retention / low spend segment
30,Other,Mumbai,Realme,Android,2.3,40.6,33.8,30,1.3,2362,0.7,3.6,1188,Work,3,3550,Young Low Spender,Retention / low spend segment
15,Other,Hyderabad,Xiaomi,iOS,7.1,11.5,252.9,50,2.8,2935,4.0,0.4,946,Gaming,3,3881,Young Low Spender,Retention / low spend segment
31,Female,Hyderabad,Apple,Android,1.6,2.6,242.4,166,1.5,2561,1.3,1.1,1800,Work,3,4361,Young Low Spender,Retention / low spend segment
32,Male,Pune,Vivo,Android,7.3,15.4,107.4,198,1.9,1560,5.5,2.5,137,Gaming,3,1697,Young Low Spender,Retention / low spend segment
25,Female,Chennai,Apple,Android,4.6,14.6,278.2,93,3.5,5112,0.7,4.3,1349,Entertainment,3,6461,Young Low Spender,Retention / low spend segment
34,Male,Ahmedabad,Apple,iOS,11.9,18.3,266.6,141,5.4,575,7.2,0.8,1396,Gaming,3,1971,Young Low Spender,Retention / low spend segment
21,Female,Pune,Vivo,Android,11.8,24.5,295.2,83,1.4,5881,6.3,3.4,352,Entertainment,3,6233,Young Low Spender,Retention / low spend segment
35,Female,Lucknow,Vivo,Android,3.0,23.0,37.1,111,3.5,918,5.4,1.3,1084,Entertainment,3,2002,Young Low Spender,Retention / low spend segment
31,Female,Lucknow,Vivo,iOS,3.5,36.3,129.1,12,0.7,388,2.8,3.2,721,Education,3,1109,Young Low Spender,Retention / low spend segment
15,Other,Lucknow,Google Pixel,Android,7.2,30.6,153.3,181,2.3,2713,6.9,1.6,1907,Social Media,3,4620,Young Low Spender,Retention / low spend segment
28,Male,Chennai,Vivo,Android,6.1,21.4,112.4,159,3.8,2679,2.8,0.8,693,Education,3,3372,Young Low Spender,Retention / low spend segment
19,Female,Bangalore,Nokia,Android,4.2,18.3,210.1,155,4.3,4180,5.7,4.9,569,Gaming,3,4749,Young Low Spender,Retention / low spend segment
19,Female,Kolkata,Motorola,Android,2.5,3.2,169.7,173,1.9,1519,1.7,4.4,419,Gaming,3,1938,Young Low Spender,Retention / low spend segment
29,Male,Jaipur,Apple,iOS,5.7,49.9,156.0,80,1.8,4753,5.6,4.5,1807,Education,3,6560,Young Low Spender,Retention / low spend segment
32,Other,Delhi,Oppo,iOS,6.8,7.2,57.6,164,4.2,2494,4.1,1.5,1145,Entertainment,3,3639,Young Low Spender,Retention / low spend segment
32,Other,Jaipur,Motorola,iOS,6.0,9.5,194.4,19,1.0,2549,7.6,2.9,1667,Social Media,3,4216,Young Low Spender,Retention / low spend segment
28,Female,Chennai,Samsung,Android,7.6,26.8,285.1,180,3.9,5534,6.4,4.7,1483,Social Media,3,7017,Young Low Spender,Retention / low spend segment
30,Female,Jaipur,Motorola,iOS,10.0,1.1,206.6,60,5.0,2677,1.5,0.1,272,Social Media,3,2949,Young Low Spender,Retention / low spend segment
21,Other,Mumbai,Google Pixel,iOS,1.3,33.0,246.5,132,5.6,760,2.0,3.0,113,Work,3,873,Young Low Spender,Retention / low spend segment
31,Female,Bangalore,Apple,iOS,11.1,20.5,190.1,72,4.3,1695,3.8,1.5,743,Social Media,3,2438,Young Low Spender,Retention / low spend segment
25,Female,Chennai,Realme,Android,2.2,26.4,16.5,180,0.6,729,1.4,1.3,1810,Gaming,3,2539,Young Low Spender,Retention / low spend segment
35,Other,Kolkata,Realme,Android,6.6,25.0,237.4,155,0.6,3021,5.2,2.4,892,Work,3,3913,Young Low Spender,Retention / low spend segment
16,Female,Mumbai,Apple,Android,1.1,33.2,72.4,132,2.8,1350,3.8,1.8,392,Gaming,3,1742,Young Low Spender,Retention / low spend segment
24,Female,Delhi,Apple,iOS,9.8,38.4,186.0,14,1.4,388,2.3,4.4,421,Education,3,809,Young Low Spender,Retention / low spend segment
19,Male,Ahmedabad,Motorola,iOS,1.2,22.5,174.9,107,1.5,2835,6.4,3.8,1956,Entertainment,3,4791,Young Low Spender,Retention / low spend segment
19,Female,Chennai,Samsung,iOS,4.1,2.5,286.3,165,1.6,989,4.4,4.5,826,Education,3,1815,Young Low Spender,Retention / low spend segment
25,Female,Pune,Apple,iOS,11.7,3.3,127.7,49,1.1,2598,3.0,2.5,1414,Entertainment,3,4012,Young Low Spender,Retention / low spend segment
31,Female,Bangalore,Motorola,iOS,8.7,12.9,269.6,140,2.9,223,4.9,0.0,1939,Entertainment,3,2162,Young Low Spender,Retention / low spend segment
32,Male,Bangalore,Motorola,Android,4.8,35.1,133.6,84,2.2,347,4.6,1.9,184,Entertainment,3,531,Young Low Spender,Retention / low spend segment
42,Other,Bangalore,Realme,iOS,3.3,16.7,289.7,159,1.2,2383,3.1,1.3,1936,Education,3,4319,Young Low Spender,Retention / low spend segment
31,Female,Kolkata,Google Pixel,iOS,4.0,21.3,296.7,40,3.9,4450,2.3,4.9,348,Entertainment,3,4798,Young Low Spender,Retention / low spend segment
17,Male,Pune,OnePlus,iOS,11.0,34.9,64.1,23,2.9,6867,1.0,2.8,533,Entertainment,3,7400,Young Low Spender,Retention / low spend segment
32,Male,Hyderabad,Xiaomi,iOS,8.3,14.3,268.6,27,2.0,3905,1.9,0.6,1424,Entertainment,3,5329,Young Low Spender,Retention / low spend segment
17,Female,Delhi,Google Pixel,Android,8.1,36.3,216.3,63,2.8,2070,7.8,3.6,1093,Entertainment,3,3163,Young Low Spender,Retention / low spend segment
33,Male,Ahmedabad,Vivo,iOS,1.3,21.7,221.8,188,1.8,3593,3.0,0.6,425,Gaming,3,4018,Young Low Spender,Retention / low spend segment
26,Other,Delhi,Google Pixel,iOS,6.3,9.1,66.5,104,4.3,2695,1.6,0.1,1371,Education,3,4066,Young Low Spender,Retention / low spend segment
34,Female,Bangalore,Apple,iOS,9.4,35.4,236.3,91,2.4,1071,3.7,3.4,423,Social Media,3,1494,Young Low Spender,Retention / low spend segment
21,Other,Hyderabad,Vivo,Android,8.3,11.9,275.0,123,3.0,3426,0.6,4.0,210,Work,3,3636,Young Low Spender,Retention / low spend segment
28,Male,Bangalore,Samsung,iOS,3.8,21.3,130.4,136,4.5,3111,2.9,4.9,1684,Education,3,4795,Young Low Spender,Retention / low spend segment
38,Male,Kolkata,Xiaomi,iOS,2.8,19.7,138.1,95,1.3,1764,4.0,4.3,256,Social Media,3,2020,Young Low Spender,Retention / low spend segment
21,Female,Pune,Samsung,iOS,1.6,8.5,182.2,85,0.5,181,7.7,0.4,1936,Entertainment,3,2117,Young Low Spender,Retention / low spend segment
27,Male,Hyderabad,Oppo,iOS,3.2,23.4,122.0,89,4.8,3439,7.7,0.5,1657,Education,3,5096,Young Low Spender,Retention / low spend segment
16,Other,Bangalore,Nokia,iOS,11.9,10.4,110.5,41,5.2,4597,5.6,0.6,628,Social Media,3,5225,Young Low Spender,Retention / low spend segment
34,Female,Pune,Samsung,Android,9.8,40.7,170.4,112,2.4,2891,1.9,2.9,1385,Education,3,4276,Young Low Spender,Retention / low spend segment
35,Female,Bangalore,Motorola,iOS,7.1,34.9,204.8,123,4.8,2756,5.6,4.7,1103,Work,3,3859,Young Low Spender,Retention / low spend segment
34,Female,Lucknow,Apple,Android,7.2,34.4,77.5,80,3.9,4028,0.7,1.3,1801,Social Media,3,5829,Young Low Spender,Retention / low spend segment
16,Other,Mumbai,Nokia,Android,8.1,49.0,7.7,56,3.7,2724,3.1,3.0,1213,Social Media,3,3937,Young Low Spender,Retention / low spend segment
30,Male,Chennai,Apple,iOS,12.0,18.1,290.9,143,1.4,2096,6.6,1.4,633,Work,3,2729,Young Low Spender,Retention / low spend segment
25,Other,Pune,Vivo,iOS,9.2,3.9,120.8,139,5.7,1745,1.5,1.7,1754,Social Media,3,3499,Young Low Spender,Retention / low spend segment
22,Female,Kolkata,Vivo,Android,8.8,44.0,147.9,176,4.2,3629,6.1,0.6,865,Entertainment,3,4494,Young Low Spender,Retention / low spend segment
25,Male,Bangalore,Motorola,iOS,11.0,35.5,69.7,129,4.0,4009,1.1,2.6,353,Education,3,4362,Young Low Spender,Retention / low spend segment
21,Other,Hyderabad,Apple,iOS,4.7,16.2,263.5,157,1.0,2722,0.9,3.2,418,Education,3,3140,Young Low Spender,Retention / low spend segment
37,Female,Mumbai,Apple,Android,5.0,43.8,268.1,13,3.4,1813,5.4,4.1,1426,Entertainment,3,3239,Young Low Spender,Retention / low spend segment
30,Male,Chennai,Xiaomi,Android,11.3,32.9,122.4,94,1.7,4830,6.1,0.5,949,Entertainment,3,5779,Young Low Spender,Retention / low spend segment
27,Male,Hyderabad,Samsung,Android,7.0,35.8,118.1,174,1.8,516,6.2,2.4,1626,Entertainment,3,2142,Young Low Spender,Retention / low spend segment
15,Female,Bangalore,OnePlus,Android,3.7,32.8,43.0,200,5.7,249,3.2,2.0,986,Gaming,3,1235,Young Low Spender,Retention / low spend segment
38,Other,Kolkata,OnePlus,iOS,10.6,48.6,191.8,180,2.6,1879,1.1,1.4,1430,Social Media,3,3309,Young Low Spender,Retention / low spend segment
15,Male,Pune,Apple,iOS,10.4,32.7,152.4,139,2.3,7478,6.8,0.6,1736,Education,3,9214,Young Low Spender,Retention / low spend segment
28,Female,Kolkata,Xiaomi,Android,2.4,44.7,15.0,10,4.5,3460,0.8,0.2,163,Social Media,3,3623,Young Low Spender,Retention / low spend segment
19,Female,Mumbai,Motorola,Android,4.9,3.7,257.8,17,1.3,2685,7.3,1.8,777,Social Media,3,3462,Young Low Spender,Retention / low spend segment
32,Male,Delhi,Xiaomi,Android,2.8,28.5,123.0,17,1.7,3412,0.6,4.5,746,Entertainment,3,4158,Young Low Spender,Retention / low spend segment
18,Male,Lucknow,Google Pixel,Android,5.8,35.0,90.0,155,1.4,4841,7.9,1.5,939,Social Media,3,5780,Young Low Spender,Retention / low spend segment
21,Female,Hyderabad,OnePlus,iOS,3.7,10.6,275.0,184,4.8,2657,6.7,0.4,121,Work,3,2778,Young Low Spender,Retention / low spend segment
20,Male,Ahmedabad,Nokia,iOS,11.9,37.7,142.0,10,2.6,1922,3.2,0.9,1207,Entertainment,3,3129,Young Low Spender,Retention / low spend segment
36,Male,Delhi,Apple,iOS,6.8,42.5,168.1,181,2.5,2703,1.1,0.0,144,Work,3,2847,Young Low Spender,Retention / low spend segment
17,Male,Mumbai,Nokia,Android,7.5,34.9,134.4,181,3.7,5702,3.4,2.4,151,Education,3,5853,Young Low Spender,Retention / low spend segment
24,Female,Ahmedabad,Nokia,iOS,3.5,22.2,129.8,88,3.4,4461,1.4,3.1,447,Gaming,3,4908,Young Low Spender,Retention / low spend segment
20,Female,Chennai,Nokia,iOS,9.8,36.8,293.1,127,5.2,1877,6.1,3.8,686,Social Media,3,2563,Young Low Spender,Retention / low spend segment
35,Female,Kolkata,Realme,Android,5.1,46.9,81.5,102,2.1,944,2.3,4.0,686,Gaming,3,1630,Young Low Spender,Retention / low spend segment
33,Other,Chennai,Nokia,Android,3.3,22.9,208.8,193,2.0,396,6.5,5.0,1662,Education,3,2058,Young Low Spender,Retention / low spend segment
21,Female,Mumbai,OnePlus,Android,2.5,44.1,296.4,97,3.3,2600,4.7,2.8,517,Work,3,3117,Young Low Spender,Retention / low spend segment
20,Other,Kolkata,Realme,Android,7.3,22.8,249.2,195,5.2,2817,3.7,0.9,273,Education,3,3090,Young Low Spender,Retention / low spend segment
35,Female,Jaipur,Samsung,iOS,4.8,34.8,79.1,59,2.9,683,7.3,3.2,1678,Entertainment,3,2361,Young Low Spender,Retention / low spend segment
24,Female,Bangalore,OnePlus,Android,4.6,12.3,134.0,78,0.9,2394,6.2,3.4,451,Education,3,2845,Young Low Spender,Retention / low spend segment
18,Other,Hyderabad,Vivo,Android,7.6,22.3,254.5,60,5.7,3775,5.2,4.3,1721,Gaming,3,5496,Young Low Spender,Retention / low spend segment
18,Female,Jaipur,OnePlus,iOS,7.7,26.5,238.2,22,4.0,3059,2.7,1.6,1477,Education,3,4536,Young Low Spender,Retention / low spend segment
25,Other,Chennai,Vivo,Android,8.7,9.2,255.4,89,2.5,4163,5.2,3.2,106,Entertainment,3,4269,Young Low Spender,Retention / low spend segment
36,Female,Kolkata,Vivo,iOS,10.9,24.1,186.9,107,1.9,3997,5.4,2.1,1897,Social Media,3,5894,Young Low Spender,Retention / low spend segment
24,Male,Jaipur,Nokia,iOS,10.7,11.8,243.3,149,5.9,1218,2.4,2.4,528,Education,3,1746,Young Low Spender,Retention / low spend segment
18,Female,Bangalore,Google Pixel,iOS,9.0,34.9,125.4,12,3.5,5618,4.2,0.8,639,Social Media,3,6257,Young Low Spender,Retention / low spend segment
21,Other,Pune,Samsung,Android,3.1,27.4,37.9,26,2.9,159,0.9,0.8,1817,Social Media,3,1976,Young Low Spender,Retention / low spend segment
34,Other,Delhi,Google Pixel,iOS,4.3,35.6,174.4,16,1.4,3826,7.2,3.0,1970,Social Media,3,5796,Young Low Spender,Retention / low spend segment
24,Male,Lucknow,Google Pixel,iOS,3.3,32.5,177.5,137,5.7,2266,3.5,4.3,1325,Gaming,3,3591,Young Low Spender,Retention / low spend segment
29,Female,Lucknow,Vivo,iOS,7.0,40.2,153.9,29,1.4,2775,6.1,2.9,800,Entertainment,3,3575,Young Low Spender,Retention / low spend segment
17,Female,Kolkata,Google Pixel,Android,1.2,24.6,101.1,32,3.1,5999,3.6,3.2,1749,Work,3,7748,Young Low Spender,Retention / low spend segment
24,Male,Chennai,Oppo,Android,2.4,12.4,86.9,124,1.3,1298,1.3,4.6,1200,Gaming,3,2498,Young Low Spender,Retention / low spend segment
26,Other,Kolkata,Oppo,Android,5.7,44.0,129.9,147,2.8,4526,6.4,3.9,609,Gaming,3,5135,Young Low Spender,Retention / low spend segment
38,Other,Mumbai,Vivo,iOS,2.3,41.4,222.5,116,2.7,4281,3.2,4.8,1156,Entertainment,3,5437,Young Low Spender,Retention / low spend segment
23,Male,Hyderabad,Google Pixel,Android,3.8,47.4,270.4,72,5.4,1982,3.6,2.7,1907,Work,3,3889,Young Low Spender,Retention / low spend segment
24,Male,Bangalore,Google Pixel,iOS,10.0,47.8,171.7,35,2.3,5015,5.1,1.4,921,Education,3,5936,Young Low Spender,Retention / low spend segment
19,Other,Bangalore,Oppo,iOS,10.6,30.6,292.2,40,5.3,4789,5.3,4.4,1486,Education,3,6275,Young Low Spender,Retention / low spend segment
28,Male,Hyderabad,Realme,iOS,11.4,17.9,226.4,175,1.4,1615,0.7,1.9,116,Social Media,3,1731,Young Low Spender,Retention / low spend segment
19,Male,Ahmedabad,OnePlus,Android,4.6,22.2,48.1,131,4.1,5403,5.3,1.5,680,Social Media,3,6083,Young Low Spender,Retention / low spend segment
38,Male,Delhi,Apple,Android,7.9,42.3,93.0,49,2.2,3401,7.1,5.0,692,Gaming,3,4093,Young Low Spender,Retention / low spend segment
30,Other,Mumbai,OnePlus,Android,2.0,28.6,235.7,57,4.6,1884,3.3,3.2,855,Social Media,3,2739,Young Low Spender,Retention / low spend segment
32,Other,Ahmedabad,Vivo,Android,4.1,41.6,25.3,68,4.0,875,7.2,2.4,1467,Social Media,3,2342,Young Low Spender,Retention / low spend segment
20,Male,Chennai,OnePlus,Android,3.0,35.8,160.4,136,5.3,2728,0.7,1.8,559,Work,3,3287,Young Low Spender,Retention / low spend segment
27,Other,Bangalore,Apple,Android,10.9,5.1,105.9,51,2.6,3448,5.1,4.0,269,Gaming,3,3717,Young Low Spender,Retention / low spend segment
25,Other,Delhi,Motorola,Android,9.2,8.4,98.5,34,1.9,1540,5.3,1.2,1246,Social Media,3,2786,Young Low Spender,Retention / low spend segment
18,Male,Hyderabad,Realme,iOS,11.8,10.9,166.3,93,5.6,2849,5.8,0.9,1856,Gaming,3,4705,Young Low Spender,Retention / low spend segment
17,Male,Pune,Google Pixel,Android,7.8,22.8,15.9,190,2.0,4535,6.7,3.0,175,Education,3,4710,Young Low Spender,Retention / low spend segment
27,Other,Mumbai,Vivo,iOS,9.8,15.7,181.1,150,3.7,4257,7.5,0.4,429,Entertainment,3,4686,Young Low Spender,Retention / low spend segment
32,Female,Lucknow,Samsung,iOS,5.2,9.1,216.7,54,2.4,3135,7.8,0.5,1606,Entertainment,3,4741,Young Low Spender,Retention / low spend segment
27,Female,Kolkata,Nokia,Android,6.5,28.9,17.3,62,6.0,1299,3.9,1.2,959,Gaming,3,2258,Young Low Spender,Retention / low spend segment
21,Other,Chennai,Vivo,Android,7.0,3.8,235.3,78,5.0,5023,2.7,4.5,121,Work,3,5144,Young Low Spender,Retention / low spend segment
34,Other,Jaipur,Motorola,iOS,11.4,49.7,136.6,165,4.2,3244,1.1,1.6,134,Gaming,3,3378,Young Low Spender,Retention / low spend segment
25,Female,Pune,OnePlus,iOS,11.7,8.6,282.4,131,3.8,1664,3.9,4.5,1969,Work,3,3633,Young Low Spender,Retention / low spend segment
22,Female,Chennai,Samsung,iOS,4.7,47.4,104.2,187,5.1,3327,7.7,4.9,1837,Entertainment,3,5164,Young Low Spender,Retention / low spend segment
26,Female,Hyderabad,Samsung,iOS,10.8,26.7,33.9,182,4.8,1965,6.7,0.6,1012,Gaming,3,2977,Young Low Spender,Retention / low spend segment
29,Female,Hyderabad,Vivo,Android,9.2,31.0,18.0,99,0.9,4139,6.9,2.9,576,Gaming,3,4715,Young Low Spender,Retention / low spend segment
34,Female,Bangalore,Xiaomi,Android,6.2,43.7,248.4,10,5.5,954,1.4,3.8,323,Social Media,3,1277,Young Low Spender,Retention / low spend segment
22,Female,Pune,Xiaomi,Android,9.0,23.4,284.9,147,1.4,1017,0.7,1.7,1368,Education,3,2385,Young Low Spender,Retention / low spend segment
34,Other,Mumbai,Vivo,Android,11.9,49.3,71.5,195,1.1,1116,6.7,4.0,642,Social Media,3,1758,Young Low Spender,Retention / low spend segment
16,Female,Chennai,Oppo,iOS,10.2,34.2,256.7,48,0.8,918,4.5,0.5,1995,Education,3,2913,Young Low Spender,Retention / low spend segment
24,Other,Pune,Motorola,Android,10.1,44.6,116.7,63,2.7,1977,6.2,2.1,1917,Social Media,3,3894,Young Low Spender,Retention / low spend segment
21,Male,Pune,Google Pixel,Android,5.7,46.5,250.4,153,2.2,3597,1.4,1.5,165,Work,3,3762,Young Low Spender,Retention / low spend segment
20,Female,Bangalore,Nokia,Android,9.8,11.0,258.6,41,2.5,6352,5.8,2.3,742,Education,3,7094,Young Low Spender,Retention / low spend segment
36,Male,Bangalore,Google Pixel,iOS,6.9,18.3,249.1,130,1.9,1233,0.5,0.8,1931,Gaming,3,3164,Young Low Spender,Retention / low spend segment
20,Other,Bangalore,Motorola,Android,7.5,24.8,139.7,194,3.3,6526,3.3,0.4,467,Gaming,3,6993,Young Low Spender,Retention / low spend segment
23,Female,Bangalore,Vivo,Android,2.4,27.6,61.2,54,1.4,5558,2.2,2.1,1537,Gaming,3,7095,Young Low Spender,Retention / low spend segment
18,Male,Chennai,Apple,iOS,8.5,27.9,49.2,151,0.6,1755,0.5,1.5,1467,Education,3,3222,Young Low Spender,Retention / low spend segment
27,Other,Chennai,Motorola,Android,1.3,48.0,150.4,191,2.2,4230,3.3,0.7,1159,Gaming,3,5389,Young Low Spender,Retention / low spend segment
35,Male,Mumbai,Samsung,Android,5.4,19.9,110.8,129,2.0,1243,2.2,1.0,300,Gaming,3,1543,Young Low Spender,Retention / low spend segment
22,Male,Bangalore,Realme,iOS,1.5,29.8,115.2,86,4.5,766,4.5,1.9,126,Education,3,892,Young Low Spender,Retention / low spend segment
25,Male,Kolkata,OnePlus,Android,11.5,17.2,149.2,147,3.2,2476,7.3,2.7,342,Social Media,3,2818,Young Low Spender,Retention / low spend segment
27,Male,Jaipur,Vivo,iOS,11.5,16.5,283.2,181,2.8,1427,0.8,4.4,571,Work,3,1998,Young Low Spender,Retention / low spend segment
20,Female,Hyderabad,Nokia,Android,1.3,35.5,136.8,16,4.7,1642,5.4,4.3,243,Gaming,3,1885,Young Low Spender,Retention / low spend segment
17,Male,Lucknow,Xiaomi,Android,2.9,1.4,285.6,65,5.1,176,0.6,4.6,466,Entertainment,3,642,Young Low Spender,Retention / low spend segment
23,Other,Bangalore,Oppo,Android,3.7,7.8,95.7,136,1.1,4969,7.5,0.4,1837,Social Media,3,6806,Young Low Spender,Retention / low spend segment
33,Other,Ahmedabad,Oppo,Android,5.7,1.5,99.7,51,3.0,1768,7.6,2.5,926,Work,3,2694,Young Low Spender,Retention / low spend segment
25,Female,Hyderabad,Oppo,Android,2.5,29.8,16.4,196,3.4,3909,2.5,5.0,869,Education,3,4778,Young Low Spender,Retention / low spend segment
31,Female,Ahmedabad,Samsung,Android,5.6,20.5,295.6,25,1.2,393,1.4,2.9,1698,Social Media,3,2091,Young Low Spender,Retention / low spend segment
33,Male,Lucknow,Apple,iOS,2.6,38.4,218.3,82,1.4,1033,3.8,4.8,1155,Gaming,3,2188,Young Low Spender,Retention / low spend segment
23,Female,Bangalore,Google Pixel,iOS,8.7,6.4,197.3,58,0.8,582,6.3,3.0,857,Gaming,3,1439,Young Low Spender,Retention / low spend segment
26,Female,Kolkata,Apple,Android,9.4,26.2,178.0,137,1.0,1416,4.3,1.7,637,Gaming,3,2053,Young Low Spender,Retention / low spend segment
32,Other,Jaipur,Samsung,Android,4.8,14.9,86.8,135,2.1,2111,0.9,2.6,1897,Gaming,3,4008,Young Low Spender,Retention / low spend segment
24,Female,Kolkata,Oppo,Android,7.7,18.6,185.6,68,6.0,1740,1.6,4.7,648,Social Media,3,2388,Young Low Spender,Retention / low spend segment
38,Male,Jaipur,Xiaomi,Android,10.2,20.9,243.0,143,3.1,993,7.1,0.9,1734,Social Media,3,2727,Young Low Spender,Retention / low spend segment
22,Female,Pune,OnePlus,Android,6.2,29.4,134.2,125,4.1,1425,6.9,4.1,256,Social Media,3,1681,Young Low Spender,Retention / low spend segment
28,Female,Kolkata,Google Pixel,Android,1.0,14.0,249.5,44,1.7,4677,4.4,0.7,1085,Social Media,3,5762,Young Low Spender,Retention / low spend segment
22,Other,Lucknow,Nokia,Android,5.0,37.7,220.2,55,2.9,4073,3.0,4.9,1565,Education,3,5638,Young Low Spender,Retention / low spend segment
36,Female,Delhi,Realme,Android,4.2,25.8,78.5,183,3.3,4522,6.4,4.6,1139,Entertainment,3,5661,Young Low Spender,Retention / low spend segment
27,Male,Pune,OnePlus,Android,7.2,7.5,199.4,100,4.2,2418,3.3,1.2,1069,Education,3,3487,Young Low Spender,Retention / low spend segment
37,Male,Kolkata,Google Pixel,iOS,11.7,33.2,183.9,195,1.0,1424,4.6,4.8,264,Gaming,3,1688,Young Low Spender,Retention / low spend segment
23,Other,Kolkata,Nokia,Android,7.7,3.1,121.4,37,5.8,1805,4.5,2.0,1631,Entertainment,3,3436,Young Low Spender,Retention / low spend segment
16,Male,Pune,Apple,Android,6.2,29.4,41.5,144,3.3,2960,4.3,0.3,726,Education,3,3686,Young Low Spender,Retention / low spend segment
19,Other,Ahmedabad,Realme,Android,9.3,16.2,107.8,193,5.2,175,7.5,4.5,1224,Education,3,1399,Young Low Spender,Retention / low spend segment
20,Other,Mumbai,Realme,Android,5.8,5.7,102.6,72,4.4,3497,7.5,0.4,1981,Education,3,5478,Young Low Spender,Retention / low spend segment
37,Male,Jaipur,Xiaomi,Android,11.8,34.0,278.3,200,2.9,156,5.1,1.7,1767,Social Media,3,1923,Young Low Spender,Retention / low spend segment
17,Other,Delhi,Apple,Android,9.1,21.9,58.7,175,3.4,3051,6.3,4.2,502,Entertainment,3,3553,Young Low Spender,Retention / low spend segment
24,Male,Kolkata,Motorola,Android,9.5,28.1,31.7,158,1.1,3283,4.8,4.6,1338,Gaming,3,4621,Young Low Spender,Retention / low spend segment
17,Male,Kolkata,Motorola,Android,10.5,7.5,170.5,163,1.1,1369,0.8,0.5,1069,Social Media,3,2438,Young Low Spender,Retention / low spend segment
16,Male,Ahmedabad,Vivo,Android,9.5,23.4,50.6,162,2.0,1995,2.1,2.9,754,Gaming,3,2749,Young Low Spender,Retention / low spend segment
19,Male,Ahmedabad,Samsung,Android,9.8,16.8,281.3,167,1.6,6162,5.4,2.9,1255,Work,3,7417,Young Low Spender,Retention / low spend segment
17,Other,Lucknow,Vivo,iOS,4.3,26.7,85.7,117,3.7,3859,5.6,0.4,380,Gaming,3,4239,Young Low Spender,Retention / low spend segment
21,Other,Hyderabad,OnePlus,iOS,5.9,6.0,71.0,100,2.6,109,7.5,2.3,522,Education,3,631,Young Low Spender,Retention / low spend segment
21,Female,Lucknow,Oppo,Android,2.5,43.5,122.9,10,3.2,896,1.8,4.9,1295,Gaming,3,2191,Young Low Spender,Retention / low spend segment
31,Female,Lucknow,OnePlus,Android,2.3,5.9,285.9,30,2.3,1715,3.8,2.1,1746,Work,3,3461,Young Low Spender,Retention / low spend segment
26,Other,Bangalore,Apple,Android,11.9,10.2,42.4,23,4.1,3752,5.0,3.3,912,Work,3,4664,Young Low Spender,Retention / low spend segment
21,Male,Jaipur,Google Pixel,iOS,10.2,37.6,120.8,78,2.7,4447,3.8,1.5,1883,Education,3,6330,Young Low Spender,Retention / low spend segment
25,Other,Lucknow,Apple,iOS,10.1,30.3,54.5,17,5.8,1567,5.5,3.4,1999,Social Media,3,3566,Young Low Spender,Retention / low spend segment
17,Female,Jaipur,Vivo,Android,1.0,14.1,229.8,81,5.2,2812,1.1,0.4,1688,Gaming,3,4500,Young Low Spender,Retention / low spend segment
15,Other,Kolkata,Google Pixel,Android,5.3,36.8,217.0,75,4.4,2754,5.8,5.0,1112,Entertainment,3,3866,Young Low Spender,Retention / low spend segment
37,Male,Jaipur,Google Pixel,Android,3.3,29.0,277.7,99,0.9,2284,7.9,0.9,1355,Entertainment,3,3639,Young Low Spender,Retention / low spend segment
22,Male,Pune,Nokia,Android,7.4,2.1,130.6,15,0.5,1847,2.3,5.0,350,Education,3,2197,Young Low Spender,Retention / low spend segment
15,Female,Delhi,Google Pixel,iOS,7.5,19.4,69.5,171,3.0,4269,6.9,4.6,547,Work,3,4816,Young Low Spender,Retention / low spend segment
20,Female,Bangalore,Realme,iOS,8.1,39.1,263.5,99,3.7,2203,1.7,1.3,1249,Gaming,3,3452,Young Low Spender,Retention / low spend segment
28,Female,Pune,Vivo,Android,10.4,33.4,72.4,95,4.9,2047,7.6,2.3,1895,Work,3,3942,Young Low Spender,Retention / low spend segment
27,Other,Hyderabad,Xiaomi,Android,8.8,27.0,173.4,126,4.7,4243,7.2,3.7,1270,Social Media,3,5513,Young Low Spender,Retention / low spend segment
20,Male,Lucknow,Motorola,iOS,5.0,29.8,66.3,190,2.7,7048,6.7,2.4,1069,Gaming,3,8117,Young Low Spender,Retention / low spend segment
18,Female,Bangalore,Samsung,iOS,9.4,8.4,26.0,175,4.9,3540,6.6,3.3,1720,Entertainment,3,5260,Young Low Spender,Retention / low spend segment
21,Female,Mumbai,Oppo,Android,2.3,32.9,241.2,167,4.4,3376,7.4,2.6,495,Social Media,3,3871,Young Low Spender,Retention / low spend segment
31,Other,Bangalore,Motorola,Android,11.9,41.9,6.2,13,1.5,3550,3.4,2.6,1721,Gaming,3,5271,Young Low Spender,Retention / low spend segment
16,Male,Lucknow,Motorola,Android,6.2,18.3,247.9,43,4.9,1300,6.5,4.5,108,Work,3,1408,Young Low Spender,Retention / low spend segment
35,Other,Ahmedabad,Motorola,iOS,2.2,7.7,171.1,55,2.1,124,6.2,0.5,1018,Education,3,1142,Young Low Spender,Retention / low spend segment
19,Male,Chennai,OnePlus,Android,4.3,41.4,157.8,44,2.3,1622,5.4,4.6,1310,Work,3,2932,Young Low Spender,Retention / low spend segment
20,Female,Mumbai,Apple,Android,5.9,9.6,207.1,175,0.7,5556,3.8,1.8,1311,Work,3,6867,Young Low Spender,Retention / low spend segment
18,Female,Delhi,Oppo,iOS,6.9,45.4,63.0,66,2.5,502,7.0,4.2,1601,Education,3,2103,Young Low Spender,Retention / low spend segment
23,Female,Lucknow,Oppo,iOS,2.8,1.8,142.0,82,0.9,5089,7.6,3.0,1261,Entertainment,3,6350,Young Low Spender,Retention / low spend segment
15,Female,Chennai,Xiaomi,iOS,10.2,28.2,205.5,23,5.0,535,5.8,0.5,1828,Work,3,2363,Young Low Spender,Retention / low spend segment
25,Male,Ahmedabad,Motorola,iOS,3.0,48.4,89.8,109,4.5,2457,2.1,1.8,478,Education,3,2935,Young Low Spender,Retention / low spend segment
20,Male,Kolkata,Xiaomi,iOS,9.6,28.4,32.1,124,4.3,4260,2.3,4.9,341,Social Media,3,4601,Young Low Spender,Retention / low spend segment
16,Other,Mumbai,Apple,iOS,6.2,11.0,256.1,184,4.7,4274,3.3,4.3,236,Education,3,4510,Young Low Spender,Retention / low spend segment
17,Female,Hyderabad,Google Pixel,Android,3.5,5.9,119.2,16,5.2,1303,5.9,0.9,572,Entertainment,3,1875,Young Low Spender,Retention / low spend segment
34,Male,Delhi,Nokia,iOS,7.2,35.5,36.7,200,1.4,2781,2.7,1.1,956,Social Media,3,3737,Young Low Spender,Retention / low spend segment
24,Other,Hyderabad,Xiaomi,Android,10.0,40.1,156.3,172,0.6,3600,6.5,4.6,1348,Entertainment,3,4948,Young Low Spender,Retention / low spend segment
34,Other,Bangalore,Vivo,Android,4.7,11.4,231.2,113,0.5,292,2.7,1.5,1406,Entertainment,3,1698,Young Low Spender,Retention / low spend segment
35,Female,Pune,Vivo,iOS,7.7,30.2,223.5,101,1.1,3213,4.8,4.4,472,Work,3,3685,Young Low Spender,Retention / low spend segment
22,Male,Hyderabad,Oppo,iOS,2.5,26.1,94.1,157,5.7,1426,1.0,2.8,1364,Social Media,3,2790,Young Low Spender,Retention / low spend segment
19,Other,Pune,Nokia,Android,8.0,46.0,62.9,199,2.3,337,4.2,1.7,1432,Work,3,1769,Young Low Spender,Retention / low spend segment
38,Female,Bangalore,OnePlus,iOS,4.5,32.8,182.3,144,1.7,502,2.0,0.3,1826,Work,3,2328,Young Low Spender,Retention / low spend segment
24,Male,Jaipur,Google Pixel,iOS,9.3,10.7,66.5,166,2.0,6039,1.6,3.5,1950,Education,3,7989,Young Low Spender,Retention / low spend segment
28,Female,Hyderabad,Xiaomi,iOS,8.8,15.5,86.3,73,3.1,5233,3.7,2.8,845,Work,3,6078,Young Low Spender,Retention / low spend segment
17,Female,Hyderabad,Motorola,iOS,11.3,9.8,24.5,48,0.5,2866,7.7,4.0,1520,Gaming,3,4386,Young Low Spender,Retention / low spend segment
37,Other,Jaipur,Vivo,Android,4.3,49.8,50.3,44,2.9,4017,7.3,4.3,586,Social Media,3,4603,Young Low Spender,Retention / low spend segment
39,Female,Chennai,OnePlus,iOS,2.5,29.3,235.1,157,2.4,2840,4.6,1.6,249,Education,3,3089,Young Low Spender,Retention / low spend segment
34,Other,Chennai,Samsung,Android,3.6,38.6,186.0,184,3.0,3938,3.2,4.7,1801,Gaming,3,5739,Young Low Spender,Retention / low spend segment
28,Female,Kolkata,Vivo,Android,5.3,46.7,234.6,68,3.0,1595,0.8,2.3,1424,Social Media,3,3019,Young Low Spender,Retention / low spend segment
20,Female,Lucknow,Apple,iOS,6.2,1.2,86.0,108,5.4,2760,4.9,4.5,170,Education,3,2930,Young Low Spender,Retention / low spend segment
29,Male,Bangalore,Samsung,Android,5.4,32.1,265.7,14,4.4,3599,5.0,0.6,486,Education,3,4085,Young Low Spender,Retention / low spend segment
24,Female,Bangalore,Nokia,iOS,4.0,25.6,147.5,56,2.0,4585,3.5,0.5,1239,Work,3,5824,Young Low Spender,Retention / low spend segment
18,Male,Delhi,Nokia,Android,1.7,12.0,116.3,60,4.4,274,5.9,1.7,436,Work,3,710,Young Low Spender,Retention / low spend segment
23,Other,Pune,Motorola,Android,3.4,39.7,104.2,62,2.8,1667,5.5,3.9,756,Social Media,3,2423,Young Low Spender,Retention / low spend segment
20,Male,Bangalore,Samsung,Android,1.5,48.0,238.2,127,1.6,4565,1.1,4.5,1113,Gaming,3,5678,Young Low Spender,Retention / low spend segment
16,Female,Lucknow,Nokia,Android,10.3,2.6,70.4,157,2.7,5871,6.1,0.9,1064,Gaming,3,6935,Young Low Spender,Retention / low spend segment
20,Male,Lucknow,Realme,Android,10.1,16.9,179.8,74,1.8,2802,4.5,1.2,517,Gaming,3,3319,Young Low Spender,Retention / low spend segment
15,Female,Bangalore,OnePlus,Android,4.7,23.3,64.4,65,4.7,3147,0.6,5.0,945,Gaming,3,4092,Young Low Spender,Retention / low spend segment
28,Female,Jaipur,Google Pixel,Android,6.6,17.9,297.8,189,3.6,2747,6.8,1.4,1932,Social Media,3,4679,Young Low Spender,Retention / low spend segment
16,Male,Bangalore,Apple,Android,2.2,5.0,274.3,74,4.6,4263,7.9,1.2,1241,Work,3,5504,Young Low Spender,Retention / low spend segment
21,Other,Delhi,OnePlus,iOS,2.3,28.8,279.6,78,5.0,140,2.3,4.3,358,Education,3,498,Young Low Spender,Retention / low spend segment
29,Other,Hyderabad,Nokia,iOS,11.4,13.8,14.6,153,1.2,2836,1.3,0.6,593,Entertainment,3,3429,Young Low Spender,Retention / low spend segment
25,Female,Pune,Vivo,iOS,4.3,46.4,274.1,140,3.8,5665,0.7,2.5,435,Entertainment,3,6100,Young Low Spender,Retention / low spend segment
21,Male,Lucknow,Oppo,iOS,1.3,47.7,285.0,105,2.7,233,7.0,1.5,373,Work,3,606,Young Low Spender,Retention / low spend segment
28,Male,Ahmedabad,Nokia,Android,11.0,42.6,182.5,193,5.0,1135,1.5,0.7,742,Education,3,1877,Young Low Spender,Retention / low spend segment
24,Female,Kolkata,Samsung,Android,1.5,38.8,297.8,35,4.3,547,6.3,2.5,564,Gaming,3,1111,Young Low Spender,Retention / low spend segment
15,Other,Bangalore,Samsung,Android,4.5,9.7,140.4,160,1.0,2441,4.6,1.7,1908,Social Media,3,4349,Young Low Spender,Retention / low spend segment
21,Female,Ahmedabad,OnePlus,iOS,8.8,26.4,217.1,25,1.3,475,5.0,4.5,1896,Entertainment,3,2371,Young Low Spender,Retention / low spend segment
26,Female,Kolkata,Apple,Android,9.1,8.7,207.6,182,2.1,1304,4.3,3.4,1083,Education,3,2387,Young Low Spender,Retention / low spend segment
26,Other,Kolkata,Nokia,iOS,10.2,16.7,127.3,108,1.0,2405,6.7,3.4,1678,Education,3,4083,Young Low Spender,Retention / low spend segment
22,Other,Chennai,Nokia,Android,6.3,27.1,288.6,84,5.1,3319,3.1,0.2,551,Gaming,3,3870,Young Low Spender,Retention / low spend segment
31,Male,Lucknow,Motorola,Android,7.7,11.6,44.2,197,1.1,2116,7.1,4.2,1418,Social Media,3,3534,Young Low Spender,Retention / low spend segment
24,Other,Hyderabad,Xiaomi,Android,9.3,15.6,46.4,174,3.5,1740,2.5,1.2,418,Entertainment,3,2158,Young Low Spender,Retention / low spend segment
30,Other,Lucknow,Xiaomi,iOS,7.7,10.1,84.2,188,1.1,2907,1.2,0.4,155,Social Media,3,3062,Young Low Spender,Retention / low spend segment
35,Female,Jaipur,Xiaomi,Android,10.0,34.3,126.8,150,2.7,2125,3.6,0.7,258,Education,3,2383,Young Low Spender,Retention / low spend segment
22,Other,Bangalore,Xiaomi,iOS,10.3,28.6,67.6,85,4.1,1333,0.5,1.7,1854,Gaming,3,3187,Young Low Spender,Retention / low spend segment
16,Other,Pune,Google Pixel,iOS,11.4,12.0,215.4,167,2.2,5135,0.7,4.5,817,Education,3,5952,Young Low Spender,Retention / low spend segment
33,Other,Lucknow,Motorola,iOS,1.1,15.5,53.8,11,3.7,3361,1.1,2.0,144,Gaming,3,3505,Young Low Spender,Retention / low spend segment
32,Female,Chennai,Apple,Android,11.7,35.8,10.5,78,2.9,3259,4.4,4.5,1562,Gaming,3,4821,Young Low Spender,Retention / low spend segment
23,Other,Ahmedabad,Motorola,iOS,7.0,8.3,252.8,172,3.9,5342,5.9,1.2,1707,Work,3,7049,Young Low Spender,Retention / low spend segment
15,Male,Hyderabad,Google Pixel,Android,4.9,45.0,254.3,141,4.6,2505,3.1,0.9,982,Social Media,3,3487,Young Low Spender,Retention / low spend segment
31,Other,Bangalore,OnePlus,Android,5.6,35.8,100.5,59,4.1,1152,2.3,3.3,1535,Education,3,2687,Young Low Spender,Retention / low spend segment
22,Male,Jaipur,Samsung,Android,2.2,38.2,173.9,33,2.4,1946,4.5,3.9,1672,Education,3,3618,Young Low Spender,Retention / low spend segment
26,Male,Pune,Oppo,iOS,9.2,1.4,122.4,36,1.1,3704,6.2,1.4,1230,Education,3,4934,Young Low Spender,Retention / low spend segment
32,Other,Delhi,Realme,Android,9.3,35.2,146.6,120,3.2,878,6.2,3.7,1326,Gaming,3,2204,Young Low Spender,Retention / low spend segment
34,Female,Lucknow,Oppo,Android,3.5,6.4,291.8,169,5.2,3195,7.7,4.3,459,Entertainment,3,3654,Young Low Spender,Retention / low spend segment
18,Male,Mumbai,Samsung,Android,1.3,10.7,15.2,62,3.7,4173,5.5,4.0,1099,Entertainment,3,5272,Young Low Spender,Retention / low spend segment
23,Other,Mumbai,Motorola,iOS,4.1,2.9,89.2,167,1.4,3035,3.4,3.2,1274,Work,3,4309,Young Low Spender,Retention / low spend segment
17,Male,Delhi,Realme,Android,5.5,17.4,258.9,156,0.9,492,2.0,4.3,843,Social Media,3,1335,Young Low Spender,Retention / low spend segment
31,Other,Hyderabad,Apple,iOS,4.2,21.1,142.2,146,5.3,1243,5.5,2.4,1909,Social Media,3,3152,Young Low Spender,Retention / low spend segment
31,Other,Mumbai,Realme,iOS,10.3,15.2,268.1,108,0.6,3239,2.0,0.9,1587,Entertainment,3,4826,Young Low Spender,Retention / low spend segment
23,Female,Hyderabad,Nokia,Android,9.4,42.5,230.5,118,3.4,3289,0.8,2.9,1167,Entertainment,3,4456,Young Low Spender,Retention / low spend segment
22,Female,Delhi,Vivo,iOS,4.4,45.2,21.3,185,2.9,4272,6.5,1.0,296,Gaming,3,4568,Young Low Spender,Retention / low spend segment
15,Other,Delhi,Realme,Android,1.5,43.2,76.9,97,1.8,2031,2.8,4.7,119,Work,3,2150,Young Low Spender,Retention / low spend segment
24,Male,Jaipur,OnePlus,iOS,11.8,40.8,59.0,91,2.4,2104,3.2,0.3,731,Entertainment,3,2835,Young Low Spender,Retention / low spend segment
16,Female,Bangalore,OnePlus,iOS,10.5,18.7,77.6,62,2.3,2500,3.0,3.5,1486,Work,3,3986,Young Low Spender,Retention / low spend segment
17,Female,Kolkata,Vivo,Android,10.3,44.6,21.4,138,5.6,2946,6.5,1.2,490,Social Media,3,3436,Young Low Spender,Retention / low spend segment
18,Other,Ahmedabad,Google Pixel,iOS,3.8,16.1,269.5,27,3.6,3069,6.3,4.7,940,Entertainment,3,4009,Young Low Spender,Retention / low spend segment
19,Female,Chennai,Apple,Android,6.5,24.5,95.4,194,3.1,2075,7.0,2.9,663,Work,3,2738,Young Low Spender,Retention / low spend segment
18,Male,Jaipur,OnePlus,Android,1.4,8.8,133.1,97,3.1,4951,7.8,4.3,1217,Gaming,3,6168,Young Low Spender,Retention / low spend segment
24,Female,Hyderabad,OnePlus,iOS,8.4,27.3,128.4,89,0.9,3811,5.9,4.7,1284,Work,3,5095,Young Low Spender,Retention / low spend segment
37,Male,Mumbai,Motorola,iOS,9.5,47.7,277.8,164,2.2,3929,7.8,0.3,177,Social Media,3,4106,Young Low Spender,Retention / low spend segment
30,Female,Chennai,OnePlus,iOS,5.0,45.5,121.3,180,3.4,4502,4.6,3.4,424,Entertainment,3,4926,Young Low Spender,Retention / low spend segment
36,Male,Kolkata,Xiaomi,Android,11.5,6.4,123.7,171,2.7,397,0.8,1.5,1973,Gaming,3,2370,Young Low Spender,Retention / low spend segment
27,Female,Delhi,Nokia,Android,11.6,41.6,210.6,189,5.3,3872,2.8,2.7,884,Work,3,4756,Young Low Spender,Retention / low spend segment
28,Female,Delhi,Vivo,Android,9.6,6.4,14.6,47,1.7,2253,4.1,2.9,992,Gaming,3,3245,Young Low Spender,Retention / low spend segment
21,Female,Pune,Nokia,iOS,7.2,40.2,69.1,104,1.7,5998,5.4,4.2,159,Work,3,6157,Young Low Spender,Retention / low spend segment
21,Female,Jaipur,Xiaomi,Android,9.6,8.7,71.8,58,4.0,2930,1.5,1.7,875,Education,3,3805,Young Low Spender,Retention / low spend segment
28,Female,Chennai,Vivo,iOS,10.2,16.4,68.4,101,2.6,2268,2.8,0.4,1423,Work,3,3691,Young Low Spender,Retention / low spend segment
16,Female,Ahmedabad,Motorola,iOS,1.2,2.4,198.3,31,1.4,4333,6.8,3.1,360,Education,3,4693,Young Low Spender,Retention / low spend segment
19,Female,Mumbai,OnePlus,Android,11.0,11.7,158.1,91,2.8,6631,1.6,4.1,566,Work,3,7197,Young Low Spender,Retention / low spend segment
19,Male,Hyderabad,Xiaomi,Android,6.1,5.7,296.0,136,3.1,6687,2.1,2.0,1075,Gaming,3,7762,Young Low Spender,Retention / low spend segment
33,Male,Kolkata,Samsung,iOS,5.7,42.5,150.3,36,4.4,1130,3.5,2.3,265,Work,3,1395,Young Low Spender,Retention / low spend segment
26,Female,Chennai,Vivo,iOS,11.4,4.7,278.6,177,1.7,4604,3.9,2.8,1473,Gaming,3,6077,Young Low Spender,Retention / low spend segment
29,Other,Ahmedabad,Apple,iOS,1.5,44.5,164.9,76,0.8,1385,5.8,4.0,1504,Social Media,3,2889,Young Low Spender,Retention / low spend segment
15,Male,Ahmedabad,Nokia,Android,1.8,41.5,27.3,94,1.9,1683,3.0,2.3,306,Entertainment,3,1989,Young Low Spender,Retention / low spend segment
16,Other,Mumbai,Realme,iOS,8.7,6.7,215.3,100,1.1,3233,0.9,2.7,1232,Entertainment,3,4465,Young Low Spender,Retention / low spend segment
18,Female,Pune,Xiaomi,Android,4.7,25.5,70.2,92,0.6,3691,5.7,0.3,1034,Work,3,4725,Young Low Spender,Retention / low spend segment
18,Male,Jaipur,Xiaomi,iOS,5.9,28.5,172.3,94,2.8,2492,7.8,1.0,769,Entertainment,3,3261,Young Low Spender,Retention / low spend segment
30,Male,Kolkata,Realme,Android,11.4,46.3,238.7,164,5.3,2908,4.5,2.3,339,Work,3,3247,Young Low Spender,Retention / low spend segment
25,Male,Jaipur,Vivo,Android,7.1,32.7,102.0,60,1.9,3157,3.9,3.5,1967,Work,3,5124,Young Low Spender,Retention / low spend segment
36,Female,Kolkata,OnePlus,Android,6.2,18.9,295.0,70,1.2,3356,7.4,3.1,1570,Education,3,4926,Young Low Spender,Retention / low spend segment
38,Female,Ahmedabad,Apple,Android,9.6,26.2,246.8,148,2.3,3989,1.8,1.2,605,Social Media,3,4594,Young Low Spender,Retention / low spend segment
29,Other,Jaipur,Xiaomi,iOS,8.8,13.5,28.8,120,0.6,1059,4.8,3.4,207,Education,3,1266,Young Low Spender,Retention / low spend segment
33,Female,Kolkata,Motorola,Android,6.2,26.0,5.5,133,1.6,943,7.4,2.2,829,Education,3,1772,Young Low Spender,Retention / low spend segment
26,Female,Bangalore,Realme,Android,9.2,25.3,98.9,196,3.1,1783,3.1,2.5,107,Education,3,1890,Young Low Spender,Retention / low spend segment
24,Male,Chennai,Vivo,iOS,4.6,14.9,202.6,158,2.4,5047,2.0,3.8,990,Education,3,6037,Young Low Spender,Retention / low spend segment
16,Female,Ahmedabad,Apple,Android,7.3,2.3,83.1,154,1.2,4023,2.1,4.5,1826,Gaming,3,5849,Young Low Spender,Retention / low spend segment
19,Other,Chennai,Samsung,iOS,5.0,12.0,266.6,51,3.5,4660,2.0,1.7,1943,Entertainment,3,6603,Young Low Spender,Retention / low spend segment
21,Female,Lucknow,Xiaomi,iOS,3.9,12.7,59.8,96,4.0,2110,0.9,2.9,554,Gaming,3,2664,Young Low Spender,Retention / low spend segment
15,Male,Pune,OnePlus,iOS,8.3,32.3,177.4,30,6.0,947,3.3,1.3,480,Gaming,3,1427,Young Low Spender,Retention / low spend segment
15,Male,Ahmedabad,Realme,Android,10.0,5.9,261.5,69,2.4,4031,2.4,0.2,976,Entertainment,3,5007,Young Low Spender,Retention / low spend segment
16,Female,Ahmedabad,Nokia,iOS,5.7,20.6,222.7,194,2.4,1315,1.6,1.4,1124,Work,3,2439,Young Low Spender,Retention / low spend segment
18,Male,Lucknow,Google Pixel,iOS,4.5,2.5,258.6,181,1.8,6789,4.5,1.4,490,Entertainment,3,7279,Young Low Spender,Retention / low spend segment
26,Male,Chennai,Xiaomi,Android,8.9,35.9,53.3,134,2.1,4820,4.5,3.9,477,Gaming,3,5297,Young Low Spender,Retention / low spend segment
22,Other,Lucknow,Xiaomi,Android,6.7,11.4,23.1,195,5.5,2139,1.0,1.5,1421,Education,3,3560,Young Low Spender,Retention / low spend segment
22,Female,Pune,Google Pixel,Android,8.7,44.8,75.2,105,3.0,2807,1.5,2.1,1649,Education,3,4456,Young Low Spender,Retention / low spend segment
24,Other,Jaipur,Apple,Android,9.3,5.0,139.4,92,4.0,2909,5.7,3.0,1179,Work,3,4088,Young Low Spender,Retention / low spend segment
26,Other,Pune,Oppo,Android,4.3,40.0,67.7,96,0.8,714,5.6,1.8,801,Work,3,1515,Young Low Spender,Retention / low spend segment
25,Other,Kolkata,Nokia,iOS,3.1,17.7,46.1,63,1.9,5443,3.8,2.3,630,Education,3,6073,Young Low Spender,Retention / low spend segment
24,Other,Kolkata,Oppo,iOS,8.9,10.3,164.3,75,0.6,4286,1.1,1.3,820,Education,3,5106,Young Low Spender,Retention / low spend segment
31,Male,Hyderabad,Google Pixel,Android,8.9,28.5,176.6,137,5.8,817,7.9,1.4,1989,Entertainment,3,2806,Young Low Spender,Retention / low spend segment
23,Male,Delhi,Xiaomi,iOS,5.6,23.9,189.6,119,5.2,3496,3.2,2.8,1115,Entertainment,3,4611,Young Low Spender,Retention / low spend segment
23,Female,Chennai,Samsung,Android,6.3,5.8,181.1,151,3.1,5348,6.4,1.5,932,Entertainment,3,6280,Young Low Spender,Retention / low spend segment
22,Male,Ahmedabad,Realme,Android,10.5,28.4,222.4,138,1.8,5029,4.7,1.3,711,Entertainment,3,5740,Young Low Spender,Retention / low spend segment
28,Female,Ahmedabad,Nokia,Android,4.8,18.5,281.9,81,2.8,2683,7.5,4.7,142,Social Media,3,2825,Young Low Spender,Retention / low spend segment
28,Female,Delhi,Google Pixel,iOS,1.8,9.0,45.4,102,2.1,3921,5.8,4.3,514,Entertainment,3,4435,Young Low Spender,Retention / low spend segment
26,Other,Lucknow,Xiaomi,iOS,6.8,48.8,163.3,112,3.2,4543,4.5,2.1,513,Work,3,5056,Young Low Spender,Retention / low spend segment
19,Other,Mumbai,Realme,iOS,3.7,41.9,244.3,42,1.2,3890,5.5,3.7,662,Work,3,4552,Young Low Spender,Retention / low spend segment
30,Female,Lucknow,Google Pixel,iOS,6.6,27.5,75.4,153,5.6,565,7.9,4.7,977,Gaming,3,1542,Young Low Spender,Retention / low spend segment
27,Male,Mumbai,Xiaomi,iOS,3.3,30.2,227.4,43,1.9,3405,3.1,4.1,1568,Education,3,4973,Young Low Spender,Retention / low spend segment
20,Other,Chennai,Oppo,Android,11.8,37.1,193.7,148,5.7,652,4.8,3.0,1993,Education,3,2645,Young Low Spender,Retention / low spend segment
18,Male,Kolkata,Motorola,Android,3.5,32.0,141.3,188,1.0,1212,3.5,0.2,1525,Work,3,2737,Young Low Spender,Retention / low spend segment
24,Female,Chennai,Apple,Android,6.8,44.4,207.0,163,5.2,2797,1.7,4.6,1746,Work,3,4543,Young Low Spender,Retention / low spend segment
24,Male,Chennai,Samsung,Android,10.0,26.0,214.8,148,2.2,3773,6.2,4.5,1216,Entertainment,3,4989,Young Low Spender,Retention / low spend segment
15,Other,Bangalore,Motorola,Android,2.2,1.1,210.0,110,3.3,4180,1.8,0.9,1899,Entertainment,3,6079,Young Low Spender,Retention / low spend segment
15,Female,Jaipur,Google Pixel,iOS,8.9,35.6,281.1,38,5.4,1065,1.2,0.9,1255,Education,3,2320,Young Low Spender,Retention / low spend segment
20,Female,Mumbai,Oppo,iOS,6.4,39.0,139.4,105,2.1,1715,7.7,3.6,829,Entertainment,3,2544,Young Low Spender,Retention / low spend segment
23,Other,Mumbai,OnePlus,iOS,7.1,29.2,73.5,135,2.1,1028,6.8,4.9,930,Gaming,3,1958,Young Low Spender,Retention / low spend segment
25,Female,Pune,Oppo,Android,4.7,4.4,205.8,40,3.1,1880,5.7,2.0,1551,Education,3,3431,Young Low Spender,Retention / low spend segment
21,Female,Mumbai,Nokia,iOS,3.5,26.9,47.5,27,3.7,1047,7.0,3.6,1113,Gaming,3,2160,Young Low Spender,Retention / low spend segment
18,Male,Mumbai,Xiaomi,Android,4.0,33.0,239.1,148,4.1,5397,6.0,1.2,1104,Gaming,3,6501,Young Low Spender,Retention / low spend segment
18,Male,Ahmedabad,Samsung,iOS,5.3,34.1,83.8,13,3.9,2214,1.6,3.1,1545,Education,3,3759,Young Low Spender,Retention / low spend segment
34,Male,Ahmedabad,Xiaomi,iOS,8.5,17.1,235.1,108,2.9,2343,5.4,2.8,637,Entertainment,3,2980,Young Low Spender,Retention / low spend segment
32,Female,Hyderabad,Samsung,Android,2.6,3.0,294.5,176,6.0,340,7.3,4.4,1477,Work,3,1817,Young Low Spender,Retention / low spend segment
26,Other,Lucknow,Google Pixel,iOS,11.9,7.6,95.2,106,2.8,5308,3.9,0.6,998,Work,3,6306,Young Low Spender,Retention / low spend segment
19,Female,Bangalore,OnePlus,iOS,4.3,8.9,190.1,35,2.7,7409,1.3,4.2,1904,Social Media,3,9313,Young Low Spender,Retention / low spend segment
32,Female,Bangalore,Samsung,iOS,10.0,24.5,214.4,85,5.1,2110,3.8,3.8,1170,Gaming,3,3280,Young Low Spender,Retention / low spend segment
30,Female,Delhi,OnePlus,iOS,11.0,22.9,138.1,75,2.5,5626,1.4,3.4,1356,Entertainment,3,6982,Young Low Spender,Retention / low spend segment
23,Female,Jaipur,Samsung,Android,3.6,22.3,124.0,47,5.9,1428,1.7,4.5,678,Education,3,2106,Young Low Spender,Retention / low spend segment
25,Female,Chennai,Google Pixel,Android,9.2,40.1,177.2,174,5.1,1553,6.8,4.8,556,Education,3,2109,Young Low Spender,Retention / low spend segment
29,Female,Ahmedabad,Xiaomi,iOS,6.2,14.4,269.0,79,1.4,2050,2.0,1.5,442,Social Media,3,2492,Young Low Spender,Retention / low spend segment
17,Female,Kolkata,Nokia,iOS,2.9,6.7,281.8,195,2.1,369,4.1,2.2,499,Education,3,868,Young Low Spender,Retention / low spend segment
37,Female,Kolkata,OnePlus,iOS,7.6,20.2,229.5,48,2.9,164,4.9,4.4,1124,Social Media,3,1288,Young Low Spender,Retention / low spend segment
35,Other,Lucknow,Oppo,iOS,7.2,16.9,180.0,133,1.9,1310,1.0,4.4,1786,Work,3,3096,Young Low Spender,Retention / low spend segment
28,Female,Delhi,Nokia,iOS,8.5,19.0,265.6,30,1.9,1921,4.5,0.5,577,Social Media,3,2498,Young Low Spender,Retention / low spend segment
27,Other,Delhi,Nokia,iOS,5.2,3.9,101.8,165,3.1,3994,5.7,1.7,1828,Work,3,5822,Young Low Spender,Retention / low spend segment
29,Female,Lucknow,Apple,Android,9.8,33.4,63.6,101,0.7,3484,8.0,3.3,809,Education,3,4293,Young Low Spender,Retention / low spend segment
15,Other,Pune,Realme,iOS,3.7,42.1,62.5,156,4.3,1170,4.8,0.7,843,Work,3,2013,Young Low Spender,Retention / low spend segment
23,Male,Chennai,Samsung,Android,4.8,47.3,44.3,24,1.5,2764,1.5,0.0,523,Education,3,3287,Young Low Spender,Retention / low spend segment
43,Other,Mumbai,Vivo,Android,5.6,40.6,288.7,161,0.6,405,7.7,4.6,342,Work,3,747,Young Low Spender,Retention / low spend segment
22,Male,Mumbai,Apple,Android,1.2,10.2,129.6,185,2.5,6198,3.8,3.1,1061,Social Media,3,7259,Young Low Spender,Retention / low spend segment
34,Other,Lucknow,Apple,Android,10.5,30.0,43.4,99,4.0,3148,3.3,0.1,1852,Education,3,5000,Young Low Spender,Retention / low spend segment
27,Female,Bangalore,Vivo,iOS,7.4,7.6,261.9,43,0.9,2246,3.4,2.3,434,Education,3,2680,Young Low Spender,Retention / low spend segment
17,Other,Chennai,Apple,iOS,4.1,4.8,85.3,196,0.9,2890,5.2,2.2,772,Entertainment,3,3662,Young Low Spender,Retention / low spend segment
18,Male,Jaipur,Vivo,Android,9.0,33.1,94.2,23,2.8,3308,4.2,3.6,1773,Social Media,3,5081,Young Low Spender,Retention / low spend segment
36,Female,Kolkata,Google Pixel,Android,6.2,9.7,45.3,17,0.9,1195,3.8,4.2,740,Social Media,3,1935,Young Low Spender,Retention / low spend segment
17,Other,Lucknow,Motorola,iOS,6.9,47.5,102.0,70,1.6,5839,4.7,2.6,1539,Education,3,7378,Young Low Spender,Retention / low spend segment
29,Other,Lucknow,Realme,iOS,5.1,42.5,14.9,123,3.0,2773,6.0,4.4,986,Gaming,3,3759,Young Low Spender,Retention / low spend segment
35,Male,Delhi,OnePlus,iOS,4.7,25.8,105.0,76,4.1,2529,6.7,3.5,1274,Entertainment,3,3803,Young Low Spender,Retention / low spend segment
22,Female,Delhi,Nokia,Android,8.9,1.9,47.8,29,1.8,4915,4.7,3.0,321,Gaming,3,5236,Young Low Spender,Retention / low spend segment
26,Male,Lucknow,Oppo,Android,3.6,9.9,113.5,32,5.1,2604,5.1,0.2,1305,Gaming,3,3909,Young Low Spender,Retention / low spend segment
19,Other,Bangalore,Oppo,Android,3.5,12.8,130.7,196,2.7,6821,5.5,4.2,843,Work,3,7664,Young Low Spender,Retention / low spend segment
18,Other,Jaipur,Realme,iOS,4.7,3.5,203.9,98,2.9,3342,3.9,0.9,775,Entertainment,3,4117,Young Low Spender,Retention / low spend segment
32,Male,Chennai,Samsung,Android,5.7,9.7,282.7,150,1.8,1168,1.8,5.0,981,Social Media,3,2149,Young Low Spender,Retention / low spend segment
24,Male,Jaipur,OnePlus,Android,5.0,9.2,264.5,100,4.5,2792,6.5,1.7,720,Social Media,3,3512,Young Low Spender,Retention / low spend segment
15,Other,Ahmedabad,Realme,Android,3.4,47.6,102.7,44,3.1,2517,6.2,2.5,515,Social Media,3,3032,Young Low Spender,Retention / low spend segment
15,Female,Hyderabad,Google Pixel,iOS,5.0,38.1,10.4,60,3.8,1936,3.8,0.4,852,Gaming,3,2788,Young Low Spender,Retention / low spend segment
26,Male,Chennai,Oppo,iOS,7.0,35.5,146.1,49,2.8,2640,4.8,2.3,609,Work,3,3249,Young Low Spender,Retention / low spend segment
30,Female,Ahmedabad,Apple,Android,8.8,11.8,254.8,89,0.9,1432,7.4,2.6,427,Gaming,3,1859,Young Low Spender,Retention / low spend segment
38,Female,Bangalore,Google Pixel,Android,8.2,44.6,260.2,190,1.6,1533,7.4,2.9,189,Work,3,1722,Young Low Spender,Retention / low spend segment
31,Female,Pune,Realme,iOS,1.6,21.8,172.5,69,3.3,2343,4.0,2.1,1600,Work,3,3943,Young Low Spender,Retention / low spend segment
19,Other,Kolkata,OnePlus,Android,4.0,15.5,227.8,177,1.0,3771,2.9,4.8,1086,Gaming,3,4857,Young Low Spender,Retention / low spend segment
34,Female,Pune,Apple,Android,2.3,49.5,202.2,152,5.1,2716,1.8,4.2,1675,Gaming,3,4391,Young Low Spender,Retention / low spend segment
25,Female,Delhi,Motorola,iOS,11.3,31.4,276.0,26,1.0,3934,1.3,0.6,395,Gaming,3,4329,Young Low Spender,Retention / low spend segment
29,Male,Delhi,Realme,iOS,11.6,16.1,174.5,47,2.4,3223,1.6,0.0,1018,Gaming,3,4241,Young Low Spender,Retention / low spend segment
21,Female,Mumbai,Oppo,Android,7.5,37.5,270.8,180,4.2,1204,1.4,1.5,520,Social Media,3,1724,Young Low Spender,Retention / low spend segment
25,Female,Bangalore,Xiaomi,Android,8.7,25.5,36.8,64,2.8,5667,1.6,4.7,513,Work,3,6180,Young Low Spender,Retention / low spend segment
23,Other,Lucknow,OnePlus,Android,7.7,13.8,81.9,125,5.8,1867,2.0,3.8,1697,Work,3,3564,Young Low Spender,Retention / low spend segment
25,Female,Jaipur,Xiaomi,Android,4.1,40.5,211.3,57,1.2,1497,3.3,2.1,141,Entertainment,3,1638,Young Low Spender,Retention / low spend segment
31,Female,Ahmedabad,Realme,iOS,10.6,4.7,193.1,125,2.1,143,5.9,1.9,944,Social Media,3,1087,Young Low Spender,Retention / low spend segment
29,Male,Hyderabad,Motorola,Android,2.0,46.7,216.3,160,3.7,297,7.6,1.1,1285,Entertainment,3,1582,Young Low Spender,Retention / low spend segment
24,Male,Pune,OnePlus,iOS,8.2,27.3,31.2,161,4.5,2195,5.7,0.6,1331,Education,3,3526,Young Low Spender,Retention / low spend segment
29,Other,Hyderabad,Motorola,Android,8.0,24.0,127.2,119,2.8,3759,7.1,2.4,1693,Work,3,5452,Young Low Spender,Retention / low spend segment
16,Male,Hyderabad,Vivo,Android,7.4,25.9,224.5,28,3.4,1982,1.5,0.1,930,Gaming,3,2912,Young Low Spender,Retention / low spend segment
18,Male,Ahmedabad,Oppo,Android,3.2,38.2,31.6,83,2.1,6476,2.6,3.0,1542,Education,3,8018,Young Low Spender,Retention / low spend segment
23,Female,Lucknow,Nokia,Android,10.3,49.1,71.6,54,1.4,2056,1.3,0.5,1068,Entertainment,3,3124,Young Low Spender,Retention / low spend segment
21,Other,Delhi,Samsung,iOS,2.0,25.0,266.4,150,3.9,5593,5.9,3.1,1976,Education,3,7569,Young Low Spender,Retention / low spend segment
25,Male,Jaipur,Google Pixel,iOS,7.8,37.5,102.2,117,2.2,2837,5.2,2.4,585,Education,3,3422,Young Low Spender,Retention / low spend segment
22,Other,Bangalore,Google Pixel,Android,8.4,6.4,224.7,110,1.6,4854,3.3,2.6,1185,Gaming,3,6039,Young Low Spender,Retention / low spend segment
21,Other,Lucknow,Xiaomi,Android,11.3,14.0,199.5,155,2.5,5231,7.6,0.1,1713,Entertainment,3,6944,Young Low Spender,Retention / low spend segment
34,Other,Ahmedabad,Samsung,iOS,2.5,45.6,53.9,119,2.6,3964,3.7,2.9,953,Entertainment,3,4917,Young Low Spender,Retention / low spend segment
20,Male,Pune,Samsung,iOS,8.3,23.1,182.2,188,3.4,1745,3.5,0.2,1258,Social Media,3,3003,Young Low Spender,Retention / low spend segment
15,Other,Chennai,Samsung,iOS,1.5,24.0,203.9,144,1.9,2932,3.0,4.2,384,Work,3,3316,Young Low Spender,Retention / low spend segment
19,Male,Lucknow,Google Pixel,Android,2.0,34.9,281.2,168,3.4,5159,3.9,2.5,283,Entertainment,3,5442,Young Low Spender,Retention / low spend segment
17,Male,Pune,Xiaomi,Android,7.6,31.5,117.6,89,5.5,629,5.6,4.8,1923,Social Media,3,2552,Young Low Spender,Retention / low spend segment
35,Other,Kolkata,Vivo,iOS,4.8,16.1,144.2,150,4.2,3502,2.6,1.9,1065,Entertainment,3,4567,Young Low Spender,Retention / low spend segment
22,Female,Jaipur,Nokia,iOS,6.5,29.2,208.4,109,3.9,1452,2.2,4.1,1782,Education,3,3234,Young Low Spender,Retention / low spend segment
27,Female,Kolkata,Apple,iOS,4.2,23.2,107.8,52,1.8,638,3.9,3.5,1331,Gaming,3,1969,Young Low Spender,Retention / low spend segment
22,Male,Bangalore,OnePlus,iOS,8.2,5.0,119.6,48,5.8,2875,5.4,4.4,1028,Entertainment,3,3903,Young Low Spender,Retention / low spend segment
19,Female,Bangalore,Nokia,iOS,6.4,6.8,279.5,59,2.1,5159,2.3,4.7,472,Education,3,5631,Young Low Spender,Retention / low spend segment
18,Male,Bangalore,Vivo,Android,8.7,3.2,69.1,63,2.0,891,7.4,4.4,444,Gaming,3,1335,Young Low Spender,Retention / low spend segment
28,Male,Pune,Apple,Android,4.4,46.6,267.9,116,4.6,4900,7.8,4.3,993,Education,3,5893,Young Low Spender,Retention / low spend segment
34,Other,Hyderabad,Xiaomi,Android,11.1,38.5,262.1,50,1.3,1019,0.8,3.5,1994,Gaming,3,3013,Young Low Spender,Retention / low spend segment
16,Female,Jaipur,Motorola,Android,6.3,18.2,189.9,163,2.3,5742,7.7,0.8,951,Social Media,3,6693,Young Low Spender,Retention / low spend segment
15,Female,Mumbai,Nokia,Android,7.7,25.7,95.1,135,3.1,6073,0.6,1.3,848,Work,3,6921,Young Low Spender,Retention / low spend segment
37,Male,Kolkata,OnePlus,iOS,10.2,30.1,55.5,167,2.5,807,7.7,3.5,1812,Education,3,2619,Young Low Spender,Retention / low spend segment
24,Other,Delhi,Nokia,Android,3.5,14.6,189.0,98,2.3,5628,7.8,0.4,1381,Work,3,7009,Young Low Spender,Retention / low spend segment
20,Male,Hyderabad,Vivo,Android,11.1,42.3,174.9,28,3.7,144,6.3,1.0,540,Social Media,3,684,Young Low Spender,Retention / low spend segment
21,Male,Kolkata,Apple,Android,10.7,32.5,79.7,176,1.9,2301,4.7,5.0,1978,Education,3,4279,Young Low Spender,Retention / low spend segment
37,Female,Delhi,Apple,iOS,10.6,7.7,267.6,52,1.8,3607,3.5,0.4,1690,Gaming,3,5297,Young Low Spender,Retention / low spend segment
17,Female,Bangalore,Nokia,iOS,6.1,35.8,170.8,107,1.8,6538,7.7,1.1,1338,Work,3,7876,Young Low Spender,Retention / low spend segment
22,Other,Bangalore,Samsung,iOS,6.7,5.9,196.6,165,3.7,126,4.0,4.2,744,Gaming,3,870,Young Low Spender,Retention / low spend segment
23,Male,Mumbai,Vivo,Android,10.8,36.1,151.2,87,0.8,1759,6.6,3.4,488,Education,3,2247,Young Low Spender,Retention / low spend segment
30,Female,Bangalore,Oppo,iOS,3.5,10.7,230.4,48,4.1,1413,3.1,3.7,1467,Social Media,3,2880,Young Low Spender,Retention / low spend segment
21,Female,Jaipur,Motorola,iOS,6.5,43.5,204.9,88,5.2,671,2.7,1.1,170,Gaming,3,841,Young Low Spender,Retention / low spend segment
16,Female,Bangalore,Google Pixel,iOS,3.3,35.8,14.3,142,3.0,6507,6.6,2.2,309,Gaming,3,6816,Young Low Spender,Retention / low spend segment
19,Male,Ahmedabad,Vivo,iOS,6.1,47.5,259.6,128,3.9,1197,6.5,4.0,1435,Social Media,3,2632,Young Low Spender,Retention / low spend segment
17,Other,Jaipur,Google Pixel,iOS,8.7,41.1,268.4,24,4.7,983,4.7,3.7,989,Social Media,3,1972,Young Low Spender,Retention / low spend segment
21,Male,Mumbai,Xiaomi,Android,6.3,27.5,59.3,62,2.0,3339,1.6,4.1,1722,Work,3,5061,Young Low Spender,Retention / low spend segment
21,Other,Bangalore,OnePlus,iOS,3.8,23.0,244.9,46,2.0,1157,7.2,1.0,680,Gaming,3,1837,Young Low Spender,Retention / low spend segment
16,Female,Chennai,Realme,iOS,2.7,42.5,101.9,30,2.8,6507,2.6,4.7,1102,Gaming,3,7609,Young Low Spender,Retention / low spend segment
28,Other,Jaipur,Google Pixel,iOS,4.5,5.9,53.8,94,3.7,305,7.3,0.0,1336,Social Media,3,1641,Young Low Spender,Retention / low spend segment
16,Female,Delhi,Google Pixel,iOS,2.0,29.7,219.8,133,3.2,750,3.4,2.2,782,Work,3,1532,Young Low Spender,Retention / low spend segment
22,Male,Pune,Xiaomi,Android,5.0,48.8,198.0,91,3.9,3114,7.3,1.9,1659,Education,3,4773,Young Low Spender,Retention / low spend segment
24,Female,Mumbai,Vivo,Android,3.2,13.0,240.2,147,4.2,5673,4.0,2.4,796,Social Media,3,6469,Young Low Spender,Retention / low spend segment
28,Male,Pune,Google Pixel,iOS,7.0,15.1,146.1,151,3.5,4491,0.9,4.0,884,Entertainment,3,5375,Young Low Spender,Retention / low spend segment
26,Female,Bangalore,OnePlus,Android,1.7,29.3,85.8,49,2.1,5381,2.9,2.1,461,Education,3,5842,Young Low Spender,Retention / low spend segment
23,Other,Lucknow,Realme,Android,6.3,10.1,53.0,100,3.8,552,7.0,4.5,379,Entertainment,3,931,Young Low Spender,Retention / low spend segment
33,Other,Mumbai,Apple,Android,10.6,7.1,61.8,90,3.4,3172,1.9,4.2,1642,Social Media,3,4814,Young Low Spender,Retention / low spend segment
21,Male,Kolkata,Realme,Android,7.1,6.8,51.2,55,3.0,4249,7.7,3.7,1639,Gaming,3,5888,Young Low Spender,Retention / low spend segment
24,Male,Kolkata,Xiaomi,Android,10.7,42.4,13.1,76,5.6,279,5.8,4.6,865,Gaming,3,1144,Young Low Spender,Retention / low spend segment
19,Other,Pune,Nokia,iOS,6.5,10.2,188.6,45,1.4,4312,0.7,3.8,1477,Entertainment,3,5789,Young Low Spender,Retention / low spend segment
23,Male,Hyderabad,Motorola,iOS,5.2,22.3,182.0,29,5.5,841,5.3,2.2,888,Gaming,3,1729,Young Low Spender,Retention / low spend segment
30,Other,Jaipur,Oppo,Android,5.1,17.2,32.3,71,1.3,3137,3.0,1.2,1505,Social Media,3,4642,Young Low Spender,Retention / low spend segment
35,Other,Delhi,Samsung,Android,8.7,39.0,184.6,105,1.3,462,7.7,3.3,1638,Gaming,3,2100,Young Low Spender,Retention / low spend segment
16,Male,Mumbai,Realme,iOS,2.6,37.5,223.8,52,2.5,2586,8.0,0.5,1645,Entertainment,3,4231,Young Low Spender,Retention / low spend segment
20,Other,Lucknow,Xiaomi,iOS,3.5,38.1,112.2,170,3.1,4290,6.7,3.5,123,Education,3,4413,Young Low Spender,Retention / low spend segment
16,Other,Jaipur,Apple,Android,6.7,18.9,252.9,105,4.9,5417,7.6,0.9,1012,Education,3,6429,Young Low Spender,Retention / low spend segment
22,Male,Ahmedabad,Motorola,Android,11.5,42.8,45.7,141,1.9,1848,5.0,4.7,1581,Social Media,3,3429,Young Low Spender,Retention / low spend segment
21,Male,Bangalore,OnePlus,Android,7.0,31.3,196.5,162,2.1,5659,1.5,0.1,1939,Work,3,7598,Young Low Spender,Retention / low spend segment
22,Female,Kolkata,Oppo,Android,9.9,44.5,18.1,58,1.3,5601,5.3,2.6,431,Gaming,3,6032,Young Low Spender,Retention / low spend segment
15,Female,Chennai,Vivo,iOS,11.6,30.4,234.7,89,2.0,2773,4.4,2.6,1893,Education,3,4666,Young Low Spender,Retention / low spend segment
27,Other,Pune,Nokia,iOS,8.2,44.7,17.4,168,3.2,5083,5.5,2.7,1334,Entertainment,3,6417,Young Low Spender,Retention / low spend segment
30,Female,Ahmedabad,Samsung,Android,1.5,25.2,181.8,78,1.3,1823,5.8,3.5,1702,Entertainment,3,3525,Young Low Spender,Retention / low spend segment
28,Other,Delhi,OnePlus,iOS,3.2,41.0,166.1,110,3.0,2348,5.2,1.9,684,Social Media,3,3032,Young Low Spender,Retention / low spend segment
15,Female,Mumbai,Vivo,iOS,8.7,13.8,55.2,32,2.6,7375,1.8,1.8,282,Work,3,7657,Young Low Spender,Retention / low spend segment
22,Male,Delhi,Vivo,Android,10.6,48.7,7.3,187,3.5,5333,2.6,1.6,199,Work,3,5532,Young Low Spender,Retention / low spend segment
15,Male,Mumbai,Nokia,Android,7.6,22.7,13.7,34,2.5,1406,4.3,2.8,999,Gaming,3,2405,Young Low Spender,Retention / low spend segment
33,Other,Hyderabad,Apple,iOS,11.9,1.6,81.3,42,2.7,2882,6.0,3.5,1688,Education,3,4570,Young Low Spender,Retention / low spend segment
31,Other,Bangalore,Vivo,Android,3.7,6.5,282.3,139,1.2,2663,3.3,0.4,422,Work,3,3085,Young Low Spender,Retention / low spend segment
18,Female,Lucknow,Google Pixel,Android,5.6,10.8,38.3,34,1.2,5468,7.8,1.9,1455,Work,3,6923,Young Low Spender,Retention / low spend segment
18,Male,Bangalore,Xiaomi,iOS,11.3,2.2,290.1,157,4.3,1495,0.6,2.1,825,Entertainment,3,2320,Young Low Spender,Retention / low spend segment
21,Male,Ahmedabad,Realme,Android,8.7,37.5,204.5,86,2.5,2988,1.4,3.0,754,Entertainment,3,3742,Young Low Spender,Retention / low spend segment
23,Other,Kolkata,Apple,iOS,10.6,21.9,176.5,55,2.7,4804,4.7,3.7,1927,Gaming,3,6731,Young Low Spender,Retention / low spend segment
29,Other,Ahmedabad,Realme,iOS,11.0,11.9,113.8,95,1.6,4163,6.0,3.2,1493,Gaming,3,5656,Young Low Spender,Retention / low spend segment
28,Other,Lucknow,Nokia,iOS,6.8,16.2,122.4,101,3.9,1422,4.5,3.2,757,Gaming,3,2179,Young Low Spender,Retention / low spend segment
17,Female,Chennai,Google Pixel,Android,6.2,19.6,183.8,71,3.5,1322,4.9,0.8,1659,Social Media,3,2981,Young Low Spender,Retention / low spend segment
26,Other,Ahmedabad,Google Pixel,iOS,6.4,14.2,217.7,96,2.7,5836,2.6,2.5,162,Work,3,5998,Young Low Spender,Retention / low spend segment
29,Other,Bangalore,Nokia,Android,11.3,14.8,24.4,34,2.1,3463,3.9,2.1,345,Work,3,3808,Young Low Spender,Retention / low spend segment
23,Male,Hyderabad,Nokia,iOS,5.6,46.9,284.6,177,3.4,4696,5.3,0.2,1159,Work,3,5855,Young Low Spender,Retention / low spend segment
37,Male,Chennai,Nokia,iOS,9.7,39.6,73.0,97,1.1,296,7.4,1.2,1195,Entertainment,3,1491,Young Low Spender,Retention / low spend segment
26,Male,Chennai,Vivo,Android,2.6,33.4,265.6,87,5.0,3980,4.3,1.9,739,Education,3,4719,Young Low Spender,Retention / low spend segment
17,Other,Lucknow,Apple,iOS,10.3,40.9,113.0,190,2.9,5060,5.7,2.2,830,Gaming,3,5890,Young Low Spender,Retention / low spend segment
23,Male,Pune,Nokia,iOS,3.1,2.7,283.2,38,3.0,4467,6.6,4.0,1168,Education,3,5635,Young Low Spender,Retention / low spend segment
25,Female,Delhi,Samsung,Android,9.1,25.6,136.4,181,3.5,3810,6.3,0.4,1736,Work,3,5546,Young Low Spender,Retention / low spend segment
21,Male,Ahmedabad,Oppo,iOS,5.1,45.7,283.2,199,5.0,2970,3.7,2.8,975,Work,3,3945,Young Low Spender,Retention / low spend segment
15,Male,Hyderabad,Google Pixel,Android,6.1,4.8,74.2,43,5.9,958,6.2,2.1,1127,Gaming,3,2085,Young Low Spender,Retention / low spend segment
15,Female,Lucknow,Apple,iOS,11.2,30.4,64.0,103,2.1,5460,3.1,4.4,552,Work,3,6012,Young Low Spender,Retention / low spend segment
27,Female,Lucknow,Realme,Android,4.2,32.8,116.1,87,1.0,3095,3.3,2.3,693,Entertainment,3,3788,Young Low Spender,Retention / low spend segment
25,Other,Jaipur,OnePlus,iOS,1.3,25.4,104.7,196,2.7,4927,5.9,0.7,1968,Gaming,3,6895,Young Low Spender,Retention / low spend segment
26,Female,Mumbai,OnePlus,Android,2.0,27.8,272.9,108,1.8,2728,1.7,0.4,855,Work,3,3583,Young Low Spender,Retention / low spend segment
18,Male,Ahmedabad,Oppo,Android,3.1,5.3,70.3,183,4.4,2674,7.8,3.7,1540,Social Media,3,4214,Young Low Spender,Retention / low spend segment
31,Male,Chennai,Samsung,iOS,11.7,9.4,47.7,71,3.5,3010,2.3,2.6,182,Gaming,3,3192,Young Low Spender,Retention / low spend segment
22,Male,Ahmedabad,Oppo,Android,3.4,19.0,262.9,129,2.0,1856,2.4,2.9,1894,Social Media,3,3750,Young Low Spender,Retention / low spend segment
18,Female,Bangalore,Realme,iOS,9.1,24.8,165.4,167,1.5,1956,5.3,1.9,458,Entertainment,3,2414,Young Low Spender,Retention / low spend segment
26,Other,Ahmedabad,Google Pixel,iOS,2.9,29.2,146.8,143,0.8,3371,1.1,4.0,1914,Gaming,3,5285,Young Low Spender,Retention / low spend segment
15,Male,Chennai,OnePlus,iOS,11.9,10.9,64.1,59,1.8,6682,3.8,2.4,302,Work,3,6984,Young Low Spender,Retention / low spend segment
16,Other,Mumbai,Apple,Android,9.3,8.9,86.6,27,1.9,1619,5.4,3.9,1069,Entertainment,3,2688,Young Low Spender,Retention / low spend segment
23,Other,Kolkata,Nokia,Android,8.1,19.5,80.1,132,1.8,3992,7.0,3.8,1796,Entertainment,3,5788,Young Low Spender,Retention / low spend segment
18,Other,Bangalore,OnePlus,Android,5.8,49.3,58.9,37,0.9,3515,7.2,4.0,1321,Gaming,3,4836,Young Low Spender,Retention / low spend segment
24,Male,Ahmedabad,Motorola,iOS,7.3,34.9,170.6,188,1.2,5162,0.7,3.5,1291,Social Media,3,6453,Young Low Spender,Retention / low spend segment
32,Other,Chennai,Apple,iOS,8.0,30.4,160.1,181,5.1,2996,6.1,0.6,1073,Gaming,3,4069,Young Low Spender,Retention / low spend segment
31,Female,Delhi,Xiaomi,Android,9.2,7.3,7.8,139,2.4,2477,7.4,0.5,1020,Gaming,3,3497,Young Low Spender,Retention / low spend segment
16,Female,Delhi,Realme,iOS,10.3,2.4,241.2,143,1.2,3289,4.3,0.8,1056,Education,3,4345,Young Low Spender,Retention / low spend segment
17,Other,Pune,Apple,Android,2.1,12.0,109.1,14,5.2,2178,5.4,5.0,1811,Gaming,3,3989,Young Low Spender,Retention / low spend segment
41,Male,Ahmedabad,OnePlus,Android,9.5,36.5,287.3,125,0.7,1989,1.9,4.2,1405,Social Media,3,3394,Young Low Spender,Retention / low spend segment
33,Female,Delhi,Realme,iOS,1.7,23.3,199.2,79,3.5,4406,1.6,0.3,350,Education,3,4756,Young Low Spender,Retention / low spend segment
26,Other,Pune,Nokia,Android,4.8,23.1,7.9,108,0.6,135,0.7,1.7,379,Social Media,3,514,Young Low Spender,Retention / low spend segment
34,Male,Delhi,Nokia,iOS,1.8,3.1,221.0,59,2.0,4431,1.5,1.4,1241,Social Media,3,5672,Young Low Spender,Retention / low spend segment
23,Male,Jaipur,Motorola,Android,11.3,23.8,201.4,135,2.0,5519,5.0,0.9,553,Work,3,6072,Young Low Spender,Retention / low spend segment
16,Male,Hyderabad,Xiaomi,Android,11.9,39.1,55.5,76,0.9,750,3.8,0.9,1384,Education,3,2134,Young Low Spender,Retention / low spend segment
21,Female,Hyderabad,Motorola,iOS,8.6,45.2,113.9,125,5.3,3791,0.9,0.7,1396,Gaming,3,5187,Young Low Spender,Retention / low spend segment
35,Female,Lucknow,Apple,iOS,4.9,19.3,262.9,182,3.5,532,2.3,1.1,1653,Education,3,2185,Young Low Spender,Retention / low spend segment
17,Other,Pune,Apple,Android,10.7,23.7,106.0,78,3.0,6660,0.6,1.5,731,Entertainment,3,7391,Young Low Spender,Retention / low spend segment
18,Male,Pune,Oppo,iOS,11.3,39.0,221.7,90,5.7,3615,5.8,2.0,1749,Social Media,3,5364,Young Low Spender,Retention / low spend segment
22,Female,Mumbai,Xiaomi,iOS,5.5,9.0,178.5,72,2.7,2103,2.7,4.2,1262,Gaming,3,3365,Young Low Spender,Retention / low spend segment
23,Male,Ahmedabad,Vivo,iOS,7.0,5.3,137.0,98,3.2,2300,4.3,3.0,1301,Entertainment,3,3601,Young Low Spender,Retention / low spend segment
21,Male,Lucknow,Realme,Android,5.8,36.2,105.8,130,3.0,1981,1.4,2.6,783,Work,3,2764,Young Low Spender,Retention / low spend segment
37,Other,Lucknow,Samsung,Android,5.7,33.9,254.8,185,3.1,2733,1.6,0.1,908,Work,3,3641,Young Low Spender,Retention / low spend segment
34,Male,Delhi,Motorola,iOS,9.0,14.8,87.0,186,3.7,3584,1.9,1.0,1612,Entertainment,3,5196,Young Low Spender,Retention / low spend segment
20,Male,Delhi,Oppo,Android,6.6,28.3,114.6,110,2.4,450,6.2,3.7,1371,Education,3,1821,Young Low Spender,Retention / low spend segment
17,Male,Ahmedabad,Xiaomi,Android,1.4,48.0,173.3,174,3.4,990,1.8,2.0,936,Social Media,3,1926,Young Low Spender,Retention / low spend segment
16,Other,Chennai,Xiaomi,iOS,4.8,25.3,36.4,54,1.8,1269,4.5,3.4,1399,Education,3,2668,Young Low Spender,Retention / low spend segment
39,Other,Lucknow,Vivo,iOS,5.9,46.5,228.3,145,2.0,2616,0.7,2.8,1018,Gaming,3,3634,Young Low Spender,Retention / low spend segment
23,Male,Pune,Vivo,Android,10.3,14.9,243.9,106,1.1,1341,0.6,2.6,1888,Work,3,3229,Young Low Spender,Retention / low spend segment
15,Male,Jaipur,Motorola,iOS,5.3,2.5,34.9,114,3.4,5256,7.1,2.4,1528,Education,3,6784,Young Low Spender,Retention / low spend segment
29,Other,Pune,Vivo,iOS,4.1,7.0,177.0,10,3.0,3920,7.6,3.9,1915,Gaming,3,5835,Young Low Spender,Retention / low spend segment
17,Female,Delhi,Vivo,iOS,5.9,4.5,175.3,150,0.5,5082,3.4,4.7,1247,Education,3,6329,Young Low Spender,Retention / low spend segment
35,Male,Hyderabad,Apple,iOS,11.6,6.2,244.0,189,3.5,4178,1.6,1.0,672,Education,3,4850,Young Low Spender,Retention / low spend segment
18,Male,Lucknow,Apple,Android,6.1,45.8,90.5,135,0.7,4208,4.7,3.0,103,Entertainment,3,4311,Young Low Spender,Retention / low spend segment
28,Other,Jaipur,Vivo,Android,10.2,27.1,259.6,128,5.0,4277,2.8,2.8,253,Education,3,4530,Young Low Spender,Retention / low spend segment
35,Female,Bangalore,Oppo,Android,3.5,36.2,280.1,53,4.0,2016,7.1,3.7,1939,Social Media,3,3955,Young Low Spender,Retention / low spend segment
36,Other,Bangalore,Nokia,Android,1.8,40.2,295.1,192,2.3,1515,3.7,3.4,1584,Work,3,3099,Young Low Spender,Retention / low spend segment
18,Male,Kolkata,Nokia,iOS,9.8,11.4,164.2,135,1.8,2565,7.2,1.3,1512,Gaming,3,4077,Young Low Spender,Retention / low spend segment
18,Female,Bangalore,Oppo,Android,9.4,11.8,44.1,171,3.2,3138,5.4,2.3,1389,Social Media,3,4527,Young Low Spender,Retention / low spend segment
31,Female,Chennai,Google Pixel,Android,5.6,39.1,198.5,142,0.8,3273,6.5,4.2,324,Social Media,3,3597,Young Low Spender,Retention / low spend segment
36,Other,Hyderabad,Apple,Android,2.1,41.0,229.0,97,1.8,1784,1.3,1.4,1216,Education,3,3000,Young Low Spender,Retention / low spend segment
17,Female,Pune,Google Pixel,Android,1.4,31.9,245.4,179,3.4,1597,5.9,3.9,1741,Work,3,3338,Young Low Spender,Retention / low spend segment
33,Other,Hyderabad,Realme,iOS,7.1,39.1,198.6,112,2.6,612,6.4,4.5,158,Gaming,3,770,Young Low Spender,Retention / low spend segment
19,Other,Bangalore,Realme,Android,4.9,25.0,220.8,58,0.8,117,6.0,2.9,1148,Work,3,1265,Young Low Spender,Retention / low spend segment
31,Male,Delhi,OnePlus,Android,7.2,14.8,266.9,152,5.9,2097,1.8,2.9,1473,Social Media,3,3570,Young Low Spender,Retention / low spend segment
22,Male,Jaipur,Xiaomi,iOS,3.5,5.0,293.7,198,2.2,6440,1.7,2.3,798,Gaming,3,7238,Young Low Spender,Retention / low spend segment
37,Other,Delhi,Nokia,iOS,7.9,19.3,81.2,186,0.6,1706,3.0,0.2,356,Social Media,3,2062,Young Low Spender,Retention / low spend segment
30,Male,Chennai,Xiaomi,iOS,5.0,5.8,93.3,141,4.8,1411,6.2,2.4,1388,Entertainment,3,2799,Young Low Spender,Retention / low spend segment
22,Male,Mumbai,Samsung,Android,1.4,31.0,144.8,141,3.4,2524,7.9,3.9,319,Gaming,3,2843,Young Low Spender,Retention / low spend segment
33,Other,Lucknow,Google Pixel,Android,6.6,6.1,296.1,30,1.2,1039,6.4,2.6,845,Entertainment,3,1884,Young Low Spender,Retention / low spend segment
25,Male,Chennai,Apple,Android,2.7,49.8,136.6,154,1.7,2369,3.0,2.7,324,Education,3,2693,Young Low Spender,Retention / low spend segment
22,Male,Hyderabad,OnePlus,Android,1.8,21.8,216.3,124,1.1,4111,3.8,1.9,568,Social Media,3,4679,Young Low Spender,Retention / low spend segment
17,Other,Hyderabad,Vivo,iOS,5.2,35.8,19.6,105,4.0,468,5.7,3.5,345,Work,3,813,Young Low Spender,Retention / low spend segment
31,Female,Ahmedabad,Nokia,iOS,3.3,9.7,16.6,187,1.7,3263,5.1,0.6,1673,Education,3,4936,Young Low Spender,Retention / low spend segment
24,Male,Ahmedabad,Nokia,iOS,6.0,3.1,115.8,193,2.7,226,2.8,2.4,675,Social Media,3,901,Young Low Spender,Retention / low spend segment
21,Other,Pune,Samsung,iOS,8.9,3.4,192.3,97,4.7,4077,2.3,3.0,1655,Entertainment,3,5732,Young Low Spender,Retention / low spend segment
17,Other,Mumbai,OnePlus,iOS,9.4,2.1,278.1,28,5.8,1715,1.8,4.0,1344,Social Media,3,3059,Young Low Spender,Retention / low spend segment
27,Female,Mumbai,Nokia,Android,3.9,11.5,191.1,100,2.8,2436,6.5,1.2,378,Education,3,2814,Young Low Spender,Retention / low spend segment
28,Other,Delhi,Oppo,Android,2.3,4.7,164.8,129,4.6,3628,3.5,3.9,1790,Work,3,5418,Young Low Spender,Retention / low spend segment
41,Other,Ahmedabad,OnePlus,Android,9.1,28.3,265.7,98,1.7,1474,2.8,0.9,1475,Work,3,2949,Young Low Spender,Retention / low spend segment
26,Female,Delhi,Realme,Android,5.0,43.9,7.4,82,5.9,1921,0.8,1.5,1098,Gaming,3,3019,Young Low Spender,Retention / low spend segment
19,Male,Mumbai,Motorola,Android,6.2,46.0,277.2,158,2.1,4005,4.0,1.0,698,Education,3,4703,Young Low Spender,Retention / low spend segment
22,Male,Kolkata,Apple,Android,8.7,13.7,108.9,57,4.0,2378,4.0,2.4,1460,Gaming,3,3838,Young Low Spender,Retention / low spend segment
20,Other,Bangalore,Apple,iOS,3.6,22.1,177.3,127,2.9,2058,4.0,4.3,583,Entertainment,3,2641,Young Low Spender,Retention / low spend segment
26,Male,Lucknow,Google Pixel,Android,8.4,35.7,257.5,71,4.1,4463,6.5,2.7,907,Entertainment,3,5370,Young Low Spender,Retention / low spend segment
22,Other,Bangalore,Oppo,Android,5.7,21.7,40.0,151,2.5,4473,5.4,4.3,1003,Education,3,5476,Young Low Spender,Retention / low spend segment
37,Female,Kolkata,Realme,Android,8.6,25.8,220.7,164,0.9,196,6.8,0.3,1041,Social Media,3,1237,Young Low Spender,Retention / low spend segment
31,Female,Ahmedabad,Oppo,iOS,3.5,37.4,110.3,128,4.6,3036,5.5,0.7,947,Gaming,3,3983,Young Low Spender,Retention / low spend segment
38,Female,Pune,Vivo,iOS,7.7,38.3,280.4,132,2.7,2362,3.8,0.8,131,Gaming,3,2493,Young Low Spender,Retention / low spend segment
20,Other,Hyderabad,OnePlus,iOS,5.9,24.4,69.1,96,3.6,1301,5.0,2.2,1086,Education,3,2387,Young Low Spender,Retention / low spend segment
17,Other,Chennai,Samsung,iOS,11.1,9.6,23.8,39,1.7,2689,6.2,3.7,1496,Social Media,3,4185,Young Low Spender,Retention / low spend segment
25,Male,Lucknow,Xiaomi,iOS,7.8,45.9,190.9,50,3.7,517,4.4,2.0,458,Gaming,3,975,Young Low Spender,Retention / low spend segment
29,Female,Hyderabad,Nokia,iOS,6.8,40.8,136.9,157,5.4,1380,2.7,2.2,415,Entertainment,3,1795,Young Low Spender,Retention / low spend segment
29,Female,Jaipur,Nokia,Android,3.2,37.5,132.8,20,5.3,2271,6.3,2.7,148,Education,3,2419,Young Low Spender,Retention / low spend segment
25,Female,Chennai,Apple,Android,6.9,43.2,233.1,25,2.4,5148,1.6,1.2,1247,Work,3,6395,Young Low Spender,Retention / low spend segment
27,Other,Chennai,Apple,Android,10.4,46.8,279.5,115,3.1,3384,6.0,3.6,1752,Education,3,5136,Young Low Spender,Retention / low spend segment
26,Other,Bangalore,Vivo,Android,9.0,20.4,102.7,42,2.5,5358,3.3,1.6,1894,Education,3,7252,Young Low Spender,Retention / low spend segment
16,Other,Kolkata,OnePlus,Android,9.8,27.8,280.4,45,2.3,4871,2.5,1.2,1595,Entertainment,3,6466,Young Low Spender,Retention / low spend segment
18,Other,Chennai,Google Pixel,iOS,6.2,22.7,209.4,197,1.3,5928,0.7,4.0,1476,Work,3,7404,Young Low Spender,Retention / low spend segment
34,Female,Hyderabad,Motorola,iOS,3.2,10.3,159.5,132,2.1,2452,1.1,1.9,1824,Education,3,4276,Young Low Spender,Retention / low spend segment
24,Other,Mumbai,Apple,iOS,9.7,32.2,190.1,19,3.3,3597,7.1,1.8,1061,Education,3,4658,Young Low Spender,Retention / low spend segment
23,Other,Pune,Google Pixel,iOS,8.6,18.0,84.5,161,5.1,1291,7.1,4.5,535,Entertainment,3,1826,Young Low Spender,Retention / low spend segment
25,Male,Pune,Vivo,Android,4.5,31.5,74.8,61,2.9,1826,5.1,2.0,847,Education,3,2673,Young Low Spender,Retention / low spend segment
28,Female,Bangalore,Samsung,Android,5.5,39.5,234.3,48,3.8,1019,0.8,2.7,207,Gaming,3,1226,Young Low Spender,Retention / low spend segment
32,Female,Kolkata,Oppo,iOS,7.4,26.1,62.2,13,5.2,1274,5.6,4.4,264,Social Media,3,1538,Young Low Spender,Retention / low spend segment
31,Female,Pune,Vivo,Android,6.0,46.6,83.3,60,3.2,3124,7.6,3.4,856,Social Media,3,3980,Young Low Spender,Retention / low spend segment
31,Female,Kolkata,Motorola,iOS,9.3,21.2,275.8,10,4.9,2208,6.9,2.4,810,Entertainment,3,3018,Young Low Spender,Retention / low spend segment
31,Female,Bangalore,Google Pixel,iOS,5.1,13.6,13.4,32,5.2,1366,2.6,0.3,172,Education,3,1538,Young Low Spender,Retention / low spend segment
18,Other,Kolkata,Google Pixel,Android,4.0,43.0,239.1,81,4.3,802,3.4,3.6,1509,Entertainment,3,2311,Young Low Spender,Retention / low spend segment
31,Male,Hyderabad,Vivo,Android,11.3,11.3,278.2,158,3.8,4830,1.7,2.5,1233,Social Media,3,6063,Young Low Spender,Retention / low spend segment
27,Other,Chennai,Realme,Android,6.1,49.2,95.2,12,5.2,299,3.9,0.8,1840,Education,3,2139,Young Low Spender,Retention / low spend segment
19,Male,Pune,Nokia,Android,7.1,42.0,299.0,42,6.0,942,1.3,3.7,1207,Gaming,3,2149,Young Low Spender,Retention / low spend segment
22,Other,Jaipur,OnePlus,Android,7.5,8.7,8.1,16,0.7,2422,6.3,4.0,1414,Gaming,3,3836,Young Low Spender,Retention / low spend segment
35,Other,Lucknow,Google Pixel,Android,2.4,31.3,285.4,175,3.5,1834,2.0,2.9,531,Entertainment,3,2365,Young Low Spender,Retention / low spend segment
24,Female,Jaipur,OnePlus,iOS,1.9,2.0,279.3,109,1.1,815,3.2,1.2,1082,Gaming,3,1897,Young Low Spender,Retention / low spend segment
19,Female,Jaipur,Google Pixel,Android,4.0,39.9,50.9,63,4.0,2996,3.5,1.5,1771,Gaming,3,4767,Young Low Spender,Retention / low spend segment
21,Other,Mumbai,Oppo,Android,11.5,8.6,128.9,181,4.6,2042,5.3,3.2,1257,Entertainment,3,3299,Young Low Spender,Retention / low spend segment
25,Other,Bangalore,Xiaomi,Android,1.2,6.3,109.0,136,1.7,3373,7.1,2.3,215,Education,3,3588,Young Low Spender,Retention / low spend segment
32,Male,Mumbai,Xiaomi,Android,3.9,37.5,271.3,38,5.3,1525,3.6,4.1,1274,Work,3,2799,Young Low Spender,Retention / low spend segment
19,Female,Ahmedabad,Google Pixel,Android,6.2,37.4,117.2,105,2.9,4220,1.0,2.7,407,Work,3,4627,Young Low Spender,Retention / low spend segment
37,Other,Jaipur,Oppo,iOS,6.1,32.2,111.0,194,1.3,2719,4.3,3.4,383,Social Media,3,3102,Young Low Spender,Retention / low spend segment
22,Male,Hyderabad,Vivo,Android,8.8,25.6,105.6,96,2.4,3614,6.6,0.8,1528,Work,3,5142,Young Low Spender,Retention / low spend segment
