Age,Gender,Location,Phone Brand,OS,Screen Time (hrs/day),Data Usage (GB/month),Calls Duration (mins/day),Number of Apps Installed,Social Media Time (hrs/day),E-commerce Spend (INR/month),Streaming Time (hrs/day),Gaming Time (hrs/day),Monthly Recharge Cost (INR),Primary Use,Cluster,Total expenditure,Cluster Name,Actionable Insight
53,Male,Mumbai,Vivo,Android,3.7,23.9,37.9,104,3.9,469,5.2,4.1,803,Education,1,1272,Mature Low Spender,Target with social media ads
60,Other,Delhi,Realme,iOS,9.2,28.1,13.7,169,2.8,4997,5.1,0.4,1526,Gaming,1,6523,Mature Low Spender,Target with social media ads
37,Female,Ahmedabad,Nokia,Android,4.5,12.3,66.8,96,3.0,2381,1.7,2.9,1619,Entertainment,1,4000,Mature Low Spender,Target with social media ads
57,Female,Lucknow,Apple,iOS,6.0,35.2,154.5,123,0.8,2653,2.9,2.3,1073,Social Media,1,3726,Mature Low Spender,Target with social media ads
46,Female,Kolkata,Oppo,Android,5.3,46.4,21.3,194,3.7,2870,6.1,2.8,1253,Entertainment,1,4123,Mature Low Spender,Target with social media ads
41,Female,Delhi,Oppo,Android,7.5,23.5,84.9,187,0.9,643,3.5,2.7,151,Social Media,1,794,Mature Low Spender,Target with social media ads
54,Male,Kolkata,Apple,Android,11.6,12.6,210.4,62,4.9,4642,0.9,4.1,1360,Entertainment,1,6002,Mature Low Spender,Target with social media ads
50,Female,Chennai,Google Pixel,Android,5.3,5.2,235.6,188,4.6,1120,1.0,0.8,1639,Work,1,2759,Mature Low Spender,Target with social media ads
60,Male,Pune,Samsung,iOS,10.4,46.0,38.0,110,3.0,511,6.8,1.3,311,Social Media,1,822,Mature Low Spender,Target with social media ads
59,Other,Pune,Xiaomi,Android,11.7,9.1,203.9,101,5.8,2579,2.6,4.1,446,Gaming,1,3025,Mature Low Spender,Target with social media ads
46,Other,Chennai,Samsung,Android,8.1,15.5,206.8,77,5.9,1776,3.4,2.5,899,Social Media,1,2675,Mature Low Spender,Target with social media ads
36,Male,Hyderabad,Vivo,iOS,5.6,47.4,155.4,123,5.9,1886,2.3,3.0,955,Work,1,2841,Mature Low Spender,Target with social media ads
51,Female,Kolkata,Vivo,iOS,10.7,45.1,94.0,127,3.5,2293,6.7,5.0,333,Education,1,2626,Mature Low Spender,Target with social media ads
45,Female,Hyderabad,Realme,Android,6.3,34.5,244.3,125,5.0,1647,5.9,0.2,1541,Entertainment,1,3188,Mature Low Spender,Target with social media ads
57,Male,Delhi,Vivo,iOS,4.1,31.2,61.5,149,5.1,386,3.9,1.0,1935,Social Media,1,2321,Mature Low Spender,Target with social media ads
56,Other,Kolkata,Nokia,Android,9.4,42.1,246.7,113,4.9,498,0.9,4.3,982,Work,1,1480,Mature Low Spender,Target with social media ads
49,Other,Lucknow,Samsung,iOS,5.2,43.4,151.8,114,5.6,3826,6.8,3.1,1192,Social Media,1,5018,Mature Low Spender,Target with social media ads
52,Female,Kolkata,Xiaomi,iOS,4.4,33.8,189.3,44,3.8,1869,3.6,2.4,1382,Social Media,1,3251,Mature Low Spender,Target with social media ads
42,Other,Mumbai,Google Pixel,iOS,4.2,3.4,171.6,108,3.3,5178,1.3,4.8,322,Education,1,5500,Mature Low Spender,Target with social media ads
51,Other,Mumbai,Samsung,iOS,10.7,17.6,293.4,65,5.2,3313,1.8,1.3,1319,Education,1,4632,Mature Low Spender,Target with social media ads
51,Male,Lucknow,OnePlus,iOS,5.4,15.8,115.7,115,3.2,2929,3.0,2.7,1772,Social Media,1,4701,Mature Low Spender,Target with social media ads
49,Male,Pune,Apple,Android,4.5,1.9,54.5,197,4.3,3575,6.7,0.0,679,Entertainment,1,4254,Mature Low Spender,Target with social media ads
43,Other,Kolkata,Realme,Android,6.9,3.0,74.6,117,3.1,1883,5.2,1.8,108,Gaming,1,1991,Mature Low Spender,Target with social media ads
56,Female,Delhi,Oppo,Android,6.1,20.7,23.2,117,1.6,3672,3.2,2.1,430,Gaming,1,4102,Mature Low Spender,Target with social media ads
51,Female,Ahmedabad,Samsung,iOS,9.2,45.9,294.0,129,3.7,5449,1.0,3.8,1222,Entertainment,1,6671,Mature Low Spender,Target with social media ads
42,Other,Lucknow,Google Pixel,Android,1.8,9.2,107.6,19,3.5,4648,3.7,0.6,1691,Education,1,6339,Mature Low Spender,Target with social media ads
46,Other,Pune,Realme,Android,10.0,30.8,105.6,179,3.9,3003,4.9,2.4,472,Entertainment,1,3475,Mature Low Spender,Target with social media ads
39,Female,Ahmedabad,Nokia,Android,2.4,14.6,9.5,84,1.6,1401,3.6,2.0,1081,Education,1,2482,Mature Low Spender,Target with social media ads
46,Other,Lucknow,Motorola,Android,6.7,15.8,120.9,187,1.2,2427,6.4,2.5,1186,Gaming,1,3613,Mature Low Spender,Target with social media ads
51,Other,Delhi,Nokia,Android,10.5,28.4,182.7,86,1.2,1305,7.1,1.7,1479,Gaming,1,2784,Mature Low Spender,Target with social media ads
57,Other,Pune,Nokia,iOS,10.8,39.2,28.6,126,4.0,526,4.7,1.2,1610,Entertainment,1,2136,Mature Low Spender,Target with social media ads
58,Female,Chennai,Xiaomi,Android,7.9,7.9,18.5,34,1.0,1875,3.5,0.4,1983,Social Media,1,3858,Mature Low Spender,Target with social media ads
57,Male,Jaipur,Nokia,Android,9.6,49.4,257.1,47,2.7,5899,6.0,2.5,414,Gaming,1,6313,Mature Low Spender,Target with social media ads
43,Female,Jaipur,Oppo,iOS,1.2,20.5,244.1,13,3.0,4570,5.3,3.2,206,Social Media,1,4776,Mature Low Spender,Target with social media ads
54,Other,Hyderabad,Google Pixel,Android,8.0,24.5,85.7,163,1.5,2640,3.8,1.1,1580,Social Media,1,4220,Mature Low Spender,Target with social media ads
53,Male,Hyderabad,Google Pixel,Android,1.4,28.9,265.2,179,3.9,1032,4.5,2.1,254,Entertainment,1,1286,Mature Low Spender,Target with social media ads
46,Other,Mumbai,Samsung,iOS,5.9,38.1,144.6,186,2.1,684,4.5,1.2,1562,Social Media,1,2246,Mature Low Spender,Target with social media ads
48,Male,Chennai,Apple,iOS,5.0,22.5,98.8,143,2.1,708,7.6,2.9,1389,Social Media,1,2097,Mature Low Spender,Target with social media ads
56,Male,Jaipur,Nokia,iOS,4.4,11.9,30.3,68,5.7,716,2.6,0.3,715,Entertainment,1,1431,Mature Low Spender,Target with social media ads
43,Other,Lucknow,Samsung,iOS,2.4,42.1,147.2,143,4.8,3847,5.6,4.4,1760,Work,1,5607,Mature Low Spender,Target with social media ads
59,Male,Ahmedabad,Xiaomi,Android,8.8,31.1,216.5,122,2.8,3840,4.1,3.4,267,Entertainment,1,4107,Mature Low Spender,Target with social media ads
59,Female,Kolkata,Xiaomi,Android,1.5,5.3,286.9,83,4.8,151,6.9,0.4,1849,Gaming,1,2000,Mature Low Spender,Target with social media ads
49,Male,Jaipur,Nokia,Android,1.8,14.2,176.7,138,3.4,4034,8.0,2.5,1130,Education,1,5164,Mature Low Spender,Target with social media ads
53,Female,Bangalore,Xiaomi,Android,8.1,22.6,228.5,48,2.8,1175,5.0,2.2,176,Gaming,1,1351,Mature Low Spender,Target with social media ads
57,Other,Chennai,Motorola,iOS,1.1,23.3,41.1,10,0.8,2170,4.1,2.6,1653,Social Media,1,3823,Mature Low Spender,Target with social media ads
60,Male,Pune,Samsung,Android,11.8,40.7,134.9,75,2.0,837,2.3,1.8,387,Education,1,1224,Mature Low Spender,Target with social media ads
50,Other,Ahmedabad,Nokia,iOS,5.4,15.1,40.6,130,5.6,3470,5.3,2.2,1047,Social Media,1,4517,Mature Low Spender,Target with social media ads
40,Other,Chennai,Vivo,iOS,9.9,14.7,128.0,121,3.6,3870,5.2,3.8,258,Social Media,1,4128,Mature Low Spender,Target with social media ads
47,Male,Mumbai,Nokia,iOS,8.7,25.7,196.5,14,5.3,2252,4.6,3.7,757,Education,1,3009,Mature Low Spender,Target with social media ads
39,Female,Chennai,Google Pixel,Android,12.0,32.2,35.9,16,4.1,1414,0.8,3.6,233,Entertainment,1,1647,Mature Low Spender,Target with social media ads
47,Male,Chennai,Samsung,Android,5.0,26.6,250.1,21,3.8,2485,7.6,0.6,1723,Social Media,1,4208,Mature Low Spender,Target with social media ads
54,Male,Hyderabad,Google Pixel,iOS,8.7,30.9,286.4,173,3.0,2456,6.8,2.3,1716,Social Media,1,4172,Mature Low Spender,Target with social media ads
44,Female,Ahmedabad,Nokia,Android,3.7,26.1,275.5,119,2.8,957,2.4,1.8,590,Work,1,1547,Mature Low Spender,Target with social media ads
52,Female,Lucknow,OnePlus,Android,2.2,18.7,121.5,132,1.1,1903,5.4,0.2,1804,Social Media,1,3707,Mature Low Spender,Target with social media ads
56,Male,Kolkata,OnePlus,iOS,10.4,47.4,168.2,127,1.8,126,5.3,1.3,319,Social Media,1,445,Mature Low Spender,Target with social media ads
58,Female,Pune,Oppo,Android,5.4,14.8,106.0,58,5.0,3633,1.7,4.6,703,Entertainment,1,4336,Mature Low Spender,Target with social media ads
52,Other,Hyderabad,Nokia,iOS,2.1,50.0,165.8,126,2.7,5500,6.4,3.9,739,Entertainment,1,6239,Mature Low Spender,Target with social media ads
53,Other,Mumbai,Google Pixel,Android,3.3,43.2,102.8,140,1.3,1248,3.5,0.0,846,Social Media,1,2094,Mature Low Spender,Target with social media ads
45,Other,Delhi,Apple,Android,6.4,15.3,38.5,96,5.7,3191,7.9,4.6,1082,Social Media,1,4273,Mature Low Spender,Target with social media ads
41,Other,Jaipur,OnePlus,iOS,6.6,44.6,56.3,28,2.6,4031,1.5,0.3,395,Education,1,4426,Mature Low Spender,Target with social media ads
45,Other,Hyderabad,OnePlus,Android,3.9,3.6,154.3,183,5.6,3338,7.6,4.9,929,Gaming,1,4267,Mature Low Spender,Target with social media ads
60,Other,Delhi,Xiaomi,Android,7.9,32.2,238.0,65,2.2,4387,7.3,4.1,171,Entertainment,1,4558,Mature Low Spender,Target with social media ads
59,Other,Lucknow,Oppo,Android,7.2,1.0,147.4,93,3.6,3533,3.2,3.5,541,Work,1,4074,Mature Low Spender,Target with social media ads
51,Other,Ahmedabad,Oppo,Android,5.4,49.1,106.7,126,1.3,187,5.2,0.7,1496,Entertainment,1,1683,Mature Low Spender,Target with social media ads
34,Female,Hyderabad,Vivo,iOS,8.2,43.2,30.6,14,5.1,1312,6.5,3.9,1861,Work,1,3173,Mature Low Spender,Target with social media ads
45,Male,Pune,Vivo,iOS,3.9,15.1,68.9,124,5.0,1599,4.5,1.7,1484,Gaming,1,3083,Mature Low Spender,Target with social media ads
41,Female,Lucknow,Apple,iOS,10.1,38.2,66.3,126,3.5,2472,3.7,4.4,1901,Education,1,4373,Mature Low Spender,Target with social media ads
43,Male,Ahmedabad,Xiaomi,iOS,3.8,25.4,66.9,80,2.4,824,3.4,1.0,1093,Education,1,1917,Mature Low Spender,Target with social media ads
42,Other,Mumbai,Xiaomi,Android,3.4,31.8,212.0,77,2.6,4230,7.4,1.7,1159,Social Media,1,5389,Mature Low Spender,Target with social media ads
59,Male,Delhi,Google Pixel,Android,10.2,32.6,192.0,175,3.6,6366,5.5,3.0,1744,Social Media,1,8110,Mature Low Spender,Target with social media ads
59,Other,Hyderabad,OnePlus,Android,9.9,31.3,236.6,52,4.7,5833,2.2,0.1,268,Education,1,6101,Mature Low Spender,Target with social media ads
59,Male,Kolkata,Oppo,Android,6.4,47.2,232.7,173,5.9,5604,6.5,3.2,1404,Education,1,7008,Mature Low Spender,Target with social media ads
54,Male,Kolkata,Realme,iOS,3.2,18.5,75.8,138,4.1,6117,0.9,3.1,796,Work,1,6913,Mature Low Spender,Target with social media ads
43,Female,Ahmedabad,Apple,iOS,10.1,18.9,52.2,32,3.0,1586,3.2,4.9,1716,Work,1,3302,Mature Low Spender,Target with social media ads
57,Male,Lucknow,Vivo,Android,1.6,18.7,220.0,77,4.4,1291,2.0,2.7,1280,Social Media,1,2571,Mature Low Spender,Target with social media ads
34,Other,Chennai,Oppo,iOS,8.7,28.5,108.0,39,5.3,2493,1.0,3.4,702,Work,1,3195,Mature Low Spender,Target with social media ads
45,Male,Lucknow,Apple,iOS,10.2,12.4,268.8,71,0.9,1432,4.2,4.6,268,Gaming,1,1700,Mature Low Spender,Target with social media ads
54,Other,Mumbai,Oppo,iOS,5.2,17.9,288.3,164,4.5,4274,5.8,0.9,999,Work,1,5273,Mature Low Spender,Target with social media ads
35,Male,Ahmedabad,OnePlus,Android,1.3,34.1,155.0,128,5.8,735,0.8,2.4,1683,Entertainment,1,2418,Mature Low Spender,Target with social media ads
38,Male,Delhi,Vivo,iOS,9.3,11.4,51.1,125,2.8,2430,0.9,4.5,637,Education,1,3067,Mature Low Spender,Target with social media ads
34,Male,Kolkata,Google Pixel,Android,3.7,11.1,122.3,99,5.8,1387,5.6,3.5,1431,Entertainment,1,2818,Mature Low Spender,Target with social media ads
41,Male,Ahmedabad,Apple,iOS,11.9,39.3,32.5,52,5.0,4009,7.0,1.8,1491,Education,1,5500,Mature Low Spender,Target with social media ads
39,Female,Jaipur,Vivo,Android,3.4,18.7,141.4,165,2.9,623,7.6,3.3,1426,Education,1,2049,Mature Low Spender,Target with social media ads
53,Male,Kolkata,Nokia,iOS,11.1,31.4,160.3,10,0.8,1086,6.7,2.2,1074,Education,1,2160,Mature Low Spender,Target with social media ads
50,Female,Delhi,Samsung,iOS,10.9,15.0,238.0,56,1.7,605,4.3,4.4,1051,Social Media,1,1656,Mature Low Spender,Target with social media ads
45,Male,Bangalore,OnePlus,iOS,10.6,27.0,236.0,44,1.9,3040,1.2,2.5,1564,Education,1,4604,Mature Low Spender,Target with social media ads
60,Male,Jaipur,Motorola,iOS,2.5,37.8,162.4,103,1.9,4389,5.5,2.2,1217,Work,1,5606,Mature Low Spender,Target with social media ads
50,Other,Hyderabad,Vivo,Android,6.6,44.5,288.4,126,4.1,1187,6.5,0.0,437,Gaming,1,1624,Mature Low Spender,Target with social media ads
49,Female,Bangalore,Motorola,iOS,9.2,7.3,167.0,175,1.3,3303,3.4,0.5,415,Work,1,3718,Mature Low Spender,Target with social media ads
59,Male,Ahmedabad,Google Pixel,Android,3.8,23.4,223.8,82,0.7,1029,2.5,4.9,1270,Work,1,2299,Mature Low Spender,Target with social media ads
47,Other,Pune,Apple,Android,2.2,37.2,98.8,86,4.3,1185,2.3,3.3,512,Entertainment,1,1697,Mature Low Spender,Target with social media ads
45,Female,Pune,Oppo,Android,1.6,24.8,74.7,138,3.3,2012,7.5,2.8,1546,Education,1,3558,Mature Low Spender,Target with social media ads
51,Male,Ahmedabad,Oppo,Android,4.0,29.4,27.7,150,3.1,3873,2.6,4.3,1966,Entertainment,1,5839,Mature Low Spender,Target with social media ads
58,Male,Hyderabad,Realme,Android,11.4,11.1,78.9,77,3.9,7072,4.7,0.8,797,Work,1,7869,Mature Low Spender,Target with social media ads
59,Other,Bangalore,Vivo,iOS,8.1,11.5,261.4,178,1.1,2371,8.0,0.4,769,Education,1,3140,Mature Low Spender,Target with social media ads
51,Female,Lucknow,Motorola,iOS,9.9,46.4,245.5,77,4.7,1239,2.3,2.5,1041,Work,1,2280,Mature Low Spender,Target with social media ads
38,Male,Pune,Vivo,Android,11.9,22.9,13.2,168,4.7,3302,5.9,2.3,113,Gaming,1,3415,Mature Low Spender,Target with social media ads
47,Male,Chennai,Realme,Android,4.3,27.9,34.3,92,2.8,3132,5.4,3.4,665,Work,1,3797,Mature Low Spender,Target with social media ads
54,Male,Pune,Apple,iOS,6.4,41.0,114.8,20,5.5,5010,3.7,1.1,653,Social Media,1,5663,Mature Low Spender,Target with social media ads
46,Other,Pune,Nokia,Android,11.5,33.3,53.7,179,5.2,3928,5.7,2.5,389,Entertainment,1,4317,Mature Low Spender,Target with social media ads
43,Female,Delhi,Apple,iOS,10.0,47.5,88.8,151,5.3,1875,1.8,3.8,181,Entertainment,1,2056,Mature Low Spender,Target with social media ads
49,Female,Bangalore,Xiaomi,iOS,5.5,15.1,285.1,116,3.2,3253,7.1,4.2,247,Social Media,1,3500,Mature Low Spender,Target with social media ads
59,Other,Jaipur,Nokia,iOS,5.3,7.0,292.6,121,4.6,3150,2.1,3.3,113,Social Media,1,3263,Mature Low Spender,Target with social media ads
59,Other,Bangalore,OnePlus,iOS,9.7,45.2,70.1,48,5.9,5121,6.7,2.5,681,Gaming,1,5802,Mature Low Spender,Target with social media ads
56,Male,Kolkata,Xiaomi,Android,4.1,29.5,59.4,95,6.0,4047,6.6,0.6,898,Social Media,1,4945,Mature Low Spender,Target with social media ads
49,Female,Hyderabad,OnePlus,Android,7.2,3.6,200.6,43,4.6,1912,3.8,0.3,1150,Social Media,1,3062,Mature Low Spender,Target with social media ads
50,Other,Mumbai,Nokia,iOS,5.7,8.3,28.0,11,2.3,2500,6.2,4.8,322,Entertainment,1,2822,Mature Low Spender,Target with social media ads
56,Female,Delhi,Motorola,iOS,1.2,1.9,27.8,103,2.1,889,3.9,0.4,1231,Work,1,2120,Mature Low Spender,Target with social media ads
50,Male,Jaipur,OnePlus,Android,10.3,3.4,231.7,80,2.7,1729,4.6,1.0,1280,Entertainment,1,3009,Mature Low Spender,Target with social media ads
42,Female,Kolkata,Realme,Android,3.1,30.0,212.0,68,5.3,3228,5.9,0.0,539,Social Media,1,3767,Mature Low Spender,Target with social media ads
57,Male,Ahmedabad,Nokia,Android,11.6,10.1,29.5,61,5.8,1623,6.1,1.6,1401,Entertainment,1,3024,Mature Low Spender,Target with social media ads
42,Male,Kolkata,Vivo,iOS,7.4,42.1,203.1,39,2.6,947,1.7,2.8,208,Entertainment,1,1155,Mature Low Spender,Target with social media ads
55,Male,Chennai,Nokia,iOS,1.7,46.6,14.2,77,4.4,5200,7.4,2.3,983,Work,1,6183,Mature Low Spender,Target with social media ads
48,Other,Delhi,Samsung,iOS,9.2,36.9,105.4,172,3.3,5567,6.4,1.5,887,Social Media,1,6454,Mature Low Spender,Target with social media ads
43,Male,Hyderabad,Google Pixel,Android,2.8,20.7,54.1,22,2.5,577,5.3,3.7,1416,Social Media,1,1993,Mature Low Spender,Target with social media ads
56,Other,Lucknow,Samsung,iOS,8.2,24.9,73.5,97,1.5,2913,7.7,0.9,249,Education,1,3162,Mature Low Spender,Target with social media ads
50,Male,Bangalore,OnePlus,iOS,10.6,47.5,36.5,139,3.4,6123,2.4,4.1,236,Social Media,1,6359,Mature Low Spender,Target with social media ads
46,Other,Bangalore,Oppo,iOS,4.0,20.6,79.6,109,5.0,2540,1.1,0.7,361,Social Media,1,2901,Mature Low Spender,Target with social media ads
56,Female,Hyderabad,Nokia,Android,4.5,1.9,149.0,25,2.7,4827,1.1,0.8,362,Gaming,1,5189,Mature Low Spender,Target with social media ads
54,Female,Lucknow,Apple,iOS,11.7,21.6,143.2,55,3.4,4023,6.3,1.3,1656,Gaming,1,5679,Mature Low Spender,Target with social media ads
55,Female,Ahmedabad,OnePlus,iOS,10.8,46.0,20.8,37,4.0,2232,1.0,2.0,191,Entertainment,1,2423,Mature Low Spender,Target with social media ads
53,Male,Hyderabad,Vivo,Android,11.4,3.6,196.3,11,5.4,346,2.6,0.3,1078,Social Media,1,1424,Mature Low Spender,Target with social media ads
54,Female,Kolkata,Google Pixel,iOS,7.2,23.3,128.5,24,4.9,4910,2.6,2.1,1880,Gaming,1,6790,Mature Low Spender,Target with social media ads
49,Female,Delhi,Samsung,Android,6.6,23.5,203.0,199,4.4,4380,2.2,4.8,1866,Gaming,1,6246,Mature Low Spender,Target with social media ads
58,Male,Chennai,OnePlus,Android,3.8,28.0,190.5,99,3.9,1943,7.4,0.9,524,Work,1,2467,Mature Low Spender,Target with social media ads
56,Female,Bangalore,Nokia,Android,2.5,6.0,173.2,42,5.6,5271,6.8,2.9,829,Entertainment,1,6100,Mature Low Spender,Target with social media ads
49,Other,Bangalore,OnePlus,iOS,7.5,46.3,107.6,154,3.3,2252,5.9,3.7,331,Education,1,2583,Mature Low Spender,Target with social media ads
58,Other,Hyderabad,Samsung,iOS,5.7,10.2,265.4,125,3.9,4095,7.8,4.0,1418,Entertainment,1,5513,Mature Low Spender,Target with social media ads
58,Male,Lucknow,Xiaomi,iOS,2.5,26.2,119.4,138,1.6,2361,3.4,2.0,572,Education,1,2933,Mature Low Spender,Target with social media ads
51,Other,Bangalore,Samsung,Android,3.0,13.2,141.3,130,2.9,2055,3.2,4.8,781,Education,1,2836,Mature Low Spender,Target with social media ads
50,Female,Bangalore,Nokia,iOS,5.2,38.2,180.7,95,2.2,2231,2.7,1.8,1691,Social Media,1,3922,Mature Low Spender,Target with social media ads
52,Male,Bangalore,Xiaomi,Android,11.3,34.8,63.6,52,2.3,270,4.8,3.7,1891,Gaming,1,2161,Mature Low Spender,Target with social media ads
48,Other,Bangalore,Xiaomi,Android,11.1,25.3,11.1,123,2.9,3183,6.8,2.7,222,Gaming,1,3405,Mature Low Spender,Target with social media ads
60,Female,Bangalore,OnePlus,iOS,7.4,43.3,44.4,121,1.9,2644,2.6,4.5,941,Social Media,1,3585,Mature Low Spender,Target with social media ads
60,Other,Bangalore,OnePlus,iOS,6.3,12.5,277.4,82,5.3,4728,4.5,2.6,1237,Work,1,5965,Mature Low Spender,Target with social media ads
60,Other,Ahmedabad,Google Pixel,iOS,2.2,2.7,289.4,152,1.3,1658,7.2,2.4,310,Entertainment,1,1968,Mature Low Spender,Target with social media ads
48,Female,Pune,OnePlus,Android,9.5,46.0,182.2,43,4.3,4360,3.0,0.3,1106,Entertainment,1,5466,Mature Low Spender,Target with social media ads
48,Other,Lucknow,OnePlus,iOS,6.7,47.5,257.2,66,3.5,4684,1.9,4.3,276,Social Media,1,4960,Mature Low Spender,Target with social media ads
41,Male,Chennai,Vivo,Android,5.4,13.2,193.3,86,5.2,1532,2.2,2.2,747,Entertainment,1,2279,Mature Low Spender,Target with social media ads
44,Male,Bangalore,Apple,iOS,6.2,19.8,43.8,159,2.7,3657,2.7,2.7,623,Work,1,4280,Mature Low Spender,Target with social media ads
54,Male,Chennai,Vivo,iOS,7.9,39.3,246.7,76,2.9,5627,5.0,1.8,1051,Gaming,1,6678,Mature Low Spender,Target with social media ads
42,Female,Jaipur,Samsung,Android,9.5,25.0,121.5,152,1.3,420,6.8,2.1,124,Work,1,544,Mature Low Spender,Target with social media ads
47,Male,Pune,Google Pixel,iOS,4.1,31.2,46.0,190,2.1,652,1.5,1.1,1365,Social Media,1,2017,Mature Low Spender,Target with social media ads
42,Male,Kolkata,OnePlus,iOS,1.9,48.7,76.7,20,4.9,2960,7.4,0.9,626,Work,1,3586,Mature Low Spender,Target with social media ads
45,Female,Delhi,Motorola,iOS,8.4,10.3,296.4,120,1.2,2042,2.6,1.1,1796,Education,1,3838,Mature Low Spender,Target with social media ads
48,Other,Pune,Google Pixel,iOS,5.9,45.3,13.9,21,4.6,3650,6.7,4.3,623,Work,1,4273,Mature Low Spender,Target with social media ads
53,Other,Delhi,Realme,Android,9.3,3.0,246.7,23,3.7,6511,1.8,0.7,751,Entertainment,1,7262,Mature Low Spender,Target with social media ads
48,Female,Hyderabad,Vivo,Android,4.5,49.6,280.6,143,3.5,5536,2.3,1.9,126,Social Media,1,5662,Mature Low Spender,Target with social media ads
60,Other,Kolkata,Xiaomi,Android,5.9,34.7,280.4,165,3.1,1431,3.8,1.6,1500,Gaming,1,2931,Mature Low Spender,Target with social media ads
55,Female,Mumbai,Xiaomi,iOS,1.7,29.2,286.8,199,4.8,1413,4.9,1.9,620,Social Media,1,2033,Mature Low Spender,Target with social media ads
57,Other,Pune,Realme,iOS,5.0,22.6,123.6,14,5.7,3600,7.1,1.3,1747,Entertainment,1,5347,Mature Low Spender,Target with social media ads
52,Male,Kolkata,Vivo,iOS,7.5,2.5,297.4,47,1.7,3932,1.9,0.7,108,Work,1,4040,Mature Low Spender,Target with social media ads
50,Male,Hyderabad,Oppo,iOS,7.1,26.6,114.7,84,5.8,2330,2.9,3.3,1476,Education,1,3806,Mature Low Spender,Target with social media ads
58,Other,Hyderabad,OnePlus,Android,11.3,43.6,217.3,191,5.5,916,5.6,2.3,1066,Education,1,1982,Mature Low Spender,Target with social media ads
53,Male,Delhi,Oppo,Android,10.9,22.7,30.8,196,2.1,223,5.1,1.9,994,Social Media,1,1217,Mature Low Spender,Target with social media ads
41,Male,Ahmedabad,Motorola,iOS,9.7,14.0,166.7,173,5.5,1204,4.9,3.0,1268,Gaming,1,2472,Mature Low Spender,Target with social media ads
43,Other,Chennai,Motorola,Android,10.6,6.6,286.4,13,3.5,3291,3.4,3.2,1030,Work,1,4321,Mature Low Spender,Target with social media ads
57,Female,Hyderabad,Apple,Android,7.4,6.1,121.0,198,4.6,2980,6.4,1.1,796,Work,1,3776,Mature Low Spender,Target with social media ads
37,Other,Mumbai,Xiaomi,Android,1.9,34.6,105.6,100,4.1,3822,4.9,0.7,601,Entertainment,1,4423,Mature Low Spender,Target with social media ads
41,Female,Chennai,OnePlus,Android,2.0,14.2,283.3,132,5.8,2168,5.5,5.0,1735,Entertainment,1,3903,Mature Low Spender,Target with social media ads
54,Female,Bangalore,Oppo,Android,7.1,11.4,16.9,198,5.5,2112,4.0,0.9,1047,Education,1,3159,Mature Low Spender,Target with social media ads
40,Male,Mumbai,Apple,Android,10.1,17.6,32.7,188,4.1,1672,3.9,4.7,988,Education,1,2660,Mature Low Spender,Target with social media ads
44,Other,Pune,Motorola,iOS,1.0,15.6,184.6,142,1.7,2004,7.2,1.4,770,Social Media,1,2774,Mature Low Spender,Target with social media ads
44,Male,Ahmedabad,Xiaomi,iOS,3.9,50.0,59.9,16,2.4,2919,3.2,1.4,1465,Entertainment,1,4384,Mature Low Spender,Target with social media ads
44,Male,Lucknow,OnePlus,Android,7.8,2.6,219.3,159,1.7,1356,1.1,3.4,1265,Education,1,2621,Mature Low Spender,Target with social media ads
54,Male,Jaipur,Motorola,Android,10.6,7.8,235.8,43,3.0,4052,5.2,4.6,1026,Work,1,5078,Mature Low Spender,Target with social media ads
49,Male,Chennai,Motorola,iOS,9.8,13.4,279.0,41,1.0,779,6.4,3.2,1578,Entertainment,1,2357,Mature Low Spender,Target with social media ads
42,Other,Pune,Realme,Android,5.7,36.2,157.7,67,2.6,1587,4.2,5.0,451,Education,1,2038,Mature Low Spender,Target with social media ads
55,Other,Ahmedabad,Realme,Android,7.1,7.9,289.8,21,2.9,1557,3.2,2.9,1804,Work,1,3361,Mature Low Spender,Target with social media ads
57,Male,Pune,Motorola,Android,9.1,48.7,154.1,111,4.2,5269,5.3,4.0,1551,Gaming,1,6820,Mature Low Spender,Target with social media ads
52,Male,Jaipur,Vivo,Android,7.1,37.5,164.6,135,3.7,6164,7.1,1.2,326,Work,1,6490,Mature Low Spender,Target with social media ads
58,Female,Hyderabad,Vivo,Android,2.1,8.5,98.6,65,6.0,1196,1.6,4.9,124,Gaming,1,1320,Mature Low Spender,Target with social media ads
35,Other,Bangalore,Google Pixel,Android,10.2,11.0,119.5,131,6.0,892,3.7,3.8,506,Gaming,1,1398,Mature Low Spender,Target with social media ads
52,Female,Ahmedabad,Vivo,iOS,1.6,28.0,129.6,42,4.0,5217,5.8,2.9,1542,Education,1,6759,Mature Low Spender,Target with social media ads
56,Other,Lucknow,Realme,Android,10.6,6.0,57.2,117,3.5,3041,7.0,3.8,1257,Gaming,1,4298,Mature Low Spender,Target with social media ads
53,Female,Bangalore,Xiaomi,Android,3.5,42.7,29.3,64,3.7,868,6.4,3.3,1241,Social Media,1,2109,Mature Low Spender,Target with social media ads
52,Male,Ahmedabad,Nokia,iOS,10.5,36.8,183.2,121,2.6,1249,5.7,2.8,1547,Work,1,2796,Mature Low Spender,Target with social media ads
42,Female,Mumbai,Samsung,Android,6.1,33.1,192.7,26,5.4,1838,6.9,0.0,702,Entertainment,1,2540,Mature Low Spender,Target with social media ads
57,Male,Delhi,Apple,Android,3.3,47.2,230.3,41,4.3,2225,0.6,3.4,901,Education,1,3126,Mature Low Spender,Target with social media ads
49,Other,Mumbai,Oppo,Android,11.8,31.4,134.5,27,2.6,3225,1.7,0.1,1192,Gaming,1,4417,Mature Low Spender,Target with social media ads
44,Male,Jaipur,OnePlus,iOS,10.4,7.9,215.1,168,3.1,129,7.3,2.1,1714,Gaming,1,1843,Mature Low Spender,Target with social media ads
47,Other,Kolkata,Oppo,iOS,2.5,27.6,121.8,64,3.2,1450,1.2,1.4,1625,Entertainment,1,3075,Mature Low Spender,Target with social media ads
46,Male,Delhi,Realme,iOS,9.1,33.2,247.2,102,5.0,3534,7.5,0.4,1773,Work,1,5307,Mature Low Spender,Target with social media ads
57,Male,Kolkata,Realme,iOS,7.2,7.2,111.0,62,5.2,6233,3.2,4.2,202,Education,1,6435,Mature Low Spender,Target with social media ads
58,Other,Ahmedabad,Vivo,Android,2.3,9.2,223.6,199,3.4,2280,3.4,0.5,1094,Education,1,3374,Mature Low Spender,Target with social media ads
56,Female,Chennai,Google Pixel,Android,1.2,37.5,163.1,38,4.1,2778,5.1,1.8,817,Social Media,1,3595,Mature Low Spender,Target with social media ads
57,Other,Mumbai,Oppo,Android,7.3,22.9,175.0,87,2.9,1443,4.3,2.0,1547,Social Media,1,2990,Mature Low Spender,Target with social media ads
44,Male,Delhi,Google Pixel,Android,4.7,17.6,84.9,78,4.1,2259,3.0,3.3,1629,Gaming,1,3888,Mature Low Spender,Target with social media ads
52,Female,Lucknow,Nokia,Android,5.6,31.8,201.2,147,1.2,2916,7.4,2.8,1083,Work,1,3999,Mature Low Spender,Target with social media ads
50,Female,Mumbai,Google Pixel,iOS,9.4,47.4,35.1,113,2.9,3897,4.0,4.3,1389,Social Media,1,5286,Mature Low Spender,Target with social media ads
46,Female,Hyderabad,Motorola,Android,5.2,22.6,38.7,94,4.7,829,5.8,0.6,473,Social Media,1,1302,Mature Low Spender,Target with social media ads
56,Other,Bangalore,Samsung,Android,6.8,3.1,241.4,21,5.8,1014,7.6,4.9,1439,Education,1,2453,Mature Low Spender,Target with social media ads
45,Male,Pune,Oppo,Android,4.9,33.6,185.6,89,3.3,2000,4.4,4.6,983,Education,1,2983,Mature Low Spender,Target with social media ads
53,Male,Chennai,Apple,iOS,4.7,40.6,217.1,57,3.0,5738,2.9,4.6,1653,Entertainment,1,7391,Mature Low Spender,Target with social media ads
52,Male,Bangalore,Google Pixel,iOS,9.1,47.2,259.5,78,3.8,1019,5.1,4.3,1511,Gaming,1,2530,Mature Low Spender,Target with social media ads
44,Other,Jaipur,Vivo,Android,11.7,43.7,101.3,135,5.5,250,6.1,1.2,838,Work,1,1088,Mature Low Spender,Target with social media ads
50,Female,Bangalore,Samsung,Android,11.7,32.1,7.5,162,5.2,1642,5.6,2.6,783,Entertainment,1,2425,Mature Low Spender,Target with social media ads
59,Other,Mumbai,Samsung,Android,3.1,22.6,242.2,26,4.6,5715,6.9,1.7,1007,Work,1,6722,Mature Low Spender,Target with social media ads
40,Male,Chennai,Samsung,Android,7.2,42.8,254.1,167,5.5,198,2.6,3.0,129,Social Media,1,327,Mature Low Spender,Target with social media ads
55,Male,Lucknow,Motorola,Android,6.0,9.9,107.5,179,1.4,519,7.2,4.2,209,Entertainment,1,728,Mature Low Spender,Target with social media ads
60,Female,Jaipur,Motorola,Android,7.0,2.0,24.5,39,4.9,1694,7.7,1.7,513,Gaming,1,2207,Mature Low Spender,Target with social media ads
40,Male,Bangalore,Oppo,iOS,11.8,40.6,49.7,36,2.4,2918,1.3,2.6,533,Entertainment,1,3451,Mature Low Spender,Target with social media ads
40,Male,Delhi,Samsung,Android,5.0,42.2,165.5,121,2.4,3959,1.1,2.1,1312,Work,1,5271,Mature Low Spender,Target with social media ads
53,Female,Mumbai,Xiaomi,Android,8.5,33.4,136.2,71,3.2,1187,4.9,1.8,1303,Gaming,1,2490,Mature Low Spender,Target with social media ads
49,Female,Kolkata,Motorola,Android,7.8,12.6,60.6,37,5.8,699,1.0,0.9,794,Work,1,1493,Mature Low Spender,Target with social media ads
57,Male,Kolkata,Xiaomi,iOS,5.0,34.5,67.5,187,2.2,2882,1.3,0.9,568,Education,1,3450,Mature Low Spender,Target with social media ads
39,Female,Chennai,Nokia,Android,9.7,42.4,58.7,95,5.7,3086,4.5,1.2,1393,Entertainment,1,4479,Mature Low Spender,Target with social media ads
47,Female,Hyderabad,Apple,iOS,1.1,8.5,87.3,176,2.4,4713,5.0,2.6,1527,Entertainment,1,6240,Mature Low Spender,Target with social media ads
37,Male,Lucknow,Motorola,iOS,1.8,33.3,100.1,122,4.5,3505,1.3,2.2,1305,Gaming,1,4810,Mature Low Spender,Target with social media ads
58,Female,Lucknow,Xiaomi,iOS,5.8,41.5,110.4,185,5.2,484,6.1,4.6,203,Entertainment,1,687,Mature Low Spender,Target with social media ads
39,Female,Kolkata,Realme,iOS,7.1,3.6,185.3,104,3.4,204,2.1,4.3,999,Work,1,1203,Mature Low Spender,Target with social media ads
45,Male,Bangalore,Realme,iOS,7.4,24.8,205.1,169,4.7,2435,3.9,1.2,1662,Work,1,4097,Mature Low Spender,Target with social media ads
43,Female,Ahmedabad,Oppo,iOS,3.4,48.6,14.8,93,1.0,1318,6.8,2.9,854,Social Media,1,2172,Mature Low Spender,Target with social media ads
52,Male,Bangalore,Samsung,iOS,2.8,35.1,146.5,125,5.3,2633,0.9,2.2,1854,Entertainment,1,4487,Mature Low Spender,Target with social media ads
56,Other,Chennai,Apple,Android,4.2,24.8,69.6,36,0.7,1769,7.2,1.9,1202,Social Media,1,2971,Mature Low Spender,Target with social media ads
34,Male,Lucknow,Apple,iOS,2.4,29.8,204.2,102,5.6,707,4.4,0.4,1624,Entertainment,1,2331,Mature Low Spender,Target with social media ads
58,Other,Bangalore,Apple,iOS,8.8,31.1,204.1,95,4.3,2107,3.6,2.6,416,Social Media,1,2523,Mature Low Spender,Target with social media ads
60,Female,Kolkata,Google Pixel,iOS,11.1,23.4,152.2,59,5.0,2864,0.8,1.4,1388,Social Media,1,4252,Mature Low Spender,Target with social media ads
51,Female,Ahmedabad,OnePlus,Android,8.3,36.6,262.0,31,3.1,5221,6.9,1.7,1618,Gaming,1,6839,Mature Low Spender,Target with social media ads
41,Male,Kolkata,Motorola,Android,5.4,38.4,58.3,149,2.8,2223,6.4,1.3,773,Entertainment,1,2996,Mature Low Spender,Target with social media ads
57,Other,Ahmedabad,Google Pixel,iOS,7.6,49.9,126.1,186,3.9,5733,1.8,0.5,1654,Entertainment,1,7387,Mature Low Spender,Target with social media ads
35,Male,Jaipur,Xiaomi,Android,8.1,7.7,144.4,133,5.2,624,3.2,2.7,1707,Gaming,1,2331,Mature Low Spender,Target with social media ads
52,Other,Pune,Xiaomi,Android,9.9,14.1,195.4,166,5.0,806,6.1,1.9,987,Social Media,1,1793,Mature Low Spender,Target with social media ads
46,Male,Bangalore,Oppo,Android,8.0,40.0,186.3,124,0.8,1297,7.6,2.9,540,Gaming,1,1837,Mature Low Spender,Target with social media ads
41,Female,Mumbai,Apple,Android,1.8,15.8,129.0,91,3.6,2337,0.8,1.0,845,Work,1,3182,Mature Low Spender,Target with social media ads
59,Male,Lucknow,Oppo,Android,6.3,34.7,272.9,151,1.0,3119,1.9,2.3,258,Gaming,1,3377,Mature Low Spender,Target with social media ads
53,Female,Lucknow,Google Pixel,iOS,10.7,32.8,149.2,75,3.5,6509,4.3,3.6,1672,Entertainment,1,8181,Mature Low Spender,Target with social media ads
42,Male,Pune,Xiaomi,Android,10.8,3.1,89.0,123,3.9,677,6.7,3.2,397,Entertainment,1,1074,Mature Low Spender,Target with social media ads
54,Male,Kolkata,Oppo,iOS,9.9,2.0,135.7,91,0.9,1187,3.5,3.3,934,Work,1,2121,Mature Low Spender,Target with social media ads
50,Female,Kolkata,Realme,Android,7.5,13.3,103.7,45,1.8,3454,2.7,0.6,1890,Education,1,5344,Mature Low Spender,Target with social media ads
52,Male,Delhi,Samsung,Android,10.1,41.6,63.0,108,3.5,426,4.9,3.9,255,Entertainment,1,681,Mature Low Spender,Target with social media ads
53,Other,Chennai,Google Pixel,iOS,11.3,8.9,71.7,33,1.6,1652,7.9,4.3,888,Work,1,2540,Mature Low Spender,Target with social media ads
53,Male,Jaipur,Oppo,iOS,2.6,34.8,102.2,161,3.4,673,4.0,3.2,912,Social Media,1,1585,Mature Low Spender,Target with social media ads
52,Male,Delhi,Xiaomi,iOS,8.0,49.1,81.3,181,5.5,2021,2.7,1.4,281,Gaming,1,2302,Mature Low Spender,Target with social media ads
51,Male,Mumbai,OnePlus,iOS,4.8,16.9,109.7,58,2.5,5165,6.0,4.8,1821,Work,1,6986,Mature Low Spender,Target with social media ads
59,Other,Kolkata,Oppo,Android,4.9,47.6,19.4,149,4.2,6764,1.5,4.8,1542,Social Media,1,8306,Mature Low Spender,Target with social media ads
54,Female,Hyderabad,Google Pixel,Android,7.9,34.5,11.7,27,3.9,5175,7.4,3.7,293,Entertainment,1,5468,Mature Low Spender,Target with social media ads
47,Male,Hyderabad,Realme,iOS,7.7,43.5,52.7,98,5.3,3900,3.2,1.1,1167,Gaming,1,5067,Mature Low Spender,Target with social media ads
46,Female,Jaipur,OnePlus,iOS,6.0,28.4,137.2,11,5.0,2150,1.0,4.4,975,Entertainment,1,3125,Mature Low Spender,Target with social media ads
47,Male,Jaipur,Samsung,Android,2.0,9.7,48.2,68,4.0,3500,7.7,0.9,1335,Education,1,4835,Mature Low Spender,Target with social media ads
37,Male,Ahmedabad,Nokia,Android,10.3,13.2,156.0,136,4.9,3125,3.5,2.9,1470,Work,1,4595,Mature Low Spender,Target with social media ads
50,Other,Lucknow,Xiaomi,iOS,4.1,35.0,252.4,178,4.6,1257,3.5,1.7,1457,Entertainment,1,2714,Mature Low Spender,Target with social media ads
51,Male,Delhi,Oppo,iOS,3.9,28.1,159.7,20,4.2,4903,1.9,4.9,852,Entertainment,1,5755,Mature Low Spender,Target with social media ads
42,Other,Pune,Realme,iOS,3.0,48.2,267.1,67,2.1,2495,2.5,0.8,922,Education,1,3417,Mature Low Spender,Target with social media ads
44,Male,Chennai,Motorola,iOS,11.3,47.5,223.6,176,5.6,290,1.4,0.2,1599,Work,1,1889,Mature Low Spender,Target with social media ads
59,Other,Jaipur,Apple,Android,2.9,44.3,56.1,160,5.3,5196,2.8,3.2,1402,Gaming,1,6598,Mature Low Spender,Target with social media ads
53,Other,Ahmedabad,Vivo,Android,2.3,47.3,147.3,129,1.3,1606,7.7,0.7,1546,Gaming,1,3152,Mature Low Spender,Target with social media ads
53,Female,Kolkata,Realme,iOS,10.5,18.1,29.3,115,2.5,377,7.5,1.6,119,Social Media,1,496,Mature Low Spender,Target with social media ads
42,Female,Lucknow,Google Pixel,Android,3.5,49.7,169.0,85,4.9,806,1.4,2.9,131,Education,1,937,Mature Low Spender,Target with social media ads
59,Male,Pune,OnePlus,iOS,11.2,16.2,212.9,139,3.0,1777,3.3,3.5,1067,Work,1,2844,Mature Low Spender,Target with social media ads
57,Other,Delhi,Samsung,Android,7.2,49.4,76.1,72,2.4,4774,4.7,1.3,1692,Gaming,1,6466,Mature Low Spender,Target with social media ads
48,Other,Mumbai,Google Pixel,Android,11.9,30.9,37.9,59,1.9,2484,5.7,1.3,1864,Entertainment,1,4348,Mature Low Spender,Target with social media ads
41,Male,Lucknow,Realme,iOS,4.6,12.0,295.1,165,4.3,3220,4.4,4.3,1655,Work,1,4875,Mature Low Spender,Target with social media ads
59,Male,Jaipur,Nokia,iOS,4.2,27.8,100.6,129,4.9,6640,5.2,4.0,1008,Education,1,7648,Mature Low Spender,Target with social media ads
46,Other,Ahmedabad,OnePlus,iOS,10.9,5.2,278.4,119,5.4,3902,1.2,2.9,436,Gaming,1,4338,Mature Low Spender,Target with social media ads
53,Other,Pune,Samsung,iOS,9.0,28.8,158.7,163,3.1,2451,7.5,1.5,701,Education,1,3152,Mature Low Spender,Target with social media ads
46,Male,Jaipur,Realme,Android,5.1,40.5,198.7,93,0.9,2558,5.6,4.8,1279,Education,1,3837,Mature Low Spender,Target with social media ads
55,Male,Delhi,Vivo,iOS,7.2,5.1,294.5,192,2.5,4197,6.6,1.8,1144,Work,1,5341,Mature Low Spender,Target with social media ads
50,Female,Bangalore,Samsung,iOS,5.6,1.3,7.4,69,3.0,3100,4.6,1.9,1659,Education,1,4759,Mature Low Spender,Target with social media ads
41,Female,Lucknow,Xiaomi,iOS,7.2,7.8,147.4,64,2.4,2869,2.1,0.0,1822,Social Media,1,4691,Mature Low Spender,Target with social media ads
55,Female,Lucknow,Nokia,Android,5.9,42.4,187.6,16,5.4,4528,7.5,1.6,1943,Social Media,1,6471,Mature Low Spender,Target with social media ads
57,Male,Hyderabad,Apple,Android,10.2,45.7,61.1,20,5.5,1824,3.7,0.1,1993,Work,1,3817,Mature Low Spender,Target with social media ads
50,Female,Jaipur,OnePlus,Android,1.8,32.1,62.2,108,1.3,2949,2.5,4.8,227,Entertainment,1,3176,Mature Low Spender,Target with social media ads
39,Male,Jaipur,Vivo,iOS,11.8,18.3,211.5,49,4.3,2293,6.3,4.1,110,Entertainment,1,2403,Mature Low Spender,Target with social media ads
57,Male,Chennai,Motorola,iOS,10.2,20.0,168.4,102,3.6,6350,2.7,4.3,1226,Gaming,1,7576,Mature Low Spender,Target with social media ads
40,Male,Lucknow,Realme,iOS,6.1,12.4,124.4,180,3.4,4594,7.2,2.2,340,Education,1,4934,Mature Low Spender,Target with social media ads
48,Male,Lucknow,Realme,iOS,5.7,38.9,169.9,58,2.3,1036,6.2,0.1,1798,Education,1,2834,Mature Low Spender,Target with social media ads
57,Male,Jaipur,Realme,Android,3.9,32.4,184.9,193,4.6,5938,1.2,3.5,1765,Social Media,1,7703,Mature Low Spender,Target with social media ads
49,Other,Mumbai,Vivo,Android,3.2,9.1,38.2,70,3.6,4025,0.8,3.2,152,Entertainment,1,4177,Mature Low Spender,Target with social media ads
55,Other,Mumbai,Samsung,iOS,12.0,3.4,209.7,190,4.3,706,4.9,1.1,987,Entertainment,1,1693,Mature Low Spender,Target with social media ads
59,Other,Hyderabad,OnePlus,iOS,5.6,34.1,231.3,11,4.2,3297,7.8,4.4,936,Entertainment,1,4233,Mature Low Spender,Target with social media ads
53,Male,Delhi,Apple,Android,3.1,4.5,243.2,122,3.3,4310,2.6,1.4,539,Education,1,4849,Mature Low Spender,Target with social media ads
52,Male,Chennai,Vivo,iOS,2.4,9.5,92.8,150,4.3,3663,4.5,1.1,1381,Gaming,1,5044,Mature Low Spender,Target with social media ads
56,Female,Bangalore,Realme,iOS,3.6,5.1,76.4,94,4.1,2168,1.2,0.2,1155,Gaming,1,3323,Mature Low Spender,Target with social media ads
41,Female,Bangalore,Oppo,Android,11.2,33.9,133.0,72,2.7,4366,4.7,4.3,965,Education,1,5331,Mature Low Spender,Target with social media ads
53,Female,Delhi,Oppo,Android,7.5,40.4,168.4,61,2.6,4249,0.8,2.2,683,Work,1,4932,Mature Low Spender,Target with social media ads
56,Other,Delhi,Samsung,Android,1.9,47.0,223.1,123,4.1,2743,6.4,1.8,1952,Education,1,4695,Mature Low Spender,Target with social media ads
57,Female,Kolkata,Oppo,Android,7.7,22.2,118.8,132,0.5,612,7.7,0.4,1132,Gaming,1,1744,Mature Low Spender,Target with social media ads
56,Male,Bangalore,Xiaomi,iOS,7.5,19.7,271.9,192,3.6,104,4.1,2.6,105,Gaming,1,209,Mature Low Spender,Target with social media ads
53,Other,Ahmedabad,Apple,Android,4.7,30.9,286.1,87,4.3,3619,4.9,3.7,1908,Education,1,5527,Mature Low Spender,Target with social media ads
44,Other,Delhi,Oppo,iOS,4.9,8.1,31.9,133,5.7,129,5.4,4.5,1813,Social Media,1,1942,Mature Low Spender,Target with social media ads
58,Male,Jaipur,Motorola,iOS,7.3,7.1,139.6,70,3.4,5904,4.9,0.6,1930,Work,1,7834,Mature Low Spender,Target with social media ads
38,Female,Bangalore,Vivo,Android,11.3,42.0,58.7,48,3.9,4181,5.1,3.0,962,Work,1,5143,Mature Low Spender,Target with social media ads
54,Female,Chennai,Motorola,Android,6.7,16.5,150.7,33,2.0,4394,7.5,2.3,604,Social Media,1,4998,Mature Low Spender,Target with social media ads
58,Other,Mumbai,Realme,iOS,1.7,32.3,29.5,183,1.5,4538,4.9,4.6,1737,Work,1,6275,Mature Low Spender,Target with social media ads
52,Other,Hyderabad,Xiaomi,iOS,6.6,47.2,275.0,19,1.5,420,6.8,3.4,1594,Work,1,2014,Mature Low Spender,Target with social media ads
50,Female,Pune,OnePlus,iOS,11.5,4.7,137.9,77,5.4,1283,4.7,1.3,1467,Education,1,2750,Mature Low Spender,Target with social media ads
50,Female,Bangalore,Motorola,iOS,2.9,20.9,187.1,167,1.3,3075,7.3,4.5,602,Education,1,3677,Mature Low Spender,Target with social media ads
52,Other,Mumbai,Realme,iOS,8.6,38.8,192.2,182,3.6,4080,1.2,2.9,620,Entertainment,1,4700,Mature Low Spender,Target with social media ads
46,Female,Chennai,Realme,Android,11.1,19.7,293.0,115,1.3,2857,5.9,1.6,945,Entertainment,1,3802,Mature Low Spender,Target with social media ads
54,Other,Lucknow,Realme,Android,5.3,44.3,157.1,26,5.4,5073,5.4,4.0,654,Entertainment,1,5727,Mature Low Spender,Target with social media ads
49,Other,Jaipur,Samsung,iOS,8.3,49.2,284.6,17,3.6,1092,4.5,1.0,547,Work,1,1639,Mature Low Spender,Target with social media ads
53,Other,Mumbai,Motorola,Android,5.2,38.0,197.9,171,5.9,3055,7.8,4.7,1231,Gaming,1,4286,Mature Low Spender,Target with social media ads
50,Other,Lucknow,Xiaomi,iOS,2.8,4.5,127.4,101,4.0,202,3.5,3.0,106,Gaming,1,308,Mature Low Spender,Target with social media ads
43,Female,Ahmedabad,OnePlus,iOS,4.2,3.2,18.7,172,0.6,1183,7.5,2.5,1177,Social Media,1,2360,Mature Low Spender,Target with social media ads
55,Female,Bangalore,Samsung,Android,6.7,25.8,66.3,148,5.7,3905,4.4,0.4,1555,Gaming,1,5460,Mature Low Spender,Target with social media ads
52,Male,Jaipur,OnePlus,iOS,3.3,14.7,53.3,68,0.7,615,3.6,4.2,1995,Social Media,1,2610,Mature Low Spender,Target with social media ads
45,Other,Delhi,Xiaomi,Android,10.9,39.9,76.5,111,5.6,2587,7.0,3.1,497,Social Media,1,3084,Mature Low Spender,Target with social media ads
43,Female,Ahmedabad,Vivo,Android,11.2,9.2,94.4,128,4.3,2989,4.5,2.2,641,Social Media,1,3630,Mature Low Spender,Target with social media ads
49,Male,Jaipur,Xiaomi,Android,2.9,43.3,215.9,148,3.6,1017,5.2,4.3,161,Social Media,1,1178,Mature Low Spender,Target with social media ads
47,Female,Jaipur,Oppo,Android,4.5,33.7,83.3,72,2.0,207,0.7,4.0,545,Work,1,752,Mature Low Spender,Target with social media ads
46,Male,Lucknow,Xiaomi,iOS,8.2,43.1,145.9,22,4.7,2695,4.2,2.4,1249,Work,1,3944,Mature Low Spender,Target with social media ads
50,Female,Delhi,Vivo,iOS,6.6,33.1,255.0,25,1.2,831,4.7,2.0,884,Social Media,1,1715,Mature Low Spender,Target with social media ads
57,Male,Lucknow,Motorola,iOS,5.0,6.5,71.8,186,3.2,499,2.2,3.3,1440,Entertainment,1,1939,Mature Low Spender,Target with social media ads
51,Female,Hyderabad,Vivo,iOS,8.8,36.2,36.3,19,3.1,4851,1.9,2.8,665,Entertainment,1,5516,Mature Low Spender,Target with social media ads
59,Female,Bangalore,Google Pixel,iOS,3.4,9.0,155.1,35,3.7,1039,2.8,4.5,1105,Gaming,1,2144,Mature Low Spender,Target with social media ads
48,Male,Kolkata,Nokia,Android,9.9,46.2,91.9,53,2.8,1151,3.7,1.1,573,Work,1,1724,Mature Low Spender,Target with social media ads
45,Other,Kolkata,Apple,Android,9.2,42.0,26.3,68,1.6,117,1.9,0.3,372,Work,1,489,Mature Low Spender,Target with social media ads
58,Female,Ahmedabad,Apple,iOS,3.3,40.5,110.2,99,5.0,2297,2.0,2.5,1788,Social Media,1,4085,Mature Low Spender,Target with social media ads
57,Male,Pune,Realme,Android,6.9,28.5,48.7,45,2.2,213,4.6,4.6,514,Education,1,727,Mature Low Spender,Target with social media ads
49,Male,Pune,Realme,Android,5.6,13.6,53.3,34,0.7,2782,3.6,5.0,168,Entertainment,1,2950,Mature Low Spender,Target with social media ads
59,Male,Hyderabad,Samsung,iOS,10.2,6.1,165.1,193,3.3,6812,6.8,2.1,1299,Entertainment,1,8111,Mature Low Spender,Target with social media ads
46,Female,Delhi,Vivo,Android,9.8,21.0,156.5,144,3.2,2882,4.8,4.4,1119,Work,1,4001,Mature Low Spender,Target with social media ads
41,Male,Pune,OnePlus,iOS,9.4,3.1,98.1,109,2.2,3590,5.1,0.6,667,Entertainment,1,4257,Mature Low Spender,Target with social media ads
59,Other,Delhi,Apple,Android,2.2,16.1,60.4,148,2.5,4998,4.6,4.7,628,Gaming,1,5626,Mature Low Spender,Target with social media ads
45,Male,Hyderabad,Motorola,Android,1.8,29.6,131.4,193,3.7,4165,5.8,4.4,103,Gaming,1,4268,Mature Low Spender,Target with social media ads
48,Female,Delhi,Oppo,iOS,4.8,30.6,226.7,195,4.8,5230,5.8,2.8,439,Gaming,1,5669,Mature Low Spender,Target with social media ads
54,Male,Mumbai,Vivo,iOS,2.7,10.9,37.7,132,3.4,3765,3.2,1.8,329,Education,1,4094,Mature Low Spender,Target with social media ads
43,Male,Kolkata,Samsung,Android,9.8,22.0,66.0,69,5.3,2545,5.6,0.1,149,Social Media,1,2694,Mature Low Spender,Target with social media ads
46,Other,Kolkata,Apple,iOS,8.7,1.1,23.2,16,2.7,330,5.3,3.9,457,Gaming,1,787,Mature Low Spender,Target with social media ads
56,Other,Pune,Xiaomi,Android,4.3,47.4,97.6,174,3.8,1091,2.8,4.6,213,Education,1,1304,Mature Low Spender,Target with social media ads
51,Female,Hyderabad,Motorola,iOS,11.5,2.2,199.8,120,2.6,195,5.3,3.9,1265,Social Media,1,1460,Mature Low Spender,Target with social media ads
51,Male,Ahmedabad,Motorola,iOS,7.3,29.8,155.5,190,5.2,2863,1.9,1.4,921,Entertainment,1,3784,Mature Low Spender,Target with social media ads
51,Other,Chennai,Realme,iOS,11.9,8.8,271.9,82,2.6,1998,2.0,0.7,475,Social Media,1,2473,Mature Low Spender,Target with social media ads
54,Female,Pune,OnePlus,iOS,6.2,23.0,41.9,81,0.6,2805,5.2,0.3,313,Social Media,1,3118,Mature Low Spender,Target with social media ads
58,Male,Mumbai,Vivo,Android,6.8,22.7,94.9,14,5.2,2864,5.7,0.3,588,Education,1,3452,Mature Low Spender,Target with social media ads
49,Female,Hyderabad,Realme,Android,4.4,48.8,99.1,153,5.7,511,4.3,2.3,573,Gaming,1,1084,Mature Low Spender,Target with social media ads
50,Male,Hyderabad,Oppo,Android,4.6,40.2,203.8,21,3.8,409,1.9,0.9,1193,Work,1,1602,Mature Low Spender,Target with social media ads
39,Male,Lucknow,Motorola,Android,10.2,16.6,116.8,168,3.7,661,7.5,0.1,1298,Work,1,1959,Mature Low Spender,Target with social media ads
60,Male,Ahmedabad,Oppo,Android,8.8,45.8,128.5,103,2.6,3038,1.1,1.6,381,Entertainment,1,3419,Mature Low Spender,Target with social media ads
58,Other,Ahmedabad,Apple,iOS,10.5,41.0,17.9,35,3.6,3342,3.6,4.0,591,Entertainment,1,3933,Mature Low Spender,Target with social media ads
43,Female,Jaipur,OnePlus,iOS,1.5,14.7,212.1,88,5.0,3581,2.3,0.4,796,Entertainment,1,4377,Mature Low Spender,Target with social media ads
51,Male,Kolkata,Vivo,Android,2.9,20.7,132.9,151,0.9,1320,3.7,2.4,1467,Social Media,1,2787,Mature Low Spender,Target with social media ads
57,Female,Delhi,Motorola,Android,9.0,45.8,78.6,195,3.3,356,3.7,0.9,634,Gaming,1,990,Mature Low Spender,Target with social media ads
48,Female,Lucknow,OnePlus,iOS,5.2,23.8,134.5,122,5.3,3230,7.8,3.5,1964,Education,1,5194,Mature Low Spender,Target with social media ads
39,Male,Ahmedabad,Nokia,Android,3.4,35.2,107.0,15,2.1,1742,5.1,4.5,995,Work,1,2737,Mature Low Spender,Target with social media ads
60,Male,Bangalore,Vivo,iOS,3.3,20.6,259.2,31,5.1,4721,3.0,4.9,1561,Work,1,6282,Mature Low Spender,Target with social media ads
52,Female,Mumbai,Nokia,Android,8.6,44.1,11.1,184,2.3,3359,2.3,0.7,149,Entertainment,1,3508,Mature Low Spender,Target with social media ads
45,Other,Hyderabad,Motorola,Android,11.4,12.6,188.4,11,4.0,3000,7.6,3.2,739,Education,1,3739,Mature Low Spender,Target with social media ads
48,Female,Lucknow,OnePlus,Android,3.5,4.1,295.9,189,5.6,1252,4.1,4.8,149,Education,1,1401,Mature Low Spender,Target with social media ads
41,Other,Ahmedabad,OnePlus,Android,2.3,5.2,279.0,154,3.8,4959,6.6,2.4,1364,Gaming,1,6323,Mature Low Spender,Target with social media ads
45,Female,Pune,Nokia,iOS,4.8,30.4,244.4,67,3.6,5484,0.8,1.9,1418,Gaming,1,6902,Mature Low Spender,Target with social media ads
57,Female,Kolkata,Samsung,Android,1.7,29.0,142.9,118,2.0,363,4.6,3.9,615,Education,1,978,Mature Low Spender,Target with social media ads
49,Male,Chennai,OnePlus,iOS,8.1,1.9,14.8,64,4.0,5301,2.6,3.5,1798,Education,1,7099,Mature Low Spender,Target with social media ads
38,Male,Kolkata,Oppo,iOS,3.1,7.7,128.5,187,2.9,343,3.5,4.8,883,Gaming,1,1226,Mature Low Spender,Target with social media ads
56,Male,Delhi,Motorola,Android,1.0,3.8,51.9,84,4.5,4754,6.2,3.7,688,Education,1,5442,Mature Low Spender,Target with social media ads
58,Other,Jaipur,Motorola,iOS,2.8,48.5,61.0,80,5.4,1709,7.6,0.1,912,Education,1,2621,Mature Low Spender,Target with social media ads
59,Female,Lucknow,Realme,iOS,2.2,48.8,102.0,145,2.4,3101,6.7,1.9,1333,Education,1,4434,Mature Low Spender,Target with social media ads
51,Female,Ahmedabad,Motorola,Android,10.6,40.0,134.0,98,3.5,2628,1.3,4.2,1900,Work,1,4528,Mature Low Spender,Target with social media ads
52,Other,Jaipur,Motorola,Android,5.2,11.5,42.8,127,5.3,2533,3.4,3.3,1262,Gaming,1,3795,Mature Low Spender,Target with social media ads
60,Other,Delhi,Motorola,iOS,11.9,47.3,98.5,169,4.0,908,6.4,4.3,1542,Social Media,1,2450,Mature Low Spender,Target with social media ads
42,Other,Mumbai,Samsung,Android,3.2,20.6,124.8,129,3.9,330,4.1,4.5,1400,Entertainment,1,1730,Mature Low Spender,Target with social media ads
57,Other,Bangalore,Xiaomi,iOS,4.8,5.0,34.5,30,4.1,5239,2.5,2.3,1234,Entertainment,1,6473,Mature Low Spender,Target with social media ads
44,Other,Jaipur,OnePlus,Android,9.4,2.5,271.6,51,3.3,5163,2.6,3.7,1696,Education,1,6859,Mature Low Spender,Target with social media ads
46,Female,Mumbai,Google Pixel,Android,3.8,2.2,127.0,109,2.3,2745,7.1,1.7,822,Work,1,3567,Mature Low Spender,Target with social media ads
57,Other,Chennai,OnePlus,iOS,7.3,31.4,182.9,15,5.0,6188,6.6,3.2,261,Education,1,6449,Mature Low Spender,Target with social media ads
42,Male,Lucknow,Apple,Android,11.7,40.2,295.5,154,3.6,365,6.6,1.7,292,Entertainment,1,657,Mature Low Spender,Target with social media ads
58,Female,Kolkata,Vivo,Android,6.9,31.4,203.4,63,0.7,669,6.2,2.4,459,Education,1,1128,Mature Low Spender,Target with social media ads
56,Other,Bangalore,Oppo,Android,7.1,30.6,160.2,81,2.3,2542,7.5,0.1,552,Education,1,3094,Mature Low Spender,Target with social media ads
40,Other,Jaipur,Google Pixel,Android,12.0,4.1,59.9,38,3.3,4020,3.5,1.8,1562,Gaming,1,5582,Mature Low Spender,Target with social media ads
49,Male,Hyderabad,Vivo,Android,7.2,36.3,242.2,134,5.0,1877,7.3,1.8,921,Gaming,1,2798,Mature Low Spender,Target with social media ads
39,Other,Lucknow,Oppo,Android,5.6,34.0,240.9,55,3.3,3378,2.2,1.5,970,Social Media,1,4348,Mature Low Spender,Target with social media ads
56,Male,Mumbai,OnePlus,iOS,11.4,42.0,30.9,178,5.6,2408,4.2,4.5,1201,Entertainment,1,3609,Mature Low Spender,Target with social media ads
47,Female,Hyderabad,Apple,iOS,9.2,47.4,273.0,22,4.7,2572,4.9,0.6,979,Entertainment,1,3551,Mature Low Spender,Target with social media ads
55,Male,Kolkata,Realme,Android,2.5,13.4,79.2,155,4.8,2926,3.7,1.3,968,Entertainment,1,3894,Mature Low Spender,Target with social media ads
40,Other,Mumbai,OnePlus,iOS,4.2,19.9,196.0,16,5.0,1812,4.6,4.1,1836,Work,1,3648,Mature Low Spender,Target with social media ads
51,Male,Jaipur,Realme,Android,10.6,40.0,216.4,49,1.8,3287,1.0,2.9,1714,Social Media,1,5001,Mature Low Spender,Target with social media ads
40,Female,Jaipur,Motorola,iOS,4.1,33.8,9.7,74,1.8,2386,1.4,2.8,621,Gaming,1,3007,Mature Low Spender,Target with social media ads
42,Female,Kolkata,Oppo,Android,8.0,44.1,233.3,38,1.3,1611,7.3,0.2,1986,Social Media,1,3597,Mature Low Spender,Target with social media ads
47,Other,Ahmedabad,Xiaomi,iOS,6.9,47.5,141.3,156,2.6,2182,5.3,3.2,975,Education,1,3157,Mature Low Spender,Target with social media ads
37,Female,Ahmedabad,Realme,iOS,11.4,39.9,121.5,94,4.9,849,3.1,3.9,387,Gaming,1,1236,Mature Low Spender,Target with social media ads
50,Male,Pune,Nokia,Android,4.0,42.3,98.2,77,3.0,5085,4.3,4.2,136,Gaming,1,5221,Mature Low Spender,Target with social media ads
51,Male,Ahmedabad,OnePlus,Android,2.6,31.9,8.5,113,5.6,1513,5.0,3.5,511,Entertainment,1,2024,Mature Low Spender,Target with social media ads
59,Male,Chennai,Motorola,iOS,3.3,5.8,121.9,140,4.0,2576,7.1,3.3,524,Gaming,1,3100,Mature Low Spender,Target with social media ads
49,Female,Mumbai,Motorola,Android,11.2,37.2,66.0,104,3.5,4069,3.4,2.6,872,Education,1,4941,Mature Low Spender,Target with social media ads
40,Other,Lucknow,Apple,Android,5.4,17.5,95.4,192,3.2,850,3.4,3.4,165,Education,1,1015,Mature Low Spender,Target with social media ads
50,Female,Kolkata,Realme,iOS,10.5,3.3,110.8,184,1.8,2875,7.9,2.0,733,Education,1,3608,Mature Low Spender,Target with social media ads
58,Male,Hyderabad,Nokia,iOS,5.9,16.7,38.8,126,4.9,3069,7.2,2.7,1951,Gaming,1,5020,Mature Low Spender,Target with social media ads
49,Male,Delhi,Motorola,Android,4.3,44.0,158.4,51,2.7,3803,7.3,0.8,1492,Social Media,1,5295,Mature Low Spender,Target with social media ads
49,Female,Mumbai,Google Pixel,iOS,1.8,17.5,74.1,107,3.3,179,0.7,0.5,894,Education,1,1073,Mature Low Spender,Target with social media ads
53,Female,Lucknow,Vivo,Android,4.8,46.9,123.3,50,4.1,3492,2.5,3.5,378,Gaming,1,3870,Mature Low Spender,Target with social media ads
44,Female,Jaipur,Nokia,Android,1.9,2.5,227.7,97,5.2,3979,7.0,1.4,251,Gaming,1,4230,Mature Low Spender,Target with social media ads
60,Female,Mumbai,Xiaomi,iOS,8.3,6.6,299.1,154,4.9,6004,7.3,0.1,1734,Work,1,7738,Mature Low Spender,Target with social media ads
42,Female,Chennai,Xiaomi,iOS,8.2,43.2,83.9,43,4.0,4676,1.2,0.4,1965,Entertainment,1,6641,Mature Low Spender,Target with social media ads
58,Male,Pune,Xiaomi,Android,4.4,18.0,5.2,191,3.7,795,2.0,2.7,989,Education,1,1784,Mature Low Spender,Target with social media ads
55,Female,Lucknow,Motorola,iOS,2.2,42.3,195.7,130,4.9,937,5.5,2.5,1107,Work,1,2044,Mature Low Spender,Target with social media ads
50,Other,Ahmedabad,Apple,Android,4.8,16.8,84.2,152,4.8,4842,3.6,4.6,1279,Entertainment,1,6121,Mature Low Spender,Target with social media ads
41,Other,Lucknow,Xiaomi,iOS,7.2,43.4,292.6,111,4.6,903,8.0,3.0,1953,Entertainment,1,2856,Mature Low Spender,Target with social media ads
52,Other,Kolkata,Vivo,iOS,2.4,18.7,134.6,111,4.3,6182,7.6,2.0,600,Gaming,1,6782,Mature Low Spender,Target with social media ads
58,Male,Pune,Realme,Android,6.6,36.2,226.3,102,5.4,1372,6.9,3.4,1745,Social Media,1,3117,Mature Low Spender,Target with social media ads
44,Male,Hyderabad,Samsung,iOS,3.3,11.9,195.0,128,2.5,1382,1.6,1.7,736,Education,1,2118,Mature Low Spender,Target with social media ads
44,Male,Pune,Samsung,iOS,3.8,32.7,217.4,188,1.1,506,5.5,3.7,682,Work,1,1188,Mature Low Spender,Target with social media ads
38,Female,Jaipur,Nokia,iOS,3.8,32.4,29.7,41,2.6,4246,5.8,0.0,1510,Gaming,1,5756,Mature Low Spender,Target with social media ads
48,Female,Mumbai,Apple,Android,9.9,7.2,75.0,13,0.8,1364,4.7,4.2,393,Social Media,1,1757,Mature Low Spender,Target with social media ads
51,Other,Lucknow,OnePlus,iOS,11.0,13.0,153.7,189,2.2,2950,3.3,3.9,481,Gaming,1,3431,Mature Low Spender,Target with social media ads
53,Other,Kolkata,Google Pixel,Android,2.5,9.5,246.5,49,4.9,309,4.2,0.5,1397,Education,1,1706,Mature Low Spender,Target with social media ads
59,Male,Bangalore,Vivo,Android,2.6,25.6,153.0,66,2.1,1220,7.1,0.7,904,Education,1,2124,Mature Low Spender,Target with social media ads
51,Female,Mumbai,Xiaomi,iOS,2.2,1.6,230.1,87,5.1,3769,6.3,3.3,1126,Social Media,1,4895,Mature Low Spender,Target with social media ads
52,Other,Pune,Nokia,iOS,3.2,9.9,6.0,165,1.5,906,1.0,1.5,838,Social Media,1,1744,Mature Low Spender,Target with social media ads
55,Other,Delhi,Oppo,Android,5.2,35.7,282.2,66,4.1,5507,3.9,1.4,292,Gaming,1,5799,Mature Low Spender,Target with social media ads
60,Female,Bangalore,Apple,iOS,5.9,25.0,226.0,37,4.8,6289,3.3,0.4,588,Gaming,1,6877,Mature Low Spender,Target with social media ads
55,Male,Mumbai,Realme,Android,9.5,20.3,124.3,188,2.0,4905,7.5,3.7,1503,Work,1,6408,Mature Low Spender,Target with social media ads
36,Female,Lucknow,Vivo,iOS,4.7,47.5,41.2,120,4.9,1300,3.3,1.1,1626,Education,1,2926,Mature Low Spender,Target with social media ads
49,Male,Mumbai,Apple,iOS,3.8,44.7,193.0,87,5.6,4973,5.7,4.7,1121,Social Media,1,6094,Mature Low Spender,Target with social media ads
54,Female,Ahmedabad,Nokia,Android,1.8,27.9,63.3,190,3.5,4070,4.6,4.1,393,Education,1,4463,Mature Low Spender,Target with social media ads
42,Female,Pune,Motorola,Android,11.7,48.5,54.1,142,2.2,3252,1.4,1.8,994,Work,1,4246,Mature Low Spender,Target with social media ads
60,Male,Mumbai,Xiaomi,iOS,4.8,6.4,63.3,59,1.1,742,7.9,1.8,143,Education,1,885,Mature Low Spender,Target with social media ads
47,Female,Mumbai,Oppo,iOS,5.3,42.0,20.6,33,4.2,3244,5.2,3.5,147,Entertainment,1,3391,Mature Low Spender,Target with social media ads
54,Male,Lucknow,Motorola,Android,3.6,30.1,285.8,45,2.3,4919,1.5,2.2,1869,Gaming,1,6788,Mature Low Spender,Target with social media ads
40,Female,Mumbai,Google Pixel,iOS,8.7,26.6,42.3,105,4.7,3320,1.6,1.3,1595,Gaming,1,4915,Mature Low Spender,Target with social media ads
49,Male,Lucknow,Google Pixel,iOS,1.8,17.9,51.9,34,2.4,3901,5.2,2.8,555,Entertainment,1,4456,Mature Low Spender,Target with social media ads
41,Male,Kolkata,Motorola,Android,6.5,42.2,23.4,44,4.8,1484,4.8,3.0,128,Education,1,1612,Mature Low Spender,Target with social media ads
58,Female,Delhi,Xiaomi,iOS,4.5,29.9,132.9,188,1.0,2037,6.7,2.3,1012,Gaming,1,3049,Mature Low Spender,Target with social media ads
54,Female,Kolkata,Apple,iOS,2.1,4.8,148.6,45,3.0,2261,5.4,1.5,1344,Entertainment,1,3605,Mature Low Spender,Target with social media ads
56,Other,Jaipur,Nokia,iOS,1.4,34.1,293.6,42,5.9,1326,7.6,2.9,1080,Education,1,2406,Mature Low Spender,Target with social media ads
41,Other,Jaipur,Google Pixel,iOS,1.6,49.8,118.9,170,5.0,2985,2.5,0.2,1904,Social Media,1,4889,Mature Low Spender,Target with social media ads
56,Female,Hyderabad,Xiaomi,iOS,11.3,14.8,51.7,143,4.0,5220,4.0,4.2,1166,Entertainment,1,6386,Mature Low Spender,Target with social media ads
40,Female,Hyderabad,Samsung,Android,5.1,45.6,108.8,51,1.7,2871,6.0,4.1,1414,Gaming,1,4285,Mature Low Spender,Target with social media ads
41,Other,Bangalore,Realme,iOS,3.2,25.5,284.2,13,3.1,1704,5.8,2.1,821,Entertainment,1,2525,Mature Low Spender,Target with social media ads
40,Male,Ahmedabad,Motorola,iOS,1.7,17.3,78.7,189,3.7,3762,2.0,4.7,1265,Social Media,1,5027,Mature Low Spender,Target with social media ads
58,Male,Delhi,OnePlus,iOS,3.2,41.1,237.6,51,2.9,5103,6.1,3.3,943,Education,1,6046,Mature Low Spender,Target with social media ads
59,Other,Bangalore,Xiaomi,iOS,2.6,38.0,241.4,157,2.9,1530,7.1,0.8,192,Education,1,1722,Mature Low Spender,Target with social media ads
55,Female,Mumbai,OnePlus,iOS,9.1,16.8,254.3,29,4.2,1550,0.6,4.5,680,Entertainment,1,2230,Mature Low Spender,Target with social media ads
49,Female,Hyderabad,Google Pixel,iOS,6.3,14.6,117.0,179,4.1,3806,2.2,1.1,829,Work,1,4635,Mature Low Spender,Target with social media ads
45,Female,Hyderabad,Google Pixel,iOS,2.5,35.3,281.3,97,3.8,3070,2.3,2.1,1807,Gaming,1,4877,Mature Low Spender,Target with social media ads
51,Other,Ahmedabad,Vivo,Android,5.9,50.0,273.6,40,5.8,3235,5.6,4.7,226,Education,1,3461,Mature Low Spender,Target with social media ads
42,Other,Delhi,OnePlus,iOS,11.1,15.7,63.9,173,1.3,1536,5.6,1.5,356,Education,1,1892,Mature Low Spender,Target with social media ads
57,Female,Lucknow,Motorola,Android,4.7,39.1,206.3,139,2.8,1004,4.9,4.9,199,Work,1,1203,Mature Low Spender,Target with social media ads
41,Female,Lucknow,Xiaomi,iOS,1.7,9.5,180.6,159,2.5,1959,5.7,3.4,339,Gaming,1,2298,Mature Low Spender,Target with social media ads
55,Other,Kolkata,Google Pixel,iOS,6.4,8.1,254.0,125,6.0,545,6.4,2.2,1778,Social Media,1,2323,Mature Low Spender,Target with social media ads
59,Male,Hyderabad,Motorola,Android,11.8,10.1,112.3,157,2.7,6177,5.9,1.9,652,Entertainment,1,6829,Mature Low Spender,Target with social media ads
39,Other,Jaipur,Vivo,iOS,5.9,18.3,11.2,108,2.1,1569,1.9,4.0,917,Gaming,1,2486,Mature Low Spender,Target with social media ads
52,Female,Mumbai,Nokia,iOS,10.3,7.5,287.8,132,5.3,533,6.6,1.6,990,Gaming,1,1523,Mature Low Spender,Target with social media ads
49,Male,Bangalore,Oppo,iOS,6.1,46.6,188.8,71,4.7,4715,4.2,1.8,1936,Education,1,6651,Mature Low Spender,Target with social media ads
35,Male,Kolkata,Realme,iOS,2.3,20.3,131.5,190,4.5,155,4.4,1.1,154,Entertainment,1,309,Mature Low Spender,Target with social media ads
40,Other,Ahmedabad,Oppo,Android,12.0,28.7,142.2,107,3.5,555,6.3,4.4,932,Work,1,1487,Mature Low Spender,Target with social media ads
46,Other,Hyderabad,Xiaomi,Android,3.1,34.3,249.7,159,2.7,649,4.4,4.0,616,Social Media,1,1265,Mature Low Spender,Target with social media ads
57,Male,Lucknow,Motorola,Android,11.0,45.8,139.7,32,5.9,5101,4.6,4.3,1315,Work,1,6416,Mature Low Spender,Target with social media ads
53,Female,Chennai,Nokia,Android,9.0,40.6,66.3,133,4.2,2705,5.9,3.4,1281,Work,1,3986,Mature Low Spender,Target with social media ads
57,Female,Mumbai,Apple,Android,10.0,4.4,45.1,97,1.0,2763,6.5,3.3,1845,Education,1,4608,Mature Low Spender,Target with social media ads
46,Other,Hyderabad,Apple,Android,11.6,39.2,11.4,135,0.8,2112,1.4,1.1,503,Education,1,2615,Mature Low Spender,Target with social media ads
59,Male,Kolkata,Nokia,Android,5.4,28.4,218.1,50,3.6,6100,1.4,0.4,1166,Entertainment,1,7266,Mature Low Spender,Target with social media ads
58,Other,Kolkata,Motorola,iOS,11.4,39.3,244.9,15,2.8,1995,2.9,3.5,1410,Entertainment,1,3405,Mature Low Spender,Target with social media ads
54,Male,Bangalore,Vivo,iOS,1.0,34.3,60.8,186,3.1,3763,2.8,3.1,1048,Education,1,4811,Mature Low Spender,Target with social media ads
60,Male,Bangalore,Google Pixel,iOS,4.8,9.3,256.2,89,5.4,103,6.6,1.6,1774,Work,1,1877,Mature Low Spender,Target with social media ads
37,Other,Ahmedabad,Apple,Android,9.4,43.8,82.5,49,5.1,2626,3.4,0.2,1850,Gaming,1,4476,Mature Low Spender,Target with social media ads
48,Male,Mumbai,Samsung,iOS,9.8,28.3,120.7,19,2.0,4144,6.8,4.1,468,Gaming,1,4612,Mature Low Spender,Target with social media ads
50,Male,Delhi,OnePlus,Android,3.6,29.4,226.0,32,3.4,2419,3.9,3.8,732,Entertainment,1,3151,Mature Low Spender,Target with social media ads
54,Female,Lucknow,Apple,iOS,1.8,15.8,155.8,89,5.8,3602,1.6,2.6,801,Work,1,4403,Mature Low Spender,Target with social media ads
49,Other,Jaipur,OnePlus,Android,8.2,40.1,96.7,104,3.8,5159,7.6,4.1,368,Gaming,1,5527,Mature Low Spender,Target with social media ads
36,Male,Pune,Apple,iOS,3.3,23.7,130.3,105,5.8,469,7.0,4.9,213,Entertainment,1,682,Mature Low Spender,Target with social media ads
36,Female,Chennai,Motorola,iOS,7.3,32.0,65.9,16,4.3,1558,5.9,3.4,778,Gaming,1,2336,Mature Low Spender,Target with social media ads
52,Other,Ahmedabad,Vivo,iOS,1.9,8.6,90.6,96,4.7,2216,7.6,4.7,792,Entertainment,1,3008,Mature Low Spender,Target with social media ads
54,Other,Lucknow,OnePlus,iOS,1.8,34.6,99.1,54,0.7,709,4.6,3.1,721,Education,1,1430,Mature Low Spender,Target with social media ads
58,Male,Lucknow,Oppo,Android,3.2,8.3,97.2,26,1.6,3917,4.2,1.4,428,Entertainment,1,4345,Mature Low Spender,Target with social media ads
58,Male,Kolkata,Apple,iOS,3.7,29.7,179.8,125,2.5,1794,7.7,0.7,1235,Education,1,3029,Mature Low Spender,Target with social media ads
59,Other,Delhi,Samsung,iOS,3.7,12.5,209.5,125,4.5,777,2.6,4.3,243,Gaming,1,1020,Mature Low Spender,Target with social media ads
59,Other,Kolkata,Samsung,Android,4.5,4.0,62.6,92,3.7,3064,4.1,3.3,529,Work,1,3593,Mature Low Spender,Target with social media ads
46,Other,Pune,Nokia,iOS,3.9,8.3,155.0,186,4.2,2730,6.3,1.3,483,Education,1,3213,Mature Low Spender,Target with social media ads
59,Male,Hyderabad,Realme,iOS,3.3,12.4,152.9,56,2.8,5360,3.9,3.8,1377,Work,1,6737,Mature Low Spender,Target with social media ads
58,Male,Ahmedabad,Apple,iOS,3.5,2.1,208.7,102,2.0,5131,3.0,0.6,1254,Work,1,6385,Mature Low Spender,Target with social media ads
52,Male,Mumbai,Xiaomi,Android,6.1,24.8,180.1,37,3.5,1844,3.2,1.6,269,Education,1,2113,Mature Low Spender,Target with social media ads
56,Male,Pune,Xiaomi,iOS,6.4,1.5,259.8,125,5.8,393,7.6,4.9,635,Entertainment,1,1028,Mature Low Spender,Target with social media ads
53,Other,Lucknow,Vivo,iOS,8.5,40.1,143.1,21,3.5,6756,2.6,2.8,1537,Education,1,8293,Mature Low Spender,Target with social media ads
48,Male,Bangalore,Nokia,Android,1.8,8.4,196.0,76,4.2,5742,4.9,4.6,748,Entertainment,1,6490,Mature Low Spender,Target with social media ads
57,Other,Jaipur,OnePlus,iOS,3.2,26.2,216.5,164,4.3,4762,7.3,2.9,230,Education,1,4992,Mature Low Spender,Target with social media ads
49,Male,Mumbai,Motorola,iOS,5.7,26.9,7.9,200,2.5,2689,3.4,3.1,746,Work,1,3435,Mature Low Spender,Target with social media ads
58,Female,Mumbai,Google Pixel,Android,5.2,47.8,27.1,190,2.7,720,5.4,2.2,664,Work,1,1384,Mature Low Spender,Target with social media ads
55,Female,Hyderabad,Xiaomi,Android,7.1,15.6,246.4,177,2.6,4300,1.7,0.5,1396,Education,1,5696,Mature Low Spender,Target with social media ads
47,Other,Kolkata,Motorola,iOS,2.8,37.2,173.3,177,3.2,522,3.9,4.9,326,Entertainment,1,848,Mature Low Spender,Target with social media ads
40,Female,Jaipur,Google Pixel,iOS,6.3,34.6,256.6,150,5.4,1987,6.0,4.4,1094,Work,1,3081,Mature Low Spender,Target with social media ads
47,Female,Pune,Vivo,Android,5.2,22.4,13.2,166,3.1,3044,3.3,2.1,880,Social Media,1,3924,Mature Low Spender,Target with social media ads
51,Female,Pune,OnePlus,Android,8.3,31.3,88.9,189,0.6,2151,2.8,2.5,1764,Education,1,3915,Mature Low Spender,Target with social media ads
52,Female,Pune,Motorola,iOS,11.7,19.9,77.6,13,3.9,3466,1.2,4.6,605,Entertainment,1,4071,Mature Low Spender,Target with social media ads
54,Female,Bangalore,Vivo,iOS,2.5,10.7,62.7,160,2.7,3998,5.4,4.0,884,Social Media,1,4882,Mature Low Spender,Target with social media ads
51,Female,Bangalore,Oppo,Android,2.6,21.1,186.8,198,4.3,1470,5.5,0.4,1541,Gaming,1,3011,Mature Low Spender,Target with social media ads
55,Female,Mumbai,Apple,Android,11.7,33.9,292.3,16,5.0,4140,4.5,0.1,933,Social Media,1,5073,Mature Low Spender,Target with social media ads
49,Other,Lucknow,OnePlus,Android,8.4,3.3,84.4,166,0.5,2485,2.8,2.7,1557,Education,1,4042,Mature Low Spender,Target with social media ads
51,Other,Ahmedabad,Google Pixel,iOS,8.1,46.1,66.3,42,1.9,785,5.1,3.6,1926,Social Media,1,2711,Mature Low Spender,Target with social media ads
54,Male,Hyderabad,Xiaomi,Android,8.4,12.7,227.7,17,2.5,417,1.1,3.0,122,Education,1,539,Mature Low Spender,Target with social media ads
52,Other,Pune,OnePlus,Android,11.2,1.8,103.7,105,2.8,1515,3.7,0.1,1644,Social Media,1,3159,Mature Low Spender,Target with social media ads
39,Other,Mumbai,Realme,Android,1.1,8.0,204.6,127,5.4,1182,5.7,3.9,1488,Education,1,2670,Mature Low Spender,Target with social media ads
47,Other,Chennai,OnePlus,Android,8.7,24.5,291.5,109,3.3,5610,3.0,4.9,1437,Entertainment,1,7047,Mature Low Spender,Target with social media ads
49,Male,Pune,Motorola,Android,3.4,25.0,51.9,97,4.6,2759,2.9,0.7,1914,Work,1,4673,Mature Low Spender,Target with social media ads
54,Male,Lucknow,Realme,iOS,9.0,16.3,46.1,34,2.9,374,3.9,0.3,158,Gaming,1,532,Mature Low Spender,Target with social media ads
56,Other,Lucknow,Realme,Android,5.1,36.0,28.2,104,1.9,4539,3.0,3.5,1996,Gaming,1,6535,Mature Low Spender,Target with social media ads
41,Other,Hyderabad,Realme,iOS,8.9,6.0,135.6,75,1.5,2140,0.6,3.1,1240,Work,1,3380,Mature Low Spender,Target with social media ads
53,Male,Mumbai,Apple,iOS,1.1,15.2,187.1,173,5.6,1120,0.7,2.7,1951,Entertainment,1,3071,Mature Low Spender,Target with social media ads
49,Other,Delhi,Vivo,Android,8.2,3.5,6.6,18,3.3,3133,3.3,3.3,179,Social Media,1,3312,Mature Low Spender,Target with social media ads
46,Male,Chennai,Vivo,Android,1.5,10.6,197.5,111,3.9,4058,7.1,2.8,855,Social Media,1,4913,Mature Low Spender,Target with social media ads
60,Female,Lucknow,Motorola,Android,9.5,46.5,261.0,141,3.4,2749,5.3,4.0,1673,Gaming,1,4422,Mature Low Spender,Target with social media ads
43,Female,Mumbai,OnePlus,Android,4.3,4.8,35.9,21,5.1,3426,5.2,0.2,1939,Entertainment,1,5365,Mature Low Spender,Target with social media ads
50,Female,Kolkata,Nokia,iOS,6.8,23.6,164.0,72,4.2,4833,5.5,4.5,1240,Work,1,6073,Mature Low Spender,Target with social media ads
56,Male,Delhi,Realme,iOS,4.1,26.8,141.1,36,2.8,2086,7.1,2.5,341,Gaming,1,2427,Mature Low Spender,Target with social media ads
45,Male,Chennai,OnePlus,iOS,7.5,6.5,168.7,191,2.8,949,4.4,1.5,1681,Entertainment,1,2630,Mature Low Spender,Target with social media ads
59,Other,Ahmedabad,OnePlus,iOS,5.8,41.6,142.4,193,1.9,3028,1.9,3.3,497,Gaming,1,3525,Mature Low Spender,Target with social media ads
50,Male,Mumbai,Realme,Android,8.9,49.6,109.6,31,3.8,4372,5.7,4.2,423,Education,1,4795,Mature Low Spender,Target with social media ads
56,Male,Hyderabad,Apple,Android,10.0,25.3,146.0,97,3.4,3632,4.6,0.9,110,Entertainment,1,3742,Mature Low Spender,Target with social media ads
49,Male,Ahmedabad,Nokia,Android,2.9,8.3,228.9,176,1.2,2499,2.7,1.6,648,Work,1,3147,Mature Low Spender,Target with social media ads
54,Male,Chennai,Google Pixel,iOS,2.8,14.4,49.3,109,1.0,3515,4.6,0.5,1458,Education,1,4973,Mature Low Spender,Target with social media ads
57,Male,Kolkata,Motorola,iOS,7.9,13.6,79.4,91,5.4,5054,6.6,2.9,466,Entertainment,1,5520,Mature Low Spender,Target with social media ads
59,Male,Delhi,Oppo,Android,11.4,16.5,154.3,159,2.9,2868,6.7,2.4,1805,Social Media,1,4673,Mature Low Spender,Target with social media ads
51,Female,Mumbai,OnePlus,Android,3.0,8.5,245.2,124,5.9,2142,3.0,4.2,489,Education,1,2631,Mature Low Spender,Target with social media ads
50,Other,Pune,Apple,Android,7.4,3.2,115.5,172,3.1,165,5.5,0.8,1239,Social Media,1,1404,Mature Low Spender,Target with social media ads
55,Other,Chennai,Samsung,Android,7.4,5.8,51.3,35,4.4,4063,0.8,4.4,166,Education,1,4229,Mature Low Spender,Target with social media ads
47,Other,Bangalore,OnePlus,Android,11.5,7.3,118.1,108,2.4,1318,7.9,2.7,859,Work,1,2177,Mature Low Spender,Target with social media ads
53,Male,Pune,Apple,iOS,5.1,5.7,148.6,13,1.9,2050,2.6,1.2,1531,Work,1,3581,Mature Low Spender,Target with social media ads
45,Other,Jaipur,Motorola,Android,5.7,9.4,194.3,54,2.7,4854,6.1,4.0,1138,Work,1,5992,Mature Low Spender,Target with social media ads
43,Female,Pune,Xiaomi,Android,11.8,30.5,123.2,46,1.2,1401,3.3,1.9,1404,Education,1,2805,Mature Low Spender,Target with social media ads
40,Female,Ahmedabad,Apple,iOS,6.5,44.8,173.4,160,2.7,814,2.9,2.1,260,Entertainment,1,1074,Mature Low Spender,Target with social media ads
51,Other,Pune,Oppo,iOS,5.6,27.2,162.4,106,3.4,717,1.8,1.3,1296,Social Media,1,2013,Mature Low Spender,Target with social media ads
45,Other,Lucknow,Google Pixel,Android,3.3,5.4,157.6,125,5.1,3293,2.8,5.0,1827,Gaming,1,5120,Mature Low Spender,Target with social media ads
60,Male,Chennai,Google Pixel,iOS,4.7,7.3,91.1,103,5.6,5947,5.2,3.2,680,Entertainment,1,6627,Mature Low Spender,Target with social media ads
46,Female,Chennai,Samsung,Android,11.1,24.0,116.0,151,5.6,2414,6.8,3.8,739,Education,1,3153,Mature Low Spender,Target with social media ads
49,Female,Ahmedabad,Vivo,iOS,10.0,22.0,297.1,44,3.5,2710,1.9,1.3,1042,Gaming,1,3752,Mature Low Spender,Target with social media ads
55,Other,Kolkata,OnePlus,Android,4.2,16.7,279.5,123,4.8,1669,4.1,2.9,1698,Entertainment,1,3367,Mature Low Spender,Target with social media ads
42,Male,Pune,Apple,Android,8.6,28.0,172.3,58,3.9,2218,6.3,2.4,236,Work,1,2454,Mature Low Spender,Target with social media ads
60,Male,Mumbai,Samsung,iOS,3.6,44.1,89.1,118,5.4,611,6.3,3.3,387,Work,1,998,Mature Low Spender,Target with social media ads
60,Male,Chennai,Vivo,iOS,6.4,28.1,207.7,172,5.3,2336,1.3,0.7,237,Education,1,2573,Mature Low Spender,Target with social media ads
45,Male,Bangalore,Realme,Android,11.4,24.4,123.7,146,3.2,5517,2.5,2.6,1407,Social Media,1,6924,Mature Low Spender,Target with social media ads
45,Male,Ahmedabad,Samsung,iOS,10.6,31.0,123.4,91,4.3,4565,6.3,2.2,1637,Work,1,6202,Mature Low Spender,Target with social media ads
42,Male,Delhi,Samsung,Android,8.5,35.1,43.3,96,2.4,2685,7.9,4.6,1563,Gaming,1,4248,Mature Low Spender,Target with social media ads
58,Male,Ahmedabad,Xiaomi,Android,1.4,9.5,214.1,85,4.6,5488,2.5,1.0,736,Education,1,6224,Mature Low Spender,Target with social media ads
47,Female,Kolkata,Google Pixel,Android,8.0,33.4,161.3,188,4.6,283,4.5,4.8,1313,Education,1,1596,Mature Low Spender,Target with social media ads
54,Other,Delhi,Vivo,Android,2.4,15.5,119.7,100,0.7,1644,1.1,4.7,1663,Education,1,3307,Mature Low Spender,Target with social media ads
47,Male,Chennai,Google Pixel,Android,6.4,9.6,283.8,148,6.0,1006,4.3,0.8,1698,Work,1,2704,Mature Low Spender,Target with social media ads
49,Other,Chennai,Apple,iOS,9.3,14.0,127.1,56,4.5,2794,5.0,3.8,221,Gaming,1,3015,Mature Low Spender,Target with social media ads
52,Other,Lucknow,Nokia,iOS,2.7,11.1,241.3,101,1.4,1346,2.5,2.2,1991,Gaming,1,3337,Mature Low Spender,Target with social media ads
54,Other,Jaipur,Oppo,iOS,8.7,19.7,76.4,83,5.8,4058,7.3,3.4,982,Social Media,1,5040,Mature Low Spender,Target with social media ads
54,Other,Ahmedabad,Samsung,Android,3.9,40.1,231.0,174,3.6,4659,3.1,3.0,1136,Gaming,1,5795,Mature Low Spender,Target with social media ads
53,Male,Bangalore,Realme,Android,2.9,7.0,243.9,24,2.0,3283,1.8,4.9,135,Social Media,1,3418,Mature Low Spender,Target with social media ads
53,Other,Kolkata,Realme,iOS,2.4,13.9,199.4,158,3.1,4378,0.6,1.6,673,Entertainment,1,5051,Mature Low Spender,Target with social media ads
55,Male,Kolkata,Nokia,iOS,4.1,4.9,68.8,105,4.5,2557,5.0,1.6,767,Social Media,1,3324,Mature Low Spender,Target with social media ads
54,Other,Mumbai,Oppo,Android,8.5,36.9,72.0,175,1.3,1010,5.0,1.6,710,Education,1,1720,Mature Low Spender,Target with social media ads
53,Female,Lucknow,Nokia,iOS,7.2,7.0,255.4,173,5.2,2505,3.9,1.9,1271,Social Media,1,3776,Mature Low Spender,Target with social media ads
40,Other,Hyderabad,Motorola,Android,4.5,7.0,222.5,15,3.3,5046,1.5,3.7,567,Work,1,5613,Mature Low Spender,Target with social media ads
57,Male,Chennai,Motorola,Android,5.0,44.6,102.8,40,4.9,2197,4.5,1.1,1213,Gaming,1,3410,Mature Low Spender,Target with social media ads
53,Female,Ahmedabad,Google Pixel,iOS,11.5,7.7,76.8,132,3.5,5236,2.2,0.4,1339,Work,1,6575,Mature Low Spender,Target with social media ads
37,Other,Kolkata,Xiaomi,Android,10.4,37.8,163.7,145,3.8,4557,2.7,4.0,1098,Gaming,1,5655,Mature Low Spender,Target with social media ads
58,Other,Jaipur,OnePlus,Android,1.8,5.6,275.7,65,2.1,851,7.6,2.4,1584,Entertainment,1,2435,Mature Low Spender,Target with social media ads
57,Male,Kolkata,Motorola,iOS,3.3,28.4,96.0,80,3.5,4512,0.7,1.8,900,Work,1,5412,Mature Low Spender,Target with social media ads
37,Male,Jaipur,Apple,Android,10.7,40.3,40.6,157,3.9,3014,7.5,2.3,624,Gaming,1,3638,Mature Low Spender,Target with social media ads
45,Other,Lucknow,Motorola,Android,3.9,43.3,129.3,79,4.7,1485,2.7,0.1,1419,Gaming,1,2904,Mature Low Spender,Target with social media ads
55,Other,Bangalore,Xiaomi,iOS,2.8,20.7,37.8,11,4.3,729,4.3,1.7,1895,Education,1,2624,Mature Low Spender,Target with social media ads
45,Male,Chennai,Samsung,iOS,6.1,13.2,75.8,176,4.1,1044,7.2,3.6,193,Education,1,1237,Mature Low Spender,Target with social media ads
40,Female,Bangalore,Oppo,Android,7.3,15.2,128.5,170,3.8,1872,7.4,1.6,1200,Education,1,3072,Mature Low Spender,Target with social media ads
46,Other,Chennai,Samsung,iOS,4.0,20.9,39.3,74,2.5,1497,7.1,3.6,433,Gaming,1,1930,Mature Low Spender,Target with social media ads
38,Male,Lucknow,Nokia,iOS,8.4,49.4,115.6,64,2.9,2310,5.1,3.8,808,Entertainment,1,3118,Mature Low Spender,Target with social media ads
39,Female,Delhi,Nokia,Android,8.0,19.8,214.9,69,3.2,2696,4.2,2.7,1903,Work,1,4599,Mature Low Spender,Target with social media ads
57,Other,Lucknow,Apple,iOS,2.3,13.0,117.2,148,2.7,6022,6.8,1.1,635,Entertainment,1,6657,Mature Low Spender,Target with social media ads
39,Other,Bangalore,Apple,iOS,8.3,12.8,261.1,182,5.5,1401,6.9,4.7,1616,Gaming,1,3017,Mature Low Spender,Target with social media ads
54,Female,Jaipur,Apple,iOS,2.2,24.9,32.1,22,3.1,3275,4.2,3.3,107,Social Media,1,3382,Mature Low Spender,Target with social media ads
45,Other,Bangalore,Motorola,Android,4.0,22.8,71.6,52,2.9,4418,2.6,3.0,1440,Social Media,1,5858,Mature Low Spender,Target with social media ads
45,Other,Kolkata,Xiaomi,iOS,10.8,32.3,284.8,29,2.0,1888,6.4,3.6,1573,Social Media,1,3461,Mature Low Spender,Target with social media ads
48,Other,Kolkata,OnePlus,iOS,4.8,18.5,85.1,106,5.8,1323,4.6,4.1,1934,Social Media,1,3257,Mature Low Spender,Target with social media ads
54,Female,Chennai,Samsung,iOS,5.1,28.4,223.4,129,5.3,788,5.9,3.0,614,Gaming,1,1402,Mature Low Spender,Target with social media ads
56,Male,Ahmedabad,Google Pixel,iOS,8.0,9.4,253.7,64,3.1,3839,6.8,3.3,1425,Education,1,5264,Mature Low Spender,Target with social media ads
43,Other,Ahmedabad,Motorola,iOS,10.4,40.9,288.0,41,5.4,1203,2.7,2.2,1256,Work,1,2459,Mature Low Spender,Target with social media ads
60,Other,Delhi,Realme,iOS,3.0,9.4,239.3,198,2.8,4269,7.4,1.6,1362,Social Media,1,5631,Mature Low Spender,Target with social media ads
59,Male,Delhi,Realme,Android,9.4,29.7,61.7,87,3.9,5780,6.5,2.7,789,Social Media,1,6569,Mature Low Spender,Target with social media ads
52,Other,Lucknow,Samsung,Android,4.9,12.0,172.5,192,3.1,3107,3.5,2.4,1622,Social Media,1,4729,Mature Low Spender,Target with social media ads
58,Female,Lucknow,Samsung,iOS,10.3,37.4,53.3,175,4.4,5537,4.3,3.0,1417,Education,1,6954,Mature Low Spender,Target with social media ads
51,Male,Pune,Realme,iOS,5.8,35.7,21.1,60,4.2,1001,6.8,3.2,256,Entertainment,1,1257,Mature Low Spender,Target with social media ads
38,Female,Kolkata,Oppo,iOS,5.2,13.6,58.7,49,5.1,981,3.0,1.6,1928,Work,1,2909,Mature Low Spender,Target with social media ads
57,Other,Jaipur,Nokia,Android,8.9,7.9,38.9,60,1.9,2938,7.0,1.4,467,Entertainment,1,3405,Mature Low Spender,Target with social media ads
41,Other,Kolkata,Nokia,Android,7.0,1.9,295.5,59,4.2,106,2.8,1.7,629,Education,1,735,Mature Low Spender,Target with social media ads
47,Female,Bangalore,Xiaomi,iOS,9.5,16.1,171.6,176,5.8,2094,4.8,4.1,1733,Entertainment,1,3827,Mature Low Spender,Target with social media ads
50,Other,Jaipur,Apple,Android,3.2,18.9,280.4,81,5.1,2632,7.4,3.0,1150,Gaming,1,3782,Mature Low Spender,Target with social media ads
48,Other,Lucknow,Samsung,Android,3.3,23.5,242.5,57,5.8,4220,2.9,1.3,1456,Social Media,1,5676,Mature Low Spender,Target with social media ads
47,Male,Jaipur,Google Pixel,Android,1.1,12.3,80.3,96,2.2,1884,6.0,0.3,1933,Entertainment,1,3817,Mature Low Spender,Target with social media ads
60,Female,Ahmedabad,Vivo,iOS,9.3,37.1,97.6,20,3.3,5213,2.7,2.4,611,Entertainment,1,5824,Mature Low Spender,Target with social media ads
52,Other,Chennai,Nokia,Android,1.9,34.1,247.9,170,4.3,917,2.9,1.6,1865,Work,1,2782,Mature Low Spender,Target with social media ads
59,Male,Lucknow,Google Pixel,Android,10.9,31.2,23.8,74,2.7,3996,2.5,3.2,1203,Work,1,5199,Mature Low Spender,Target with social media ads
49,Other,Ahmedabad,Motorola,Android,7.9,31.3,25.1,176,2.4,4784,6.7,5.0,1060,Social Media,1,5844,Mature Low Spender,Target with social media ads
58,Male,Lucknow,Samsung,Android,9.0,1.5,71.3,169,2.2,1315,3.9,3.9,1369,Work,1,2684,Mature Low Spender,Target with social media ads
52,Male,Delhi,Motorola,iOS,11.7,40.5,189.9,51,2.7,5108,6.2,2.7,1377,Education,1,6485,Mature Low Spender,Target with social media ads
48,Female,Hyderabad,Vivo,iOS,1.8,35.8,121.1,179,2.1,2042,7.9,1.9,1875,Gaming,1,3917,Mature Low Spender,Target with social media ads
56,Other,Bangalore,Nokia,iOS,11.6,15.2,268.2,160,5.2,2860,1.4,0.4,643,Social Media,1,3503,Mature Low Spender,Target with social media ads
50,Other,Lucknow,Vivo,iOS,5.6,36.9,254.3,149,2.3,1545,7.2,0.9,923,Education,1,2468,Mature Low Spender,Target with social media ads
60,Female,Lucknow,Google Pixel,iOS,3.4,21.5,59.0,36,4.9,3980,3.6,0.6,385,Work,1,4365,Mature Low Spender,Target with social media ads
39,Other,Kolkata,Realme,Android,7.5,18.3,86.1,59,4.8,333,2.1,4.7,949,Work,1,1282,Mature Low Spender,Target with social media ads
46,Male,Pune,Motorola,iOS,8.8,13.7,202.2,181,5.6,4106,2.6,3.2,577,Work,1,4683,Mature Low Spender,Target with social media ads
48,Other,Chennai,Google Pixel,Android,10.8,38.3,278.7,189,1.3,1103,4.3,4.7,1254,Entertainment,1,2357,Mature Low Spender,Target with social media ads
59,Female,Delhi,Motorola,Android,1.3,46.3,228.4,76,2.4,2899,5.4,1.9,1970,Social Media,1,4869,Mature Low Spender,Target with social media ads
43,Male,Chennai,Nokia,Android,2.0,8.3,250.5,31,4.8,197,5.7,2.4,1352,Education,1,1549,Mature Low Spender,Target with social media ads
60,Male,Ahmedabad,Motorola,Android,7.9,6.7,54.4,193,3.9,1222,1.7,1.7,1826,Work,1,3048,Mature Low Spender,Target with social media ads
48,Other,Bangalore,Vivo,iOS,6.0,28.7,170.7,139,3.7,5195,4.7,4.2,1139,Work,1,6334,Mature Low Spender,Target with social media ads
38,Male,Chennai,Xiaomi,iOS,9.7,44.9,231.8,171,4.0,3645,6.0,0.1,285,Gaming,1,3930,Mature Low Spender,Target with social media ads
51,Other,Bangalore,Oppo,iOS,3.4,12.2,94.8,18,5.4,2355,1.9,1.6,406,Education,1,2761,Mature Low Spender,Target with social media ads
58,Female,Ahmedabad,Oppo,iOS,11.8,8.9,12.2,140,4.8,176,7.6,2.4,1090,Gaming,1,1266,Mature Low Spender,Target with social media ads
43,Male,Pune,Samsung,Android,5.4,18.2,155.9,114,4.8,3247,5.0,0.6,1336,Work,1,4583,Mature Low Spender,Target with social media ads
51,Other,Jaipur,Oppo,iOS,11.8,36.8,170.0,43,3.0,865,4.0,3.8,1029,Work,1,1894,Mature Low Spender,Target with social media ads
60,Other,Mumbai,Google Pixel,Android,3.0,21.3,79.2,122,5.0,5982,4.4,2.5,1925,Education,1,7907,Mature Low Spender,Target with social media ads
58,Female,Jaipur,Vivo,iOS,6.1,16.3,236.1,183,1.9,145,5.8,2.3,1868,Education,1,2013,Mature Low Spender,Target with social media ads
40,Male,Delhi,Nokia,Android,7.7,36.5,228.0,98,4.1,3401,2.6,3.2,888,Gaming,1,4289,Mature Low Spender,Target with social media ads
57,Female,Jaipur,Apple,Android,4.5,11.6,203.6,185,2.2,213,0.7,4.1,858,Entertainment,1,1071,Mature Low Spender,Target with social media ads
40,Male,Hyderabad,Vivo,Android,5.7,44.7,149.8,50,3.4,980,6.7,2.1,948,Education,1,1928,Mature Low Spender,Target with social media ads
48,Other,Kolkata,Vivo,iOS,6.9,31.7,50.1,72,2.4,1126,6.5,4.9,358,Work,1,1484,Mature Low Spender,Target with social media ads
59,Other,Chennai,Google Pixel,iOS,1.3,27.1,19.5,164,4.3,4937,3.3,1.3,1549,Education,1,6486,Mature Low Spender,Target with social media ads
40,Other,Jaipur,Nokia,iOS,2.7,46.8,238.3,190,5.7,3600,5.2,4.8,1064,Education,1,4664,Mature Low Spender,Target with social media ads
56,Female,Hyderabad,Xiaomi,Android,8.9,42.9,261.3,63,4.2,4066,7.5,3.8,336,Education,1,4402,Mature Low Spender,Target with social media ads
56,Female,Bangalore,OnePlus,Android,2.7,21.8,17.3,158,4.9,4313,1.0,0.8,180,Education,1,4493,Mature Low Spender,Target with social media ads
59,Male,Ahmedabad,Samsung,iOS,11.8,30.1,51.1,72,1.9,5076,1.8,0.8,1108,Education,1,6184,Mature Low Spender,Target with social media ads
59,Female,Ahmedabad,Realme,Android,5.1,15.8,63.6,37,3.8,6542,7.3,3.6,1724,Entertainment,1,8266,Mature Low Spender,Target with social media ads
41,Other,Kolkata,Nokia,iOS,5.5,7.3,87.9,84,2.1,1954,6.4,0.8,1351,Work,1,3305,Mature Low Spender,Target with social media ads
59,Male,Hyderabad,Vivo,Android,9.5,4.3,226.2,138,1.5,2606,5.5,4.8,1171,Social Media,1,3777,Mature Low Spender,Target with social media ads
59,Female,Jaipur,Motorola,iOS,4.0,14.5,54.2,115,5.1,5626,3.1,0.9,1854,Entertainment,1,7480,Mature Low Spender,Target with social media ads
40,Other,Jaipur,Nokia,iOS,8.9,27.1,145.6,124,2.1,962,1.3,2.2,401,Gaming,1,1363,Mature Low Spender,Target with social media ads
40,Other,Bangalore,Nokia,iOS,9.9,46.7,216.7,56,5.2,427,2.9,1.6,1477,Social Media,1,1904,Mature Low Spender,Target with social media ads
58,Other,Ahmedabad,Realme,iOS,10.2,45.8,33.0,192,1.5,1766,0.8,4.2,1020,Gaming,1,2786,Mature Low Spender,Target with social media ads
55,Female,Chennai,Google Pixel,iOS,2.5,22.2,249.8,110,3.3,6186,3.1,4.5,501,Social Media,1,6687,Mature Low Spender,Target with social media ads
43,Other,Ahmedabad,OnePlus,Android,10.6,8.1,166.4,195,3.6,4045,1.3,3.0,648,Entertainment,1,4693,Mature Low Spender,Target with social media ads
52,Other,Hyderabad,Google Pixel,Android,1.0,42.9,93.0,125,4.4,4797,2.4,0.9,299,Work,1,5096,Mature Low Spender,Target with social media ads
42,Other,Bangalore,Nokia,iOS,11.9,5.7,81.7,181,1.4,1793,4.5,3.0,185,Entertainment,1,1978,Mature Low Spender,Target with social media ads
54,Female,Mumbai,Xiaomi,Android,3.0,34.3,12.2,173,4.0,4905,1.3,0.8,1841,Education,1,6746,Mature Low Spender,Target with social media ads
56,Female,Chennai,Nokia,iOS,7.1,14.4,279.4,139,5.7,5443,3.4,3.3,1381,Social Media,1,6824,Mature Low Spender,Target with social media ads
53,Female,Kolkata,Xiaomi,iOS,5.6,21.6,144.0,161,4.7,1735,3.3,3.6,1992,Work,1,3727,Mature Low Spender,Target with social media ads
48,Male,Delhi,Google Pixel,Android,6.7,41.2,92.2,56,4.0,2145,5.6,2.7,196,Work,1,2341,Mature Low Spender,Target with social media ads
52,Other,Mumbai,Oppo,iOS,1.5,18.6,75.0,11,4.7,2744,1.9,1.6,1716,Work,1,4460,Mature Low Spender,Target with social media ads
40,Female,Lucknow,Samsung,iOS,8.4,11.4,112.3,188,2.2,1661,5.8,1.3,1269,Education,1,2930,Mature Low Spender,Target with social media ads
48,Female,Pune,Realme,iOS,3.8,15.5,215.7,136,3.6,2087,4.2,1.7,1078,Entertainment,1,3165,Mature Low Spender,Target with social media ads
53,Female,Delhi,Realme,Android,6.6,2.7,7.2,10,4.8,1688,2.6,1.4,800,Entertainment,1,2488,Mature Low Spender,Target with social media ads
52,Other,Jaipur,Vivo,Android,1.2,44.8,31.3,59,4.0,4997,7.7,2.2,1057,Gaming,1,6054,Mature Low Spender,Target with social media ads
50,Male,Jaipur,Nokia,Android,3.5,6.8,32.9,127,4.6,2970,4.5,2.0,572,Work,1,3542,Mature Low Spender,Target with social media ads
55,Female,Hyderabad,Samsung,iOS,3.4,24.9,18.6,162,3.1,5667,4.0,2.8,590,Gaming,1,6257,Mature Low Spender,Target with social media ads
48,Male,Kolkata,Xiaomi,Android,10.0,12.9,106.0,89,3.5,4123,4.7,2.2,449,Social Media,1,4572,Mature Low Spender,Target with social media ads
57,Female,Bangalore,Realme,iOS,9.1,16.4,79.4,182,4.0,2129,7.9,0.7,324,Work,1,2453,Mature Low Spender,Target with social media ads
43,Other,Hyderabad,Google Pixel,iOS,7.8,21.4,188.5,122,1.9,1200,6.6,4.2,657,Education,1,1857,Mature Low Spender,Target with social media ads
48,Other,Mumbai,Realme,Android,4.8,43.1,174.0,100,1.9,646,3.8,1.5,749,Entertainment,1,1395,Mature Low Spender,Target with social media ads
54,Other,Ahmedabad,Oppo,Android,8.8,11.4,55.3,141,4.4,6051,1.4,0.9,1759,Gaming,1,7810,Mature Low Spender,Target with social media ads
58,Male,Jaipur,Nokia,iOS,2.6,40.4,67.5,140,2.9,5801,5.6,4.9,519,Social Media,1,6320,Mature Low Spender,Target with social media ads
52,Female,Kolkata,Apple,Android,1.6,47.7,117.9,129,1.2,1530,2.2,1.9,1927,Gaming,1,3457,Mature Low Spender,Target with social media ads
55,Other,Lucknow,Nokia,Android,2.8,13.8,281.6,96,5.8,4262,0.9,1.7,495,Entertainment,1,4757,Mature Low Spender,Target with social media ads
59,Other,Bangalore,Apple,Android,10.6,20.8,210.3,72,0.9,1464,2.4,3.8,918,Social Media,1,2382,Mature Low Spender,Target with social media ads
49,Other,Kolkata,Apple,iOS,2.4,16.7,119.0,196,2.1,392,4.7,0.2,318,Entertainment,1,710,Mature Low Spender,Target with social media ads
54,Female,Jaipur,OnePlus,iOS,4.7,1.2,191.7,19,4.2,5810,5.9,4.3,1374,Work,1,7184,Mature Low Spender,Target with social media ads
51,Male,Ahmedabad,Nokia,iOS,10.2,44.2,285.2,185,3.3,2774,1.6,2.3,1487,Education,1,4261,Mature Low Spender,Target with social media ads
55,Other,Jaipur,Vivo,Android,10.6,35.2,64.0,97,0.9,1938,7.9,4.1,708,Social Media,1,2646,Mature Low Spender,Target with social media ads
46,Other,Hyderabad,Vivo,Android,3.6,21.7,235.3,48,5.1,2695,7.8,0.1,814,Education,1,3509,Mature Low Spender,Target with social media ads
47,Male,Jaipur,Nokia,iOS,6.2,34.5,284.0,90,4.2,3416,1.3,2.4,324,Entertainment,1,3740,Mature Low Spender,Target with social media ads
48,Male,Pune,Apple,iOS,8.4,1.1,128.8,152,4.5,1493,1.1,1.8,404,Work,1,1897,Mature Low Spender,Target with social media ads
49,Female,Pune,Nokia,Android,2.9,36.2,217.1,107,3.7,3310,7.3,1.9,857,Gaming,1,4167,Mature Low Spender,Target with social media ads
50,Female,Bangalore,Nokia,iOS,1.2,7.0,48.1,105,4.6,2878,6.3,3.6,1789,Education,1,4667,Mature Low Spender,Target with social media ads
41,Female,Chennai,Samsung,Android,3.2,26.7,191.6,97,2.3,741,2.8,3.7,1313,Social Media,1,2054,Mature Low Spender,Target with social media ads
40,Male,Lucknow,OnePlus,Android,4.5,21.4,192.2,178,3.3,406,7.6,2.0,1863,Social Media,1,2269,Mature Low Spender,Target with social media ads
54,Female,Jaipur,Samsung,Android,10.2,32.0,164.6,125,2.2,1064,6.1,1.7,1898,Work,1,2962,Mature Low Spender,Target with social media ads
49,Male,Chennai,Vivo,iOS,8.4,1.8,137.0,67,3.2,3193,7.5,0.9,171,Gaming,1,3364,Mature Low Spender,Target with social media ads
48,Other,Delhi,Samsung,Android,3.8,33.2,268.8,99,3.3,2635,1.6,4.3,1844,Education,1,4479,Mature Low Spender,Target with social media ads
54,Female,Ahmedabad,Realme,Android,11.0,27.0,6.2,74,3.2,1510,6.8,2.1,1577,Entertainment,1,3087,Mature Low Spender,Target with social media ads
36,Male,Delhi,Oppo,iOS,4.9,15.3,117.6,125,3.8,1969,0.6,3.9,1267,Gaming,1,3236,Mature Low Spender,Target with social media ads
58,Female,Bangalore,Xiaomi,Android,2.6,26.8,158.7,114,5.9,2639,0.7,2.3,201,Gaming,1,2840,Mature Low Spender,Target with social media ads
53,Male,Kolkata,Motorola,Android,6.3,40.8,46.7,107,3.4,3957,2.5,1.6,1454,Education,1,5411,Mature Low Spender,Target with social media ads
47,Other,Lucknow,Xiaomi,iOS,7.5,41.7,40.0,120,2.0,3662,4.7,0.8,807,Work,1,4469,Mature Low Spender,Target with social media ads
40,Male,Hyderabad,Xiaomi,iOS,8.2,18.7,216.9,82,5.0,2392,6.0,2.3,1485,Entertainment,1,3877,Mature Low Spender,Target with social media ads
56,Female,Ahmedabad,Xiaomi,Android,9.5,38.7,49.6,177,0.6,2874,3.9,3.3,587,Work,1,3461,Mature Low Spender,Target with social media ads
55,Male,Hyderabad,Oppo,iOS,6.3,36.3,74.2,59,5.6,2432,2.9,3.8,112,Work,1,2544,Mature Low Spender,Target with social media ads
50,Female,Pune,Realme,Android,8.0,24.5,120.6,14,3.1,4372,4.3,3.0,382,Gaming,1,4754,Mature Low Spender,Target with social media ads
50,Female,Jaipur,OnePlus,iOS,8.3,19.8,12.5,191,0.5,2223,2.6,3.5,670,Gaming,1,2893,Mature Low Spender,Target with social media ads
42,Female,Bangalore,Realme,iOS,10.8,26.6,13.6,45,2.8,2861,6.4,1.5,1471,Entertainment,1,4332,Mature Low Spender,Target with social media ads
44,Male,Lucknow,Nokia,Android,9.8,23.5,246.4,24,1.5,827,4.2,4.9,817,Gaming,1,1644,Mature Low Spender,Target with social media ads
47,Other,Kolkata,Nokia,iOS,8.0,24.8,114.0,89,2.5,2332,4.8,2.1,108,Education,1,2440,Mature Low Spender,Target with social media ads
58,Other,Bangalore,OnePlus,iOS,5.3,3.2,270.9,79,0.8,905,3.9,2.7,569,Gaming,1,1474,Mature Low Spender,Target with social media ads
54,Other,Lucknow,Xiaomi,iOS,1.1,11.9,144.4,155,3.3,3459,5.3,0.9,496,Education,1,3955,Mature Low Spender,Target with social media ads
55,Female,Lucknow,Nokia,Android,2.4,12.8,70.0,167,2.9,3804,5.9,0.3,597,Work,1,4401,Mature Low Spender,Target with social media ads
54,Male,Bangalore,Motorola,Android,5.8,3.5,37.0,137,5.7,3896,5.4,3.1,921,Entertainment,1,4817,Mature Low Spender,Target with social media ads
45,Male,Lucknow,Nokia,iOS,4.6,35.5,132.5,64,2.7,3588,3.5,1.3,1079,Entertainment,1,4667,Mature Low Spender,Target with social media ads
60,Male,Lucknow,Vivo,iOS,6.0,33.5,128.0,135,4.3,640,6.7,2.1,1926,Education,1,2566,Mature Low Spender,Target with social media ads
59,Female,Pune,Oppo,Android,3.9,28.8,52.3,16,2.4,2848,7.9,4.7,968,Work,1,3816,Mature Low Spender,Target with social media ads
48,Female,Ahmedabad,Xiaomi,Android,5.8,14.2,210.4,41,2.3,438,4.5,3.3,1856,Work,1,2294,Mature Low Spender,Target with social media ads
58,Male,Mumbai,Vivo,iOS,5.5,15.6,64.6,73,1.7,663,7.0,4.3,1651,Entertainment,1,2314,Mature Low Spender,Target with social media ads
46,Female,Pune,Apple,Android,7.5,3.5,64.8,164,3.1,918,6.0,0.5,1299,Social Media,1,2217,Mature Low Spender,Target with social media ads
39,Male,Hyderabad,Xiaomi,Android,4.7,44.5,48.8,35,2.8,577,5.9,4.3,1021,Social Media,1,1598,Mature Low Spender,Target with social media ads
39,Female,Hyderabad,Samsung,iOS,1.2,48.1,98.2,10,4.2,710,4.6,2.1,348,Gaming,1,1058,Mature Low Spender,Target with social media ads
40,Other,Hyderabad,Xiaomi,Android,9.1,48.2,144.2,131,4.6,282,4.0,3.7,415,Work,1,697,Mature Low Spender,Target with social media ads
40,Female,Hyderabad,Motorola,Android,5.7,42.2,229.1,34,5.0,177,5.3,0.3,528,Social Media,1,705,Mature Low Spender,Target with social media ads
60,Other,Pune,Oppo,Android,10.8,13.1,298.7,64,5.7,5259,1.0,2.8,1201,Work,1,6460,Mature Low Spender,Target with social media ads
51,Female,Delhi,Nokia,iOS,11.8,10.9,12.6,21,3.0,1888,7.2,3.9,594,Gaming,1,2482,Mature Low Spender,Target with social media ads
46,Male,Delhi,Vivo,iOS,2.1,24.1,132.8,89,2.6,4716,4.0,0.1,921,Work,1,5637,Mature Low Spender,Target with social media ads
36,Male,Kolkata,OnePlus,iOS,3.7,35.0,121.9,136,4.8,3331,0.7,4.1,943,Entertainment,1,4274,Mature Low Spender,Target with social media ads
54,Male,Lucknow,Xiaomi,iOS,7.7,15.5,5.1,133,1.3,2923,0.9,3.2,1978,Education,1,4901,Mature Low Spender,Target with social media ads
51,Female,Pune,OnePlus,Android,3.5,35.6,266.4,68,1.9,2624,3.7,4.7,1288,Social Media,1,3912,Mature Low Spender,Target with social media ads
38,Male,Hyderabad,Google Pixel,iOS,11.3,6.7,143.8,169,4.1,188,2.5,3.0,725,Gaming,1,913,Mature Low Spender,Target with social media ads
56,Female,Delhi,Apple,Android,10.3,23.4,33.6,140,0.9,1341,1.1,4.1,825,Social Media,1,2166,Mature Low Spender,Target with social media ads
59,Male,Lucknow,Realme,Android,5.2,30.2,299.8,49,3.5,6905,5.5,1.0,396,Gaming,1,7301,Mature Low Spender,Target with social media ads
41,Female,Mumbai,OnePlus,Android,10.0,27.0,134.4,136,5.0,722,5.9,4.6,1760,Work,1,2482,Mature Low Spender,Target with social media ads
56,Female,Kolkata,Samsung,iOS,7.9,16.4,298.9,22,3.3,305,3.8,3.7,1464,Gaming,1,1769,Mature Low Spender,Target with social media ads
43,Male,Bangalore,Apple,Android,4.6,49.2,162.6,74,5.0,821,5.8,1.0,1043,Education,1,1864,Mature Low Spender,Target with social media ads
50,Male,Chennai,Motorola,Android,11.1,37.6,140.0,165,2.8,1928,4.6,0.2,1209,Education,1,3137,Mature Low Spender,Target with social media ads
42,Other,Bangalore,Nokia,Android,7.9,35.4,40.7,77,1.9,2403,6.4,4.0,1340,Work,1,3743,Mature Low Spender,Target with social media ads
41,Female,Kolkata,Apple,iOS,4.7,21.7,72.0,78,4.9,454,1.6,2.3,191,Social Media,1,645,Mature Low Spender,Target with social media ads
44,Other,Lucknow,Vivo,Android,9.8,1.8,91.6,47,2.0,2330,5.6,2.7,1630,Gaming,1,3960,Mature Low Spender,Target with social media ads
35,Female,Lucknow,Samsung,iOS,10.6,36.2,21.8,16,5.2,1499,6.3,4.3,1330,Gaming,1,2829,Mature Low Spender,Target with social media ads
55,Male,Chennai,Oppo,Android,3.7,28.8,228.3,29,4.7,5415,1.4,3.3,1505,Gaming,1,6920,Mature Low Spender,Target with social media ads
59,Male,Chennai,OnePlus,Android,7.5,35.1,184.7,93,0.7,306,2.2,2.3,313,Work,1,619,Mature Low Spender,Target with social media ads
42,Other,Pune,Samsung,iOS,5.8,9.8,166.0,167,2.1,2496,1.1,1.2,1022,Education,1,3518,Mature Low Spender,Target with social media ads
54,Other,Kolkata,Realme,Android,4.7,44.7,146.8,59,3.0,6150,2.3,3.5,1898,Education,1,8048,Mature Low Spender,Target with social media ads
47,Female,Delhi,Realme,Android,4.8,5.6,19.1,136,2.6,2436,4.8,3.5,646,Social Media,1,3082,Mature Low Spender,Target with social media ads
60,Male,Ahmedabad,Realme,Android,10.9,2.1,250.5,156,4.6,1195,5.4,1.9,678,Social Media,1,1873,Mature Low Spender,Target with social media ads
60,Female,Lucknow,Samsung,iOS,9.2,42.2,211.7,87,1.1,2418,3.4,0.7,941,Gaming,1,3359,Mature Low Spender,Target with social media ads
40,Female,Mumbai,Oppo,iOS,2.8,29.6,160.3,196,3.7,3304,3.8,3.4,955,Work,1,4259,Mature Low Spender,Target with social media ads
58,Male,Bangalore,Vivo,Android,9.8,11.8,149.3,184,2.3,5204,7.7,0.6,1090,Entertainment,1,6294,Mature Low Spender,Target with social media ads
53,Female,Ahmedabad,Motorola,Android,3.2,28.9,244.4,178,3.3,3286,1.2,0.3,1048,Work,1,4334,Mature Low Spender,Target with social media ads
42,Male,Chennai,Xiaomi,Android,1.3,17.2,236.5,178,4.6,429,6.4,1.2,1984,Work,1,2413,Mature Low Spender,Target with social media ads
53,Female,Lucknow,Realme,Android,11.7,44.1,164.9,57,4.1,1346,3.9,1.7,542,Gaming,1,1888,Mature Low Spender,Target with social media ads
51,Female,Delhi,Vivo,iOS,7.4,24.8,13.1,98,4.6,126,2.9,2.7,1969,Work,1,2095,Mature Low Spender,Target with social media ads
58,Female,Bangalore,Nokia,Android,7.2,38.6,141.6,188,2.3,116,7.6,3.3,1183,Work,1,1299,Mature Low Spender,Target with social media ads
50,Other,Hyderabad,Google Pixel,Android,9.3,40.7,171.4,109,2.3,2613,5.8,3.4,881,Work,1,3494,Mature Low Spender,Target with social media ads
57,Male,Jaipur,Realme,iOS,1.4,15.8,65.8,110,3.2,3070,7.3,1.2,927,Entertainment,1,3997,Mature Low Spender,Target with social media ads
58,Male,Bangalore,Oppo,iOS,10.1,10.3,68.2,61,0.7,1235,2.9,1.5,976,Social Media,1,2211,Mature Low Spender,Target with social media ads
50,Male,Ahmedabad,Realme,Android,1.6,15.6,45.3,133,2.2,4697,3.0,0.4,210,Work,1,4907,Mature Low Spender,Target with social media ads
44,Male,Hyderabad,Realme,Android,11.1,44.8,22.5,131,3.1,4789,1.8,4.4,1884,Work,1,6673,Mature Low Spender,Target with social media ads
59,Other,Kolkata,OnePlus,iOS,2.7,12.0,287.7,139,3.0,3729,2.3,0.5,1709,Work,1,5438,Mature Low Spender,Target with social media ads
58,Male,Chennai,Vivo,Android,8.5,43.7,196.8,113,1.5,1454,2.0,1.1,295,Gaming,1,1749,Mature Low Spender,Target with social media ads
59,Other,Mumbai,Nokia,Android,9.7,14.0,285.0,150,5.9,2042,3.0,0.1,976,Education,1,3018,Mature Low Spender,Target with social media ads
59,Male,Mumbai,Apple,iOS,8.7,34.9,144.1,58,1.5,3311,4.7,0.5,1372,Social Media,1,4683,Mature Low Spender,Target with social media ads
39,Female,Pune,Vivo,Android,1.6,28.0,47.3,188,5.0,1845,1.3,1.5,894,Social Media,1,2739,Mature Low Spender,Target with social media ads
49,Female,Kolkata,Google Pixel,Android,2.0,10.4,170.5,158,1.1,1721,7.8,2.0,1760,Education,1,3481,Mature Low Spender,Target with social media ads
50,Other,Delhi,Oppo,Android,3.3,40.5,60.1,125,4.0,2379,4.4,4.5,846,Education,1,3225,Mature Low Spender,Target with social media ads
53,Male,Mumbai,Vivo,iOS,9.9,44.2,213.4,110,4.2,2079,7.3,1.8,1168,Education,1,3247,Mature Low Spender,Target with social media ads
38,Female,Chennai,Oppo,Android,3.8,36.0,80.4,10,2.7,1214,6.9,3.2,1383,Gaming,1,2597,Mature Low Spender,Target with social media ads
40,Female,Kolkata,Nokia,iOS,8.6,14.6,266.0,124,5.0,2700,6.0,2.3,1746,Gaming,1,4446,Mature Low Spender,Target with social media ads
44,Other,Hyderabad,Nokia,iOS,8.7,34.6,152.4,37,1.8,2287,5.2,4.2,1548,Gaming,1,3835,Mature Low Spender,Target with social media ads
40,Female,Delhi,OnePlus,Android,7.7,5.2,36.1,177,3.5,4234,6.9,0.1,1453,Entertainment,1,5687,Mature Low Spender,Target with social media ads
55,Female,Mumbai,Xiaomi,Android,6.9,29.5,178.9,178,2.2,1451,3.4,2.3,267,Gaming,1,1718,Mature Low Spender,Target with social media ads
51,Other,Mumbai,Oppo,iOS,4.4,45.0,108.1,22,5.9,1270,3.0,4.4,226,Social Media,1,1496,Mature Low Spender,Target with social media ads
43,Male,Hyderabad,OnePlus,Android,7.3,41.1,62.9,52,3.5,4109,1.1,1.2,238,Education,1,4347,Mature Low Spender,Target with social media ads
59,Other,Delhi,OnePlus,Android,9.8,1.6,32.5,56,4.7,1956,1.6,4.3,411,Education,1,2367,Mature Low Spender,Target with social media ads
47,Other,Kolkata,Vivo,iOS,6.0,15.7,195.8,28,2.2,733,3.7,1.6,1135,Entertainment,1,1868,Mature Low Spender,Target with social media ads
58,Male,Kolkata,Samsung,Android,10.0,34.3,185.1,70,3.0,1343,2.5,1.2,1513,Gaming,1,2856,Mature Low Spender,Target with social media ads
47,Other,Lucknow,Motorola,iOS,1.8,3.8,74.1,44,5.8,813,6.9,2.8,897,Education,1,1710,Mature Low Spender,Target with social media ads
59,Male,Pune,Xiaomi,Android,2.9,7.0,267.4,48,2.8,4618,6.6,1.9,759,Gaming,1,5377,Mature Low Spender,Target with social media ads
43,Male,Chennai,OnePlus,iOS,2.6,41.7,214.4,194,2.8,2011,3.6,2.0,342,Entertainment,1,2353,Mature Low Spender,Target with social media ads
51,Other,Kolkata,Vivo,iOS,8.1,21.6,53.6,137,4.7,2449,3.9,2.3,468,Entertainment,1,2917,Mature Low Spender,Target with social media ads
49,Male,Delhi,Samsung,iOS,1.4,12.7,185.8,44,2.7,2383,7.6,1.3,1823,Gaming,1,4206,Mature Low Spender,Target with social media ads
48,Male,Mumbai,Google Pixel,Android,9.5,26.7,149.0,111,3.0,1966,3.6,0.3,725,Work,1,2691,Mature Low Spender,Target with social media ads
60,Female,Lucknow,Nokia,Android,8.9,29.7,23.1,170,2.5,1503,4.5,2.6,658,Work,1,2161,Mature Low Spender,Target with social media ads
39,Male,Pune,Google Pixel,Android,11.1,17.7,138.3,159,2.9,2562,5.4,1.2,570,Education,1,3132,Mature Low Spender,Target with social media ads
47,Male,Ahmedabad,Samsung,Android,6.6,37.1,107.1,64,3.5,1156,2.7,3.6,434,Social Media,1,1590,Mature Low Spender,Target with social media ads
46,Other,Pune,Nokia,Android,8.3,3.6,109.4,86,2.1,3563,0.8,1.2,1337,Work,1,4900,Mature Low Spender,Target with social media ads
49,Male,Delhi,Apple,iOS,2.2,26.8,284.2,151,2.7,1994,7.0,3.8,1734,Work,1,3728,Mature Low Spender,Target with social media ads
50,Female,Pune,Oppo,Android,9.4,43.5,88.3,135,3.9,2700,7.3,2.9,489,Entertainment,1,3189,Mature Low Spender,Target with social media ads
45,Female,Jaipur,Apple,Android,1.8,22.8,97.8,102,5.1,2883,6.9,1.5,533,Work,1,3416,Mature Low Spender,Target with social media ads
46,Female,Ahmedabad,Apple,Android,11.1,14.5,186.5,85,5.1,573,3.5,0.3,935,Entertainment,1,1508,Mature Low Spender,Target with social media ads
47,Male,Chennai,Motorola,Android,10.5,41.4,214.1,85,2.0,2576,1.5,4.2,204,Entertainment,1,2780,Mature Low Spender,Target with social media ads
35,Other,Jaipur,Xiaomi,Android,3.2,8.7,106.1,156,4.8,2663,7.5,0.9,1216,Work,1,3879,Mature Low Spender,Target with social media ads
46,Other,Chennai,Oppo,Android,9.4,10.2,194.7,102,2.0,829,6.3,1.7,1747,Social Media,1,2576,Mature Low Spender,Target with social media ads
47,Other,Lucknow,Nokia,Android,1.2,30.5,200.3,104,3.4,1968,1.9,3.9,461,Gaming,1,2429,Mature Low Spender,Target with social media ads
55,Female,Hyderabad,Realme,iOS,9.5,24.1,216.8,125,5.1,4776,3.3,3.3,167,Social Media,1,4943,Mature Low Spender,Target with social media ads
50,Other,Jaipur,Google Pixel,iOS,8.6,12.7,158.1,123,0.7,1217,1.1,0.6,914,Work,1,2131,Mature Low Spender,Target with social media ads
50,Other,Ahmedabad,Oppo,iOS,6.3,1.6,264.9,61,4.0,2295,1.2,3.5,1780,Education,1,4075,Mature Low Spender,Target with social media ads
38,Female,Lucknow,Xiaomi,iOS,5.6,34.8,75.3,111,2.5,2359,0.9,2.8,628,Education,1,2987,Mature Low Spender,Target with social media ads
37,Male,Lucknow,Nokia,Android,4.2,43.5,281.4,193,4.4,4132,0.7,2.2,1015,Work,1,5147,Mature Low Spender,Target with social media ads
46,Female,Pune,Nokia,Android,6.4,42.2,44.2,171,3.0,233,1.7,0.5,292,Education,1,525,Mature Low Spender,Target with social media ads
40,Male,Chennai,Xiaomi,iOS,2.2,22.8,11.7,19,4.9,3762,3.4,4.5,311,Gaming,1,4073,Mature Low Spender,Target with social media ads
55,Other,Kolkata,Google Pixel,iOS,8.8,37.8,97.8,113,3.3,2196,3.5,3.4,1668,Work,1,3864,Mature Low Spender,Target with social media ads
56,Other,Hyderabad,Xiaomi,Android,3.4,36.5,128.7,18,0.9,3627,2.8,0.3,1902,Education,1,5529,Mature Low Spender,Target with social media ads
45,Female,Lucknow,Xiaomi,Android,9.8,11.5,273.7,48,4.5,2664,1.2,1.9,1800,Work,1,4464,Mature Low Spender,Target with social media ads
54,Other,Hyderabad,OnePlus,iOS,8.1,25.6,244.3,98,1.7,2268,4.0,3.4,727,Entertainment,1,2995,Mature Low Spender,Target with social media ads
51,Male,Pune,Oppo,iOS,2.7,41.6,156.6,23,2.2,2259,1.7,3.1,524,Social Media,1,2783,Mature Low Spender,Target with social media ads
43,Male,Kolkata,Motorola,Android,2.0,44.1,89.6,160,0.7,1131,7.0,4.9,1833,Entertainment,1,2964,Mature Low Spender,Target with social media ads
53,Female,Bangalore,Oppo,iOS,11.1,20.8,159.9,119,4.4,868,5.3,0.9,137,Work,1,1005,Mature Low Spender,Target with social media ads
44,Other,Kolkata,Google Pixel,iOS,5.9,41.0,227.4,113,3.4,2188,7.7,3.1,1014,Education,1,3202,Mature Low Spender,Target with social media ads
36,Female,Lucknow,Nokia,iOS,9.1,15.8,159.7,63,5.0,3249,1.8,1.5,224,Entertainment,1,3473,Mature Low Spender,Target with social media ads
60,Female,Hyderabad,Samsung,iOS,6.9,3.9,64.5,83,4.3,2957,2.8,1.9,511,Gaming,1,3468,Mature Low Spender,Target with social media ads
47,Female,Mumbai,Motorola,Android,4.9,40.4,256.2,139,0.7,2149,1.2,1.9,185,Entertainment,1,2334,Mature Low Spender,Target with social media ads
45,Female,Lucknow,Google Pixel,iOS,12.0,20.9,190.5,122,5.3,2863,0.6,4.8,1854,Entertainment,1,4717,Mature Low Spender,Target with social media ads
49,Male,Hyderabad,Apple,Android,3.4,1.3,204.3,55,4.6,3360,1.4,1.2,699,Entertainment,1,4059,Mature Low Spender,Target with social media ads
48,Other,Delhi,Motorola,iOS,4.1,18.4,71.9,114,3.7,4075,7.6,4.4,1492,Gaming,1,5567,Mature Low Spender,Target with social media ads
45,Female,Kolkata,Realme,Android,8.5,25.6,278.5,154,4.4,127,3.2,1.0,1132,Entertainment,1,1259,Mature Low Spender,Target with social media ads
49,Male,Ahmedabad,Oppo,Android,9.5,44.6,174.5,99,2.9,1152,2.2,0.1,743,Work,1,1895,Mature Low Spender,Target with social media ads
51,Female,Ahmedabad,Xiaomi,iOS,10.4,7.4,156.2,56,4.8,5812,0.6,0.7,1194,Gaming,1,7006,Mature Low Spender,Target with social media ads
45,Male,Hyderabad,Oppo,Android,8.1,22.0,49.2,150,4.6,2184,4.3,2.9,1366,Social Media,1,3550,Mature Low Spender,Target with social media ads
36,Other,Jaipur,Samsung,Android,3.7,40.5,143.0,150,5.4,798,3.7,2.5,1783,Gaming,1,2581,Mature Low Spender,Target with social media ads
45,Male,Pune,Realme,Android,9.2,10.1,165.7,193,3.3,2834,2.4,1.8,1038,Work,1,3872,Mature Low Spender,Target with social media ads
44,Male,Ahmedabad,Nokia,iOS,3.0,12.8,292.9,27,3.9,5207,6.4,2.6,638,Social Media,1,5845,Mature Low Spender,Target with social media ads
52,Male,Jaipur,Apple,iOS,10.3,20.8,42.9,84,4.3,2785,0.9,0.3,942,Gaming,1,3727,Mature Low Spender,Target with social media ads
34,Other,Ahmedabad,Nokia,iOS,11.4,47.4,108.6,113,5.7,1447,6.3,3.8,1243,Work,1,2690,Mature Low Spender,Target with social media ads
39,Male,Bangalore,Realme,iOS,7.4,30.9,205.5,148,5.2,3442,1.9,1.4,1764,Gaming,1,5206,Mature Low Spender,Target with social media ads
38,Other,Pune,Samsung,iOS,7.2,44.3,16.5,110,4.6,1911,3.7,1.3,934,Education,1,2845,Mature Low Spender,Target with social media ads
51,Female,Lucknow,Xiaomi,Android,1.0,36.2,18.7,181,2.0,2771,2.9,1.5,235,Gaming,1,3006,Mature Low Spender,Target with social media ads
45,Other,Ahmedabad,OnePlus,Android,11.2,29.5,224.6,10,2.8,724,7.0,1.0,1594,Gaming,1,2318,Mature Low Spender,Target with social media ads
56,Male,Kolkata,Realme,Android,3.7,20.6,69.5,72,4.4,1368,6.5,3.1,1591,Social Media,1,2959,Mature Low Spender,Target with social media ads
52,Male,Chennai,Realme,Android,8.9,17.6,52.8,111,1.1,1871,7.2,1.9,1430,Gaming,1,3301,Mature Low Spender,Target with social media ads
46,Male,Chennai,Vivo,Android,5.6,15.9,277.9,84,3.0,3035,6.6,2.1,1825,Gaming,1,4860,Mature Low Spender,Target with social media ads
50,Female,Chennai,Nokia,iOS,8.9,36.7,255.5,88,3.4,5112,6.9,4.6,653,Work,1,5765,Mature Low Spender,Target with social media ads
42,Other,Bangalore,Google Pixel,iOS,10.3,48.9,90.5,78,1.0,2561,0.9,1.4,179,Entertainment,1,2740,Mature Low Spender,Target with social media ads
52,Female,Ahmedabad,Apple,iOS,9.2,29.4,70.8,174,5.5,5250,1.7,1.6,1108,Gaming,1,6358,Mature Low Spender,Target with social media ads
35,Male,Mumbai,Oppo,iOS,10.4,34.4,75.8,149,4.4,1610,2.2,2.0,1962,Social Media,1,3572,Mature Low Spender,Target with social media ads
54,Female,Hyderabad,Samsung,Android,1.1,40.0,289.4,75,4.2,1410,1.1,2.5,944,Work,1,2354,Mature Low Spender,Target with social media ads
54,Female,Ahmedabad,Google Pixel,iOS,10.8,31.0,106.4,25,4.3,2520,4.0,4.5,1198,Social Media,1,3718,Mature Low Spender,Target with social media ads
36,Other,Bangalore,Apple,Android,3.8,4.1,104.7,62,5.1,242,3.9,3.9,1041,Social Media,1,1283,Mature Low Spender,Target with social media ads
48,Female,Pune,Nokia,iOS,6.4,48.7,198.8,147,4.7,193,6.2,4.2,1055,Social Media,1,1248,Mature Low Spender,Target with social media ads
36,Male,Mumbai,Xiaomi,iOS,1.9,7.4,41.4,80,5.2,1638,5.5,4.2,701,Work,1,2339,Mature Low Spender,Target with social media ads
40,Female,Jaipur,Realme,iOS,1.6,42.7,29.6,180,2.8,3094,4.1,1.2,430,Work,1,3524,Mature Low Spender,Target with social media ads
43,Other,Delhi,Realme,Android,6.8,45.1,289.1,146,3.6,5221,6.3,0.7,1247,Entertainment,1,6468,Mature Low Spender,Target with social media ads
59,Male,Delhi,OnePlus,Android,11.2,28.2,278.2,56,1.4,850,0.8,2.1,1683,Gaming,1,2533,Mature Low Spender,Target with social media ads
53,Male,Pune,Motorola,iOS,11.2,34.3,223.4,185,5.6,150,3.4,1.4,1558,Education,1,1708,Mature Low Spender,Target with social media ads
53,Female,Bangalore,Realme,Android,6.5,10.4,235.1,81,5.8,5201,7.8,2.8,307,Work,1,5508,Mature Low Spender,Target with social media ads
59,Female,Mumbai,Motorola,iOS,5.1,13.7,34.0,98,3.3,3672,1.2,4.6,1516,Education,1,5188,Mature Low Spender,Target with social media ads
54,Other,Bangalore,OnePlus,Android,7.2,32.8,129.6,119,2.8,4180,2.6,0.5,616,Gaming,1,4796,Mature Low Spender,Target with social media ads
48,Other,Lucknow,Apple,iOS,7.8,42.2,256.9,35,4.4,2609,7.4,2.4,474,Work,1,3083,Mature Low Spender,Target with social media ads
47,Male,Mumbai,Oppo,Android,10.1,29.5,269.2,116,4.5,3320,1.2,4.9,781,Gaming,1,4101,Mature Low Spender,Target with social media ads
49,Female,Chennai,Oppo,iOS,4.2,45.2,164.1,159,2.9,1401,0.8,1.8,705,Education,1,2106,Mature Low Spender,Target with social media ads
47,Other,Pune,Nokia,Android,10.5,27.2,279.2,45,3.1,4343,0.7,1.3,1381,Work,1,5724,Mature Low Spender,Target with social media ads
52,Female,Delhi,Motorola,iOS,1.2,46.6,117.1,13,2.4,3414,7.5,1.9,854,Work,1,4268,Mature Low Spender,Target with social media ads
54,Female,Lucknow,Apple,Android,11.7,18.0,98.2,42,4.1,850,2.9,4.2,651,Gaming,1,1501,Mature Low Spender,Target with social media ads
52,Male,Mumbai,OnePlus,iOS,2.0,26.5,45.1,142,1.2,1996,2.0,1.1,1263,Gaming,1,3259,Mature Low Spender,Target with social media ads
49,Other,Kolkata,Motorola,iOS,8.0,28.9,38.2,49,3.8,4103,0.7,1.4,788,Gaming,1,4891,Mature Low Spender,Target with social media ads
56,Male,Bangalore,OnePlus,Android,2.6,23.0,209.2,20,3.2,5067,6.8,3.8,935,Social Media,1,6002,Mature Low Spender,Target with social media ads
46,Other,Pune,Realme,iOS,8.8,42.3,82.7,92,4.2,4680,3.7,2.1,1870,Gaming,1,6550,Mature Low Spender,Target with social media ads
38,Male,Pune,Nokia,Android,4.0,49.3,271.4,191,3.9,3375,4.3,0.3,909,Social Media,1,4284,Mature Low Spender,Target with social media ads
38,Other,Bangalore,OnePlus,Android,11.9,4.2,22.7,35,3.5,978,6.0,2.4,1801,Education,1,2779,Mature Low Spender,Target with social media ads
48,Other,Chennai,Vivo,iOS,4.7,3.8,269.9,166,2.1,3129,5.2,1.9,1555,Social Media,1,4684,Mature Low Spender,Target with social media ads
47,Female,Delhi,Xiaomi,Android,10.7,15.0,178.4,182,5.1,4553,0.6,3.9,1393,Social Media,1,5946,Mature Low Spender,Target with social media ads
53,Male,Mumbai,Nokia,Android,11.6,24.7,187.0,35,3.8,6735,4.6,4.4,191,Education,1,6926,Mature Low Spender,Target with social media ads
34,Other,Pune,Realme,iOS,4.2,44.8,122.6,84,6.0,220,5.3,4.6,107,Social Media,1,327,Mature Low Spender,Target with social media ads
60,Male,Pune,Samsung,Android,10.2,10.9,232.1,60,5.7,1739,1.6,1.8,796,Work,1,2535,Mature Low Spender,Target with social media ads
40,Other,Lucknow,Samsung,iOS,2.1,45.4,208.6,72,2.8,1434,2.9,1.4,1198,Entertainment,1,2632,Mature Low Spender,Target with social media ads
44,Male,Hyderabad,Google Pixel,iOS,7.7,9.2,35.9,62,1.1,944,1.8,0.9,932,Social Media,1,1876,Mature Low Spender,Target with social media ads
40,Female,Pune,Samsung,iOS,3.8,3.5,53.0,137,5.3,3190,5.0,5.0,633,Social Media,1,3823,Mature Low Spender,Target with social media ads
56,Female,Bangalore,Realme,Android,8.1,28.7,188.6,91,5.8,3660,3.7,0.2,1061,Work,1,4721,Mature Low Spender,Target with social media ads
44,Male,Delhi,Oppo,iOS,3.0,43.6,152.5,109,4.6,2216,5.9,3.7,481,Work,1,2697,Mature Low Spender,Target with social media ads
49,Other,Delhi,Samsung,iOS,10.6,24.0,226.2,81,1.6,1106,7.8,2.4,194,Gaming,1,1300,Mature Low Spender,Target with social media ads
48,Female,Ahmedabad,Realme,Android,3.3,26.2,293.9,57,5.1,4736,1.9,4.0,263,Gaming,1,4999,Mature Low Spender,Target with social media ads
55,Female,Ahmedabad,Google Pixel,Android,1.1,6.1,20.6,123,1.5,2296,3.5,0.7,535,Social Media,1,2831,Mature Low Spender,Target with social media ads
53,Female,Delhi,Apple,Android,6.3,41.5,255.8,133,2.6,2357,4.3,4.3,119,Education,1,2476,Mature Low Spender,Target with social media ads
44,Other,Lucknow,Motorola,Android,9.1,1.8,60.3,37,3.7,1685,3.0,2.9,1763,Entertainment,1,3448,Mature Low Spender,Target with social media ads
38,Other,Kolkata,Vivo,iOS,11.6,25.6,16.2,119,5.1,3236,7.4,1.1,1041,Entertainment,1,4277,Mature Low Spender,Target with social media ads
46,Male,Hyderabad,Motorola,Android,1.5,36.4,260.9,61,0.8,231,2.9,0.4,1430,Gaming,1,1661,Mature Low Spender,Target with social media ads
53,Other,Chennai,Google Pixel,Android,11.3,17.9,62.9,13,5.7,114,3.5,2.1,648,Education,1,762,Mature Low Spender,Target with social media ads
41,Female,Kolkata,Xiaomi,Android,3.3,28.8,28.4,96,3.4,2515,0.9,0.8,700,Work,1,3215,Mature Low Spender,Target with social media ads
55,Female,Chennai,Realme,iOS,11.7,33.9,24.1,78,0.6,865,4.2,0.4,258,Gaming,1,1123,Mature Low Spender,Target with social media ads
38,Female,Lucknow,Realme,iOS,7.3,21.0,186.3,122,5.7,2796,3.2,2.9,1641,Social Media,1,4437,Mature Low Spender,Target with social media ads
51,Female,Ahmedabad,Xiaomi,iOS,1.0,43.2,219.7,130,3.3,1558,3.8,4.9,1968,Social Media,1,3526,Mature Low Spender,Target with social media ads
60,Male,Chennai,Apple,Android,1.9,48.8,186.8,146,3.4,4090,7.5,0.2,1445,Work,1,5535,Mature Low Spender,Target with social media ads
53,Male,Jaipur,Xiaomi,Android,6.5,45.5,170.1,76,3.3,2446,2.9,2.7,424,Education,1,2870,Mature Low Spender,Target with social media ads
60,Female,Pune,Oppo,Android,7.8,25.3,299.6,193,1.6,4382,2.9,3.7,1836,Gaming,1,6218,Mature Low Spender,Target with social media ads
59,Other,Ahmedabad,Google Pixel,iOS,11.1,37.4,12.5,131,3.2,4437,5.4,0.4,401,Gaming,1,4838,Mature Low Spender,Target with social media ads
56,Male,Hyderabad,Samsung,Android,8.2,42.3,123.2,171,1.5,779,5.6,3.4,346,Social Media,1,1125,Mature Low Spender,Target with social media ads
51,Female,Mumbai,Motorola,Android,4.8,36.1,55.3,160,5.3,3239,3.7,4.6,1215,Entertainment,1,4454,Mature Low Spender,Target with social media ads
39,Female,Mumbai,OnePlus,iOS,1.9,29.5,63.6,103,5.5,1501,3.8,0.8,447,Work,1,1948,Mature Low Spender,Target with social media ads
48,Female,Hyderabad,OnePlus,iOS,6.4,17.3,83.9,137,2.2,3629,1.8,4.1,1092,Social Media,1,4721,Mature Low Spender,Target with social media ads
56,Female,Delhi,Realme,Android,10.1,18.4,199.5,179,5.6,3376,1.8,1.0,1196,Entertainment,1,4572,Mature Low Spender,Target with social media ads
60,Male,Jaipur,Oppo,Android,8.2,19.9,236.4,141,3.9,7504,2.0,2.7,1155,Work,1,8659,Mature Low Spender,Target with social media ads
54,Male,Delhi,Samsung,iOS,11.0,29.1,291.4,186,3.4,5916,7.6,1.7,1332,Social Media,1,7248,Mature Low Spender,Target with social media ads
40,Male,Bangalore,Realme,Android,6.9,33.8,26.1,96,4.6,2534,3.8,0.8,1633,Work,1,4167,Mature Low Spender,Target with social media ads
51,Male,Bangalore,OnePlus,Android,12.0,12.0,139.3,112,3.1,243,1.9,1.0,320,Gaming,1,563,Mature Low Spender,Target with social media ads
48,Male,Kolkata,Realme,Android,9.5,22.6,244.5,143,2.6,282,4.6,1.2,1040,Work,1,1322,Mature Low Spender,Target with social media ads
51,Male,Pune,Apple,iOS,10.1,10.5,268.6,62,2.9,1384,3.1,1.7,1020,Social Media,1,2404,Mature Low Spender,Target with social media ads
51,Male,Ahmedabad,Realme,Android,9.4,30.2,149.3,186,3.7,4081,1.1,0.6,461,Social Media,1,4542,Mature Low Spender,Target with social media ads
59,Female,Bangalore,Nokia,iOS,9.6,2.9,150.0,158,0.9,3409,2.0,1.2,1028,Education,1,4437,Mature Low Spender,Target with social media ads
60,Female,Lucknow,Vivo,Android,9.0,47.0,32.5,146,0.6,2240,3.6,2.7,1527,Work,1,3767,Mature Low Spender,Target with social media ads
55,Female,Pune,Realme,Android,10.5,19.8,40.0,17,4.9,2866,6.9,0.7,1443,Education,1,4309,Mature Low Spender,Target with social media ads
54,Female,Hyderabad,OnePlus,iOS,1.8,10.5,79.1,92,4.2,5232,3.5,0.4,1840,Work,1,7072,Mature Low Spender,Target with social media ads
54,Female,Delhi,Samsung,iOS,7.6,41.2,286.0,71,0.7,314,7.0,4.6,1053,Education,1,1367,Mature Low Spender,Target with social media ads
60,Male,Bangalore,Vivo,Android,3.0,26.6,270.7,54,2.2,1397,6.5,0.9,141,Social Media,1,1538,Mature Low Spender,Target with social media ads
40,Other,Chennai,Nokia,Android,1.7,17.5,69.0,118,4.8,3178,5.6,0.4,1486,Entertainment,1,4664,Mature Low Spender,Target with social media ads
47,Female,Jaipur,Google Pixel,iOS,1.4,40.3,189.7,183,2.2,162,2.2,2.5,1724,Social Media,1,1886,Mature Low Spender,Target with social media ads
56,Female,Delhi,Realme,iOS,1.0,48.3,6.9,161,4.1,4610,5.2,3.3,1101,Entertainment,1,5711,Mature Low Spender,Target with social media ads
40,Other,Chennai,Vivo,iOS,4.8,45.8,58.2,105,5.0,3416,3.7,3.6,548,Entertainment,1,3964,Mature Low Spender,Target with social media ads
59,Male,Chennai,Google Pixel,iOS,8.3,24.6,263.8,115,0.9,550,5.7,3.2,1385,Education,1,1935,Mature Low Spender,Target with social media ads
39,Female,Ahmedabad,Nokia,Android,8.8,49.5,132.1,183,2.3,2570,2.3,0.9,259,Education,1,2829,Mature Low Spender,Target with social media ads
58,Male,Lucknow,Oppo,Android,9.2,5.2,283.8,113,2.0,2265,5.4,2.2,1971,Education,1,4236,Mature Low Spender,Target with social media ads
46,Other,Chennai,Apple,Android,8.2,43.8,247.5,98,3.9,3468,4.2,0.6,786,Social Media,1,4254,Mature Low Spender,Target with social media ads
52,Male,Bangalore,Nokia,iOS,9.0,22.6,65.0,101,3.2,4967,5.2,0.3,1962,Education,1,6929,Mature Low Spender,Target with social media ads
54,Male,Delhi,Google Pixel,iOS,6.4,19.3,232.0,177,5.4,1489,6.7,1.5,585,Social Media,1,2074,Mature Low Spender,Target with social media ads
59,Male,Jaipur,Nokia,iOS,2.1,19.0,237.6,157,1.8,4349,1.7,4.3,613,Gaming,1,4962,Mature Low Spender,Target with social media ads
58,Other,Bangalore,Realme,Android,9.0,22.0,101.9,22,4.8,3085,5.2,4.2,415,Work,1,3500,Mature Low Spender,Target with social media ads
46,Female,Mumbai,Motorola,Android,11.8,3.7,208.9,25,5.4,1551,3.1,2.2,865,Entertainment,1,2416,Mature Low Spender,Target with social media ads
57,Other,Pune,Apple,Android,5.1,6.9,217.3,75,2.9,402,0.7,2.6,1690,Education,1,2092,Mature Low Spender,Target with social media ads
46,Female,Jaipur,Google Pixel,Android,4.1,45.2,66.1,165,4.2,3204,2.6,2.5,628,Social Media,1,3832,Mature Low Spender,Target with social media ads
50,Female,Ahmedabad,Oppo,iOS,8.1,42.1,212.1,185,1.1,999,7.2,2.2,1461,Work,1,2460,Mature Low Spender,Target with social media ads
53,Male,Pune,Nokia,iOS,2.8,1.5,140.5,144,3.1,4521,2.3,1.4,628,Entertainment,1,5149,Mature Low Spender,Target with social media ads
57,Male,Ahmedabad,Oppo,iOS,6.1,2.2,179.3,200,5.7,2327,0.6,4.1,1445,Gaming,1,3772,Mature Low Spender,Target with social media ads
37,Female,Chennai,Motorola,Android,1.5,5.8,253.2,147,5.9,901,5.6,1.3,511,Entertainment,1,1412,Mature Low Spender,Target with social media ads
58,Other,Bangalore,Xiaomi,iOS,4.3,30.0,51.3,131,2.1,1086,3.0,3.1,1637,Social Media,1,2723,Mature Low Spender,Target with social media ads
45,Male,Jaipur,Google Pixel,Android,10.4,43.6,220.7,74,3.7,3751,5.3,0.4,751,Education,1,4502,Mature Low Spender,Target with social media ads
58,Female,Bangalore,Xiaomi,Android,11.8,2.2,128.3,88,0.6,112,6.8,0.6,1729,Social Media,1,1841,Mature Low Spender,Target with social media ads
47,Other,Kolkata,Nokia,Android,3.8,11.7,224.6,170,4.9,2999,7.4,2.7,1085,Gaming,1,4084,Mature Low Spender,Target with social media ads
57,Male,Mumbai,Nokia,iOS,3.0,14.6,6.0,78,5.1,5391,6.3,4.1,463,Entertainment,1,5854,Mature Low Spender,Target with social media ads
59,Female,Hyderabad,Motorola,Android,11.6,7.8,11.9,51,2.6,3515,3.2,4.3,1113,Social Media,1,4628,Mature Low Spender,Target with social media ads
46,Male,Bangalore,Realme,Android,7.3,31.8,119.9,175,1.4,1711,7.7,4.5,1241,Education,1,2952,Mature Low Spender,Target with social media ads
56,Female,Pune,Oppo,Android,11.1,6.0,170.3,161,5.0,5252,0.8,1.8,1014,Education,1,6266,Mature Low Spender,Target with social media ads
47,Female,Pune,Nokia,Android,9.2,36.8,168.0,105,1.7,642,4.1,4.4,256,Work,1,898,Mature Low Spender,Target with social media ads
58,Other,Chennai,Samsung,Android,11.1,42.3,162.0,24,5.4,2167,4.4,2.0,462,Entertainment,1,2629,Mature Low Spender,Target with social media ads
41,Male,Lucknow,Apple,iOS,3.3,42.1,148.7,11,2.6,1797,3.9,4.8,1893,Work,1,3690,Mature Low Spender,Target with social media ads
51,Male,Lucknow,OnePlus,iOS,3.5,18.0,275.6,93,5.6,4614,3.3,2.7,250,Education,1,4864,Mature Low Spender,Target with social media ads
44,Male,Jaipur,Google Pixel,iOS,7.2,30.4,172.1,180,0.5,974,1.8,3.8,162,Gaming,1,1136,Mature Low Spender,Target with social media ads
53,Other,Pune,OnePlus,Android,6.9,27.5,284.9,59,4.2,3443,7.2,1.3,189,Gaming,1,3632,Mature Low Spender,Target with social media ads
55,Male,Ahmedabad,Oppo,Android,6.3,41.5,139.8,42,3.2,4878,4.8,2.7,1814,Entertainment,1,6692,Mature Low Spender,Target with social media ads
55,Other,Mumbai,Vivo,Android,8.5,27.0,90.3,109,5.9,1043,7.5,0.4,1743,Social Media,1,2786,Mature Low Spender,Target with social media ads
51,Female,Mumbai,Google Pixel,iOS,3.5,39.4,144.6,196,2.5,3910,5.3,1.8,866,Entertainment,1,4776,Mature Low Spender,Target with social media ads
43,Male,Jaipur,Xiaomi,iOS,4.9,38.7,146.8,180,3.2,1973,3.9,3.8,1295,Education,1,3268,Mature Low Spender,Target with social media ads
41,Other,Chennai,OnePlus,iOS,11.9,35.7,256.6,64,5.8,114,1.1,1.3,1622,Education,1,1736,Mature Low Spender,Target with social media ads
58,Male,Pune,Nokia,Android,2.4,32.4,29.8,182,3.4,529,6.8,1.0,1166,Education,1,1695,Mature Low Spender,Target with social media ads
45,Male,Jaipur,Motorola,iOS,6.8,44.0,8.1,158,3.9,4750,1.5,3.9,1132,Education,1,5882,Mature Low Spender,Target with social media ads
44,Female,Pune,Motorola,Android,9.2,12.1,96.9,132,2.4,1086,4.7,4.6,974,Entertainment,1,2060,Mature Low Spender,Target with social media ads
59,Female,Ahmedabad,Apple,iOS,6.4,40.2,259.3,84,5.2,5616,3.0,3.0,1113,Gaming,1,6729,Mature Low Spender,Target with social media ads
52,Other,Chennai,Apple,Android,4.2,32.1,144.6,119,3.9,4792,5.9,2.0,1465,Education,1,6257,Mature Low Spender,Target with social media ads
46,Male,Delhi,Apple,iOS,9.4,47.4,108.2,56,2.9,4722,4.3,1.1,1581,Social Media,1,6303,Mature Low Spender,Target with social media ads
38,Male,Delhi,Samsung,iOS,3.2,25.7,66.5,55,5.8,543,1.3,3.1,721,Entertainment,1,1264,Mature Low Spender,Target with social media ads
37,Other,Jaipur,Samsung,iOS,7.7,15.3,282.4,118,4.6,1323,6.4,0.8,1665,Gaming,1,2988,Mature Low Spender,Target with social media ads
40,Female,Chennai,Oppo,Android,6.6,45.2,148.7,30,3.1,2110,6.7,1.1,923,Social Media,1,3033,Mature Low Spender,Target with social media ads
55,Male,Pune,Motorola,iOS,7.0,28.8,120.6,180,3.3,4533,0.6,4.0,261,Entertainment,1,4794,Mature Low Spender,Target with social media ads
51,Other,Ahmedabad,Samsung,iOS,6.4,29.4,153.0,86,3.7,6403,3.2,0.1,227,Education,1,6630,Mature Low Spender,Target with social media ads
60,Other,Pune,Google Pixel,iOS,9.4,24.2,160.9,44,5.5,138,4.5,0.6,975,Education,1,1113,Mature Low Spender,Target with social media ads
50,Male,Ahmedabad,Vivo,Android,1.7,32.1,127.9,63,4.6,4990,7.1,1.4,103,Social Media,1,5093,Mature Low Spender,Target with social media ads
56,Female,Delhi,Apple,Android,7.6,19.4,186.4,98,5.8,4027,3.3,1.5,123,Education,1,4150,Mature Low Spender,Target with social media ads
56,Female,Chennai,Oppo,iOS,3.4,19.8,239.4,79,3.1,4149,6.1,3.6,1496,Social Media,1,5645,Mature Low Spender,Target with social media ads
37,Other,Delhi,Samsung,iOS,7.4,22.1,139.1,95,6.0,1185,3.0,0.1,1855,Education,1,3040,Mature Low Spender,Target with social media ads
50,Female,Pune,Oppo,iOS,4.5,24.8,192.2,145,2.7,2394,5.1,4.0,1826,Education,1,4220,Mature Low Spender,Target with social media ads
40,Male,Chennai,Xiaomi,Android,3.2,5.9,62.2,143,1.5,1969,2.2,1.4,1180,Social Media,1,3149,Mature Low Spender,Target with social media ads
40,Male,Pune,Vivo,iOS,11.9,35.2,209.2,139,5.0,144,5.2,3.5,1795,Social Media,1,1939,Mature Low Spender,Target with social media ads
56,Other,Delhi,Motorola,Android,3.0,37.5,293.2,145,3.8,1960,1.3,0.5,1985,Education,1,3945,Mature Low Spender,Target with social media ads
36,Female,Jaipur,Xiaomi,iOS,2.1,36.7,156.3,121,5.3,1577,7.5,3.2,1555,Social Media,1,3132,Mature Low Spender,Target with social media ads
48,Male,Kolkata,Vivo,iOS,11.8,46.6,170.3,73,5.2,3921,2.0,2.0,1746,Gaming,1,5667,Mature Low Spender,Target with social media ads
60,Male,Mumbai,OnePlus,iOS,4.6,18.6,190.9,80,5.1,1878,3.1,2.4,1760,Education,1,3638,Mature Low Spender,Target with social media ads
50,Other,Hyderabad,Oppo,iOS,1.3,1.7,49.2,176,2.1,4077,3.1,3.6,1731,Gaming,1,5808,Mature Low Spender,Target with social media ads
54,Female,Bangalore,Oppo,iOS,10.1,45.5,158.0,185,1.9,324,2.8,1.4,294,Work,1,618,Mature Low Spender,Target with social media ads
56,Other,Kolkata,Vivo,iOS,11.0,37.4,228.8,27,4.3,2976,3.8,1.1,1032,Social Media,1,4008,Mature Low Spender,Target with social media ads
46,Other,Delhi,Samsung,iOS,10.3,27.6,281.1,98,3.0,926,5.7,2.5,1047,Gaming,1,1973,Mature Low Spender,Target with social media ads
51,Female,Mumbai,Realme,iOS,7.3,9.6,57.0,47,4.9,1269,4.4,2.4,676,Social Media,1,1945,Mature Low Spender,Target with social media ads
58,Female,Lucknow,Apple,iOS,11.6,23.4,285.1,67,4.6,4984,4.4,2.7,147,Work,1,5131,Mature Low Spender,Target with social media ads
50,Other,Jaipur,Vivo,Android,11.2,36.3,272.6,93,4.1,1859,0.7,0.2,1938,Education,1,3797,Mature Low Spender,Target with social media ads
57,Other,Delhi,Google Pixel,Android,6.0,49.2,219.0,186,3.9,7122,6.6,4.9,973,Education,1,8095,Mature Low Spender,Target with social media ads
58,Female,Pune,Motorola,Android,3.6,42.4,67.1,67,0.9,410,0.7,4.0,1332,Social Media,1,1742,Mature Low Spender,Target with social media ads
59,Female,Kolkata,Google Pixel,Android,3.0,46.5,219.2,144,5.9,115,6.4,4.4,1245,Gaming,1,1360,Mature Low Spender,Target with social media ads
44,Other,Lucknow,Xiaomi,iOS,4.5,4.1,177.6,36,3.1,1852,4.2,4.3,565,Social Media,1,2417,Mature Low Spender,Target with social media ads
46,Male,Lucknow,Nokia,Android,11.7,41.3,229.1,192,5.8,705,3.7,1.8,1239,Entertainment,1,1944,Mature Low Spender,Target with social media ads
50,Other,Hyderabad,Oppo,iOS,7.1,46.3,210.5,184,2.5,1950,2.4,3.0,1433,Work,1,3383,Mature Low Spender,Target with social media ads
51,Other,Pune,Oppo,Android,6.3,32.8,258.4,30,3.7,6315,0.7,4.1,1101,Entertainment,1,7416,Mature Low Spender,Target with social media ads
43,Female,Jaipur,Nokia,Android,1.2,36.2,119.2,103,1.8,253,2.7,1.7,1356,Gaming,1,1609,Mature Low Spender,Target with social media ads
41,Female,Kolkata,Xiaomi,iOS,9.5,20.1,272.4,56,3.2,4905,4.7,0.1,1376,Entertainment,1,6281,Mature Low Spender,Target with social media ads
52,Other,Mumbai,Apple,iOS,2.8,8.7,190.0,168,1.2,309,6.7,3.2,1649,Entertainment,1,1958,Mature Low Spender,Target with social media ads
41,Other,Lucknow,Oppo,iOS,4.8,27.7,192.9,66,5.9,1043,6.5,1.3,1874,Social Media,1,2917,Mature Low Spender,Target with social media ads
43,Other,Hyderabad,OnePlus,iOS,6.3,39.1,241.1,72,5.3,1288,6.2,2.2,503,Entertainment,1,1791,Mature Low Spender,Target with social media ads
48,Female,Bangalore,Realme,iOS,10.2,47.7,17.6,101,5.9,3445,5.8,2.1,1585,Gaming,1,5030,Mature Low Spender,Target with social media ads
54,Other,Delhi,Motorola,Android,2.1,24.5,190.8,24,1.3,988,0.9,0.1,1029,Social Media,1,2017,Mature Low Spender,Target with social media ads
52,Female,Chennai,Realme,iOS,10.2,38.2,122.3,167,0.9,1851,5.8,3.1,1665,Gaming,1,3516,Mature Low Spender,Target with social media ads
49,Other,Bangalore,Vivo,Android,1.1,49.0,108.5,78,4.0,5775,2.1,3.6,331,Gaming,1,6106,Mature Low Spender,Target with social media ads
35,Male,Jaipur,Nokia,Android,1.9,10.9,121.5,156,5.9,1106,3.2,4.6,594,Education,1,1700,Mature Low Spender,Target with social media ads
47,Other,Lucknow,Xiaomi,Android,7.4,32.1,215.4,16,1.0,1378,2.8,4.4,625,Gaming,1,2003,Mature Low Spender,Target with social media ads
59,Other,Hyderabad,Google Pixel,iOS,7.0,25.1,279.6,118,4.6,2590,6.5,2.5,801,Education,1,3391,Mature Low Spender,Target with social media ads
49,Other,Lucknow,Google Pixel,iOS,10.1,1.7,283.6,20,4.9,5356,5.1,2.8,934,Entertainment,1,6290,Mature Low Spender,Target with social media ads
54,Female,Jaipur,Google Pixel,Android,4.8,47.8,184.8,112,3.6,3573,1.4,0.2,1396,Social Media,1,4969,Mature Low Spender,Target with social media ads
45,Female,Mumbai,Samsung,iOS,8.2,39.7,288.6,11,5.9,3579,2.3,1.1,470,Education,1,4049,Mature Low Spender,Target with social media ads
57,Other,Ahmedabad,Xiaomi,iOS,11.4,43.3,122.7,109,5.2,4733,7.3,3.9,1671,Social Media,1,6404,Mature Low Spender,Target with social media ads
43,Female,Mumbai,Apple,iOS,8.1,22.1,171.8,142,5.3,609,1.0,1.0,566,Entertainment,1,1175,Mature Low Spender,Target with social media ads
43,Female,Kolkata,Xiaomi,Android,8.4,18.7,72.0,95,2.5,2159,7.2,3.0,1717,Entertainment,1,3876,Mature Low Spender,Target with social media ads
58,Female,Kolkata,Realme,iOS,3.8,33.1,73.9,104,1.4,1534,5.3,1.8,1855,Social Media,1,3389,Mature Low Spender,Target with social media ads
40,Other,Bangalore,Xiaomi,iOS,4.0,34.9,77.4,127,5.8,1404,5.8,0.1,278,Gaming,1,1682,Mature Low Spender,Target with social media ads
47,Other,Chennai,Vivo,Android,3.8,20.5,164.7,108,5.5,3391,0.8,1.7,164,Work,1,3555,Mature Low Spender,Target with social media ads
58,Other,Ahmedabad,Realme,Android,1.6,22.1,228.3,87,4.2,1233,2.3,2.9,1151,Entertainment,1,2384,Mature Low Spender,Target with social media ads
47,Other,Chennai,Apple,Android,6.3,40.5,67.0,195,6.0,1807,1.5,2.0,758,Education,1,2565,Mature Low Spender,Target with social media ads
55,Male,Mumbai,Oppo,Android,8.8,16.3,111.6,24,2.8,3500,4.8,0.0,826,Entertainment,1,4326,Mature Low Spender,Target with social media ads
46,Other,Delhi,Oppo,Android,8.9,49.6,14.5,99,4.7,226,5.8,4.9,880,Education,1,1106,Mature Low Spender,Target with social media ads
40,Other,Mumbai,Google Pixel,Android,2.6,43.8,119.3,142,3.9,2029,3.0,3.6,1663,Entertainment,1,3692,Mature Low Spender,Target with social media ads
52,Female,Hyderabad,OnePlus,Android,10.0,49.2,249.0,56,4.6,3669,0.8,3.6,1771,Social Media,1,5440,Mature Low Spender,Target with social media ads
47,Other,Ahmedabad,Vivo,iOS,9.8,43.3,288.7,16,3.3,3688,3.7,4.9,287,Entertainment,1,3975,Mature Low Spender,Target with social media ads
49,Female,Chennai,Vivo,Android,11.6,8.0,79.7,120,5.4,2397,7.4,1.8,343,Education,1,2740,Mature Low Spender,Target with social media ads
57,Female,Chennai,Samsung,iOS,4.6,43.3,198.1,67,3.9,2557,4.6,3.1,1155,Education,1,3712,Mature Low Spender,Target with social media ads
44,Female,Kolkata,Oppo,Android,3.2,48.3,112.6,53,4.0,3907,8.0,0.7,447,Gaming,1,4354,Mature Low Spender,Target with social media ads
42,Other,Delhi,Realme,Android,5.6,1.6,77.5,70,3.8,2387,7.6,1.9,118,Education,1,2505,Mature Low Spender,Target with social media ads
56,Male,Jaipur,Oppo,Android,6.1,26.0,189.5,163,1.0,976,1.7,3.4,997,Gaming,1,1973,Mature Low Spender,Target with social media ads
54,Male,Hyderabad,Xiaomi,Android,1.2,24.4,143.0,54,3.2,2808,1.5,3.3,336,Social Media,1,3144,Mature Low Spender,Target with social media ads
53,Other,Bangalore,Google Pixel,Android,5.8,14.4,159.3,156,1.1,2323,5.8,0.8,745,Work,1,3068,Mature Low Spender,Target with social media ads
52,Other,Hyderabad,Realme,Android,9.7,21.3,115.0,197,2.2,1638,6.8,4.8,869,Gaming,1,2507,Mature Low Spender,Target with social media ads
45,Other,Lucknow,Samsung,Android,4.6,7.6,194.3,117,1.1,150,4.1,4.3,1828,Entertainment,1,1978,Mature Low Spender,Target with social media ads
43,Female,Pune,Realme,Android,5.3,29.4,173.6,173,4.6,3965,0.5,2.6,289,Gaming,1,4254,Mature Low Spender,Target with social media ads
42,Male,Chennai,Realme,Android,4.1,32.9,286.9,16,5.2,4239,1.2,2.5,906,Entertainment,1,5145,Mature Low Spender,Target with social media ads
51,Male,Ahmedabad,Apple,Android,8.2,25.9,232.0,177,4.9,3481,6.6,0.1,969,Gaming,1,4450,Mature Low Spender,Target with social media ads
50,Other,Bangalore,Apple,iOS,7.2,48.4,291.5,16,3.2,2887,7.7,1.5,1745,Work,1,4632,Mature Low Spender,Target with social media ads
46,Female,Hyderabad,Xiaomi,iOS,9.3,40.8,84.0,146,1.6,2773,4.5,4.9,236,Gaming,1,3009,Mature Low Spender,Target with social media ads
50,Male,Delhi,Apple,iOS,10.3,22.0,259.9,39,1.3,2198,2.1,0.3,263,Social Media,1,2461,Mature Low Spender,Target with social media ads
57,Female,Ahmedabad,Xiaomi,iOS,9.5,7.8,263.9,37,3.0,631,3.6,1.4,1517,Education,1,2148,Mature Low Spender,Target with social media ads
54,Female,Hyderabad,Samsung,Android,4.2,48.0,79.6,53,1.6,893,5.4,0.4,1815,Entertainment,1,2708,Mature Low Spender,Target with social media ads
43,Male,Jaipur,Xiaomi,iOS,7.8,20.0,235.2,130,3.6,539,2.5,3.3,355,Gaming,1,894,Mature Low Spender,Target with social media ads
48,Female,Chennai,Nokia,Android,2.3,27.9,27.1,86,1.9,2914,7.5,1.5,1287,Education,1,4201,Mature Low Spender,Target with social media ads
48,Other,Delhi,Motorola,iOS,7.3,2.3,72.9,32,4.5,5311,8.0,0.7,605,Work,1,5916,Mature Low Spender,Target with social media ads
53,Other,Bangalore,Xiaomi,iOS,11.1,29.1,182.6,46,2.0,914,1.2,0.5,709,Gaming,1,1623,Mature Low Spender,Target with social media ads
49,Female,Mumbai,Apple,iOS,4.1,8.5,38.9,128,2.9,4776,2.0,2.3,663,Entertainment,1,5439,Mature Low Spender,Target with social media ads
53,Male,Jaipur,Motorola,iOS,2.8,47.5,249.8,145,3.9,1195,4.0,0.8,930,Education,1,2125,Mature Low Spender,Target with social media ads
58,Other,Kolkata,Apple,Android,9.3,35.7,66.7,23,3.3,2446,2.8,0.0,1162,Entertainment,1,3608,Mature Low Spender,Target with social media ads
39,Male,Bangalore,OnePlus,Android,7.8,28.0,65.1,60,3.5,2341,3.9,0.7,1373,Entertainment,1,3714,Mature Low Spender,Target with social media ads
44,Female,Pune,Vivo,iOS,6.8,48.0,48.9,105,3.8,985,1.6,0.8,432,Entertainment,1,1417,Mature Low Spender,Target with social media ads
44,Other,Ahmedabad,Nokia,iOS,5.4,15.4,166.0,56,4.9,2688,2.7,0.1,1559,Entertainment,1,4247,Mature Low Spender,Target with social media ads
53,Male,Lucknow,Xiaomi,Android,1.1,2.6,262.3,106,5.1,4074,2.0,3.5,990,Entertainment,1,5064,Mature Low Spender,Target with social media ads
42,Male,Hyderabad,Apple,iOS,9.4,43.5,223.2,47,3.9,2097,4.1,0.0,1789,Education,1,3886,Mature Low Spender,Target with social media ads
54,Male,Kolkata,Vivo,Android,6.3,22.0,219.6,168,1.2,3250,3.3,1.6,246,Gaming,1,3496,Mature Low Spender,Target with social media ads
47,Female,Ahmedabad,Samsung,iOS,7.3,32.8,106.0,104,5.9,3448,8.0,0.2,1031,Work,1,4479,Mature Low Spender,Target with social media ads
43,Male,Ahmedabad,Google Pixel,iOS,4.7,10.9,134.6,175,2.6,2430,3.5,3.3,1278,Education,1,3708,Mature Low Spender,Target with social media ads
58,Male,Delhi,Motorola,Android,9.4,34.3,294.3,176,3.4,4138,3.3,0.9,115,Entertainment,1,4253,Mature Low Spender,Target with social media ads
36,Male,Ahmedabad,Google Pixel,Android,6.5,35.1,123.5,55,5.8,689,1.3,1.2,546,Entertainment,1,1235,Mature Low Spender,Target with social media ads
51,Female,Chennai,Xiaomi,Android,6.0,15.1,256.7,162,5.3,5217,3.1,3.1,406,Education,1,5623,Mature Low Spender,Target with social media ads
58,Other,Jaipur,Nokia,Android,11.6,39.8,19.8,148,1.7,2193,1.6,4.2,1238,Education,1,3431,Mature Low Spender,Target with social media ads
49,Female,Pune,Vivo,iOS,10.0,22.8,294.6,73,2.1,2930,0.9,3.1,1008,Social Media,1,3938,Mature Low Spender,Target with social media ads
46,Male,Lucknow,Oppo,Android,1.8,17.7,81.6,20,3.7,4597,6.8,4.3,1453,Gaming,1,6050,Mature Low Spender,Target with social media ads
55,Male,Jaipur,Motorola,iOS,6.7,24.1,287.4,71,3.5,1555,7.0,5.0,342,Gaming,1,1897,Mature Low Spender,Target with social media ads
59,Other,Mumbai,Oppo,Android,7.1,31.2,253.0,140,4.0,7495,2.3,3.1,594,Gaming,1,8089,Mature Low Spender,Target with social media ads
57,Other,Lucknow,Samsung,iOS,11.8,28.3,141.2,106,0.7,2604,4.0,3.9,829,Education,1,3433,Mature Low Spender,Target with social media ads
49,Male,Kolkata,Motorola,Android,8.5,7.8,145.6,57,1.0,1965,5.7,2.8,1378,Education,1,3343,Mature Low Spender,Target with social media ads
56,Male,Delhi,OnePlus,Android,8.6,12.9,108.8,11,4.5,5261,6.8,2.2,894,Education,1,6155,Mature Low Spender,Target with social media ads
46,Male,Ahmedabad,Oppo,Android,4.3,21.2,166.1,22,1.9,3045,7.8,0.7,104,Work,1,3149,Mature Low Spender,Target with social media ads
46,Female,Mumbai,Motorola,Android,7.0,37.3,180.6,182,4.6,4915,3.8,4.6,731,Social Media,1,5646,Mature Low Spender,Target with social media ads
56,Male,Jaipur,Google Pixel,Android,7.1,1.2,208.2,151,1.4,3552,2.0,4.0,1009,Social Media,1,4561,Mature Low Spender,Target with social media ads
55,Male,Chennai,OnePlus,Android,5.5,34.5,187.3,149,2.2,136,6.5,2.8,1870,Entertainment,1,2006,Mature Low Spender,Target with social media ads
50,Other,Pune,Google Pixel,iOS,6.5,21.1,245.0,14,2.2,945,2.6,1.5,1146,Entertainment,1,2091,Mature Low Spender,Target with social media ads
54,Female,Delhi,Google Pixel,iOS,4.6,36.8,7.2,147,2.9,1774,4.8,3.3,622,Social Media,1,2396,Mature Low Spender,Target with social media ads
46,Male,Chennai,Apple,iOS,3.9,8.0,136.8,75,3.7,1363,4.6,1.8,1770,Work,1,3133,Mature Low Spender,Target with social media ads
55,Female,Mumbai,Nokia,Android,5.8,5.8,264.5,186,3.2,2728,2.9,3.5,739,Gaming,1,3467,Mature Low Spender,Target with social media ads
58,Female,Jaipur,Realme,iOS,11.3,22.2,20.3,105,3.1,1124,5.5,3.1,417,Gaming,1,1541,Mature Low Spender,Target with social media ads
58,Male,Chennai,Samsung,iOS,6.4,10.2,17.8,117,3.9,833,4.7,3.7,1143,Gaming,1,1976,Mature Low Spender,Target with social media ads
57,Other,Hyderabad,Motorola,Android,4.7,3.2,128.7,170,1.6,3262,4.2,1.2,1231,Social Media,1,4493,Mature Low Spender,Target with social media ads
51,Male,Lucknow,Xiaomi,iOS,2.0,44.6,133.1,154,5.2,4457,6.1,2.3,571,Social Media,1,5028,Mature Low Spender,Target with social media ads
39,Female,Kolkata,Apple,Android,10.7,17.0,283.7,112,3.3,861,5.6,3.5,653,Education,1,1514,Mature Low Spender,Target with social media ads
49,Female,Kolkata,Oppo,iOS,3.9,5.0,282.0,10,3.0,1665,5.1,0.9,1083,Gaming,1,2748,Mature Low Spender,Target with social media ads
46,Male,Pune,Realme,iOS,5.5,14.4,237.9,25,5.9,1597,4.2,0.5,1657,Education,1,3254,Mature Low Spender,Target with social media ads
41,Other,Delhi,Realme,iOS,4.6,14.5,245.6,114,3.3,4835,6.2,2.2,1863,Work,1,6698,Mature Low Spender,Target with social media ads
53,Male,Kolkata,Realme,Android,6.3,15.8,21.3,33,0.6,332,6.6,2.5,986,Gaming,1,1318,Mature Low Spender,Target with social media ads
59,Female,Jaipur,Vivo,iOS,7.7,34.0,138.0,185,0.6,3456,3.1,3.5,604,Education,1,4060,Mature Low Spender,Target with social media ads
47,Female,Ahmedabad,Oppo,iOS,11.3,26.0,52.4,149,4.8,2135,2.3,4.6,1600,Entertainment,1,3735,Mature Low Spender,Target with social media ads
42,Male,Pune,Apple,Android,9.5,24.9,222.5,134,4.3,2384,6.1,4.1,1200,Work,1,3584,Mature Low Spender,Target with social media ads
51,Male,Hyderabad,Motorola,iOS,1.4,25.3,39.6,119,1.1,1077,1.8,1.4,666,Social Media,1,1743,Mature Low Spender,Target with social media ads
46,Other,Jaipur,Xiaomi,iOS,9.4,7.3,190.7,104,4.0,1583,6.2,3.1,450,Gaming,1,2033,Mature Low Spender,Target with social media ads
39,Male,Mumbai,Vivo,Android,11.7,47.1,44.3,194,5.6,921,3.1,1.4,1630,Gaming,1,2551,Mature Low Spender,Target with social media ads
37,Male,Mumbai,Nokia,Android,11.7,11.5,21.6,113,4.0,1829,1.2,2.1,628,Social Media,1,2457,Mature Low Spender,Target with social media ads
56,Male,Delhi,Xiaomi,Android,2.3,44.0,8.4,42,2.8,1412,4.1,4.4,824,Work,1,2236,Mature Low Spender,Target with social media ads
49,Other,Kolkata,Oppo,Android,5.3,17.9,156.0,146,2.5,1171,3.7,3.7,1883,Social Media,1,3054,Mature Low Spender,Target with social media ads
57,Female,Chennai,OnePlus,Android,10.3,29.3,28.6,51,5.3,4319,5.5,2.8,777,Work,1,5096,Mature Low Spender,Target with social media ads
37,Female,Kolkata,Motorola,iOS,9.4,12.2,72.2,26,4.9,569,6.2,4.9,923,Entertainment,1,1492,Mature Low Spender,Target with social media ads
59,Female,Bangalore,Motorola,Android,7.5,41.3,62.3,37,4.4,6307,0.8,2.2,362,Work,1,6669,Mature Low Spender,Target with social media ads
36,Other,Hyderabad,Nokia,Android,4.2,5.3,92.8,194,4.8,2741,4.7,4.0,932,Entertainment,1,3673,Mature Low Spender,Target with social media ads
41,Female,Chennai,Nokia,iOS,2.9,7.9,121.5,174,3.9,3300,5.8,1.2,667,Social Media,1,3967,Mature Low Spender,Target with social media ads
52,Other,Delhi,Xiaomi,iOS,8.1,39.3,91.9,82,5.7,5041,6.3,1.9,1065,Gaming,1,6106,Mature Low Spender,Target with social media ads
50,Male,Mumbai,Samsung,Android,11.4,24.5,135.9,127,4.7,4734,4.9,0.7,1957,Education,1,6691,Mature Low Spender,Target with social media ads
53,Other,Hyderabad,Google Pixel,Android,2.6,18.0,229.6,10,1.5,1286,3.7,2.7,926,Entertainment,1,2212,Mature Low Spender,Target with social media ads
59,Female,Delhi,Vivo,Android,4.6,10.1,231.8,70,3.9,7515,5.4,1.0,1819,Social Media,1,9334,Mature Low Spender,Target with social media ads
48,Other,Ahmedabad,Realme,Android,6.6,44.0,264.1,30,2.7,1104,3.0,4.1,1615,Gaming,1,2719,Mature Low Spender,Target with social media ads
56,Male,Chennai,OnePlus,iOS,1.3,40.9,166.8,58,3.8,1378,3.6,1.5,856,Entertainment,1,2234,Mature Low Spender,Target with social media ads
38,Female,Delhi,OnePlus,iOS,1.1,24.1,212.2,15,3.5,1288,1.1,3.1,1577,Social Media,1,2865,Mature Low Spender,Target with social media ads
55,Other,Bangalore,OnePlus,iOS,10.9,39.6,80.2,196,3.4,1954,0.8,4.9,261,Social Media,1,2215,Mature Low Spender,Target with social media ads
55,Female,Ahmedabad,Motorola,iOS,9.7,40.4,58.6,98,4.8,3419,2.4,0.1,1058,Social Media,1,4477,Mature Low Spender,Target with social media ads
51,Other,Jaipur,Google Pixel,Android,5.0,17.7,244.7,115,4.4,1776,5.3,0.0,1372,Social Media,1,3148,Mature Low Spender,Target with social media ads
41,Female,Chennai,Xiaomi,iOS,1.3,8.1,193.5,177,4.3,1974,3.9,3.0,1877,Work,1,3851,Mature Low Spender,Target with social media ads
45,Male,Mumbai,Nokia,iOS,9.0,49.6,193.2,103,2.5,1774,6.5,4.4,679,Education,1,2453,Mature Low Spender,Target with social media ads
48,Other,Delhi,Vivo,iOS,7.0,19.0,197.4,93,4.8,5052,2.1,0.5,1648,Gaming,1,6700,Mature Low Spender,Target with social media ads
41,Other,Ahmedabad,Motorola,iOS,9.6,3.3,226.5,118,2.0,263,5.5,3.1,1077,Education,1,1340,Mature Low Spender,Target with social media ads
46,Female,Bangalore,Realme,iOS,2.9,1.0,99.4,159,2.6,1387,7.1,3.6,771,Gaming,1,2158,Mature Low Spender,Target with social media ads
41,Male,Bangalore,Oppo,Android,2.1,33.0,73.9,11,5.7,270,4.9,2.1,1097,Education,1,1367,Mature Low Spender,Target with social media ads
48,Male,Kolkata,Oppo,Android,2.8,7.1,16.3,97,2.1,639,5.0,1.8,1997,Social Media,1,2636,Mature Low Spender,Target with social media ads
52,Male,Lucknow,Motorola,Android,2.0,45.0,139.8,195,2.8,2267,4.1,2.1,785,Gaming,1,3052,Mature Low Spender,Target with social media ads
43,Other,Jaipur,Vivo,iOS,5.7,8.5,101.4,19,4.2,880,2.2,1.9,257,Social Media,1,1137,Mature Low Spender,Target with social media ads
57,Male,Kolkata,Motorola,Android,3.4,37.7,24.4,19,2.6,337,4.1,0.8,1103,Entertainment,1,1440,Mature Low Spender,Target with social media ads
54,Other,Lucknow,Google Pixel,iOS,2.6,48.6,172.3,72,4.2,2097,0.7,3.8,1843,Gaming,1,3940,Mature Low Spender,Target with social media ads
56,Other,Jaipur,Realme,iOS,7.8,8.2,26.8,162,4.8,3753,2.1,3.8,751,Entertainment,1,4504,Mature Low Spender,Target with social media ads
53,Male,Jaipur,Apple,iOS,1.3,48.7,185.7,101,2.3,2046,5.9,3.5,1332,Work,1,3378,Mature Low Spender,Target with social media ads
56,Male,Chennai,Motorola,iOS,10.7,26.9,199.3,159,2.9,1545,1.9,4.6,226,Gaming,1,1771,Mature Low Spender,Target with social media ads
57,Other,Kolkata,Motorola,iOS,3.1,31.7,147.2,50,2.3,321,1.2,2.9,1426,Work,1,1747,Mature Low Spender,Target with social media ads
48,Male,Bangalore,Google Pixel,Android,1.4,34.0,267.1,24,3.8,1025,5.6,4.6,249,Social Media,1,1274,Mature Low Spender,Target with social media ads
60,Other,Jaipur,Google Pixel,iOS,9.6,10.7,200.7,176,3.3,4080,2.3,1.8,108,Social Media,1,4188,Mature Low Spender,Target with social media ads
49,Other,Chennai,Google Pixel,Android,8.1,49.3,252.5,147,5.5,1287,2.9,3.6,1585,Work,1,2872,Mature Low Spender,Target with social media ads
60,Other,Bangalore,Motorola,iOS,7.9,32.8,27.9,89,5.1,2815,3.9,3.6,1206,Work,1,4021,Mature Low Spender,Target with social media ads
60,Other,Chennai,Google Pixel,Android,8.9,27.4,259.7,154,1.9,2644,7.9,1.5,410,Social Media,1,3054,Mature Low Spender,Target with social media ads
39,Female,Mumbai,Apple,iOS,11.8,13.9,214.2,116,3.0,4534,1.4,0.9,746,Work,1,5280,Mature Low Spender,Target with social media ads
53,Female,Jaipur,Google Pixel,Android,6.8,24.1,213.5,184,6.0,4713,1.2,4.2,536,Work,1,5249,Mature Low Spender,Target with social media ads
44,Other,Kolkata,Vivo,iOS,6.5,36.9,47.8,81,5.8,3249,0.6,3.1,1401,Work,1,4650,Mature Low Spender,Target with social media ads
40,Female,Mumbai,OnePlus,iOS,7.8,9.3,24.7,146,2.3,2393,4.1,3.2,1488,Social Media,1,3881,Mature Low Spender,Target with social media ads
56,Male,Hyderabad,Vivo,Android,7.0,9.0,275.0,64,0.6,2235,3.0,2.5,1546,Gaming,1,3781,Mature Low Spender,Target with social media ads
52,Other,Chennai,Motorola,iOS,6.3,43.5,216.8,103,3.7,4056,7.8,4.3,1623,Entertainment,1,5679,Mature Low Spender,Target with social media ads
56,Female,Chennai,Vivo,iOS,9.0,15.9,165.2,145,5.7,5651,7.5,2.4,241,Education,1,5892,Mature Low Spender,Target with social media ads
49,Male,Delhi,Vivo,Android,10.8,31.1,163.4,189,2.8,3870,3.1,0.4,679,Work,1,4549,Mature Low Spender,Target with social media ads
43,Male,Lucknow,Xiaomi,Android,9.4,15.4,262.1,46,4.3,4415,2.8,1.0,847,Social Media,1,5262,Mature Low Spender,Target with social media ads
47,Male,Pune,Motorola,iOS,1.5,37.2,26.7,162,3.9,2300,2.2,1.4,165,Social Media,1,2465,Mature Low Spender,Target with social media ads
46,Male,Ahmedabad,Xiaomi,iOS,6.8,47.8,153.1,82,2.8,135,3.0,0.4,1415,Gaming,1,1550,Mature Low Spender,Target with social media ads
60,Female,Delhi,Vivo,Android,2.8,4.6,44.6,23,1.3,2798,5.0,2.0,447,Work,1,3245,Mature Low Spender,Target with social media ads
59,Other,Mumbai,Vivo,iOS,9.3,21.7,86.2,18,3.3,2571,3.7,2.0,798,Gaming,1,3369,Mature Low Spender,Target with social media ads
46,Other,Lucknow,Xiaomi,iOS,11.2,11.2,46.3,19,4.6,4793,2.6,3.4,1016,Social Media,1,5809,Mature Low Spender,Target with social media ads
59,Female,Pune,Google Pixel,Android,3.9,34.4,192.5,93,2.7,3888,4.5,0.6,1959,Social Media,1,5847,Mature Low Spender,Target with social media ads
49,Other,Bangalore,Realme,iOS,12.0,16.2,60.8,192,3.7,1988,6.9,1.9,628,Education,1,2616,Mature Low Spender,Target with social media ads
54,Female,Ahmedabad,Oppo,iOS,5.5,39.4,207.3,122,0.5,1097,7.1,4.6,698,Education,1,1795,Mature Low Spender,Target with social media ads
58,Male,Jaipur,Apple,iOS,4.3,19.9,46.8,74,1.4,475,7.0,2.6,1323,Entertainment,1,1798,Mature Low Spender,Target with social media ads
46,Male,Pune,Google Pixel,Android,11.3,46.3,127.3,10,3.0,4611,7.7,0.5,1178,Work,1,5789,Mature Low Spender,Target with social media ads
45,Male,Delhi,Google Pixel,Android,11.0,36.6,255.3,25,5.8,4348,1.1,0.7,417,Social Media,1,4765,Mature Low Spender,Target with social media ads
55,Other,Mumbai,OnePlus,iOS,2.5,2.0,102.5,105,3.4,2293,5.0,5.0,1495,Entertainment,1,3788,Mature Low Spender,Target with social media ads
58,Male,Pune,Vivo,iOS,4.6,15.5,166.3,41,4.9,2422,2.8,2.5,1786,Entertainment,1,4208,Mature Low Spender,Target with social media ads
60,Male,Hyderabad,Google Pixel,Android,6.8,45.5,194.0,22,4.3,3558,1.0,0.0,227,Work,1,3785,Mature Low Spender,Target with social media ads
40,Other,Hyderabad,Vivo,iOS,9.1,8.1,218.1,17,3.9,3368,3.3,3.3,1190,Education,1,4558,Mature Low Spender,Target with social media ads
51,Other,Delhi,Realme,iOS,4.3,47.7,261.9,174,1.9,1124,2.7,3.8,911,Social Media,1,2035,Mature Low Spender,Target with social media ads
38,Other,Jaipur,OnePlus,Android,1.4,37.3,56.6,154,4.7,2510,2.9,4.0,690,Education,1,3200,Mature Low Spender,Target with social media ads
49,Female,Kolkata,Samsung,Android,2.4,3.2,267.2,180,2.1,4100,2.4,0.1,161,Gaming,1,4261,Mature Low Spender,Target with social media ads
40,Female,Lucknow,OnePlus,Android,8.9,1.1,89.3,65,5.2,546,2.8,0.4,1600,Social Media,1,2146,Mature Low Spender,Target with social media ads
44,Female,Pune,Oppo,Android,10.5,37.9,75.9,13,1.9,1985,4.6,0.1,1503,Education,1,3488,Mature Low Spender,Target with social media ads
41,Other,Ahmedabad,Apple,iOS,4.4,16.6,110.9,117,5.2,1256,4.2,4.8,1690,Gaming,1,2946,Mature Low Spender,Target with social media ads
58,Female,Ahmedabad,Nokia,Android,7.1,3.6,185.6,133,2.9,3865,6.8,4.3,182,Social Media,1,4047,Mature Low Spender,Target with social media ads
57,Female,Ahmedabad,Apple,iOS,7.8,38.4,274.2,127,4.4,2331,0.8,0.5,1379,Education,1,3710,Mature Low Spender,Target with social media ads
47,Male,Kolkata,Realme,Android,1.7,18.0,138.5,79,4.9,3228,4.5,3.6,130,Work,1,3358,Mature Low Spender,Target with social media ads
53,Other,Kolkata,Samsung,Android,10.4,21.5,139.1,165,2.6,2793,7.7,1.0,1295,Work,1,4088,Mature Low Spender,Target with social media ads
44,Other,Mumbai,OnePlus,Android,3.2,31.1,18.4,18,2.9,2781,7.8,4.6,1335,Entertainment,1,4116,Mature Low Spender,Target with social media ads
58,Male,Kolkata,OnePlus,iOS,1.1,46.4,156.4,188,4.4,2218,1.5,2.6,1763,Entertainment,1,3981,Mature Low Spender,Target with social media ads
52,Other,Mumbai,Vivo,iOS,7.1,3.1,299.2,37,5.5,2217,2.1,2.2,1755,Social Media,1,3972,Mature Low Spender,Target with social media ads
44,Other,Jaipur,Nokia,iOS,3.3,48.5,179.5,156,2.1,656,5.0,1.2,1048,Work,1,1704,Mature Low Spender,Target with social media ads
51,Male,Mumbai,Motorola,iOS,11.2,4.8,213.2,89,5.8,1827,2.4,3.1,1528,Entertainment,1,3355,Mature Low Spender,Target with social media ads
56,Male,Delhi,Xiaomi,Android,11.0,24.4,119.2,42,1.5,4014,4.4,2.0,1493,Gaming,1,5507,Mature Low Spender,Target with social media ads
59,Female,Hyderabad,Nokia,Android,10.9,41.4,112.9,108,2.8,1779,6.2,0.0,187,Social Media,1,1966,Mature Low Spender,Target with social media ads
52,Male,Pune,Vivo,iOS,2.3,10.7,210.1,10,3.9,1779,6.0,0.2,1231,Work,1,3010,Mature Low Spender,Target with social media ads
48,Female,Kolkata,Xiaomi,Android,2.6,10.4,83.0,125,1.7,3883,2.8,1.4,935,Education,1,4818,Mature Low Spender,Target with social media ads
41,Female,Mumbai,Apple,Android,4.7,19.9,206.9,33,5.9,2333,3.9,1.9,1381,Entertainment,1,3714,Mature Low Spender,Target with social media ads
45,Female,Ahmedabad,Nokia,Android,4.2,38.2,146.2,163,2.0,2998,7.0,2.4,503,Gaming,1,3501,Mature Low Spender,Target with social media ads
56,Other,Hyderabad,Samsung,Android,4.4,6.8,32.8,69,5.8,1758,2.0,4.8,1477,Social Media,1,3235,Mature Low Spender,Target with social media ads
56,Other,Lucknow,Google Pixel,Android,2.1,12.2,200.6,115,3.4,749,2.3,2.5,1568,Education,1,2317,Mature Low Spender,Target with social media ads
53,Male,Lucknow,Google Pixel,iOS,2.9,35.3,267.6,89,4.1,829,2.6,1.9,238,Gaming,1,1067,Mature Low Spender,Target with social media ads
50,Female,Delhi,Nokia,Android,1.5,25.1,265.8,22,3.6,1380,0.8,0.8,909,Entertainment,1,2289,Mature Low Spender,Target with social media ads
52,Female,Chennai,Xiaomi,iOS,4.0,23.9,280.8,34,1.1,1684,4.5,1.0,1277,Education,1,2961,Mature Low Spender,Target with social media ads
44,Male,Bangalore,Google Pixel,iOS,3.6,32.6,250.9,46,2.8,4076,5.7,1.0,1180,Entertainment,1,5256,Mature Low Spender,Target with social media ads
44,Other,Ahmedabad,Nokia,Android,5.2,15.6,25.1,129,5.8,2937,5.7,4.2,1452,Work,1,4389,Mature Low Spender,Target with social media ads
58,Male,Bangalore,Google Pixel,iOS,6.2,42.3,62.2,153,5.9,716,5.7,2.5,235,Entertainment,1,951,Mature Low Spender,Target with social media ads
54,Male,Ahmedabad,Oppo,Android,11.8,46.9,186.1,34,1.8,2065,2.9,3.2,1817,Gaming,1,3882,Mature Low Spender,Target with social media ads
49,Female,Delhi,OnePlus,iOS,1.6,39.8,232.3,169,4.4,2624,2.2,2.8,1172,Education,1,3796,Mature Low Spender,Target with social media ads
42,Female,Jaipur,Apple,Android,11.2,10.9,135.8,95,3.1,309,0.8,3.0,952,Social Media,1,1261,Mature Low Spender,Target with social media ads
44,Other,Hyderabad,Apple,Android,4.4,19.4,14.5,192,4.5,2119,1.3,3.7,1350,Social Media,1,3469,Mature Low Spender,Target with social media ads
40,Female,Mumbai,Samsung,iOS,3.8,47.3,78.7,163,4.4,584,2.3,2.8,341,Gaming,1,925,Mature Low Spender,Target with social media ads
58,Female,Kolkata,Motorola,iOS,2.0,45.3,110.3,115,2.5,1002,6.7,4.7,1104,Entertainment,1,2106,Mature Low Spender,Target with social media ads
45,Other,Lucknow,OnePlus,iOS,2.9,27.9,138.7,93,3.0,4613,5.8,0.5,339,Education,1,4952,Mature Low Spender,Target with social media ads
45,Male,Chennai,Samsung,iOS,9.4,33.2,74.9,71,2.1,3436,7.8,1.4,1719,Entertainment,1,5155,Mature Low Spender,Target with social media ads
49,Other,Kolkata,Apple,iOS,5.7,16.9,29.9,11,4.5,1506,1.8,1.0,433,Social Media,1,1939,Mature Low Spender,Target with social media ads
53,Other,Ahmedabad,Samsung,iOS,8.2,4.2,286.3,62,5.1,2967,2.3,2.4,275,Entertainment,1,3242,Mature Low Spender,Target with social media ads
53,Other,Kolkata,OnePlus,Android,9.2,48.9,157.4,141,4.2,4804,5.1,3.9,1439,Gaming,1,6243,Mature Low Spender,Target with social media ads
57,Other,Jaipur,OnePlus,Android,4.5,13.2,245.0,108,5.3,4996,6.1,4.9,873,Work,1,5869,Mature Low Spender,Target with social media ads
60,Other,Pune,Motorola,iOS,3.8,23.7,246.3,188,1.7,828,6.2,3.8,224,Work,1,1052,Mature Low Spender,Target with social media ads
55,Other,Lucknow,Samsung,iOS,10.7,38.0,236.4,131,2.7,4987,4.0,1.5,353,Entertainment,1,5340,Mature Low Spender,Target with social media ads
42,Other,Lucknow,OnePlus,Android,4.3,44.8,187.1,20,5.8,2548,7.4,3.5,831,Work,1,3379,Mature Low Spender,Target with social media ads
49,Other,Jaipur,Nokia,Android,3.9,29.1,31.3,118,5.3,2618,7.7,2.8,1265,Gaming,1,3883,Mature Low Spender,Target with social media ads
43,Other,Pune,Samsung,iOS,8.4,22.0,182.5,170,2.4,2416,7.6,1.8,1376,Entertainment,1,3792,Mature Low Spender,Target with social media ads
52,Male,Ahmedabad,Apple,iOS,11.7,39.4,5.8,198,3.9,6131,5.8,0.2,197,Social Media,1,6328,Mature Low Spender,Target with social media ads
48,Other,Chennai,Oppo,iOS,9.8,30.8,265.6,82,1.6,2123,3.5,2.0,1077,Education,1,3200,Mature Low Spender,Target with social media ads
51,Male,Ahmedabad,Oppo,Android,12.0,25.0,170.1,10,5.2,4511,7.8,3.9,916,Gaming,1,5427,Mature Low Spender,Target with social media ads
43,Female,Kolkata,Oppo,Android,8.6,29.7,56.4,195,2.3,1679,5.4,2.2,1577,Work,1,3256,Mature Low Spender,Target with social media ads
37,Other,Mumbai,Motorola,Android,2.3,40.1,59.5,103,5.9,1103,7.3,0.8,1595,Gaming,1,2698,Mature Low Spender,Target with social media ads
55,Male,Bangalore,Google Pixel,Android,2.7,19.7,84.0,66,4.6,3309,1.6,4.0,1060,Gaming,1,4369,Mature Low Spender,Target with social media ads
42,Other,Delhi,Oppo,iOS,6.4,20.9,59.9,121,2.4,2015,5.3,1.2,1386,Education,1,3401,Mature Low Spender,Target with social media ads
54,Male,Bangalore,Motorola,iOS,5.7,40.2,20.4,18,2.7,210,7.6,4.3,1679,Gaming,1,1889,Mature Low Spender,Target with social media ads
57,Male,Bangalore,Nokia,Android,7.5,39.2,62.4,191,3.4,5919,1.7,4.5,1623,Work,1,7542,Mature Low Spender,Target with social media ads
59,Other,Kolkata,Oppo,Android,11.7,49.3,23.5,21,2.7,3085,7.6,1.2,1262,Entertainment,1,4347,Mature Low Spender,Target with social media ads
52,Male,Bangalore,Oppo,Android,7.4,17.9,250.6,22,2.3,4657,6.3,2.7,1968,Gaming,1,6625,Mature Low Spender,Target with social media ads
58,Other,Hyderabad,Google Pixel,iOS,8.5,27.7,163.5,83,5.2,6008,7.5,3.9,797,Social Media,1,6805,Mature Low Spender,Target with social media ads
52,Male,Mumbai,Nokia,Android,9.2,39.3,14.2,196,5.4,399,7.1,4.9,1561,Gaming,1,1960,Mature Low Spender,Target with social media ads
52,Male,Lucknow,Oppo,Android,9.0,49.0,264.8,29,4.3,5385,7.0,0.4,1075,Social Media,1,6460,Mature Low Spender,Target with social media ads
59,Male,Kolkata,Nokia,iOS,9.9,11.5,239.2,53,1.4,2831,7.6,3.3,1267,Entertainment,1,4098,Mature Low Spender,Target with social media ads
51,Female,Jaipur,OnePlus,Android,6.8,49.5,27.0,37,1.1,3269,7.6,2.9,1128,Education,1,4397,Mature Low Spender,Target with social media ads
48,Female,Lucknow,Oppo,iOS,5.6,35.9,62.3,123,4.5,3908,4.8,4.2,618,Social Media,1,4526,Mature Low Spender,Target with social media ads
59,Male,Mumbai,Realme,Android,2.1,39.4,261.6,114,4.3,6757,1.7,3.6,490,Social Media,1,7247,Mature Low Spender,Target with social media ads
57,Male,Kolkata,Apple,Android,1.2,37.4,11.0,105,4.9,178,6.1,4.5,455,Gaming,1,633,Mature Low Spender,Target with social media ads
48,Male,Ahmedabad,Vivo,Android,6.6,47.5,148.1,19,4.0,5385,6.9,3.5,344,Education,1,5729,Mature Low Spender,Target with social media ads
56,Other,Bangalore,Samsung,iOS,7.4,43.6,132.9,68,4.2,6001,5.3,0.7,1752,Entertainment,1,7753,Mature Low Spender,Target with social media ads
60,Male,Jaipur,Google Pixel,Android,4.5,21.4,66.4,79,4.5,4103,7.0,2.1,904,Education,1,5007,Mature Low Spender,Target with social media ads
46,Male,Chennai,Motorola,iOS,4.0,1.6,194.0,78,2.2,1597,5.6,4.4,171,Social Media,1,1768,Mature Low Spender,Target with social media ads
52,Other,Hyderabad,Realme,iOS,8.1,44.5,57.5,31,3.2,651,2.5,1.0,1637,Work,1,2288,Mature Low Spender,Target with social media ads
40,Female,Lucknow,OnePlus,iOS,7.7,19.4,256.2,187,3.8,4485,1.6,4.2,429,Gaming,1,4914,Mature Low Spender,Target with social media ads
54,Male,Lucknow,Realme,Android,4.8,5.7,192.5,19,2.1,1708,3.8,3.6,333,Education,1,2041,Mature Low Spender,Target with social media ads
57,Male,Hyderabad,OnePlus,iOS,4.8,13.4,77.8,189,5.4,4132,2.4,4.2,293,Education,1,4425,Mature Low Spender,Target with social media ads
53,Male,Mumbai,Nokia,Android,9.1,34.4,74.8,188,2.7,3655,1.8,4.2,950,Work,1,4605,Mature Low Spender,Target with social media ads
42,Other,Chennai,Motorola,Android,9.5,36.8,134.1,96,3.2,3627,6.6,4.5,747,Entertainment,1,4374,Mature Low Spender,Target with social media ads
48,Female,Mumbai,Xiaomi,Android,1.2,42.0,78.9,46,4.1,2289,2.1,3.5,1165,Entertainment,1,3454,Mature Low Spender,Target with social media ads
43,Male,Jaipur,Google Pixel,Android,9.3,26.2,260.4,50,1.1,278,4.4,2.1,1234,Education,1,1512,Mature Low Spender,Target with social media ads
47,Male,Hyderabad,Nokia,iOS,10.2,8.8,164.2,36,4.7,2226,5.9,4.1,1354,Gaming,1,3580,Mature Low Spender,Target with social media ads
60,Male,Hyderabad,Motorola,iOS,4.0,28.7,136.5,188,3.1,4550,1.0,0.8,800,Entertainment,1,5350,Mature Low Spender,Target with social media ads
42,Other,Jaipur,Nokia,Android,3.0,6.1,187.2,195,3.2,3174,2.6,4.2,734,Social Media,1,3908,Mature Low Spender,Target with social media ads
56,Female,Kolkata,Xiaomi,iOS,8.4,47.6,134.1,55,2.3,3194,2.8,3.8,1019,Gaming,1,4213,Mature Low Spender,Target with social media ads
54,Male,Pune,Vivo,Android,1.7,6.6,216.1,157,5.5,3128,0.6,1.5,1664,Work,1,4792,Mature Low Spender,Target with social media ads
47,Male,Jaipur,Nokia,Android,7.4,17.5,156.9,36,5.6,1829,5.2,2.0,594,Work,1,2423,Mature Low Spender,Target with social media ads
40,Other,Mumbai,Oppo,Android,2.9,26.5,161.8,45,4.1,422,4.4,4.2,351,Education,1,773,Mature Low Spender,Target with social media ads
60,Other,Bangalore,Google Pixel,Android,7.8,34.8,298.1,129,2.9,3525,7.0,3.8,1073,Education,1,4598,Mature Low Spender,Target with social media ads
50,Female,Chennai,Apple,Android,1.6,14.7,150.4,86,3.6,3458,6.1,1.6,1768,Gaming,1,5226,Mature Low Spender,Target with social media ads
39,Male,Chennai,Apple,iOS,3.1,31.7,258.8,189,4.8,3348,7.4,3.3,1848,Entertainment,1,5196,Mature Low Spender,Target with social media ads
52,Other,Ahmedabad,Google Pixel,Android,10.1,5.3,189.1,30,4.0,3189,0.8,3.9,619,Social Media,1,3808,Mature Low Spender,Target with social media ads
57,Other,Delhi,Xiaomi,iOS,4.7,31.3,205.3,101,2.3,4472,0.9,3.2,1956,Social Media,1,6428,Mature Low Spender,Target with social media ads
52,Other,Lucknow,OnePlus,iOS,10.3,43.4,198.2,41,5.4,2609,0.5,0.1,749,Gaming,1,3358,Mature Low Spender,Target with social media ads
58,Male,Lucknow,Motorola,Android,3.9,24.9,94.3,139,2.3,5298,1.0,3.5,1237,Gaming,1,6535,Mature Low Spender,Target with social media ads
52,Female,Bangalore,Xiaomi,Android,1.9,12.8,186.3,197,0.7,2496,2.7,3.2,1245,Gaming,1,3741,Mature Low Spender,Target with social media ads
56,Male,Delhi,Oppo,Android,2.1,44.2,233.7,48,5.9,2466,6.3,2.6,956,Gaming,1,3422,Mature Low Spender,Target with social media ads
47,Female,Lucknow,Samsung,iOS,9.9,37.4,237.6,94,3.4,4260,1.2,2.8,867,Education,1,5127,Mature Low Spender,Target with social media ads
56,Female,Jaipur,Motorola,iOS,10.6,45.8,78.3,89,3.4,4536,4.3,0.1,665,Work,1,5201,Mature Low Spender,Target with social media ads
39,Male,Lucknow,Apple,Android,6.6,6.9,38.1,61,4.9,3481,6.2,0.5,1428,Education,1,4909,Mature Low Spender,Target with social media ads
60,Male,Mumbai,Samsung,iOS,11.1,28.8,151.4,86,0.7,1900,1.9,3.2,536,Entertainment,1,2436,Mature Low Spender,Target with social media ads
53,Female,Bangalore,Google Pixel,iOS,4.0,19.6,204.6,167,5.1,4852,5.7,1.2,1901,Work,1,6753,Mature Low Spender,Target with social media ads
52,Male,Pune,Xiaomi,Android,2.0,47.4,114.8,119,3.2,3259,7.6,4.4,1536,Gaming,1,4795,Mature Low Spender,Target with social media ads
59,Other,Mumbai,Vivo,Android,4.5,16.2,17.0,104,2.2,703,5.7,0.9,1812,Work,1,2515,Mature Low Spender,Target with social media ads
42,Other,Ahmedabad,OnePlus,iOS,10.0,11.2,63.3,106,4.0,867,3.9,2.1,1306,Education,1,2173,Mature Low Spender,Target with social media ads
51,Other,Mumbai,Vivo,Android,6.6,37.3,123.1,123,4.7,5391,4.9,0.7,136,Entertainment,1,5527,Mature Low Spender,Target with social media ads
51,Other,Ahmedabad,Realme,iOS,3.8,23.8,133.6,72,0.9,676,5.1,3.1,1531,Gaming,1,2207,Mature Low Spender,Target with social media ads
59,Female,Ahmedabad,Oppo,Android,9.0,31.2,86.7,83,5.6,5959,2.0,0.8,766,Work,1,6725,Mature Low Spender,Target with social media ads
41,Male,Bangalore,Oppo,iOS,4.3,40.1,231.8,197,2.6,3028,2.8,1.9,592,Entertainment,1,3620,Mature Low Spender,Target with social media ads
46,Other,Jaipur,Apple,Android,8.9,44.6,31.9,139,2.1,3998,5.6,2.7,1030,Gaming,1,5028,Mature Low Spender,Target with social media ads
60,Female,Mumbai,Apple,Android,4.0,21.8,18.7,173,2.9,1039,5.3,2.2,1909,Entertainment,1,2948,Mature Low Spender,Target with social media ads
49,Other,Ahmedabad,Nokia,iOS,1.0,14.9,234.9,16,5.5,4260,4.3,1.0,440,Social Media,1,4700,Mature Low Spender,Target with social media ads
41,Female,Kolkata,OnePlus,Android,9.6,42.1,107.9,88,2.5,2113,4.5,4.4,1563,Entertainment,1,3676,Mature Low Spender,Target with social media ads
50,Other,Kolkata,Nokia,iOS,7.1,4.6,151.1,41,4.6,3336,7.8,4.8,1661,Education,1,4997,Mature Low Spender,Target with social media ads
42,Female,Delhi,Realme,Android,6.5,5.0,187.8,184,5.9,3184,4.5,3.4,428,Entertainment,1,3612,Mature Low Spender,Target with social media ads
55,Female,Lucknow,Nokia,Android,11.8,41.1,63.8,128,0.7,1152,6.1,0.5,1034,Education,1,2186,Mature Low Spender,Target with social media ads
58,Male,Hyderabad,OnePlus,iOS,8.3,44.2,250.8,99,1.7,2496,3.4,2.0,1595,Education,1,4091,Mature Low Spender,Target with social media ads
43,Male,Chennai,OnePlus,Android,7.5,35.0,103.3,19,5.9,178,5.6,1.1,1227,Work,1,1405,Mature Low Spender,Target with social media ads
59,Other,Delhi,Motorola,iOS,8.3,2.3,139.3,142,2.1,3615,6.9,1.2,921,Gaming,1,4536,Mature Low Spender,Target with social media ads
33,Male,Bangalore,OnePlus,iOS,5.6,25.2,14.3,167,5.2,2088,5.9,0.9,730,Entertainment,1,2818,Mature Low Spender,Target with social media ads
50,Male,Bangalore,Samsung,Android,8.3,16.0,169.9,111,4.9,4380,1.7,2.7,1629,Work,1,6009,Mature Low Spender,Target with social media ads
59,Other,Jaipur,Xiaomi,Android,7.5,9.6,44.8,26,2.5,5122,0.7,3.1,1734,Education,1,6856,Mature Low Spender,Target with social media ads
56,Female,Jaipur,Realme,Android,10.3,45.6,139.0,55,4.5,552,4.2,3.6,1240,Education,1,1792,Mature Low Spender,Target with social media ads
57,Male,Ahmedabad,Apple,iOS,7.0,3.5,197.6,77,1.5,3705,2.7,4.9,1858,Gaming,1,5563,Mature Low Spender,Target with social media ads
51,Male,Delhi,Oppo,Android,3.8,46.8,278.7,25,3.9,1026,2.6,4.3,355,Social Media,1,1381,Mature Low Spender,Target with social media ads
33,Male,Pune,Samsung,Android,10.5,3.5,7.6,76,4.9,2222,6.6,2.7,673,Education,1,2895,Mature Low Spender,Target with social media ads
39,Other,Lucknow,Samsung,Android,9.4,47.5,232.0,179,5.4,1687,1.2,4.8,1654,Work,1,3341,Mature Low Spender,Target with social media ads
58,Female,Delhi,Apple,Android,8.6,35.9,190.8,17,2.9,1352,1.0,3.5,1390,Gaming,1,2742,Mature Low Spender,Target with social media ads
53,Male,Hyderabad,Oppo,iOS,8.5,39.1,263.1,100,1.1,295,4.6,3.1,739,Education,1,1034,Mature Low Spender,Target with social media ads
49,Other,Jaipur,Apple,Android,7.9,46.6,224.2,160,3.7,3822,1.3,0.1,1756,Entertainment,1,5578,Mature Low Spender,Target with social media ads
46,Female,Ahmedabad,OnePlus,iOS,8.6,36.6,218.3,137,5.4,3258,0.8,4.1,482,Social Media,1,3740,Mature Low Spender,Target with social media ads
58,Female,Chennai,Xiaomi,Android,5.0,34.8,27.3,132,1.2,1048,6.6,1.2,1415,Social Media,1,2463,Mature Low Spender,Target with social media ads
46,Other,Delhi,Realme,Android,9.9,13.5,95.1,172,2.6,4651,7.7,4.6,767,Social Media,1,5418,Mature Low Spender,Target with social media ads
52,Female,Ahmedabad,Vivo,iOS,7.2,32.4,243.4,195,1.1,580,3.2,3.9,726,Work,1,1306,Mature Low Spender,Target with social media ads
52,Female,Ahmedabad,Apple,Android,2.9,32.6,250.3,198,4.4,850,7.0,2.2,658,Gaming,1,1508,Mature Low Spender,Target with social media ads
53,Female,Hyderabad,Samsung,Android,3.0,8.8,154.2,170,2.1,395,7.5,4.8,763,Work,1,1158,Mature Low Spender,Target with social media ads
45,Other,Kolkata,Samsung,iOS,1.5,34.3,72.5,161,1.6,2025,6.6,0.1,340,Social Media,1,2365,Mature Low Spender,Target with social media ads
49,Male,Kolkata,Motorola,Android,8.9,23.8,284.9,193,2.7,3061,0.5,1.8,1491,Social Media,1,4552,Mature Low Spender,Target with social media ads
48,Female,Pune,OnePlus,Android,10.3,22.3,269.7,119,2.2,908,1.6,4.2,1310,Social Media,1,2218,Mature Low Spender,Target with social media ads
56,Other,Bangalore,Motorola,Android,8.7,9.5,153.6,193,3.7,4229,7.7,0.2,1714,Work,1,5943,Mature Low Spender,Target with social media ads
51,Male,Ahmedabad,Realme,Android,2.5,38.6,265.5,191,5.3,3959,6.6,4.9,696,Gaming,1,4655,Mature Low Spender,Target with social media ads
58,Female,Jaipur,Nokia,iOS,6.0,34.7,176.0,84,5.3,1964,7.4,0.3,1275,Entertainment,1,3239,Mature Low Spender,Target with social media ads
43,Female,Ahmedabad,Oppo,Android,11.8,41.0,176.4,124,3.8,3107,4.0,0.5,1239,Education,1,4346,Mature Low Spender,Target with social media ads
54,Female,Mumbai,Google Pixel,Android,6.0,15.5,142.3,30,1.5,1329,5.3,1.0,619,Gaming,1,1948,Mature Low Spender,Target with social media ads
55,Male,Ahmedabad,Nokia,iOS,2.5,15.5,278.4,102,0.8,1782,7.5,0.8,625,Entertainment,1,2407,Mature Low Spender,Target with social media ads
58,Male,Bangalore,Vivo,Android,10.1,27.9,165.3,139,2.7,3385,2.6,2.4,1828,Social Media,1,5213,Mature Low Spender,Target with social media ads
46,Other,Hyderabad,Nokia,Android,11.1,8.7,173.7,57,0.8,135,1.0,0.7,1559,Education,1,1694,Mature Low Spender,Target with social media ads
59,Other,Hyderabad,Vivo,Android,4.0,11.2,149.0,152,5.3,2771,5.8,1.6,1904,Social Media,1,4675,Mature Low Spender,Target with social media ads
51,Male,Delhi,OnePlus,iOS,11.7,20.4,209.2,148,4.9,2183,6.9,2.7,562,Social Media,1,2745,Mature Low Spender,Target with social media ads
38,Female,Bangalore,Vivo,Android,9.9,10.9,161.5,78,4.0,929,2.6,1.1,1826,Entertainment,1,2755,Mature Low Spender,Target with social media ads
50,Female,Lucknow,Oppo,iOS,8.4,14.2,220.3,145,3.0,5364,1.1,0.8,698,Entertainment,1,6062,Mature Low Spender,Target with social media ads
55,Other,Bangalore,Nokia,Android,7.1,38.1,210.4,177,5.2,1872,6.2,2.9,1960,Gaming,1,3832,Mature Low Spender,Target with social media ads
55,Female,Hyderabad,Xiaomi,Android,1.2,47.1,227.5,149,1.2,1493,5.5,0.8,1183,Social Media,1,2676,Mature Low Spender,Target with social media ads
37,Male,Delhi,Google Pixel,iOS,10.4,13.9,102.8,42,6.0,1171,3.2,4.7,355,Education,1,1526,Mature Low Spender,Target with social media ads
41,Female,Pune,Oppo,iOS,6.1,20.3,117.1,189,3.3,1786,0.6,0.4,1408,Education,1,3194,Mature Low Spender,Target with social media ads
57,Male,Jaipur,Oppo,Android,1.6,8.8,289.9,138,1.8,3359,2.4,4.1,1092,Work,1,4451,Mature Low Spender,Target with social media ads
60,Female,Jaipur,Vivo,Android,4.0,10.3,39.7,160,3.3,2870,1.9,4.4,912,Gaming,1,3782,Mature Low Spender,Target with social media ads
39,Other,Delhi,Xiaomi,iOS,8.1,28.5,81.3,73,5.5,2388,3.5,0.6,742,Entertainment,1,3130,Mature Low Spender,Target with social media ads
44,Female,Chennai,Xiaomi,iOS,8.9,27.2,161.8,135,1.0,1387,3.5,0.3,1488,Work,1,2875,Mature Low Spender,Target with social media ads
53,Male,Bangalore,Xiaomi,iOS,5.7,12.9,8.6,89,4.3,1186,5.3,0.1,1247,Education,1,2433,Mature Low Spender,Target with social media ads
50,Male,Ahmedabad,Xiaomi,Android,11.4,35.1,168.1,77,3.5,991,1.3,2.1,1790,Entertainment,1,2781,Mature Low Spender,Target with social media ads
50,Female,Ahmedabad,Xiaomi,iOS,9.7,10.8,27.0,25,4.0,3015,5.1,4.9,454,Education,1,3469,Mature Low Spender,Target with social media ads
60,Female,Pune,Motorola,Android,5.1,46.0,176.5,92,1.4,4371,7.8,1.0,1362,Social Media,1,5733,Mature Low Spender,Target with social media ads
55,Other,Jaipur,Vivo,Android,8.7,23.3,133.2,183,5.9,352,2.3,2.5,639,Entertainment,1,991,Mature Low Spender,Target with social media ads
59,Male,Kolkata,Vivo,iOS,2.5,18.1,219.2,83,5.5,2292,3.2,0.3,1976,Social Media,1,4268,Mature Low Spender,Target with social media ads
59,Female,Lucknow,Samsung,Android,2.2,46.8,56.9,119,4.2,766,2.4,1.2,364,Gaming,1,1130,Mature Low Spender,Target with social media ads
47,Female,Chennai,Samsung,iOS,4.6,10.0,71.6,56,5.2,3454,1.3,3.7,224,Education,1,3678,Mature Low Spender,Target with social media ads
42,Other,Chennai,OnePlus,iOS,2.3,35.5,134.4,181,5.0,345,6.8,1.7,1015,Gaming,1,1360,Mature Low Spender,Target with social media ads
52,Male,Kolkata,Samsung,iOS,8.4,26.4,205.1,125,2.4,3664,7.2,0.2,1729,Gaming,1,5393,Mature Low Spender,Target with social media ads
45,Male,Chennai,Realme,Android,4.2,31.6,141.9,92,3.2,4223,6.9,4.8,1389,Entertainment,1,5612,Mature Low Spender,Target with social media ads
48,Male,Delhi,Samsung,iOS,5.9,30.8,187.4,12,1.3,866,4.6,3.2,980,Entertainment,1,1846,Mature Low Spender,Target with social media ads
47,Male,Hyderabad,Google Pixel,iOS,3.4,22.3,134.2,170,5.9,2530,4.6,2.7,343,Entertainment,1,2873,Mature Low Spender,Target with social media ads
53,Male,Delhi,Google Pixel,iOS,3.6,4.9,176.6,198,2.5,4487,6.0,0.0,1810,Social Media,1,6297,Mature Low Spender,Target with social media ads
43,Female,Ahmedabad,Oppo,Android,10.8,39.7,250.5,102,2.3,3095,5.4,1.5,1722,Social Media,1,4817,Mature Low Spender,Target with social media ads
56,Female,Jaipur,Motorola,iOS,6.6,15.6,265.1,153,3.8,1931,7.5,1.2,529,Social Media,1,2460,Mature Low Spender,Target with social media ads
50,Male,Ahmedabad,Oppo,iOS,3.4,47.9,81.9,43,3.2,5685,3.6,3.1,886,Education,1,6571,Mature Low Spender,Target with social media ads
58,Other,Chennai,Xiaomi,Android,1.1,31.5,98.3,120,1.8,4152,3.3,0.5,325,Gaming,1,4477,Mature Low Spender,Target with social media ads
40,Female,Pune,Apple,Android,3.0,3.3,208.4,47,2.2,3414,8.0,2.3,1995,Social Media,1,5409,Mature Low Spender,Target with social media ads
41,Male,Lucknow,Apple,Android,10.6,32.6,169.3,106,3.1,1408,5.0,1.9,1823,Gaming,1,3231,Mature Low Spender,Target with social media ads
59,Male,Chennai,Samsung,iOS,10.6,48.2,265.9,38,3.4,6260,2.8,3.6,1976,Social Media,1,8236,Mature Low Spender,Target with social media ads
60,Other,Chennai,Oppo,Android,5.3,33.6,284.5,172,4.9,4020,4.0,3.6,809,Work,1,4829,Mature Low Spender,Target with social media ads
52,Other,Hyderabad,Realme,Android,4.2,12.4,137.1,192,1.2,2386,4.3,3.6,666,Social Media,1,3052,Mature Low Spender,Target with social media ads
51,Female,Lucknow,OnePlus,iOS,3.9,34.7,137.4,52,1.1,1897,2.6,2.8,586,Work,1,2483,Mature Low Spender,Target with social media ads
59,Male,Lucknow,Google Pixel,Android,7.7,44.2,263.3,115,4.6,3824,3.0,1.1,216,Gaming,1,4040,Mature Low Spender,Target with social media ads
43,Female,Bangalore,Oppo,Android,5.6,21.6,246.1,154,4.4,2921,4.5,1.4,1712,Work,1,4633,Mature Low Spender,Target with social media ads
51,Female,Delhi,Motorola,iOS,5.8,46.4,24.3,67,2.6,1624,3.5,4.6,260,Education,1,1884,Mature Low Spender,Target with social media ads
44,Male,Mumbai,Realme,Android,7.2,32.4,244.0,144,2.7,3562,6.3,2.1,684,Education,1,4246,Mature Low Spender,Target with social media ads
51,Other,Bangalore,Xiaomi,iOS,6.1,2.1,244.8,130,1.5,976,6.9,4.2,524,Education,1,1500,Mature Low Spender,Target with social media ads
54,Male,Hyderabad,Apple,Android,2.5,29.8,98.8,64,5.4,5459,3.4,1.2,142,Education,1,5601,Mature Low Spender,Target with social media ads
56,Male,Kolkata,Xiaomi,iOS,10.1,34.5,66.9,28,4.8,2900,7.0,0.5,143,Education,1,3043,Mature Low Spender,Target with social media ads
49,Other,Hyderabad,OnePlus,iOS,9.9,14.7,41.3,135,2.1,4058,3.8,3.9,1150,Education,1,5208,Mature Low Spender,Target with social media ads
41,Female,Pune,Apple,iOS,9.0,12.8,148.4,53,3.8,2997,2.6,2.3,1996,Gaming,1,4993,Mature Low Spender,Target with social media ads
50,Male,Mumbai,Motorola,iOS,8.3,2.3,134.5,181,3.4,4920,2.7,3.9,1598,Work,1,6518,Mature Low Spender,Target with social media ads
43,Male,Chennai,Apple,iOS,1.2,17.5,95.2,98,2.5,2628,4.9,2.9,1920,Entertainment,1,4548,Mature Low Spender,Target with social media ads
53,Male,Lucknow,Xiaomi,Android,11.1,36.7,30.6,42,3.6,3736,7.1,4.5,1083,Work,1,4819,Mature Low Spender,Target with social media ads
47,Female,Ahmedabad,Motorola,Android,1.6,6.1,210.8,60,2.8,2988,7.8,0.3,400,Education,1,3388,Mature Low Spender,Target with social media ads
50,Female,Jaipur,Samsung,Android,2.5,19.8,196.2,51,1.5,915,6.0,3.1,909,Education,1,1824,Mature Low Spender,Target with social media ads
58,Female,Chennai,OnePlus,iOS,11.6,45.9,287.7,176,4.9,6695,7.9,1.2,458,Gaming,1,7153,Mature Low Spender,Target with social media ads
59,Female,Bangalore,OnePlus,iOS,6.2,36.3,96.9,24,4.0,4835,5.9,0.4,519,Work,1,5354,Mature Low Spender,Target with social media ads
34,Other,Delhi,Oppo,Android,6.3,24.9,270.6,111,5.8,478,5.0,4.0,951,Work,1,1429,Mature Low Spender,Target with social media ads
42,Other,Ahmedabad,Motorola,iOS,5.4,40.7,178.0,160,4.1,2197,3.5,4.9,1075,Education,1,3272,Mature Low Spender,Target with social media ads
58,Other,Hyderabad,Nokia,Android,10.0,33.8,263.1,83,4.7,418,4.6,3.1,1145,Entertainment,1,1563,Mature Low Spender,Target with social media ads
58,Female,Hyderabad,OnePlus,Android,11.4,7.2,183.9,81,1.3,2133,4.1,0.9,451,Education,1,2584,Mature Low Spender,Target with social media ads
45,Male,Ahmedabad,OnePlus,Android,3.8,19.0,222.8,39,5.2,3129,5.4,3.6,293,Gaming,1,3422,Mature Low Spender,Target with social media ads
54,Other,Jaipur,Google Pixel,Android,4.3,39.4,260.2,166,1.6,1910,2.0,4.8,1202,Social Media,1,3112,Mature Low Spender,Target with social media ads
56,Female,Delhi,OnePlus,Android,4.3,35.3,159.8,105,3.3,1140,2.9,4.0,399,Education,1,1539,Mature Low Spender,Target with social media ads
49,Other,Kolkata,Motorola,Android,8.0,29.2,22.3,45,1.7,175,1.3,4.7,307,Social Media,1,482,Mature Low Spender,Target with social media ads
59,Female,Mumbai,Xiaomi,iOS,1.4,13.6,73.2,171,2.5,5189,6.5,0.8,1961,Education,1,7150,Mature Low Spender,Target with social media ads
45,Female,Kolkata,Xiaomi,Android,3.7,33.6,98.7,146,0.8,2114,6.8,4.9,1980,Social Media,1,4094,Mature Low Spender,Target with social media ads
50,Male,Pune,Samsung,iOS,5.1,19.0,286.6,199,1.7,2093,4.5,0.9,793,Work,1,2886,Mature Low Spender,Target with social media ads
57,Female,Delhi,Realme,Android,9.5,11.9,202.7,140,5.3,6232,1.8,4.2,441,Education,1,6673,Mature Low Spender,Target with social media ads
36,Female,Bangalore,Google Pixel,iOS,6.6,4.0,15.9,163,3.2,432,5.1,1.7,1215,Education,1,1647,Mature Low Spender,Target with social media ads
39,Male,Pune,Apple,Android,1.5,11.4,291.7,100,6.0,3268,7.4,0.6,721,Social Media,1,3989,Mature Low Spender,Target with social media ads
57,Female,Ahmedabad,Motorola,iOS,3.6,45.3,66.6,28,5.3,3033,6.3,3.2,751,Education,1,3784,Mature Low Spender,Target with social media ads
42,Male,Ahmedabad,Vivo,Android,11.7,21.5,94.7,38,5.0,2712,7.6,3.2,1994,Gaming,1,4706,Mature Low Spender,Target with social media ads
53,Female,Mumbai,Xiaomi,Android,1.3,43.5,181.1,179,2.8,5283,1.5,3.7,1647,Work,1,6930,Mature Low Spender,Target with social media ads
49,Male,Ahmedabad,Apple,iOS,1.1,23.6,10.4,162,5.2,1095,4.1,1.2,1874,Work,1,2969,Mature Low Spender,Target with social media ads
43,Male,Bangalore,Google Pixel,Android,6.6,10.0,281.5,39,2.9,4246,6.1,0.2,1430,Entertainment,1,5676,Mature Low Spender,Target with social media ads
45,Male,Hyderabad,Google Pixel,iOS,2.1,26.9,258.1,126,3.7,2203,6.3,4.3,975,Work,1,3178,Mature Low Spender,Target with social media ads
36,Other,Pune,OnePlus,Android,10.5,49.7,109.7,41,5.2,1834,6.2,0.5,1754,Education,1,3588,Mature Low Spender,Target with social media ads
59,Male,Kolkata,Realme,iOS,12.0,39.8,130.4,36,5.0,6613,5.5,0.4,1171,Entertainment,1,7784,Mature Low Spender,Target with social media ads
39,Other,Delhi,Xiaomi,iOS,8.9,35.8,141.3,102,5.1,2822,3.6,4.2,879,Work,1,3701,Mature Low Spender,Target with social media ads
52,Female,Delhi,Realme,Android,10.9,17.7,81.0,58,3.4,5708,1.6,2.7,483,Gaming,1,6191,Mature Low Spender,Target with social media ads
38,Other,Lucknow,OnePlus,Android,8.0,2.0,78.4,55,3.1,2999,6.1,1.8,1645,Work,1,4644,Mature Low Spender,Target with social media ads
60,Female,Chennai,Realme,iOS,10.2,19.8,262.3,166,2.9,4200,4.8,2.5,696,Gaming,1,4896,Mature Low Spender,Target with social media ads
50,Other,Mumbai,Google Pixel,iOS,9.0,33.0,28.1,98,3.4,367,6.8,1.0,1234,Education,1,1601,Mature Low Spender,Target with social media ads
54,Other,Jaipur,Vivo,iOS,5.6,25.3,208.1,14,2.7,5359,7.6,4.1,298,Entertainment,1,5657,Mature Low Spender,Target with social media ads
41,Other,Pune,Xiaomi,iOS,11.6,11.8,130.7,168,5.1,3771,7.7,0.2,607,Gaming,1,4378,Mature Low Spender,Target with social media ads
42,Male,Delhi,Oppo,Android,1.0,42.2,137.8,59,3.4,5418,6.6,0.2,675,Education,1,6093,Mature Low Spender,Target with social media ads
56,Other,Delhi,Samsung,iOS,6.3,39.8,281.0,122,4.6,4870,1.8,2.4,999,Social Media,1,5869,Mature Low Spender,Target with social media ads
54,Other,Mumbai,Apple,Android,1.8,28.9,178.8,38,1.6,3352,2.5,1.8,1919,Gaming,1,5271,Mature Low Spender,Target with social media ads
38,Male,Hyderabad,Oppo,Android,3.7,30.0,35.5,30,4.4,2990,4.6,4.5,1358,Entertainment,1,4348,Mature Low Spender,Target with social media ads
46,Other,Lucknow,Xiaomi,iOS,5.9,9.2,162.5,118,1.2,2740,2.8,2.9,1570,Work,1,4310,Mature Low Spender,Target with social media ads
36,Other,Bangalore,Google Pixel,Android,8.0,41.5,175.3,56,4.5,1327,5.5,4.7,1856,Gaming,1,3183,Mature Low Spender,Target with social media ads
42,Other,Kolkata,Xiaomi,iOS,9.6,31.5,243.5,38,2.1,2656,7.0,2.3,454,Work,1,3110,Mature Low Spender,Target with social media ads
43,Male,Kolkata,Google Pixel,Android,7.8,5.2,119.1,111,2.0,518,1.4,1.1,371,Education,1,889,Mature Low Spender,Target with social media ads
55,Male,Mumbai,Samsung,Android,10.0,14.2,137.3,174,3.6,763,2.0,2.5,673,Work,1,1436,Mature Low Spender,Target with social media ads
50,Female,Mumbai,Apple,iOS,4.3,1.2,234.3,91,5.3,137,1.9,3.9,506,Social Media,1,643,Mature Low Spender,Target with social media ads
54,Male,Delhi,Realme,iOS,6.9,36.2,222.8,27,3.1,525,1.2,3.6,429,Work,1,954,Mature Low Spender,Target with social media ads
60,Other,Bangalore,Nokia,Android,9.3,10.8,170.6,90,3.3,5839,3.5,3.7,880,Work,1,6719,Mature Low Spender,Target with social media ads
44,Other,Mumbai,Motorola,Android,4.5,25.2,61.1,199,5.0,784,4.3,2.7,1205,Work,1,1989,Mature Low Spender,Target with social media ads
43,Female,Kolkata,Apple,iOS,3.5,15.4,122.6,19,4.5,4623,4.8,2.2,1852,Education,1,6475,Mature Low Spender,Target with social media ads
44,Female,Hyderabad,Samsung,Android,6.3,21.5,221.1,110,2.7,1711,3.5,2.3,1532,Education,1,3243,Mature Low Spender,Target with social media ads
55,Female,Pune,Samsung,iOS,6.8,39.8,168.6,102,3.9,5145,7.3,3.6,545,Education,1,5690,Mature Low Spender,Target with social media ads
46,Female,Chennai,OnePlus,Android,1.6,3.1,231.6,95,3.8,987,6.2,2.9,691,Work,1,1678,Mature Low Spender,Target with social media ads
41,Female,Ahmedabad,Nokia,iOS,3.2,25.0,250.8,57,3.0,4345,7.9,4.4,1312,Social Media,1,5657,Mature Low Spender,Target with social media ads
46,Male,Jaipur,Realme,Android,10.0,48.6,229.5,78,5.6,3977,7.5,2.6,809,Gaming,1,4786,Mature Low Spender,Target with social media ads
48,Male,Mumbai,Samsung,iOS,11.2,30.8,212.2,115,4.4,3070,1.0,1.1,284,Education,1,3354,Mature Low Spender,Target with social media ads
45,Other,Ahmedabad,Vivo,iOS,10.7,28.9,139.9,127,5.8,1054,1.5,4.3,1429,Social Media,1,2483,Mature Low Spender,Target with social media ads
56,Female,Mumbai,Oppo,iOS,10.5,43.2,86.0,154,2.7,1324,7.7,1.0,118,Work,1,1442,Mature Low Spender,Target with social media ads
44,Female,Hyderabad,OnePlus,iOS,6.0,47.9,260.9,10,2.4,3802,1.4,2.9,1125,Work,1,4927,Mature Low Spender,Target with social media ads
43,Female,Kolkata,Samsung,iOS,1.6,18.5,135.0,148,2.8,2883,6.6,1.8,1792,Education,1,4675,Mature Low Spender,Target with social media ads
58,Other,Mumbai,Vivo,iOS,10.3,3.8,42.1,183,3.6,2864,3.9,4.2,1894,Entertainment,1,4758,Mature Low Spender,Target with social media ads
50,Other,Mumbai,OnePlus,Android,1.5,13.5,198.0,93,2.1,1252,0.6,0.3,1849,Gaming,1,3101,Mature Low Spender,Target with social media ads
60,Female,Mumbai,Google Pixel,iOS,10.3,34.6,74.7,98,0.6,465,0.8,2.7,524,Gaming,1,989,Mature Low Spender,Target with social media ads
58,Other,Jaipur,Xiaomi,Android,2.4,13.2,66.8,194,4.1,4106,1.7,0.8,267,Social Media,1,4373,Mature Low Spender,Target with social media ads
36,Other,Lucknow,Oppo,iOS,1.7,13.1,72.8,38,4.1,123,5.1,4.8,1983,Work,1,2106,Mature Low Spender,Target with social media ads
51,Male,Pune,Nokia,iOS,6.1,13.3,136.1,162,0.5,2163,1.2,1.2,292,Entertainment,1,2455,Mature Low Spender,Target with social media ads
35,Male,Kolkata,Vivo,Android,6.0,26.7,198.5,62,5.2,1983,6.8,3.4,712,Social Media,1,2695,Mature Low Spender,Target with social media ads
42,Male,Jaipur,Xiaomi,iOS,1.8,27.4,230.5,78,2.1,1918,6.0,1.0,1548,Social Media,1,3466,Mature Low Spender,Target with social media ads
55,Other,Lucknow,Nokia,Android,5.7,28.9,205.4,152,2.2,182,4.1,0.9,1865,Gaming,1,2047,Mature Low Spender,Target with social media ads
47,Other,Lucknow,Nokia,Android,2.7,41.8,111.8,71,6.0,2355,2.0,2.7,1606,Gaming,1,3961,Mature Low Spender,Target with social media ads
54,Female,Bangalore,Nokia,iOS,11.2,40.4,15.5,51,5.0,2352,4.4,2.7,391,Social Media,1,2743,Mature Low Spender,Target with social media ads
54,Other,Ahmedabad,Apple,iOS,6.4,42.3,80.1,157,1.2,2532,1.8,2.1,1206,Education,1,3738,Mature Low Spender,Target with social media ads
42,Male,Bangalore,Motorola,Android,1.9,16.1,176.1,59,3.0,3219,3.2,1.7,721,Gaming,1,3940,Mature Low Spender,Target with social media ads
44,Male,Chennai,Realme,Android,2.3,27.7,184.3,123,2.9,1109,5.6,4.0,685,Work,1,1794,Mature Low Spender,Target with social media ads
41,Female,Hyderabad,Nokia,iOS,10.3,28.2,297.1,178,2.5,2437,7.6,4.7,1132,Gaming,1,3569,Mature Low Spender,Target with social media ads
60,Other,Chennai,Apple,Android,8.6,22.7,37.8,90,2.0,5561,1.1,0.6,987,Social Media,1,6548,Mature Low Spender,Target with social media ads
46,Male,Delhi,Nokia,Android,4.0,22.4,95.2,182,4.3,2828,3.5,1.9,418,Gaming,1,3246,Mature Low Spender,Target with social media ads
39,Other,Kolkata,Xiaomi,iOS,2.6,10.9,56.2,165,5.9,2287,5.7,2.2,1626,Education,1,3913,Mature Low Spender,Target with social media ads
52,Other,Kolkata,Xiaomi,iOS,11.2,4.7,29.3,177,4.5,5427,2.8,0.4,294,Education,1,5721,Mature Low Spender,Target with social media ads
43,Other,Lucknow,OnePlus,Android,3.1,29.5,272.7,171,2.9,3833,5.0,3.3,1412,Gaming,1,5245,Mature Low Spender,Target with social media ads
41,Female,Bangalore,Vivo,iOS,6.4,14.9,295.1,123,2.9,3003,4.6,4.2,1026,Entertainment,1,4029,Mature Low Spender,Target with social media ads
59,Male,Kolkata,Google Pixel,iOS,6.6,39.6,134.3,182,5.0,6406,4.1,1.3,788,Entertainment,1,7194,Mature Low Spender,Target with social media ads
55,Female,Delhi,Motorola,iOS,3.3,27.6,121.4,120,3.2,1691,6.5,0.2,1596,Social Media,1,3287,Mature Low Spender,Target with social media ads
41,Male,Delhi,Apple,Android,11.2,46.0,294.7,152,3.4,3082,2.4,2.5,768,Gaming,1,3850,Mature Low Spender,Target with social media ads
40,Male,Delhi,Samsung,Android,10.4,29.8,78.1,193,3.9,2879,4.6,2.7,1899,Work,1,4778,Mature Low Spender,Target with social media ads
54,Female,Mumbai,OnePlus,Android,4.6,1.1,167.6,29,3.8,300,7.9,2.5,1830,Gaming,1,2130,Mature Low Spender,Target with social media ads
51,Other,Ahmedabad,Vivo,iOS,3.9,3.0,160.1,134,5.7,681,5.9,1.0,1377,Work,1,2058,Mature Low Spender,Target with social media ads
43,Other,Bangalore,Google Pixel,Android,6.4,30.5,223.2,112,5.7,446,7.5,3.5,1843,Gaming,1,2289,Mature Low Spender,Target with social media ads
37,Male,Kolkata,Oppo,iOS,2.2,34.6,114.7,152,3.7,1860,7.6,3.1,377,Education,1,2237,Mature Low Spender,Target with social media ads
45,Female,Pune,Motorola,Android,1.2,29.8,251.8,23,2.0,1147,7.5,2.5,868,Gaming,1,2015,Mature Low Spender,Target with social media ads
46,Female,Kolkata,Motorola,iOS,2.0,20.5,32.3,47,2.2,3042,2.4,4.2,185,Gaming,1,3227,Mature Low Spender,Target with social media ads
40,Female,Delhi,Google Pixel,iOS,3.5,43.0,83.0,106,3.3,1033,8.0,0.7,194,Gaming,1,1227,Mature Low Spender,Target with social media ads
58,Male,Ahmedabad,Vivo,Android,1.7,5.3,228.0,160,3.8,7094,5.5,1.5,1148,Education,1,8242,Mature Low Spender,Target with social media ads
57,Male,Kolkata,Apple,Android,1.4,40.0,256.5,185,5.5,721,1.0,2.2,284,Gaming,1,1005,Mature Low Spender,Target with social media ads
44,Other,Ahmedabad,Samsung,Android,7.9,39.6,70.4,50,5.4,3985,0.8,0.2,1131,Social Media,1,5116,Mature Low Spender,Target with social media ads
55,Other,Hyderabad,Google Pixel,Android,1.9,50.0,177.4,137,5.0,375,3.0,0.9,1299,Education,1,1674,Mature Low Spender,Target with social media ads
35,Other,Hyderabad,Google Pixel,iOS,9.7,19.8,16.5,60,4.5,2637,4.9,0.0,459,Education,1,3096,Mature Low Spender,Target with social media ads
56,Male,Bangalore,Samsung,Android,3.0,26.9,98.6,117,1.4,1709,5.7,4.6,1286,Entertainment,1,2995,Mature Low Spender,Target with social media ads
43,Other,Mumbai,Samsung,Android,2.9,6.2,62.0,125,2.2,1759,5.4,3.3,823,Gaming,1,2582,Mature Low Spender,Target with social media ads
54,Other,Hyderabad,Oppo,iOS,4.1,33.3,113.4,122,1.0,1550,3.7,0.9,1068,Work,1,2618,Mature Low Spender,Target with social media ads
59,Other,Mumbai,Apple,iOS,1.7,24.6,128.6,102,4.6,2662,5.8,0.1,974,Entertainment,1,3636,Mature Low Spender,Target with social media ads
54,Female,Kolkata,Samsung,iOS,8.7,40.1,57.5,40,3.6,2489,5.9,4.8,115,Social Media,1,2604,Mature Low Spender,Target with social media ads
59,Female,Delhi,Nokia,Android,11.5,31.7,151.9,186,4.3,4605,4.2,0.4,1430,Gaming,1,6035,Mature Low Spender,Target with social media ads
37,Male,Jaipur,Xiaomi,iOS,10.9,12.1,80.8,147,3.4,2088,7.7,4.7,572,Work,1,2660,Mature Low Spender,Target with social media ads
49,Female,Ahmedabad,Nokia,iOS,2.7,48.7,41.1,174,3.5,3474,4.6,4.6,486,Work,1,3960,Mature Low Spender,Target with social media ads
56,Male,Mumbai,Vivo,iOS,4.1,28.6,266.1,192,2.7,3124,6.3,3.7,1567,Social Media,1,4691,Mature Low Spender,Target with social media ads
54,Male,Delhi,Google Pixel,iOS,8.7,7.3,38.5,29,3.4,248,3.0,1.7,1556,Work,1,1804,Mature Low Spender,Target with social media ads
56,Female,Mumbai,Google Pixel,Android,1.1,19.4,30.5,40,3.4,6097,6.8,3.5,1921,Entertainment,1,8018,Mature Low Spender,Target with social media ads
52,Male,Lucknow,Vivo,Android,11.6,38.1,10.1,81,1.3,587,6.0,1.4,977,Work,1,1564,Mature Low Spender,Target with social media ads
52,Male,Delhi,Nokia,iOS,5.9,39.0,125.6,169,3.7,325,6.4,3.3,1622,Work,1,1947,Mature Low Spender,Target with social media ads
48,Male,Mumbai,Oppo,iOS,8.5,13.5,298.7,135,4.5,2149,6.5,4.5,439,Education,1,2588,Mature Low Spender,Target with social media ads
59,Other,Jaipur,Samsung,iOS,6.4,33.6,11.7,125,3.8,114,7.0,1.3,1447,Gaming,1,1561,Mature Low Spender,Target with social media ads
50,Male,Hyderabad,Motorola,Android,8.9,8.3,111.5,130,2.9,5242,4.6,2.2,974,Gaming,1,6216,Mature Low Spender,Target with social media ads
41,Male,Hyderabad,Samsung,iOS,2.0,46.0,253.3,115,2.7,4231,5.2,4.7,1209,Social Media,1,5440,Mature Low Spender,Target with social media ads
42,Female,Kolkata,Oppo,iOS,8.6,48.5,283.4,40,5.0,2037,1.7,2.7,1623,Entertainment,1,3660,Mature Low Spender,Target with social media ads
39,Other,Delhi,OnePlus,iOS,11.0,29.3,92.4,66,3.7,1394,4.7,3.5,1742,Social Media,1,3136,Mature Low Spender,Target with social media ads
46,Male,Jaipur,Samsung,Android,10.8,27.3,31.0,174,4.9,4156,1.2,4.8,1947,Education,1,6103,Mature Low Spender,Target with social media ads
55,Male,Pune,Vivo,Android,1.7,18.7,50.7,136,5.4,4223,5.6,3.6,921,Work,1,5144,Mature Low Spender,Target with social media ads
46,Female,Hyderabad,Nokia,Android,9.7,15.8,63.1,187,5.3,1361,3.9,4.7,1502,Entertainment,1,2863,Mature Low Spender,Target with social media ads
42,Female,Lucknow,Realme,Android,3.4,30.4,21.1,50,4.8,572,7.7,0.0,1171,Work,1,1743,Mature Low Spender,Target with social media ads
42,Female,Kolkata,OnePlus,Android,4.8,27.4,68.3,186,2.8,1627,2.4,3.6,519,Work,1,2146,Mature Low Spender,Target with social media ads
46,Female,Bangalore,Samsung,iOS,11.4,41.9,147.3,87,3.9,497,2.3,4.9,1531,Education,1,2028,Mature Low Spender,Target with social media ads
55,Male,Lucknow,Realme,iOS,1.3,4.5,147.2,148,4.1,2011,6.5,2.6,104,Education,1,2115,Mature Low Spender,Target with social media ads
47,Male,Jaipur,Vivo,iOS,11.6,23.4,54.8,180,2.1,2452,2.7,3.3,1184,Work,1,3636,Mature Low Spender,Target with social media ads
45,Other,Kolkata,Motorola,Android,9.8,37.8,237.8,159,2.5,1222,7.0,4.8,152,Education,1,1374,Mature Low Spender,Target with social media ads
40,Female,Jaipur,Xiaomi,iOS,9.3,39.9,24.0,137,1.5,2827,3.5,1.3,404,Entertainment,1,3231,Mature Low Spender,Target with social media ads
51,Female,Hyderabad,Xiaomi,Android,1.4,40.3,132.9,140,4.7,5619,2.0,3.5,854,Work,1,6473,Mature Low Spender,Target with social media ads
53,Other,Ahmedabad,Motorola,Android,2.2,17.5,216.0,132,3.9,1093,6.0,4.8,490,Work,1,1583,Mature Low Spender,Target with social media ads
40,Other,Kolkata,Realme,Android,6.7,31.7,23.2,180,2.0,2061,4.3,1.5,1605,Education,1,3666,Mature Low Spender,Target with social media ads
47,Female,Chennai,Nokia,Android,1.8,7.9,247.1,117,5.5,2687,7.4,3.8,513,Gaming,1,3200,Mature Low Spender,Target with social media ads
41,Male,Pune,Apple,Android,7.9,46.3,121.5,164,3.9,2579,6.6,1.6,522,Work,1,3101,Mature Low Spender,Target with social media ads
48,Male,Jaipur,OnePlus,Android,1.3,14.2,137.8,179,2.5,2285,2.8,4.4,523,Social Media,1,2808,Mature Low Spender,Target with social media ads
50,Female,Jaipur,Oppo,Android,6.5,24.0,55.9,79,4.0,5982,5.1,2.8,593,Work,1,6575,Mature Low Spender,Target with social media ads
43,Male,Bangalore,Vivo,iOS,10.9,23.2,143.3,130,5.1,2078,2.0,3.7,573,Education,1,2651,Mature Low Spender,Target with social media ads
55,Male,Kolkata,OnePlus,Android,12.0,25.2,170.1,102,5.1,629,2.1,0.3,1471,Education,1,2100,Mature Low Spender,Target with social media ads
54,Male,Kolkata,OnePlus,Android,2.3,46.2,87.8,71,2.4,4777,6.1,0.2,1142,Work,1,5919,Mature Low Spender,Target with social media ads
54,Male,Chennai,Vivo,iOS,3.5,32.5,147.2,50,5.1,2256,7.1,3.1,1787,Gaming,1,4043,Mature Low Spender,Target with social media ads
35,Male,Pune,Xiaomi,iOS,4.0,31.8,108.4,55,4.8,483,5.6,5.0,1238,Work,1,1721,Mature Low Spender,Target with social media ads
52,Female,Mumbai,OnePlus,Android,11.1,16.6,21.3,133,1.0,305,6.8,0.2,417,Gaming,1,722,Mature Low Spender,Target with social media ads
42,Male,Chennai,Xiaomi,iOS,6.5,33.3,150.4,80,2.3,1205,3.3,3.8,1526,Gaming,1,2731,Mature Low Spender,Target with social media ads
36,Male,Hyderabad,OnePlus,Android,4.5,15.8,6.2,82,3.7,3437,2.8,2.9,1311,Entertainment,1,4748,Mature Low Spender,Target with social media ads
45,Other,Chennai,Vivo,Android,3.0,26.1,110.4,116,2.8,4371,5.4,3.7,1708,Social Media,1,6079,Mature Low Spender,Target with social media ads
42,Female,Ahmedabad,Nokia,Android,5.0,7.1,184.4,41,2.1,848,1.3,1.6,1722,Education,1,2570,Mature Low Spender,Target with social media ads
48,Male,Kolkata,Motorola,iOS,11.8,42.5,282.5,126,1.4,450,3.9,3.2,770,Gaming,1,1220,Mature Low Spender,Target with social media ads
45,Other,Bangalore,Google Pixel,Android,11.8,12.1,279.1,102,1.8,1917,1.8,2.7,329,Social Media,1,2246,Mature Low Spender,Target with social media ads
47,Other,Pune,Xiaomi,iOS,5.7,24.0,216.3,27,1.5,2362,0.8,0.5,766,Entertainment,1,3128,Mature Low Spender,Target with social media ads
48,Female,Kolkata,Samsung,Android,10.7,41.8,287.1,136,5.2,2331,5.8,2.9,1920,Gaming,1,4251,Mature Low Spender,Target with social media ads
53,Female,Bangalore,Nokia,iOS,5.9,39.0,146.6,168,4.3,5497,4.5,4.7,1439,Education,1,6936,Mature Low Spender,Target with social media ads
46,Female,Kolkata,Vivo,Android,9.2,16.4,84.0,64,3.7,788,1.4,4.1,980,Social Media,1,1768,Mature Low Spender,Target with social media ads
51,Other,Jaipur,Samsung,iOS,8.7,9.1,42.6,94,4.5,1368,7.2,4.1,1422,Work,1,2790,Mature Low Spender,Target with social media ads
36,Other,Pune,Vivo,iOS,8.2,11.6,297.0,115,5.7,1844,7.3,1.1,1866,Work,1,3710,Mature Low Spender,Target with social media ads
52,Female,Bangalore,Realme,Android,11.7,47.2,33.8,157,1.6,3708,5.1,1.0,1331,Entertainment,1,5039,Mature Low Spender,Target with social media ads
38,Male,Hyderabad,Oppo,iOS,7.6,19.1,297.9,30,5.3,2459,3.2,1.1,725,Education,1,3184,Mature Low Spender,Target with social media ads
47,Male,Jaipur,Realme,iOS,3.6,40.2,134.2,88,4.2,1843,8.0,0.9,1870,Social Media,1,3713,Mature Low Spender,Target with social media ads
53,Male,Pune,Google Pixel,Android,3.4,5.7,250.4,152,2.4,4930,5.8,1.8,376,Gaming,1,5306,Mature Low Spender,Target with social media ads
49,Female,Delhi,Xiaomi,Android,5.4,47.3,102.3,41,3.9,1018,0.7,4.1,1931,Entertainment,1,2949,Mature Low Spender,Target with social media ads
52,Male,Delhi,Xiaomi,Android,3.2,41.8,254.5,158,5.2,3134,3.1,3.2,348,Entertainment,1,3482,Mature Low Spender,Target with social media ads
60,Other,Hyderabad,Samsung,Android,5.3,21.1,268.2,18,4.8,2946,1.4,1.6,616,Education,1,3562,Mature Low Spender,Target with social media ads
59,Female,Chennai,Realme,iOS,4.3,15.9,244.1,29,5.1,1844,4.2,4.8,920,Entertainment,1,2764,Mature Low Spender,Target with social media ads
56,Other,Chennai,Apple,iOS,1.7,49.2,49.9,169,4.8,1279,6.4,0.2,1983,Work,1,3262,Mature Low Spender,Target with social media ads
37,Male,Chennai,Apple,Android,9.1,37.0,43.2,11,6.0,2320,6.5,3.7,1063,Gaming,1,3383,Mature Low Spender,Target with social media ads
54,Other,Delhi,Nokia,Android,6.3,44.4,50.0,92,3.3,6559,2.7,2.3,146,Gaming,1,6705,Mature Low Spender,Target with social media ads
58,Female,Delhi,Xiaomi,iOS,5.1,25.5,213.2,26,2.4,4404,3.2,0.3,669,Social Media,1,5073,Mature Low Spender,Target with social media ads
41,Male,Pune,OnePlus,Android,11.6,43.7,295.0,57,3.2,2691,4.3,1.8,1926,Entertainment,1,4617,Mature Low Spender,Target with social media ads
50,Female,Bangalore,Motorola,iOS,10.9,7.7,53.4,189,2.1,3676,4.9,4.8,785,Social Media,1,4461,Mature Low Spender,Target with social media ads
57,Male,Kolkata,Xiaomi,Android,2.2,27.0,294.2,32,4.0,6517,2.4,0.3,1156,Education,1,7673,Mature Low Spender,Target with social media ads
56,Female,Ahmedabad,Xiaomi,iOS,2.5,45.1,129.8,99,4.0,6631,5.6,2.9,1901,Gaming,1,8532,Mature Low Spender,Target with social media ads
49,Male,Kolkata,Nokia,iOS,8.7,40.8,266.5,46,4.6,4392,5.4,3.1,130,Social Media,1,4522,Mature Low Spender,Target with social media ads
38,Female,Mumbai,Nokia,Android,10.3,15.6,138.8,110,4.9,1236,7.3,2.4,187,Social Media,1,1423,Mature Low Spender,Target with social media ads
50,Male,Chennai,Apple,Android,7.0,22.2,116.0,12,2.9,4141,4.1,3.3,943,Education,1,5084,Mature Low Spender,Target with social media ads
60,Male,Chennai,Nokia,Android,10.0,23.2,219.3,17,3.9,7288,4.5,4.5,1802,Education,1,9090,Mature Low Spender,Target with social media ads
59,Male,Lucknow,Xiaomi,iOS,6.5,6.2,195.0,49,5.3,997,0.6,5.0,1746,Gaming,1,2743,Mature Low Spender,Target with social media ads
60,Male,Lucknow,Vivo,iOS,6.9,40.7,116.9,151,1.7,1265,0.9,1.4,399,Gaming,1,1664,Mature Low Spender,Target with social media ads
50,Female,Pune,Apple,Android,8.7,8.2,299.7,51,3.0,5430,5.1,4.6,774,Work,1,6204,Mature Low Spender,Target with social media ads
39,Male,Lucknow,Vivo,iOS,1.3,9.4,70.2,111,3.5,3875,0.6,1.4,1416,Work,1,5291,Mature Low Spender,Target with social media ads
52,Male,Bangalore,Oppo,Android,7.2,23.2,176.6,174,2.7,2705,1.6,2.7,1211,Gaming,1,3916,Mature Low Spender,Target with social media ads
51,Other,Ahmedabad,Vivo,iOS,5.4,9.0,223.4,111,5.4,4049,1.1,4.8,1273,Gaming,1,5322,Mature Low Spender,Target with social media ads
43,Male,Delhi,Nokia,Android,1.7,32.6,214.5,122,5.5,3500,1.6,1.7,367,Entertainment,1,3867,Mature Low Spender,Target with social media ads
59,Other,Bangalore,Xiaomi,iOS,6.4,22.6,34.0,156,1.7,4535,2.5,2.0,1764,Social Media,1,6299,Mature Low Spender,Target with social media ads
59,Other,Jaipur,Oppo,iOS,10.5,49.1,94.7,178,0.8,574,7.6,4.7,269,Gaming,1,843,Mature Low Spender,Target with social media ads
52,Male,Hyderabad,Motorola,iOS,8.7,21.8,154.8,114,3.9,4669,4.1,4.9,204,Education,1,4873,Mature Low Spender,Target with social media ads
58,Female,Lucknow,Xiaomi,Android,3.7,12.8,189.0,59,2.1,4507,7.9,0.5,153,Education,1,4660,Mature Low Spender,Target with social media ads
55,Other,Kolkata,Motorola,Android,4.4,41.5,190.3,88,5.6,4202,4.2,4.5,510,Work,1,4712,Mature Low Spender,Target with social media ads
54,Male,Jaipur,Google Pixel,Android,7.7,7.7,93.0,44,5.8,1898,4.2,0.7,795,Gaming,1,2693,Mature Low Spender,Target with social media ads
44,Female,Chennai,Realme,iOS,6.5,18.9,133.5,69,4.7,4789,2.8,2.4,1988,Entertainment,1,6777,Mature Low Spender,Target with social media ads
47,Female,Jaipur,Xiaomi,Android,10.3,33.5,79.0,199,5.9,2967,5.1,3.0,1787,Social Media,1,4754,Mature Low Spender,Target with social media ads
58,Other,Mumbai,Apple,iOS,2.7,35.4,40.6,82,2.0,3872,7.1,1.9,1232,Work,1,5104,Mature Low Spender,Target with social media ads
58,Other,Delhi,Vivo,Android,8.1,10.4,208.2,12,1.4,3481,4.8,2.6,1333,Entertainment,1,4814,Mature Low Spender,Target with social media ads
46,Female,Lucknow,Vivo,iOS,9.5,3.7,56.3,125,3.2,5264,7.7,4.5,896,Work,1,6160,Mature Low Spender,Target with social media ads
59,Male,Hyderabad,Google Pixel,iOS,1.3,38.6,252.6,53,4.4,5112,7.3,4.5,920,Gaming,1,6032,Mature Low Spender,Target with social media ads
56,Other,Lucknow,Samsung,Android,4.1,9.6,22.5,66,2.0,3282,1.4,3.2,1426,Social Media,1,4708,Mature Low Spender,Target with social media ads
45,Other,Chennai,Motorola,Android,10.9,34.1,62.3,19,1.5,2847,7.0,1.2,1629,Work,1,4476,Mature Low Spender,Target with social media ads
51,Male,Mumbai,OnePlus,Android,12.0,13.6,53.0,175,1.1,2511,3.9,3.1,1510,Work,1,4021,Mature Low Spender,Target with social media ads
47,Male,Ahmedabad,Oppo,iOS,11.5,2.4,52.4,45,4.3,5401,1.8,0.5,1802,Entertainment,1,7203,Mature Low Spender,Target with social media ads
47,Female,Bangalore,OnePlus,Android,5.7,36.8,259.6,198,1.9,2262,6.3,3.5,1477,Gaming,1,3739,Mature Low Spender,Target with social media ads
44,Other,Bangalore,Google Pixel,Android,4.4,34.3,273.4,133,2.6,4478,1.9,1.7,185,Social Media,1,4663,Mature Low Spender,Target with social media ads
52,Male,Kolkata,Oppo,iOS,3.7,16.6,224.7,119,4.6,2421,8.0,3.8,957,Education,1,3378,Mature Low Spender,Target with social media ads
40,Female,Pune,Nokia,Android,8.0,44.9,229.7,60,2.9,4606,1.8,3.5,1279,Work,1,5885,Mature Low Spender,Target with social media ads
37,Other,Mumbai,Motorola,iOS,7.1,6.4,242.6,179,4.7,1197,7.9,1.1,164,Gaming,1,1361,Mature Low Spender,Target with social media ads
52,Male,Pune,Motorola,iOS,6.9,27.2,122.8,148,3.2,5413,5.2,0.3,1729,Education,1,7142,Mature Low Spender,Target with social media ads
51,Male,Lucknow,Xiaomi,iOS,1.2,5.8,50.5,33,4.2,4367,1.0,1.6,1046,Education,1,5413,Mature Low Spender,Target with social media ads
53,Other,Chennai,Vivo,Android,3.6,7.6,255.3,153,4.9,2700,0.5,2.5,1911,Education,1,4611,Mature Low Spender,Target with social media ads
55,Male,Bangalore,Realme,iOS,10.0,14.2,138.2,99,6.0,533,7.4,3.1,191,Gaming,1,724,Mature Low Spender,Target with social media ads
38,Female,Pune,Samsung,iOS,10.5,13.8,249.7,68,4.3,634,7.1,2.6,1310,Education,1,1944,Mature Low Spender,Target with social media ads
60,Other,Jaipur,Apple,iOS,4.4,16.0,236.2,19,4.0,5090,2.6,4.0,1282,Work,1,6372,Mature Low Spender,Target with social media ads
51,Female,Hyderabad,Apple,iOS,6.6,33.9,157.1,91,2.2,2082,1.1,1.8,1018,Gaming,1,3100,Mature Low Spender,Target with social media ads
46,Female,Delhi,Xiaomi,Android,11.5,16.4,235.3,176,0.6,1049,7.7,0.3,423,Work,1,1472,Mature Low Spender,Target with social media ads
59,Female,Lucknow,Google Pixel,Android,9.6,48.0,49.6,50,1.8,3805,6.6,3.0,1927,Entertainment,1,5732,Mature Low Spender,Target with social media ads
41,Female,Kolkata,Xiaomi,Android,8.9,33.2,213.7,151,3.2,4866,5.7,3.4,813,Work,1,5679,Mature Low Spender,Target with social media ads
53,Male,Bangalore,OnePlus,Android,1.5,25.1,123.3,154,1.5,684,4.7,2.5,1075,Gaming,1,1759,Mature Low Spender,Target with social media ads
55,Other,Jaipur,Oppo,iOS,9.3,15.6,23.5,83,3.5,1374,5.7,0.2,1994,Work,1,3368,Mature Low Spender,Target with social media ads
54,Male,Lucknow,OnePlus,Android,8.0,20.3,277.8,195,5.6,2832,5.7,4.8,1593,Entertainment,1,4425,Mature Low Spender,Target with social media ads
49,Male,Chennai,Samsung,iOS,11.4,15.6,7.1,71,2.3,4741,7.6,0.6,1152,Entertainment,1,5893,Mature Low Spender,Target with social media ads
46,Female,Mumbai,Nokia,Android,8.7,10.6,282.6,152,3.4,877,0.8,1.5,1892,Gaming,1,2769,Mature Low Spender,Target with social media ads
60,Female,Delhi,Xiaomi,Android,8.2,6.9,8.8,34,3.5,2720,7.8,3.8,964,Gaming,1,3684,Mature Low Spender,Target with social media ads
50,Female,Ahmedabad,Apple,iOS,1.1,38.3,185.5,182,4.8,5368,3.4,1.3,1364,Social Media,1,6732,Mature Low Spender,Target with social media ads
57,Other,Bangalore,Samsung,Android,4.0,38.7,149.4,36,3.0,955,3.5,0.2,329,Entertainment,1,1284,Mature Low Spender,Target with social media ads
41,Female,Mumbai,Nokia,iOS,8.0,14.4,279.6,140,4.4,2254,4.1,2.4,104,Gaming,1,2358,Mature Low Spender,Target with social media ads
56,Female,Ahmedabad,Xiaomi,Android,11.6,26.7,225.8,71,5.2,5281,4.7,4.7,840,Entertainment,1,6121,Mature Low Spender,Target with social media ads
58,Female,Kolkata,Xiaomi,iOS,1.5,28.9,250.6,122,2.5,3960,6.2,2.0,418,Work,1,4378,Mature Low Spender,Target with social media ads
57,Other,Jaipur,Apple,iOS,1.5,3.0,60.0,164,5.9,5078,1.5,4.6,1132,Education,1,6210,Mature Low Spender,Target with social media ads
59,Other,Jaipur,Xiaomi,iOS,3.5,43.2,240.2,61,4.5,4091,6.6,0.7,1736,Social Media,1,5827,Mature Low Spender,Target with social media ads
58,Male,Hyderabad,Realme,Android,9.3,14.3,129.1,61,4.4,4821,7.0,1.5,310,Social Media,1,5131,Mature Low Spender,Target with social media ads
58,Male,Pune,OnePlus,Android,11.5,44.7,275.0,157,5.9,1901,5.5,4.6,1715,Education,1,3616,Mature Low Spender,Target with social media ads
53,Female,Pune,Oppo,Android,9.3,21.7,192.3,37,5.8,1980,6.0,3.9,303,Work,1,2283,Mature Low Spender,Target with social media ads
37,Other,Kolkata,OnePlus,iOS,4.1,22.5,235.1,162,6.0,2919,0.7,4.4,406,Entertainment,1,3325,Mature Low Spender,Target with social media ads
59,Male,Bangalore,Vivo,Android,11.4,23.8,215.5,45,6.0,6032,0.9,0.7,1838,Education,1,7870,Mature Low Spender,Target with social media ads
59,Male,Lucknow,Google Pixel,iOS,8.5,15.5,273.6,74,5.2,2972,7.6,1.8,540,Education,1,3512,Mature Low Spender,Target with social media ads
51,Other,Jaipur,Xiaomi,Android,3.4,42.3,266.4,120,1.6,136,3.7,2.4,682,Work,1,818,Mature Low Spender,Target with social media ads
56,Other,Jaipur,Vivo,iOS,8.0,21.9,72.1,46,3.6,2909,7.9,2.6,815,Education,1,3724,Mature Low Spender,Target with social media ads
58,Other,Lucknow,Nokia,iOS,3.3,34.8,170.9,184,5.7,1675,3.2,3.1,1660,Education,1,3335,Mature Low Spender,Target with social media ads
52,Other,Kolkata,Apple,iOS,9.8,17.6,266.5,133,3.0,321,6.8,1.7,1337,Gaming,1,1658,Mature Low Spender,Target with social media ads
59,Female,Chennai,Apple,iOS,6.1,25.3,67.4,58,2.8,3683,2.4,0.3,576,Social Media,1,4259,Mature Low Spender,Target with social media ads
60,Female,Chennai,Xiaomi,iOS,2.8,32.0,146.7,63,2.7,2032,5.5,2.7,287,Entertainment,1,2319,Mature Low Spender,Target with social media ads
50,Female,Lucknow,Apple,iOS,7.5,6.8,149.6,93,4.2,2088,6.9,2.6,997,Education,1,3085,Mature Low Spender,Target with social media ads
48,Male,Chennai,Apple,iOS,6.9,33.0,175.8,194,2.9,2166,2.3,0.4,1606,Social Media,1,3772,Mature Low Spender,Target with social media ads
56,Female,Ahmedabad,Vivo,iOS,4.9,48.8,124.4,126,0.8,2598,3.0,2.0,816,Social Media,1,3414,Mature Low Spender,Target with social media ads
56,Male,Delhi,Samsung,iOS,10.5,2.9,61.8,25,4.3,227,5.2,4.1,1540,Gaming,1,1767,Mature Low Spender,Target with social media ads
60,Other,Bangalore,Motorola,Android,2.9,2.6,28.8,49,0.8,3271,5.1,4.7,1013,Work,1,4284,Mature Low Spender,Target with social media ads
55,Other,Hyderabad,Oppo,iOS,6.3,9.0,29.8,108,2.8,2446,3.8,0.6,1737,Education,1,4183,Mature Low Spender,Target with social media ads
56,Other,Mumbai,Google Pixel,Android,6.8,15.4,153.6,21,5.3,3814,4.8,1.8,221,Social Media,1,4035,Mature Low Spender,Target with social media ads
56,Other,Bangalore,Apple,iOS,4.3,28.9,224.9,164,4.9,812,2.9,3.2,1860,Work,1,2672,Mature Low Spender,Target with social media ads
53,Other,Delhi,Samsung,iOS,2.8,19.3,244.6,130,4.7,377,1.8,0.4,714,Entertainment,1,1091,Mature Low Spender,Target with social media ads
58,Female,Jaipur,Nokia,iOS,10.6,49.5,254.2,188,4.4,2694,4.7,3.8,257,Work,1,2951,Mature Low Spender,Target with social media ads
55,Other,Bangalore,Samsung,iOS,1.3,30.6,98.0,85,5.8,1354,3.8,1.3,881,Education,1,2235,Mature Low Spender,Target with social media ads
36,Male,Pune,Xiaomi,Android,6.0,34.2,130.0,186,5.3,263,6.2,1.0,307,Education,1,570,Mature Low Spender,Target with social media ads
56,Other,Ahmedabad,Motorola,Android,9.9,13.1,178.4,23,3.3,4610,4.8,2.1,322,Education,1,4932,Mature Low Spender,Target with social media ads
58,Other,Hyderabad,Nokia,Android,5.7,48.8,18.6,37,3.6,938,1.4,3.9,598,Gaming,1,1536,Mature Low Spender,Target with social media ads
51,Other,Mumbai,Nokia,Android,4.0,39.6,8.1,125,2.3,4831,0.7,0.3,1044,Social Media,1,5875,Mature Low Spender,Target with social media ads
58,Other,Hyderabad,Nokia,Android,8.0,48.9,9.3,69,2.0,840,7.9,2.3,590,Education,1,1430,Mature Low Spender,Target with social media ads
53,Male,Jaipur,Xiaomi,iOS,7.0,38.9,191.8,112,5.7,2522,0.9,3.6,857,Social Media,1,3379,Mature Low Spender,Target with social media ads
55,Male,Hyderabad,Vivo,iOS,9.2,6.2,285.3,118,3.4,5807,6.6,3.4,905,Work,1,6712,Mature Low Spender,Target with social media ads
41,Male,Bangalore,OnePlus,iOS,8.6,22.6,125.1,183,1.2,181,6.8,3.8,139,Entertainment,1,320,Mature Low Spender,Target with social media ads
52,Other,Bangalore,Samsung,Android,1.2,31.5,34.7,80,3.9,2169,8.0,0.1,945,Work,1,3114,Mature Low Spender,Target with social media ads
58,Female,Hyderabad,Samsung,iOS,10.2,19.4,285.6,33,3.6,1931,2.5,3.2,1181,Entertainment,1,3112,Mature Low Spender,Target with social media ads
39,Female,Kolkata,Xiaomi,Android,1.0,30.6,73.6,80,3.7,4175,2.6,4.5,424,Education,1,4599,Mature Low Spender,Target with social media ads
52,Male,Kolkata,Motorola,Android,4.9,6.2,247.5,64,4.5,3601,7.2,4.9,927,Social Media,1,4528,Mature Low Spender,Target with social media ads
51,Other,Jaipur,OnePlus,iOS,1.3,6.5,194.0,139,4.3,3438,1.2,4.5,320,Gaming,1,3758,Mature Low Spender,Target with social media ads
46,Female,Kolkata,Xiaomi,iOS,7.5,35.9,97.7,60,3.5,1272,0.9,1.8,1463,Social Media,1,2735,Mature Low Spender,Target with social media ads
58,Male,Lucknow,Oppo,Android,2.0,1.2,159.6,174,5.9,1675,6.8,0.9,411,Entertainment,1,2086,Mature Low Spender,Target with social media ads
46,Male,Ahmedabad,Realme,Android,8.4,38.5,109.5,183,4.4,4585,7.0,0.2,1950,Gaming,1,6535,Mature Low Spender,Target with social media ads
54,Other,Bangalore,OnePlus,Android,4.9,25.1,148.1,107,3.7,3255,6.8,1.1,1466,Gaming,1,4721,Mature Low Spender,Target with social media ads
54,Female,Bangalore,Realme,Android,1.6,5.0,233.8,128,3.6,4778,1.5,4.6,1961,Social Media,1,6739,Mature Low Spender,Target with social media ads
42,Other,Jaipur,Google Pixel,iOS,3.3,24.3,80.8,78,1.6,1503,5.9,0.5,281,Gaming,1,1784,Mature Low Spender,Target with social media ads
53,Other,Jaipur,Oppo,Android,4.3,26.4,22.0,148,2.6,2680,3.2,1.8,430,Entertainment,1,3110,Mature Low Spender,Target with social media ads
40,Female,Pune,Oppo,Android,2.9,21.0,223.9,169,4.0,4571,0.9,1.2,625,Social Media,1,5196,Mature Low Spender,Target with social media ads
58,Female,Kolkata,OnePlus,Android,2.0,12.7,255.1,71,2.6,3313,3.9,2.5,1800,Work,1,5113,Mature Low Spender,Target with social media ads
57,Female,Kolkata,Vivo,Android,10.9,23.3,79.3,126,4.1,5783,1.5,4.3,1218,Entertainment,1,7001,Mature Low Spender,Target with social media ads
59,Male,Jaipur,OnePlus,iOS,9.6,6.1,153.9,186,3.6,5821,6.0,1.2,248,Social Media,1,6069,Mature Low Spender,Target with social media ads
60,Other,Lucknow,Realme,iOS,1.8,30.5,29.8,16,2.8,5232,2.7,2.7,907,Gaming,1,6139,Mature Low Spender,Target with social media ads
57,Male,Mumbai,Apple,iOS,1.9,23.8,123.6,140,3.6,2845,2.8,0.1,389,Social Media,1,3234,Mature Low Spender,Target with social media ads
58,Female,Jaipur,Apple,Android,6.8,10.3,111.7,99,1.1,1199,6.7,2.9,1531,Work,1,2730,Mature Low Spender,Target with social media ads
52,Other,Delhi,Motorola,iOS,1.4,22.3,78.5,140,5.7,4094,4.6,1.6,1971,Work,1,6065,Mature Low Spender,Target with social media ads
47,Other,Ahmedabad,Nokia,Android,10.0,16.1,103.3,97,3.4,2384,7.4,2.4,953,Social Media,1,3337,Mature Low Spender,Target with social media ads
58,Other,Bangalore,Nokia,Android,11.6,19.3,215.8,24,4.8,4809,7.4,4.2,979,Social Media,1,5788,Mature Low Spender,Target with social media ads
55,Male,Chennai,Vivo,iOS,1.7,18.0,153.4,53,2.1,106,6.3,0.4,716,Social Media,1,822,Mature Low Spender,Target with social media ads
44,Female,Ahmedabad,Motorola,iOS,7.3,36.6,8.9,186,0.9,2028,1.3,0.7,340,Education,1,2368,Mature Low Spender,Target with social media ads
53,Female,Bangalore,Motorola,iOS,12.0,36.4,122.3,199,5.3,2496,6.0,3.2,1675,Education,1,4171,Mature Low Spender,Target with social media ads
52,Male,Mumbai,Xiaomi,iOS,6.4,33.2,114.8,197,3.3,136,2.2,3.0,495,Work,1,631,Mature Low Spender,Target with social media ads
56,Female,Bangalore,Samsung,Android,11.7,22.4,218.1,117,3.5,5543,6.0,3.5,765,Education,1,6308,Mature Low Spender,Target with social media ads
48,Male,Chennai,Nokia,iOS,5.2,29.0,232.1,131,5.2,4924,3.0,3.3,1340,Education,1,6264,Mature Low Spender,Target with social media ads
50,Other,Chennai,OnePlus,iOS,7.1,10.3,112.9,91,1.6,3892,5.9,4.0,1729,Gaming,1,5621,Mature Low Spender,Target with social media ads
55,Male,Chennai,Vivo,iOS,9.8,24.3,284.4,104,4.2,656,3.1,3.7,1204,Social Media,1,1860,Mature Low Spender,Target with social media ads
52,Female,Jaipur,Realme,Android,7.5,9.4,178.3,155,1.5,1208,3.4,3.6,212,Education,1,1420,Mature Low Spender,Target with social media ads
36,Other,Mumbai,Motorola,Android,10.6,29.8,38.2,124,3.8,3840,6.8,4.7,1103,Work,1,4943,Mature Low Spender,Target with social media ads
59,Other,Hyderabad,Vivo,Android,9.7,25.2,172.1,187,2.5,374,2.8,3.7,1953,Entertainment,1,2327,Mature Low Spender,Target with social media ads
38,Female,Chennai,Samsung,iOS,2.2,44.4,288.5,37,4.4,3175,1.0,1.2,690,Education,1,3865,Mature Low Spender,Target with social media ads
48,Female,Kolkata,OnePlus,Android,5.4,40.3,86.3,188,4.8,5126,7.8,0.3,1795,Entertainment,1,6921,Mature Low Spender,Target with social media ads
42,Male,Ahmedabad,Oppo,iOS,6.9,19.3,283.2,183,5.2,3696,3.1,1.2,722,Education,1,4418,Mature Low Spender,Target with social media ads
58,Male,Lucknow,Oppo,Android,1.9,21.9,256.7,80,2.6,3856,1.4,3.5,942,Entertainment,1,4798,Mature Low Spender,Target with social media ads
57,Male,Lucknow,Realme,Android,7.6,25.0,207.3,117,1.3,2184,3.5,2.6,1052,Work,1,3236,Mature Low Spender,Target with social media ads
48,Male,Chennai,Samsung,Android,5.6,30.4,166.4,134,1.0,821,5.7,3.1,417,Education,1,1238,Mature Low Spender,Target with social media ads
60,Male,Mumbai,Xiaomi,Android,1.6,17.9,187.8,25,3.7,5349,5.9,0.2,667,Gaming,1,6016,Mature Low Spender,Target with social media ads
59,Female,Bangalore,Vivo,Android,9.2,22.6,178.6,145,4.7,2330,7.7,3.9,1179,Work,1,3509,Mature Low Spender,Target with social media ads
52,Male,Jaipur,Nokia,iOS,6.6,14.1,266.5,45,4.4,286,4.8,2.7,1602,Work,1,1888,Mature Low Spender,Target with social media ads
32,Female,Hyderabad,Xiaomi,iOS,8.2,46.3,52.1,51,5.8,1591,3.2,4.4,750,Social Media,1,2341,Mature Low Spender,Target with social media ads
41,Male,Chennai,Oppo,Android,4.4,33.9,18.4,171,3.1,1078,3.2,3.0,1646,Work,1,2724,Mature Low Spender,Target with social media ads
54,Male,Ahmedabad,Nokia,iOS,2.9,41.7,49.5,71,5.9,2152,6.8,0.5,1397,Gaming,1,3549,Mature Low Spender,Target with social media ads
45,Other,Hyderabad,Samsung,iOS,10.1,43.6,28.8,160,3.7,3048,2.6,1.8,510,Social Media,1,3558,Mature Low Spender,Target with social media ads
59,Female,Kolkata,Apple,iOS,3.5,44.0,120.6,154,5.2,1458,2.3,4.7,1408,Entertainment,1,2866,Mature Low Spender,Target with social media ads
49,Female,Mumbai,Apple,Android,1.9,11.9,200.9,66,4.3,2362,1.7,3.4,1407,Social Media,1,3769,Mature Low Spender,Target with social media ads
57,Female,Pune,Xiaomi,Android,8.2,10.9,198.3,52,3.5,5937,0.7,0.2,1361,Entertainment,1,7298,Mature Low Spender,Target with social media ads
49,Female,Chennai,Realme,iOS,5.9,33.5,299.3,155,4.8,2456,4.9,3.3,1702,Work,1,4158,Mature Low Spender,Target with social media ads
47,Male,Ahmedabad,Google Pixel,iOS,11.6,27.4,243.3,15,4.5,887,6.7,4.9,615,Gaming,1,1502,Mature Low Spender,Target with social media ads
59,Male,Hyderabad,Google Pixel,iOS,5.7,1.3,177.5,184,1.6,4426,6.2,1.1,1220,Gaming,1,5646,Mature Low Spender,Target with social media ads
51,Female,Bangalore,Vivo,iOS,2.9,23.4,100.4,20,4.9,2668,7.3,1.3,1464,Education,1,4132,Mature Low Spender,Target with social media ads
56,Other,Delhi,Apple,Android,6.1,28.2,244.0,132,2.4,3777,7.1,0.7,1125,Gaming,1,4902,Mature Low Spender,Target with social media ads
58,Other,Delhi,Motorola,iOS,8.3,37.2,38.8,21,3.9,5080,1.3,2.3,947,Social Media,1,6027,Mature Low Spender,Target with social media ads
47,Male,Hyderabad,OnePlus,iOS,1.5,4.9,44.9,35,4.4,2548,3.5,0.2,737,Social Media,1,3285,Mature Low Spender,Target with social media ads
41,Other,Kolkata,Samsung,Android,9.6,10.7,64.1,45,3.8,3137,7.3,4.0,1894,Social Media,1,5031,Mature Low Spender,Target with social media ads
55,Female,Pune,OnePlus,iOS,2.2,12.0,102.4,40,2.8,4162,2.4,4.4,1867,Social Media,1,6029,Mature Low Spender,Target with social media ads
53,Male,Bangalore,Google Pixel,iOS,11.3,38.8,48.8,24,6.0,3588,3.0,3.5,1125,Work,1,4713,Mature Low Spender,Target with social media ads
41,Other,Mumbai,Motorola,iOS,8.6,16.6,28.6,17,1.1,1140,3.7,4.3,184,Gaming,1,1324,Mature Low Spender,Target with social media ads
60,Male,Hyderabad,Oppo,Android,4.6,37.4,11.0,91,1.4,312,6.5,2.5,1663,Work,1,1975,Mature Low Spender,Target with social media ads
48,Female,Chennai,Motorola,Android,8.0,10.7,127.6,10,3.5,3332,4.0,0.8,1789,Social Media,1,5121,Mature Low Spender,Target with social media ads
57,Other,Pune,Xiaomi,iOS,8.3,3.8,27.7,178,5.3,3764,6.2,3.0,161,Social Media,1,3925,Mature Low Spender,Target with social media ads
51,Male,Mumbai,Samsung,Android,11.0,23.6,287.0,64,4.0,258,7.6,0.2,1449,Entertainment,1,1707,Mature Low Spender,Target with social media ads
45,Female,Lucknow,Realme,iOS,10.0,30.0,114.0,99,2.7,1736,2.8,1.1,298,Gaming,1,2034,Mature Low Spender,Target with social media ads
48,Other,Kolkata,OnePlus,iOS,7.5,4.4,97.0,133,4.0,5013,7.6,2.3,262,Gaming,1,5275,Mature Low Spender,Target with social media ads
41,Male,Bangalore,OnePlus,Android,5.3,15.5,247.4,194,3.4,4720,2.6,3.9,837,Entertainment,1,5557,Mature Low Spender,Target with social media ads
54,Other,Pune,Motorola,iOS,6.8,46.2,290.0,95,4.1,3035,3.2,2.0,546,Work,1,3581,Mature Low Spender,Target with social media ads
43,Male,Chennai,Samsung,Android,6.4,48.9,25.1,148,0.7,1476,2.5,0.6,811,Gaming,1,2287,Mature Low Spender,Target with social media ads
47,Male,Jaipur,Google Pixel,iOS,8.8,4.7,297.1,91,5.5,2766,4.2,4.4,950,Education,1,3716,Mature Low Spender,Target with social media ads
53,Female,Lucknow,Samsung,iOS,8.7,30.6,14.3,35,0.6,1333,5.2,1.2,1450,Social Media,1,2783,Mature Low Spender,Target with social media ads
50,Other,Chennai,Xiaomi,iOS,5.5,17.5,14.3,138,3.6,3178,3.5,0.4,1666,Education,1,4844,Mature Low Spender,Target with social media ads
40,Other,Jaipur,Realme,Android,7.6,38.4,167.0,118,1.9,303,5.6,1.8,1387,Gaming,1,1690,Mature Low Spender,Target with social media ads
44,Female,Hyderabad,Samsung,iOS,1.7,31.1,232.0,47,2.2,1608,7.6,2.6,1577,Entertainment,1,3185,Mature Low Spender,Target with social media ads
41,Male,Ahmedabad,Google Pixel,Android,3.4,49.6,118.8,54,4.4,219,4.7,3.1,1356,Education,1,1575,Mature Low Spender,Target with social media ads
48,Male,Hyderabad,OnePlus,iOS,3.9,39.3,58.6,49,4.9,543,4.3,4.5,528,Entertainment,1,1071,Mature Low Spender,Target with social media ads
45,Male,Delhi,Motorola,iOS,3.0,27.0,272.9,149,4.5,1016,4.3,1.4,919,Education,1,1935,Mature Low Spender,Target with social media ads
57,Other,Ahmedabad,Realme,iOS,6.2,7.1,48.7,130,5.0,1743,4.7,1.9,516,Entertainment,1,2259,Mature Low Spender,Target with social media ads
58,Other,Lucknow,Realme,Android,6.4,26.5,66.2,57,0.5,2954,7.7,0.2,1693,Gaming,1,4647,Mature Low Spender,Target with social media ads
45,Female,Jaipur,Vivo,Android,3.4,32.7,82.8,176,4.0,4905,2.9,0.9,1593,Education,1,6498,Mature Low Spender,Target with social media ads
58,Female,Lucknow,Apple,iOS,3.6,24.1,98.3,106,5.1,3079,5.4,1.2,1826,Gaming,1,4905,Mature Low Spender,Target with social media ads
55,Other,Pune,Google Pixel,iOS,6.8,21.0,181.0,120,3.7,7026,6.1,3.0,537,Education,1,7563,Mature Low Spender,Target with social media ads
48,Female,Ahmedabad,Realme,Android,10.2,35.4,185.9,37,3.8,123,3.6,0.2,1573,Education,1,1696,Mature Low Spender,Target with social media ads
51,Other,Kolkata,Motorola,Android,7.1,9.8,47.5,78,2.9,4795,3.5,3.8,733,Entertainment,1,5528,Mature Low Spender,Target with social media ads
57,Male,Lucknow,Motorola,Android,9.8,2.1,131.2,147,2.2,5112,5.2,4.7,1797,Social Media,1,6909,Mature Low Spender,Target with social media ads
50,Other,Pune,Motorola,Android,5.5,43.1,230.5,92,3.9,1956,5.9,4.1,1453,Social Media,1,3409,Mature Low Spender,Target with social media ads
43,Female,Bangalore,Apple,iOS,9.0,14.1,23.4,104,0.6,769,3.5,1.6,1569,Social Media,1,2338,Mature Low Spender,Target with social media ads
53,Male,Bangalore,Realme,Android,6.7,16.8,152.9,159,4.6,3229,1.8,4.9,1287,Social Media,1,4516,Mature Low Spender,Target with social media ads
47,Female,Chennai,Samsung,Android,2.1,24.5,150.1,100,2.5,3650,7.0,3.1,1634,Gaming,1,5284,Mature Low Spender,Target with social media ads
53,Male,Jaipur,Motorola,iOS,6.6,29.4,75.5,198,2.6,5179,5.2,4.0,931,Social Media,1,6110,Mature Low Spender,Target with social media ads
58,Male,Delhi,OnePlus,Android,1.5,34.7,83.8,50,2.6,5526,3.9,0.8,696,Entertainment,1,6222,Mature Low Spender,Target with social media ads
57,Other,Mumbai,Samsung,iOS,3.0,2.0,48.5,42,1.7,3397,3.7,1.9,874,Social Media,1,4271,Mature Low Spender,Target with social media ads
44,Female,Delhi,Vivo,iOS,6.7,17.0,290.8,112,0.9,1250,5.6,1.4,1316,Gaming,1,2566,Mature Low Spender,Target with social media ads
58,Other,Bangalore,Google Pixel,Android,1.8,25.0,32.2,32,4.4,5753,7.7,3.9,1091,Gaming,1,6844,Mature Low Spender,Target with social media ads
50,Male,Kolkata,Apple,iOS,1.9,10.2,293.6,35,4.1,3139,4.1,4.1,1184,Entertainment,1,4323,Mature Low Spender,Target with social media ads
48,Female,Bangalore,Google Pixel,Android,3.2,18.0,56.3,107,1.9,4345,5.2,0.8,1591,Social Media,1,5936,Mature Low Spender,Target with social media ads
59,Female,Mumbai,Vivo,iOS,10.7,25.8,34.3,69,5.8,3199,5.7,3.6,499,Work,1,3698,Mature Low Spender,Target with social media ads
50,Female,Ahmedabad,Vivo,Android,4.5,36.1,191.9,182,3.4,1662,6.9,0.9,569,Work,1,2231,Mature Low Spender,Target with social media ads
58,Other,Kolkata,Apple,iOS,1.8,22.1,292.5,192,1.3,3018,1.6,0.2,1802,Entertainment,1,4820,Mature Low Spender,Target with social media ads
44,Male,Pune,OnePlus,iOS,6.7,6.7,221.1,158,4.1,3345,6.5,1.8,1675,Education,1,5020,Mature Low Spender,Target with social media ads
60,Other,Jaipur,Oppo,Android,8.4,45.2,9.7,56,1.6,117,1.0,4.0,1995,Work,1,2112,Mature Low Spender,Target with social media ads
52,Other,Bangalore,OnePlus,iOS,11.0,38.6,86.7,124,4.8,4024,4.7,3.0,819,Gaming,1,4843,Mature Low Spender,Target with social media ads
55,Male,Jaipur,Nokia,iOS,9.4,5.3,173.1,82,5.2,4831,6.7,0.2,1057,Work,1,5888,Mature Low Spender,Target with social media ads
54,Female,Lucknow,Oppo,Android,10.8,6.0,52.6,196,2.6,5229,1.2,4.9,488,Entertainment,1,5717,Mature Low Spender,Target with social media ads
50,Other,Chennai,Oppo,Android,6.5,32.7,100.7,195,1.5,189,7.7,3.1,1390,Social Media,1,1579,Mature Low Spender,Target with social media ads
54,Female,Delhi,Oppo,iOS,4.8,11.5,195.0,20,5.5,936,7.5,3.1,1795,Work,1,2731,Mature Low Spender,Target with social media ads
59,Male,Ahmedabad,Realme,iOS,9.7,39.3,33.1,81,2.7,3111,7.8,1.1,1207,Gaming,1,4318,Mature Low Spender,Target with social media ads
55,Male,Delhi,OnePlus,Android,5.3,38.7,36.8,144,4.4,2567,7.7,0.0,1097,Entertainment,1,3664,Mature Low Spender,Target with social media ads
52,Other,Chennai,Motorola,iOS,7.9,21.7,98.4,127,2.8,2820,4.4,2.9,1927,Education,1,4747,Mature Low Spender,Target with social media ads
47,Female,Delhi,Xiaomi,iOS,3.5,3.6,140.4,166,5.5,2538,1.5,4.2,1880,Social Media,1,4418,Mature Low Spender,Target with social media ads
36,Male,Delhi,Oppo,iOS,6.5,13.2,13.7,169,3.8,1432,3.9,0.6,146,Education,1,1578,Mature Low Spender,Target with social media ads
57,Male,Pune,Realme,Android,4.4,22.7,278.5,58,3.4,2343,2.7,0.4,102,Entertainment,1,2445,Mature Low Spender,Target with social media ads
59,Female,Pune,Xiaomi,iOS,1.3,5.8,139.7,47,1.8,791,2.7,0.6,1796,Work,1,2587,Mature Low Spender,Target with social media ads
55,Other,Pune,Nokia,iOS,8.4,12.5,20.7,140,2.1,434,1.0,4.6,222,Social Media,1,656,Mature Low Spender,Target with social media ads
38,Other,Chennai,Oppo,iOS,11.9,25.2,40.7,42,5.8,1893,1.8,2.4,1134,Gaming,1,3027,Mature Low Spender,Target with social media ads
44,Other,Delhi,Apple,iOS,6.6,34.7,296.2,55,3.7,4951,1.3,3.4,195,Work,1,5146,Mature Low Spender,Target with social media ads
44,Female,Pune,Apple,Android,10.7,15.7,236.3,91,5.1,2771,2.5,1.6,555,Education,1,3326,Mature Low Spender,Target with social media ads
50,Female,Bangalore,Motorola,iOS,9.9,13.3,276.5,197,2.3,2510,2.4,2.6,1934,Education,1,4444,Mature Low Spender,Target with social media ads
54,Female,Delhi,Realme,iOS,6.2,3.0,168.2,62,2.9,1400,2.2,2.8,1000,Work,1,2400,Mature Low Spender,Target with social media ads
37,Female,Delhi,Realme,Android,2.9,45.6,151.2,160,5.9,2298,1.5,5.0,661,Entertainment,1,2959,Mature Low Spender,Target with social media ads
41,Male,Ahmedabad,OnePlus,Android,5.1,16.4,101.2,93,5.9,1432,1.3,2.8,1694,Entertainment,1,3126,Mature Low Spender,Target with social media ads
54,Other,Bangalore,Google Pixel,Android,4.1,8.4,60.3,39,2.4,1282,4.8,1.2,1388,Entertainment,1,2670,Mature Low Spender,Target with social media ads
36,Other,Hyderabad,OnePlus,iOS,11.6,48.0,80.7,136,4.3,3666,3.7,3.6,1964,Education,1,5630,Mature Low Spender,Target with social media ads
41,Female,Lucknow,Google Pixel,Android,6.9,46.9,192.5,50,4.0,3716,1.1,4.7,656,Entertainment,1,4372,Mature Low Spender,Target with social media ads
54,Female,Delhi,Motorola,iOS,2.5,2.9,238.0,173,4.8,1728,3.3,3.7,494,Social Media,1,2222,Mature Low Spender,Target with social media ads
59,Female,Delhi,OnePlus,iOS,3.1,41.7,101.5,172,1.9,5159,3.9,2.7,669,Education,1,5828,Mature Low Spender,Target with social media ads
53,Female,Jaipur,Google Pixel,iOS,10.6,37.6,103.2,150,2.6,2738,5.0,0.6,1936,Social Media,1,4674,Mature Low Spender,Target with social media ads
44,Female,Mumbai,Google Pixel,Android,9.3,31.4,60.7,191,2.8,2559,4.0,4.6,131,Entertainment,1,2690,Mature Low Spender,Target with social media ads
58,Female,Chennai,Samsung,Android,2.9,19.7,238.1,170,5.1,689,5.9,4.9,883,Entertainment,1,1572,Mature Low Spender,Target with social media ads
50,Other,Pune,Oppo,Android,5.1,3.8,65.1,145,3.9,185,4.6,0.4,1897,Work,1,2082,Mature Low Spender,Target with social media ads
55,Male,Kolkata,Apple,Android,6.6,38.4,205.3,33,4.3,3791,0.7,1.8,1910,Entertainment,1,5701,Mature Low Spender,Target with social media ads
55,Other,Lucknow,Samsung,iOS,7.8,44.1,73.7,39,1.2,2468,7.9,1.9,342,Education,1,2810,Mature Low Spender,Target with social media ads
50,Female,Delhi,Vivo,iOS,7.4,11.6,157.9,97,3.3,4800,3.2,5.0,1479,Social Media,1,6279,Mature Low Spender,Target with social media ads
43,Male,Pune,Vivo,Android,2.1,34.9,261.6,147,3.8,3374,2.6,0.1,332,Entertainment,1,3706,Mature Low Spender,Target with social media ads
46,Other,Ahmedabad,Nokia,Android,2.0,46.0,35.3,26,5.1,1899,1.6,3.5,988,Social Media,1,2887,Mature Low Spender,Target with social media ads
37,Female,Bangalore,Vivo,Android,4.4,38.2,192.0,135,4.1,3995,7.0,4.9,1487,Work,1,5482,Mature Low Spender,Target with social media ads
47,Male,Lucknow,Oppo,iOS,1.3,2.6,79.6,155,2.8,4438,3.1,1.7,1000,Work,1,5438,Mature Low Spender,Target with social media ads
42,Female,Hyderabad,Xiaomi,iOS,11.5,21.6,111.9,114,2.7,1844,2.5,2.4,1823,Work,1,3667,Mature Low Spender,Target with social media ads
56,Male,Chennai,Google Pixel,Android,2.7,23.0,73.9,88,2.0,1384,3.5,2.0,149,Work,1,1533,Mature Low Spender,Target with social media ads
58,Male,Bangalore,Apple,iOS,10.7,10.6,60.0,64,2.7,3656,3.9,1.0,1576,Education,1,5232,Mature Low Spender,Target with social media ads
44,Male,Jaipur,Google Pixel,iOS,9.6,40.9,133.6,161,3.0,1692,2.4,2.1,1804,Gaming,1,3496,Mature Low Spender,Target with social media ads
50,Other,Pune,OnePlus,Android,11.6,6.5,242.3,147,3.0,2970,6.4,4.9,1498,Gaming,1,4468,Mature Low Spender,Target with social media ads
56,Other,Hyderabad,Motorola,iOS,9.7,23.9,296.5,36,3.2,1226,3.2,1.5,1907,Gaming,1,3133,Mature Low Spender,Target with social media ads
57,Female,Chennai,Google Pixel,iOS,8.3,6.2,237.4,43,1.8,2770,3.4,0.1,1954,Entertainment,1,4724,Mature Low Spender,Target with social media ads
42,Female,Bangalore,Nokia,iOS,4.1,43.5,167.8,181,2.6,130,6.0,0.0,894,Social Media,1,1024,Mature Low Spender,Target with social media ads
47,Female,Hyderabad,Xiaomi,Android,4.5,19.4,155.4,94,2.0,1923,6.0,4.8,239,Work,1,2162,Mature Low Spender,Target with social media ads
43,Male,Mumbai,Vivo,iOS,2.1,44.8,177.3,58,3.7,2043,5.1,3.6,890,Entertainment,1,2933,Mature Low Spender,Target with social media ads
60,Male,Chennai,Realme,iOS,2.0,7.5,218.6,105,3.4,3372,6.4,0.9,1493,Entertainment,1,4865,Mature Low Spender,Target with social media ads
40,Female,Mumbai,Vivo,Android,2.9,3.2,76.3,50,5.0,253,1.5,1.0,441,Entertainment,1,694,Mature Low Spender,Target with social media ads
54,Male,Lucknow,Xiaomi,Android,7.4,10.5,173.8,152,2.6,1032,3.8,2.9,1289,Social Media,1,2321,Mature Low Spender,Target with social media ads
53,Female,Bangalore,Realme,iOS,5.9,20.4,291.6,98,3.8,3033,3.8,2.4,718,Entertainment,1,3751,Mature Low Spender,Target with social media ads
54,Male,Hyderabad,Nokia,Android,4.9,3.2,292.9,33,5.4,2238,4.7,1.5,1861,Social Media,1,4099,Mature Low Spender,Target with social media ads
51,Female,Pune,Nokia,Android,11.3,48.3,200.8,80,3.1,5259,7.9,2.3,1100,Education,1,6359,Mature Low Spender,Target with social media ads
60,Male,Chennai,Nokia,iOS,4.1,24.9,32.7,33,3.3,2911,2.6,3.3,837,Gaming,1,3748,Mature Low Spender,Target with social media ads
44,Other,Delhi,Google Pixel,iOS,10.1,9.8,195.3,47,4.8,565,5.5,4.8,810,Work,1,1375,Mature Low Spender,Target with social media ads
49,Female,Ahmedabad,Oppo,Android,4.6,32.5,176.7,197,1.8,1952,7.2,4.8,1981,Social Media,1,3933,Mature Low Spender,Target with social media ads
42,Other,Pune,Apple,iOS,3.1,21.5,24.1,99,3.8,4005,8.0,4.8,1169,Education,1,5174,Mature Low Spender,Target with social media ads
54,Other,Lucknow,Vivo,iOS,3.3,18.6,263.8,127,5.6,1237,7.0,3.3,1957,Gaming,1,3194,Mature Low Spender,Target with social media ads
42,Other,Jaipur,Nokia,iOS,5.3,2.1,108.6,47,3.6,2247,3.3,1.6,955,Entertainment,1,3202,Mature Low Spender,Target with social media ads
57,Other,Pune,Vivo,iOS,8.6,17.7,136.2,133,4.5,4152,2.4,1.0,907,Entertainment,1,5059,Mature Low Spender,Target with social media ads
55,Female,Jaipur,Vivo,Android,2.6,30.1,81.7,192,3.3,6104,7.3,3.0,770,Work,1,6874,Mature Low Spender,Target with social media ads
49,Other,Chennai,OnePlus,iOS,8.7,15.8,285.6,148,3.0,2084,2.1,3.5,1490,Education,1,3574,Mature Low Spender,Target with social media ads
47,Other,Mumbai,Motorola,iOS,3.0,41.1,112.2,125,4.3,3609,6.1,3.0,277,Education,1,3886,Mature Low Spender,Target with social media ads
52,Male,Delhi,Apple,iOS,5.1,49.6,269.3,197,4.9,2863,4.4,2.3,1977,Social Media,1,4840,Mature Low Spender,Target with social media ads
47,Other,Mumbai,Nokia,Android,6.7,31.7,59.9,33,5.4,714,5.2,3.2,1063,Gaming,1,1777,Mature Low Spender,Target with social media ads
55,Female,Pune,Realme,iOS,11.7,17.8,16.4,20,5.3,1953,3.4,3.5,648,Gaming,1,2601,Mature Low Spender,Target with social media ads
60,Male,Kolkata,Samsung,iOS,1.2,38.7,190.1,183,1.8,2186,1.7,1.6,812,Work,1,2998,Mature Low Spender,Target with social media ads
43,Female,Mumbai,OnePlus,Android,9.4,17.4,251.0,181,2.0,3010,3.5,2.9,1650,Education,1,4660,Mature Low Spender,Target with social media ads
40,Other,Kolkata,Oppo,iOS,5.0,25.9,169.9,86,3.9,2752,6.8,2.1,1424,Education,1,4176,Mature Low Spender,Target with social media ads
50,Female,Chennai,Xiaomi,Android,12.0,37.8,27.9,190,2.8,2717,4.6,3.1,192,Entertainment,1,2909,Mature Low Spender,Target with social media ads
42,Male,Pune,Google Pixel,Android,10.8,45.0,120.6,60,2.8,3681,4.8,4.1,1611,Gaming,1,5292,Mature Low Spender,Target with social media ads
43,Other,Ahmedabad,Vivo,iOS,4.3,11.1,200.2,168,3.3,4095,6.9,1.1,1264,Entertainment,1,5359,Mature Low Spender,Target with social media ads
48,Other,Kolkata,Apple,iOS,7.8,9.1,297.5,29,3.6,4089,7.9,3.0,311,Work,1,4400,Mature Low Spender,Target with social media ads
45,Female,Delhi,Motorola,iOS,1.3,9.2,278.0,43,5.0,4449,5.6,1.0,918,Social Media,1,5367,Mature Low Spender,Target with social media ads
59,Female,Mumbai,OnePlus,Android,6.2,26.3,77.0,41,1.1,470,5.0,2.5,1632,Education,1,2102,Mature Low Spender,Target with social media ads
57,Other,Mumbai,Xiaomi,iOS,6.2,25.7,250.2,82,1.9,3027,5.6,4.9,750,Entertainment,1,3777,Mature Low Spender,Target with social media ads
36,Male,Hyderabad,Xiaomi,iOS,3.4,22.3,28.4,45,4.4,2139,5.8,4.2,1942,Entertainment,1,4081,Mature Low Spender,Target with social media ads
60,Other,Jaipur,Motorola,iOS,5.5,6.8,268.5,96,6.0,5144,2.9,1.1,339,Social Media,1,5483,Mature Low Spender,Target with social media ads
60,Female,Chennai,Google Pixel,Android,6.8,43.0,90.3,157,1.8,3296,4.0,1.3,1488,Education,1,4784,Mature Low Spender,Target with social media ads
50,Other,Lucknow,Oppo,iOS,10.3,42.6,205.4,38,2.9,1710,2.3,0.9,397,Work,1,2107,Mature Low Spender,Target with social media ads
33,Other,Delhi,Google Pixel,Android,5.4,31.0,73.2,142,5.9,1722,1.6,4.2,495,Social Media,1,2217,Mature Low Spender,Target with social media ads
46,Male,Ahmedabad,Nokia,Android,9.8,15.2,30.7,87,3.3,5115,4.6,4.4,1690,Social Media,1,6805,Mature Low Spender,Target with social media ads
60,Female,Bangalore,Xiaomi,Android,11.7,29.0,80.1,100,2.3,4079,6.0,2.4,1845,Entertainment,1,5924,Mature Low Spender,Target with social media ads
53,Female,Hyderabad,Apple,iOS,1.9,25.0,260.3,66,2.4,1467,2.4,4.5,642,Social Media,1,2109,Mature Low Spender,Target with social media ads
57,Male,Pune,Oppo,Android,9.5,37.8,57.1,160,3.8,3954,1.3,3.1,673,Social Media,1,4627,Mature Low Spender,Target with social media ads
51,Male,Lucknow,Xiaomi,iOS,4.7,1.8,47.0,60,2.0,827,3.0,1.4,1771,Gaming,1,2598,Mature Low Spender,Target with social media ads
51,Other,Bangalore,OnePlus,iOS,8.1,4.4,171.0,117,3.7,4339,4.5,2.4,1122,Education,1,5461,Mature Low Spender,Target with social media ads
44,Male,Kolkata,Xiaomi,Android,7.1,28.7,128.5,60,3.9,156,4.1,4.0,1878,Gaming,1,2034,Mature Low Spender,Target with social media ads
42,Female,Lucknow,Oppo,iOS,5.6,46.1,119.3,113,2.4,2205,5.5,1.3,1736,Social Media,1,3941,Mature Low Spender,Target with social media ads
37,Female,Delhi,Vivo,Android,7.6,4.6,212.8,181,4.6,175,6.7,1.2,1497,Social Media,1,1672,Mature Low Spender,Target with social media ads
58,Male,Ahmedabad,Oppo,iOS,3.2,39.9,28.0,142,4.9,429,6.1,0.3,1981,Work,1,2410,Mature Low Spender,Target with social media ads
51,Male,Kolkata,Apple,iOS,6.0,28.4,255.4,167,2.7,1550,7.9,2.6,947,Education,1,2497,Mature Low Spender,Target with social media ads
55,Male,Lucknow,Apple,iOS,8.4,22.8,37.8,17,4.4,3424,6.6,1.8,969,Work,1,4393,Mature Low Spender,Target with social media ads
60,Female,Chennai,Xiaomi,iOS,10.9,46.6,280.1,94,4.0,524,7.6,2.2,342,Work,1,866,Mature Low Spender,Target with social media ads
57,Other,Chennai,Samsung,iOS,1.6,21.1,126.7,145,2.7,337,4.4,3.1,1721,Gaming,1,2058,Mature Low Spender,Target with social media ads
46,Other,Kolkata,Oppo,iOS,2.5,41.9,288.3,80,4.4,4316,2.1,2.5,1826,Social Media,1,6142,Mature Low Spender,Target with social media ads
44,Female,Lucknow,Nokia,Android,1.2,7.0,252.0,25,1.5,2352,5.1,2.9,591,Work,1,2943,Mature Low Spender,Target with social media ads
48,Male,Chennai,Samsung,iOS,8.8,35.7,42.3,61,3.6,3115,1.9,1.2,141,Gaming,1,3256,Mature Low Spender,Target with social media ads
46,Male,Delhi,Vivo,iOS,11.8,31.5,56.4,100,3.0,3774,2.0,4.5,391,Gaming,1,4165,Mature Low Spender,Target with social media ads
36,Other,Jaipur,Samsung,iOS,11.8,4.5,264.5,48,5.9,1179,2.5,2.6,1318,Work,1,2497,Mature Low Spender,Target with social media ads
57,Male,Lucknow,Xiaomi,iOS,4.8,14.9,130.2,176,3.7,4108,4.2,3.2,241,Education,1,4349,Mature Low Spender,Target with social media ads
40,Other,Kolkata,Oppo,Android,1.7,24.3,38.0,19,2.1,325,6.2,3.3,1744,Work,1,2069,Mature Low Spender,Target with social media ads
42,Male,Pune,Realme,Android,2.7,28.7,42.8,126,2.3,1446,6.8,4.9,1782,Gaming,1,3228,Mature Low Spender,Target with social media ads
44,Female,Jaipur,Realme,iOS,10.3,9.5,199.3,13,3.7,1741,1.6,1.5,626,Entertainment,1,2367,Mature Low Spender,Target with social media ads
38,Male,Bangalore,Motorola,iOS,3.8,36.4,97.6,171,3.2,4318,6.2,4.7,1372,Work,1,5690,Mature Low Spender,Target with social media ads
40,Male,Bangalore,Oppo,iOS,1.7,22.8,244.4,157,4.9,2185,3.9,1.2,1517,Gaming,1,3702,Mature Low Spender,Target with social media ads
44,Female,Pune,Oppo,Android,9.8,25.4,278.6,150,3.9,5310,7.9,2.5,1452,Gaming,1,6762,Mature Low Spender,Target with social media ads
46,Male,Ahmedabad,Apple,Android,11.1,16.1,283.7,160,3.9,2298,7.1,3.8,350,Gaming,1,2648,Mature Low Spender,Target with social media ads
41,Female,Bangalore,Motorola,iOS,11.7,32.9,86.8,134,2.9,2384,3.6,1.9,1010,Education,1,3394,Mature Low Spender,Target with social media ads
57,Other,Mumbai,Nokia,iOS,6.0,16.5,82.3,10,3.9,4906,7.1,4.1,127,Education,1,5033,Mature Low Spender,Target with social media ads
52,Other,Pune,Google Pixel,Android,7.5,45.9,290.0,146,2.9,3292,1.1,0.9,1068,Work,1,4360,Mature Low Spender,Target with social media ads
50,Female,Ahmedabad,Nokia,Android,10.7,15.3,225.0,88,5.1,2421,5.0,3.9,1922,Entertainment,1,4343,Mature Low Spender,Target with social media ads
60,Female,Hyderabad,Realme,iOS,4.7,24.9,86.6,45,3.1,5451,2.8,3.0,196,Social Media,1,5647,Mature Low Spender,Target with social media ads
37,Female,Pune,Nokia,iOS,4.0,25.7,57.0,195,5.0,1155,6.2,4.1,425,Education,1,1580,Mature Low Spender,Target with social media ads
50,Female,Ahmedabad,Google Pixel,Android,1.5,44.9,195.8,22,2.9,5372,4.1,1.2,519,Work,1,5891,Mature Low Spender,Target with social media ads
40,Other,Bangalore,Vivo,iOS,5.8,23.0,143.4,190,5.4,2857,5.0,1.4,1184,Education,1,4041,Mature Low Spender,Target with social media ads
46,Other,Hyderabad,Apple,iOS,11.1,23.5,209.9,146,5.3,3599,4.3,2.0,1533,Education,1,5132,Mature Low Spender,Target with social media ads
42,Other,Lucknow,Oppo,Android,8.0,30.9,298.4,28,3.7,2524,7.7,3.4,793,Work,1,3317,Mature Low Spender,Target with social media ads
59,Other,Hyderabad,Xiaomi,Android,4.7,11.0,276.4,81,3.8,840,1.8,2.9,1135,Entertainment,1,1975,Mature Low Spender,Target with social media ads
50,Male,Hyderabad,Samsung,Android,5.2,42.8,243.1,49,2.9,269,1.8,4.1,655,Gaming,1,924,Mature Low Spender,Target with social media ads
57,Male,Chennai,Oppo,iOS,7.7,43.0,213.3,36,1.5,3025,2.1,4.7,1029,Work,1,4054,Mature Low Spender,Target with social media ads
45,Other,Pune,Xiaomi,iOS,11.6,14.8,175.9,83,3.8,3729,6.3,0.3,1874,Gaming,1,5603,Mature Low Spender,Target with social media ads
56,Male,Mumbai,Motorola,iOS,7.1,30.0,261.0,26,2.8,272,6.4,1.1,549,Gaming,1,821,Mature Low Spender,Target with social media ads
45,Female,Ahmedabad,Vivo,iOS,2.0,34.1,247.7,107,3.9,1109,3.6,2.8,1740,Entertainment,1,2849,Mature Low Spender,Target with social media ads
59,Other,Delhi,Apple,Android,10.5,23.8,200.5,183,3.3,2799,5.6,3.6,385,Entertainment,1,3184,Mature Low Spender,Target with social media ads
51,Male,Chennai,Apple,Android,6.9,27.4,67.8,60,0.7,1661,5.0,2.0,1326,Work,1,2987,Mature Low Spender,Target with social media ads
59,Male,Hyderabad,Realme,iOS,1.7,37.2,161.7,46,4.2,6605,1.0,1.9,695,Gaming,1,7300,Mature Low Spender,Target with social media ads
54,Other,Bangalore,Xiaomi,iOS,8.8,47.2,44.0,18,3.8,1767,7.3,3.7,1380,Entertainment,1,3147,Mature Low Spender,Target with social media ads
57,Other,Hyderabad,OnePlus,Android,7.1,42.2,43.8,170,3.0,6066,2.5,4.1,1321,Education,1,7387,Mature Low Spender,Target with social media ads
39,Female,Mumbai,Vivo,Android,6.1,2.9,267.9,105,5.4,2756,4.7,1.0,352,Education,1,3108,Mature Low Spender,Target with social media ads
45,Female,Kolkata,Google Pixel,Android,11.0,9.7,21.9,122,2.3,3868,6.0,4.7,1916,Work,1,5784,Mature Low Spender,Target with social media ads
45,Female,Jaipur,Samsung,Android,11.0,28.7,57.2,135,5.7,1606,0.8,0.6,1239,Gaming,1,2845,Mature Low Spender,Target with social media ads
40,Other,Mumbai,Apple,iOS,5.5,8.3,77.0,38,2.2,3067,2.6,0.1,127,Social Media,1,3194,Mature Low Spender,Target with social media ads
41,Other,Jaipur,Xiaomi,Android,4.6,40.7,100.0,166,5.9,695,6.4,0.4,1172,Education,1,1867,Mature Low Spender,Target with social media ads
53,Male,Bangalore,Xiaomi,Android,2.0,2.8,227.2,161,3.4,2698,3.8,4.7,238,Gaming,1,2936,Mature Low Spender,Target with social media ads
50,Female,Pune,Realme,Android,7.8,20.2,209.3,120,2.7,4155,4.9,2.9,655,Work,1,4810,Mature Low Spender,Target with social media ads
52,Female,Bangalore,Realme,Android,9.7,27.5,136.2,132,5.7,2777,1.1,0.0,740,Gaming,1,3517,Mature Low Spender,Target with social media ads
42,Female,Lucknow,Samsung,Android,10.0,20.5,205.6,53,2.7,1858,6.1,3.1,1913,Education,1,3771,Mature Low Spender,Target with social media ads
46,Other,Jaipur,Google Pixel,Android,2.9,28.0,246.6,126,3.8,488,1.7,0.0,129,Entertainment,1,617,Mature Low Spender,Target with social media ads
50,Other,Jaipur,OnePlus,Android,8.9,22.8,274.4,37,3.8,1768,6.8,3.4,299,Gaming,1,2067,Mature Low Spender,Target with social media ads
41,Other,Ahmedabad,Realme,Android,4.0,29.8,15.8,158,5.1,3840,6.3,4.8,757,Gaming,1,4597,Mature Low Spender,Target with social media ads
56,Other,Bangalore,OnePlus,iOS,2.4,1.1,33.4,149,4.8,5039,1.4,1.3,254,Gaming,1,5293,Mature Low Spender,Target with social media ads
39,Female,Lucknow,Google Pixel,Android,7.6,48.3,121.2,40,2.4,1097,7.3,2.5,149,Education,1,1246,Mature Low Spender,Target with social media ads
54,Male,Ahmedabad,OnePlus,Android,6.9,43.9,226.0,165,3.3,3502,5.4,4.3,858,Entertainment,1,4360,Mature Low Spender,Target with social media ads
36,Male,Ahmedabad,Realme,iOS,4.1,5.2,279.5,156,4.8,1139,3.4,0.1,1681,Entertainment,1,2820,Mature Low Spender,Target with social media ads
38,Male,Lucknow,Samsung,iOS,11.0,9.9,67.6,129,4.3,1514,7.1,1.1,308,Gaming,1,1822,Mature Low Spender,Target with social media ads
42,Other,Ahmedabad,Realme,iOS,11.4,20.5,235.4,72,4.9,1147,4.5,1.9,1813,Gaming,1,2960,Mature Low Spender,Target with social media ads
53,Female,Mumbai,Xiaomi,iOS,11.6,16.2,293.5,86,3.3,4850,4.4,3.8,1786,Work,1,6636,Mature Low Spender,Target with social media ads
48,Other,Chennai,Google Pixel,Android,11.1,47.1,118.6,134,3.9,3624,6.0,3.0,260,Entertainment,1,3884,Mature Low Spender,Target with social media ads
48,Other,Kolkata,Xiaomi,iOS,4.5,22.9,146.4,126,3.8,1426,6.1,4.5,436,Education,1,1862,Mature Low Spender,Target with social media ads
54,Male,Pune,OnePlus,Android,5.3,24.4,208.5,94,3.8,291,6.4,3.4,1726,Gaming,1,2017,Mature Low Spender,Target with social media ads
41,Other,Mumbai,Google Pixel,iOS,8.0,39.8,100.4,65,2.6,2323,1.3,1.5,1300,Gaming,1,3623,Mature Low Spender,Target with social media ads
59,Male,Bangalore,Oppo,iOS,9.2,29.1,141.3,111,3.7,3524,1.5,4.1,645,Entertainment,1,4169,Mature Low Spender,Target with social media ads
41,Other,Jaipur,Xiaomi,iOS,6.3,42.1,117.5,29,3.6,1438,7.7,2.8,556,Entertainment,1,1994,Mature Low Spender,Target with social media ads
58,Other,Delhi,Vivo,iOS,3.3,43.9,24.6,36,1.7,1755,5.3,2.6,1707,Education,1,3462,Mature Low Spender,Target with social media ads
57,Female,Lucknow,Apple,Android,2.6,42.5,130.6,98,3.6,5247,2.3,1.7,1150,Social Media,1,6397,Mature Low Spender,Target with social media ads
45,Male,Kolkata,Motorola,iOS,6.4,35.7,272.0,128,1.9,3078,2.7,2.8,1384,Gaming,1,4462,Mature Low Spender,Target with social media ads
60,Female,Ahmedabad,Motorola,Android,10.0,2.5,131.0,50,3.6,4726,2.1,4.1,1212,Work,1,5938,Mature Low Spender,Target with social media ads
55,Male,Ahmedabad,Vivo,Android,5.9,32.4,296.5,199,3.6,3603,6.8,1.6,1502,Education,1,5105,Mature Low Spender,Target with social media ads
54,Male,Lucknow,Oppo,Android,4.4,16.3,175.3,69,6.0,2745,0.6,4.2,858,Education,1,3603,Mature Low Spender,Target with social media ads
50,Female,Delhi,Google Pixel,Android,1.5,22.6,116.1,106,2.2,947,3.3,2.3,1514,Social Media,1,2461,Mature Low Spender,Target with social media ads
36,Male,Ahmedabad,Realme,iOS,11.8,14.3,9.6,20,3.9,2016,4.1,0.8,290,Work,1,2306,Mature Low Spender,Target with social media ads
56,Other,Lucknow,Nokia,iOS,4.3,45.9,293.8,84,5.5,3258,0.5,0.4,1023,Gaming,1,4281,Mature Low Spender,Target with social media ads
50,Other,Bangalore,Motorola,Android,12.0,1.5,140.6,60,2.2,1282,4.3,2.9,1159,Education,1,2441,Mature Low Spender,Target with social media ads
38,Female,Mumbai,Motorola,Android,2.1,36.4,71.9,13,4.3,2647,2.6,3.2,1228,Work,1,3875,Mature Low Spender,Target with social media ads
52,Female,Ahmedabad,Realme,iOS,6.3,43.9,41.7,100,1.8,4178,5.3,2.7,838,Entertainment,1,5016,Mature Low Spender,Target with social media ads
58,Male,Jaipur,Realme,Android,10.4,48.4,88.9,27,5.9,4779,7.3,1.9,272,Entertainment,1,5051,Mature Low Spender,Target with social media ads
41,Female,Chennai,Google Pixel,Android,1.7,25.2,150.8,135,1.9,2790,2.1,4.8,401,Gaming,1,3191,Mature Low Spender,Target with social media ads
46,Female,Hyderabad,Samsung,Android,9.1,40.9,59.1,170,3.7,2512,6.1,2.7,757,Gaming,1,3269,Mature Low Spender,Target with social media ads
46,Female,Lucknow,Oppo,Android,10.8,33.7,225.5,83,4.1,4248,7.6,2.2,1009,Work,1,5257,Mature Low Spender,Target with social media ads
59,Female,Jaipur,Motorola,Android,11.6,18.8,136.6,73,4.6,3594,6.3,4.2,1239,Gaming,1,4833,Mature Low Spender,Target with social media ads
43,Female,Kolkata,Google Pixel,Android,6.3,46.9,177.2,61,5.2,316,2.2,4.3,1321,Work,1,1637,Mature Low Spender,Target with social media ads
49,Female,Hyderabad,Samsung,iOS,11.6,35.0,125.0,158,3.3,1579,1.7,3.4,1626,Social Media,1,3205,Mature Low Spender,Target with social media ads
59,Other,Ahmedabad,Oppo,iOS,3.7,31.0,196.9,37,3.0,1737,5.8,0.2,834,Social Media,1,2571,Mature Low Spender,Target with social media ads
58,Male,Pune,OnePlus,Android,7.9,4.7,131.6,65,4.4,1870,1.4,3.9,450,Education,1,2320,Mature Low Spender,Target with social media ads
55,Other,Chennai,Oppo,Android,3.8,15.2,57.7,37,5.2,1671,3.5,1.2,1413,Gaming,1,3084,Mature Low Spender,Target with social media ads
58,Male,Ahmedabad,Vivo,Android,6.0,49.7,234.6,120,4.9,1187,5.7,1.0,1591,Work,1,2778,Mature Low Spender,Target with social media ads
58,Other,Bangalore,Samsung,iOS,4.4,46.2,8.5,60,5.4,1200,0.6,0.9,497,Entertainment,1,1697,Mature Low Spender,Target with social media ads
52,Female,Kolkata,OnePlus,iOS,6.2,35.0,273.4,122,3.5,865,4.6,3.9,478,Gaming,1,1343,Mature Low Spender,Target with social media ads
45,Female,Chennai,Nokia,Android,3.3,1.3,154.8,159,5.0,1997,3.6,3.2,1641,Work,1,3638,Mature Low Spender,Target with social media ads
57,Other,Hyderabad,Google Pixel,iOS,10.5,27.7,162.7,151,3.7,4137,3.8,1.7,750,Education,1,4887,Mature Low Spender,Target with social media ads
46,Male,Ahmedabad,Vivo,iOS,11.7,33.0,112.8,16,2.3,327,1.7,2.9,1102,Social Media,1,1429,Mature Low Spender,Target with social media ads
39,Female,Ahmedabad,Realme,iOS,9.0,8.9,40.0,157,4.9,1624,4.6,4.1,245,Gaming,1,1869,Mature Low Spender,Target with social media ads
48,Female,Jaipur,Google Pixel,Android,2.2,41.4,229.4,111,3.0,1522,7.3,2.0,175,Education,1,1697,Mature Low Spender,Target with social media ads
51,Other,Ahmedabad,Xiaomi,iOS,5.8,14.6,57.2,173,5.8,136,4.5,4.0,463,Gaming,1,599,Mature Low Spender,Target with social media ads
56,Other,Mumbai,Samsung,Android,7.2,26.6,54.1,92,2.3,4004,7.9,0.4,689,Education,1,4693,Mature Low Spender,Target with social media ads
51,Female,Mumbai,Oppo,Android,6.0,36.8,287.5,95,4.7,6074,2.5,3.1,969,Work,1,7043,Mature Low Spender,Target with social media ads
43,Other,Delhi,OnePlus,Android,11.2,34.4,185.6,117,5.1,1970,6.7,0.0,1715,Social Media,1,3685,Mature Low Spender,Target with social media ads
49,Female,Mumbai,Motorola,Android,3.1,27.9,147.2,33,5.5,3892,4.4,3.7,1260,Gaming,1,5152,Mature Low Spender,Target with social media ads
59,Female,Jaipur,Oppo,Android,10.9,7.9,13.2,99,3.0,3524,7.1,2.5,1194,Work,1,4718,Mature Low Spender,Target with social media ads
59,Other,Mumbai,Google Pixel,iOS,6.8,33.6,200.8,148,5.4,4188,4.9,0.8,1787,Education,1,5975,Mature Low Spender,Target with social media ads
51,Female,Pune,Google Pixel,iOS,11.1,18.7,65.5,70,5.2,4610,5.7,4.9,861,Social Media,1,5471,Mature Low Spender,Target with social media ads
45,Other,Chennai,Vivo,iOS,2.2,16.3,62.1,164,2.8,3727,6.2,4.4,989,Gaming,1,4716,Mature Low Spender,Target with social media ads
54,Male,Chennai,Oppo,Android,1.2,25.8,88.4,126,3.0,1811,3.8,5.0,155,Social Media,1,1966,Mature Low Spender,Target with social media ads
60,Female,Kolkata,Vivo,iOS,11.2,47.2,108.3,134,5.0,4354,7.5,2.7,593,Social Media,1,4947,Mature Low Spender,Target with social media ads
55,Other,Chennai,Samsung,iOS,1.9,46.3,46.3,71,1.9,1928,0.5,4.1,386,Gaming,1,2314,Mature Low Spender,Target with social media ads
54,Male,Mumbai,Xiaomi,Android,2.0,3.5,285.3,125,0.5,1776,1.2,4.2,1986,Gaming,1,3762,Mature Low Spender,Target with social media ads
43,Male,Mumbai,Samsung,iOS,7.8,19.1,42.8,165,4.5,1287,1.8,0.3,670,Social Media,1,1957,Mature Low Spender,Target with social media ads
47,Other,Hyderabad,Apple,iOS,9.5,49.7,263.9,72,1.6,464,1.0,3.9,543,Entertainment,1,1007,Mature Low Spender,Target with social media ads
39,Male,Bangalore,Google Pixel,Android,7.2,5.5,146.2,199,2.6,959,6.1,4.3,1214,Social Media,1,2173,Mature Low Spender,Target with social media ads
41,Male,Ahmedabad,Xiaomi,iOS,11.1,45.0,84.1,150,4.7,1651,2.8,1.9,968,Gaming,1,2619,Mature Low Spender,Target with social media ads
42,Female,Pune,Samsung,iOS,8.8,7.7,55.4,19,4.5,4108,5.6,2.4,800,Social Media,1,4908,Mature Low Spender,Target with social media ads
44,Female,Lucknow,Motorola,Android,7.0,18.8,80.0,135,4.7,4274,2.6,1.9,1615,Education,1,5889,Mature Low Spender,Target with social media ads
48,Female,Bangalore,Samsung,iOS,2.0,30.3,22.2,96,2.2,2020,4.0,4.3,1245,Education,1,3265,Mature Low Spender,Target with social media ads
43,Female,Mumbai,Motorola,iOS,3.3,1.8,197.6,136,5.1,219,6.9,2.4,334,Social Media,1,553,Mature Low Spender,Target with social media ads
33,Male,Ahmedabad,Samsung,Android,6.2,30.6,38.4,94,5.2,765,2.4,2.4,1244,Gaming,1,2009,Mature Low Spender,Target with social media ads
45,Male,Pune,Oppo,Android,7.7,11.2,207.6,185,5.3,1045,2.2,0.6,488,Social Media,1,1533,Mature Low Spender,Target with social media ads
54,Female,Chennai,Nokia,Android,6.0,26.3,125.8,197,1.8,2792,2.8,1.1,764,Entertainment,1,3556,Mature Low Spender,Target with social media ads
52,Other,Kolkata,Nokia,Android,10.7,42.6,183.3,108,3.6,6126,1.4,2.3,1633,Entertainment,1,7759,Mature Low Spender,Target with social media ads
58,Female,Hyderabad,Nokia,Android,3.7,41.4,94.5,108,4.3,1794,4.0,4.2,1826,Social Media,1,3620,Mature Low Spender,Target with social media ads
50,Male,Delhi,Oppo,iOS,4.5,13.6,155.2,191,3.4,5622,6.9,2.7,507,Entertainment,1,6129,Mature Low Spender,Target with social media ads
50,Female,Jaipur,Realme,iOS,8.8,37.7,269.1,86,5.5,1392,5.7,2.6,790,Entertainment,1,2182,Mature Low Spender,Target with social media ads
51,Female,Hyderabad,Nokia,Android,11.0,40.4,134.8,135,5.9,3715,6.7,2.4,511,Social Media,1,4226,Mature Low Spender,Target with social media ads
57,Other,Pune,OnePlus,iOS,6.3,21.1,244.2,126,5.3,5867,4.1,1.8,1501,Entertainment,1,7368,Mature Low Spender,Target with social media ads
43,Other,Pune,Vivo,iOS,8.9,7.5,292.7,13,3.8,1378,6.9,0.9,395,Gaming,1,1773,Mature Low Spender,Target with social media ads
49,Male,Hyderabad,Samsung,iOS,2.7,23.6,244.6,86,2.3,4224,4.4,2.3,1778,Education,1,6002,Mature Low Spender,Target with social media ads
51,Female,Lucknow,Google Pixel,iOS,4.9,36.8,285.4,164,2.6,2446,2.3,4.4,1601,Social Media,1,4047,Mature Low Spender,Target with social media ads
56,Other,Kolkata,Realme,Android,4.6,45.2,57.7,75,5.9,2994,2.6,0.4,1436,Entertainment,1,4430,Mature Low Spender,Target with social media ads
48,Other,Hyderabad,Google Pixel,iOS,9.8,17.8,66.5,100,1.7,1302,7.9,0.9,359,Education,1,1661,Mature Low Spender,Target with social media ads
58,Female,Pune,Apple,Android,10.7,1.8,283.1,38,4.0,2822,6.1,2.1,1600,Social Media,1,4422,Mature Low Spender,Target with social media ads
60,Female,Jaipur,Samsung,iOS,5.5,25.5,17.3,190,1.1,1965,0.6,1.8,1898,Education,1,3863,Mature Low Spender,Target with social media ads
58,Other,Bangalore,Motorola,iOS,6.5,27.0,256.3,21,4.9,3578,8.0,4.7,823,Gaming,1,4401,Mature Low Spender,Target with social media ads
51,Female,Hyderabad,Apple,Android,11.3,28.4,215.3,38,5.4,400,6.3,0.3,1622,Education,1,2022,Mature Low Spender,Target with social media ads
60,Male,Lucknow,Samsung,Android,7.2,38.0,164.0,102,5.1,1233,3.1,3.3,1278,Entertainment,1,2511,Mature Low Spender,Target with social media ads
55,Female,Hyderabad,Motorola,iOS,7.5,45.6,153.8,68,5.0,4460,1.5,1.1,303,Work,1,4763,Mature Low Spender,Target with social media ads
50,Female,Bangalore,Oppo,iOS,9.6,2.2,228.1,60,2.1,3125,0.8,3.1,803,Education,1,3928,Mature Low Spender,Target with social media ads
56,Male,Bangalore,Xiaomi,Android,5.6,28.2,75.9,48,4.3,4211,3.3,4.7,1132,Social Media,1,5343,Mature Low Spender,Target with social media ads
50,Female,Bangalore,Nokia,Android,2.1,12.5,184.6,151,2.6,1669,7.2,1.1,1964,Work,1,3633,Mature Low Spender,Target with social media ads
52,Male,Chennai,Motorola,iOS,11.7,41.5,254.8,154,0.9,3054,7.2,4.1,527,Social Media,1,3581,Mature Low Spender,Target with social media ads
40,Female,Chennai,Realme,iOS,1.1,6.7,15.6,82,1.4,1627,6.8,3.5,1693,Work,1,3320,Mature Low Spender,Target with social media ads
48,Male,Pune,Nokia,iOS,1.1,28.5,162.2,15,2.5,2214,6.6,0.9,608,Education,1,2822,Mature Low Spender,Target with social media ads
52,Female,Pune,Xiaomi,iOS,11.9,36.4,283.4,17,3.4,4514,7.5,3.7,1166,Gaming,1,5680,Mature Low Spender,Target with social media ads
40,Male,Kolkata,Nokia,Android,6.1,26.1,12.4,176,1.9,106,6.8,0.3,174,Entertainment,1,280,Mature Low Spender,Target with social media ads
53,Other,Mumbai,Apple,iOS,11.4,2.6,93.1,97,4.8,3560,4.7,4.9,828,Work,1,4388,Mature Low Spender,Target with social media ads
51,Female,Delhi,OnePlus,Android,11.4,42.2,186.0,11,2.7,3751,6.8,1.0,1180,Gaming,1,4931,Mature Low Spender,Target with social media ads
43,Other,Bangalore,Nokia,iOS,5.7,23.6,186.2,110,3.2,3547,5.6,3.0,1415,Entertainment,1,4962,Mature Low Spender,Target with social media ads
55,Other,Delhi,Realme,iOS,1.5,24.8,267.4,80,4.6,3293,2.9,2.3,671,Gaming,1,3964,Mature Low Spender,Target with social media ads
56,Female,Pune,Samsung,iOS,1.2,19.2,44.6,130,1.3,2411,4.2,2.5,1612,Social Media,1,4023,Mature Low Spender,Target with social media ads
36,Male,Lucknow,Vivo,iOS,1.2,17.6,102.6,159,5.6,1845,1.3,4.6,1128,Social Media,1,2973,Mature Low Spender,Target with social media ads
48,Male,Ahmedabad,Realme,iOS,8.8,19.4,269.3,83,1.4,824,5.9,2.6,739,Work,1,1563,Mature Low Spender,Target with social media ads
44,Male,Jaipur,Samsung,iOS,7.1,43.8,246.7,145,4.5,1747,1.6,2.7,108,Gaming,1,1855,Mature Low Spender,Target with social media ads
58,Other,Ahmedabad,OnePlus,iOS,5.0,8.7,183.2,176,2.7,1000,3.2,0.2,1969,Gaming,1,2969,Mature Low Spender,Target with social media ads
52,Male,Bangalore,Google Pixel,iOS,3.4,27.5,174.2,47,0.8,2326,4.0,1.0,181,Entertainment,1,2507,Mature Low Spender,Target with social media ads
46,Female,Kolkata,Vivo,Android,5.2,30.1,176.7,46,5.6,1187,0.9,0.3,1984,Entertainment,1,3171,Mature Low Spender,Target with social media ads
50,Other,Pune,Samsung,iOS,5.9,15.8,73.1,135,3.6,547,1.2,3.2,1779,Gaming,1,2326,Mature Low Spender,Target with social media ads
54,Male,Lucknow,Oppo,iOS,8.6,10.0,94.6,189,3.5,5035,3.5,2.1,1259,Work,1,6294,Mature Low Spender,Target with social media ads
59,Other,Hyderabad,Apple,Android,5.8,41.5,260.7,10,3.5,2674,5.8,2.5,217,Work,1,2891,Mature Low Spender,Target with social media ads
42,Male,Delhi,Apple,Android,3.9,14.9,228.8,35,3.8,2057,6.4,3.7,465,Entertainment,1,2522,Mature Low Spender,Target with social media ads
46,Male,Chennai,Samsung,Android,11.1,5.8,285.9,27,5.9,3995,2.7,1.5,156,Social Media,1,4151,Mature Low Spender,Target with social media ads
58,Other,Chennai,Xiaomi,iOS,8.8,29.1,39.7,84,5.5,280,1.1,1.3,1615,Work,1,1895,Mature Low Spender,Target with social media ads
48,Other,Mumbai,Samsung,iOS,8.6,13.4,53.6,51,5.7,3659,3.1,1.5,630,Work,1,4289,Mature Low Spender,Target with social media ads
60,Other,Bangalore,Google Pixel,Android,3.5,29.9,235.9,22,3.8,1464,7.2,3.5,1855,Gaming,1,3319,Mature Low Spender,Target with social media ads
55,Male,Ahmedabad,Realme,Android,4.2,33.2,227.0,72,4.5,2740,4.4,4.3,1050,Education,1,3790,Mature Low Spender,Target with social media ads
58,Other,Hyderabad,Xiaomi,iOS,6.1,40.7,283.5,28,5.4,1614,0.6,2.3,1045,Social Media,1,2659,Mature Low Spender,Target with social media ads
43,Male,Pune,Realme,iOS,10.2,18.2,65.7,132,1.2,449,7.4,0.3,122,Education,1,571,Mature Low Spender,Target with social media ads
51,Other,Lucknow,Oppo,Android,9.8,1.8,20.8,74,4.0,5565,7.6,2.8,1921,Entertainment,1,7486,Mature Low Spender,Target with social media ads
51,Female,Chennai,Apple,iOS,11.4,18.3,77.9,72,4.6,4412,6.7,4.5,308,Social Media,1,4720,Mature Low Spender,Target with social media ads
50,Female,Bangalore,OnePlus,iOS,11.3,22.8,18.3,29,5.2,4096,5.8,2.8,1181,Social Media,1,5277,Mature Low Spender,Target with social media ads
54,Other,Jaipur,Xiaomi,Android,3.6,12.8,40.0,75,2.0,4632,5.4,3.6,1146,Social Media,1,5778,Mature Low Spender,Target with social media ads
44,Female,Kolkata,Realme,Android,2.3,49.4,282.6,32,5.3,242,6.9,0.2,926,Education,1,1168,Mature Low Spender,Target with social media ads
42,Male,Bangalore,Samsung,iOS,1.3,9.8,32.7,120,3.0,3795,5.9,5.0,1878,Entertainment,1,5673,Mature Low Spender,Target with social media ads
50,Female,Kolkata,Xiaomi,iOS,9.2,8.1,164.2,106,0.6,1008,0.6,2.8,1112,Entertainment,1,2120,Mature Low Spender,Target with social media ads
38,Female,Bangalore,Oppo,iOS,4.2,25.2,92.1,47,4.6,1159,3.7,4.5,507,Gaming,1,1666,Mature Low Spender,Target with social media ads
47,Female,Kolkata,Samsung,iOS,5.6,22.4,295.6,91,3.7,5638,4.3,4.7,936,Social Media,1,6574,Mature Low Spender,Target with social media ads
51,Other,Kolkata,Oppo,Android,9.4,49.4,215.8,176,3.0,3689,3.5,4.2,121,Work,1,3810,Mature Low Spender,Target with social media ads
45,Female,Bangalore,Samsung,Android,7.0,27.4,232.3,145,2.3,1657,4.0,0.8,1247,Education,1,2904,Mature Low Spender,Target with social media ads
58,Male,Hyderabad,Motorola,iOS,9.5,23.7,54.8,183,3.6,5330,3.2,4.9,465,Gaming,1,5795,Mature Low Spender,Target with social media ads
51,Female,Hyderabad,Nokia,iOS,6.7,13.3,149.3,196,4.1,3136,6.2,3.8,518,Education,1,3654,Mature Low Spender,Target with social media ads
60,Other,Delhi,Apple,Android,9.9,11.2,47.1,162,4.7,3882,4.8,3.0,1094,Education,1,4976,Mature Low Spender,Target with social media ads
55,Male,Hyderabad,Nokia,Android,11.9,7.3,183.1,160,5.0,3745,4.9,1.2,275,Work,1,4020,Mature Low Spender,Target with social media ads
60,Male,Lucknow,Oppo,iOS,1.4,49.4,283.8,81,5.1,898,1.2,0.9,1145,Entertainment,1,2043,Mature Low Spender,Target with social media ads
54,Other,Ahmedabad,Google Pixel,iOS,6.4,49.6,298.0,89,5.8,4412,1.5,2.9,1010,Education,1,5422,Mature Low Spender,Target with social media ads
48,Female,Kolkata,OnePlus,Android,4.2,23.6,298.9,13,5.7,3328,3.0,1.1,251,Work,1,3579,Mature Low Spender,Target with social media ads
45,Male,Pune,Motorola,iOS,8.0,7.1,150.0,125,3.2,410,1.8,3.0,690,Social Media,1,1100,Mature Low Spender,Target with social media ads
45,Other,Kolkata,Google Pixel,iOS,9.3,24.1,86.4,126,2.5,2891,3.3,2.1,1689,Work,1,4580,Mature Low Spender,Target with social media ads
36,Female,Jaipur,Google Pixel,Android,6.5,9.9,16.8,80,4.7,2472,4.8,4.5,1046,Education,1,3518,Mature Low Spender,Target with social media ads
60,Male,Jaipur,Realme,iOS,1.3,37.4,30.7,188,2.8,1979,3.7,2.5,1109,Social Media,1,3088,Mature Low Spender,Target with social media ads
45,Female,Chennai,Xiaomi,Android,3.9,44.0,222.4,64,2.5,1999,1.0,1.2,1700,Social Media,1,3699,Mature Low Spender,Target with social media ads
41,Female,Ahmedabad,Realme,iOS,2.1,12.6,204.0,159,3.2,773,2.2,1.7,1780,Education,1,2553,Mature Low Spender,Target with social media ads
56,Male,Mumbai,Realme,Android,4.7,45.2,176.9,97,2.2,2008,3.5,3.7,1430,Work,1,3438,Mature Low Spender,Target with social media ads
42,Female,Chennai,Realme,iOS,2.8,1.9,101.0,101,4.5,1831,7.9,4.7,1668,Entertainment,1,3499,Mature Low Spender,Target with social media ads
56,Male,Ahmedabad,Realme,Android,6.4,2.5,147.6,198,3.8,4888,3.6,3.6,764,Entertainment,1,5652,Mature Low Spender,Target with social media ads
50,Male,Ahmedabad,Xiaomi,Android,9.1,10.9,212.8,159,4.7,562,4.3,1.2,546,Gaming,1,1108,Mature Low Spender,Target with social media ads
56,Female,Pune,Xiaomi,Android,10.9,22.8,298.3,110,4.2,6330,4.0,3.9,1702,Gaming,1,8032,Mature Low Spender,Target with social media ads
53,Male,Jaipur,OnePlus,iOS,7.1,37.4,77.2,124,2.6,3092,1.4,4.6,1974,Education,1,5066,Mature Low Spender,Target with social media ads
53,Female,Chennai,OnePlus,iOS,5.6,11.3,170.8,102,4.5,5540,4.3,4.4,1499,Social Media,1,7039,Mature Low Spender,Target with social media ads
59,Female,Mumbai,Google Pixel,iOS,4.8,15.3,51.2,12,2.8,2482,7.3,3.7,1995,Work,1,4477,Mature Low Spender,Target with social media ads
58,Female,Mumbai,Google Pixel,Android,6.8,46.8,78.9,75,3.5,1073,4.6,2.5,735,Gaming,1,1808,Mature Low Spender,Target with social media ads
54,Other,Jaipur,Apple,Android,1.2,11.0,7.8,48,2.5,3430,2.1,3.0,1793,Education,1,5223,Mature Low Spender,Target with social media ads
51,Male,Delhi,Motorola,iOS,8.0,35.8,54.7,188,4.0,987,2.3,3.4,1241,Work,1,2228,Mature Low Spender,Target with social media ads
50,Female,Jaipur,Xiaomi,iOS,8.0,15.4,210.3,10,4.6,5553,3.1,4.1,1183,Entertainment,1,6736,Mature Low Spender,Target with social media ads
48,Female,Kolkata,Xiaomi,iOS,10.6,38.7,11.7,61,5.8,2352,2.6,1.2,1140,Social Media,1,3492,Mature Low Spender,Target with social media ads
47,Other,Mumbai,Google Pixel,iOS,7.3,41.2,230.6,113,5.9,1351,3.4,1.3,244,Social Media,1,1595,Mature Low Spender,Target with social media ads
39,Other,Chennai,Apple,iOS,5.7,24.6,132.6,182,4.6,3927,1.4,0.1,129,Entertainment,1,4056,Mature Low Spender,Target with social media ads
58,Other,Hyderabad,Xiaomi,Android,6.3,23.0,8.7,171,1.5,4124,3.7,2.6,208,Education,1,4332,Mature Low Spender,Target with social media ads
49,Female,Hyderabad,Motorola,Android,6.8,2.7,181.6,61,2.9,3657,5.8,3.4,1885,Social Media,1,5542,Mature Low Spender,Target with social media ads
53,Male,Mumbai,Motorola,iOS,8.8,40.0,146.3,182,5.3,4457,1.1,4.7,565,Entertainment,1,5022,Mature Low Spender,Target with social media ads
53,Male,Pune,OnePlus,iOS,4.5,45.5,218.9,93,4.8,2984,4.9,1.7,596,Entertainment,1,3580,Mature Low Spender,Target with social media ads
42,Other,Pune,Apple,Android,6.5,2.3,219.0,137,3.3,5147,8.0,2.9,1758,Work,1,6905,Mature Low Spender,Target with social media ads
59,Male,Kolkata,Realme,iOS,7.9,17.4,249.2,160,1.9,877,1.2,0.1,423,Education,1,1300,Mature Low Spender,Target with social media ads
54,Male,Lucknow,Samsung,Android,4.7,27.6,240.2,31,5.9,4640,6.6,1.3,888,Social Media,1,5528,Mature Low Spender,Target with social media ads
49,Female,Mumbai,Vivo,Android,2.7,3.3,6.5,135,1.7,2057,1.6,3.7,497,Work,1,2554,Mature Low Spender,Target with social media ads
51,Other,Jaipur,OnePlus,Android,8.5,28.7,50.6,156,0.6,2484,7.1,4.4,1624,Entertainment,1,4108,Mature Low Spender,Target with social media ads
56,Male,Kolkata,Apple,iOS,5.8,26.2,292.9,103,1.3,2785,7.5,2.8,949,Entertainment,1,3734,Mature Low Spender,Target with social media ads
47,Other,Pune,Vivo,Android,4.1,21.2,128.1,154,3.8,5417,4.4,4.1,1508,Social Media,1,6925,Mature Low Spender,Target with social media ads
47,Female,Kolkata,Vivo,iOS,2.2,9.8,230.6,158,4.9,2201,3.3,2.8,1752,Work,1,3953,Mature Low Spender,Target with social media ads
59,Other,Ahmedabad,Vivo,Android,7.5,14.3,55.7,54,2.1,3177,7.9,3.0,1833,Social Media,1,5010,Mature Low Spender,Target with social media ads
39,Other,Ahmedabad,Motorola,iOS,6.0,21.1,154.0,143,3.7,2614,2.3,3.1,471,Education,1,3085,Mature Low Spender,Target with social media ads
56,Male,Kolkata,Apple,Android,10.2,21.7,132.6,147,3.9,1896,1.1,2.0,741,Social Media,1,2637,Mature Low Spender,Target with social media ads
45,Other,Jaipur,Motorola,Android,3.9,28.2,172.0,167,5.3,2957,2.0,0.4,1439,Entertainment,1,4396,Mature Low Spender,Target with social media ads
44,Female,Lucknow,Nokia,Android,7.9,46.7,195.0,163,2.7,3621,4.3,1.5,790,Education,1,4411,Mature Low Spender,Target with social media ads
48,Other,Mumbai,Nokia,Android,8.0,36.3,152.3,91,5.3,1925,3.3,5.0,431,Gaming,1,2356,Mature Low Spender,Target with social media ads
58,Male,Hyderabad,Motorola,Android,10.5,20.8,62.1,173,4.8,1954,2.7,4.9,891,Education,1,2845,Mature Low Spender,Target with social media ads
49,Other,Ahmedabad,Vivo,iOS,5.2,25.6,281.4,135,4.4,2263,7.4,0.6,601,Entertainment,1,2864,Mature Low Spender,Target with social media ads
50,Male,Ahmedabad,OnePlus,Android,9.3,2.4,67.0,176,4.3,1333,3.1,0.4,1392,Education,1,2725,Mature Low Spender,Target with social media ads
43,Male,Kolkata,Samsung,iOS,1.7,1.6,215.5,141,5.4,405,3.2,3.5,1018,Education,1,1423,Mature Low Spender,Target with social media ads
50,Female,Jaipur,Apple,iOS,8.2,24.0,73.4,183,4.9,4901,1.9,2.6,1855,Social Media,1,6756,Mature Low Spender,Target with social media ads
37,Female,Bangalore,Motorola,iOS,10.9,16.8,63.6,149,5.0,3011,5.1,0.8,1407,Education,1,4418,Mature Low Spender,Target with social media ads
51,Female,Hyderabad,Vivo,iOS,8.8,42.5,143.5,129,3.3,1589,2.5,0.4,851,Social Media,1,2440,Mature Low Spender,Target with social media ads
39,Other,Mumbai,Realme,iOS,3.4,17.5,60.5,162,3.6,2940,6.7,0.9,803,Gaming,1,3743,Mature Low Spender,Target with social media ads
47,Male,Lucknow,Oppo,Android,4.1,20.8,223.1,58,4.9,3031,3.4,4.6,1927,Social Media,1,4958,Mature Low Spender,Target with social media ads
45,Other,Ahmedabad,Samsung,iOS,10.1,16.3,62.0,122,0.6,290,2.0,3.9,1718,Gaming,1,2008,Mature Low Spender,Target with social media ads
51,Female,Hyderabad,OnePlus,Android,6.6,11.7,274.5,146,5.5,539,3.4,1.5,1476,Gaming,1,2015,Mature Low Spender,Target with social media ads
48,Female,Mumbai,Vivo,iOS,10.1,28.7,259.9,173,3.7,5417,5.5,2.7,904,Entertainment,1,6321,Mature Low Spender,Target with social media ads
43,Other,Jaipur,Samsung,Android,8.5,2.1,59.9,161,4.8,115,6.8,4.3,978,Entertainment,1,1093,Mature Low Spender,Target with social media ads
56,Other,Lucknow,Motorola,iOS,6.6,3.5,286.7,13,4.0,4053,3.1,0.6,1454,Work,1,5507,Mature Low Spender,Target with social media ads
60,Female,Jaipur,Oppo,iOS,6.4,13.2,14.4,35,2.8,2691,5.2,0.5,890,Education,1,3581,Mature Low Spender,Target with social media ads
41,Male,Delhi,Motorola,Android,11.9,21.0,278.1,18,4.7,3023,3.7,4.3,205,Gaming,1,3228,Mature Low Spender,Target with social media ads
52,Male,Lucknow,OnePlus,Android,6.4,37.2,160.3,183,3.3,2114,7.8,2.7,1360,Social Media,1,3474,Mature Low Spender,Target with social media ads
59,Female,Ahmedabad,Google Pixel,iOS,3.3,23.8,149.4,117,4.2,5743,7.5,3.0,429,Education,1,6172,Mature Low Spender,Target with social media ads
46,Male,Chennai,Google Pixel,iOS,10.1,19.4,124.8,11,4.1,2296,0.9,4.1,1438,Work,1,3734,Mature Low Spender,Target with social media ads
52,Female,Delhi,Vivo,iOS,1.4,13.1,267.7,85,2.6,2831,5.3,1.0,1079,Social Media,1,3910,Mature Low Spender,Target with social media ads
44,Female,Chennai,OnePlus,Android,6.2,19.1,59.1,183,2.4,2986,0.8,1.7,677,Education,1,3663,Mature Low Spender,Target with social media ads
53,Male,Ahmedabad,Google Pixel,Android,8.0,6.0,128.1,143,3.3,5311,4.8,4.1,500,Social Media,1,5811,Mature Low Spender,Target with social media ads
47,Female,Pune,Vivo,Android,4.6,12.4,228.6,122,3.2,4203,3.8,2.9,544,Gaming,1,4747,Mature Low Spender,Target with social media ads
60,Other,Jaipur,OnePlus,iOS,10.3,3.6,109.8,14,3.3,2893,7.7,4.6,1839,Education,1,4732,Mature Low Spender,Target with social media ads
50,Male,Delhi,Samsung,iOS,7.8,44.7,163.8,56,4.5,205,0.7,2.4,609,Education,1,814,Mature Low Spender,Target with social media ads
45,Male,Ahmedabad,Realme,iOS,8.1,21.2,50.1,129,4.4,2899,5.3,3.2,1546,Social Media,1,4445,Mature Low Spender,Target with social media ads
42,Female,Hyderabad,Xiaomi,Android,10.3,48.6,245.4,171,2.7,2481,1.6,0.3,608,Education,1,3089,Mature Low Spender,Target with social media ads
38,Female,Ahmedabad,Oppo,iOS,1.1,3.6,85.6,111,5.1,765,1.9,0.4,1998,Work,1,2763,Mature Low Spender,Target with social media ads
47,Male,Chennai,Google Pixel,Android,9.1,49.5,16.3,135,2.6,1038,4.0,2.6,1152,Social Media,1,2190,Mature Low Spender,Target with social media ads
55,Other,Mumbai,Google Pixel,Android,7.3,33.7,141.8,36,3.3,6407,4.5,1.7,581,Education,1,6988,Mature Low Spender,Target with social media ads
47,Other,Delhi,Apple,Android,2.4,21.9,69.4,127,3.9,1969,1.2,0.9,484,Work,1,2453,Mature Low Spender,Target with social media ads
40,Female,Mumbai,Xiaomi,iOS,8.1,5.6,50.5,10,3.2,1609,6.6,5.0,295,Social Media,1,1904,Mature Low Spender,Target with social media ads
48,Male,Lucknow,Apple,iOS,4.6,31.6,49.7,64,4.6,2931,5.8,1.8,1944,Social Media,1,4875,Mature Low Spender,Target with social media ads
49,Male,Ahmedabad,Google Pixel,iOS,2.6,42.2,40.0,87,3.2,1896,5.7,4.7,1422,Gaming,1,3318,Mature Low Spender,Target with social media ads
53,Other,Ahmedabad,Motorola,Android,9.4,41.0,99.5,153,4.2,6227,4.0,1.9,192,Work,1,6419,Mature Low Spender,Target with social media ads
46,Male,Pune,OnePlus,iOS,6.0,36.2,246.3,114,5.1,4207,1.3,0.1,695,Education,1,4902,Mature Low Spender,Target with social media ads
46,Other,Bangalore,Nokia,Android,11.9,9.4,107.9,14,3.4,4668,1.9,1.1,1753,Entertainment,1,6421,Mature Low Spender,Target with social media ads
38,Male,Bangalore,Nokia,Android,2.1,49.1,259.4,134,4.9,1882,6.8,3.6,1069,Education,1,2951,Mature Low Spender,Target with social media ads
58,Other,Chennai,Apple,Android,10.5,29.3,72.4,86,5.0,5463,7.0,3.2,1936,Education,1,7399,Mature Low Spender,Target with social media ads
46,Other,Pune,Apple,Android,1.2,14.9,196.1,26,3.8,898,2.3,2.5,1621,Gaming,1,2519,Mature Low Spender,Target with social media ads
52,Other,Hyderabad,Realme,iOS,8.1,16.5,155.3,136,0.9,3225,2.4,3.7,818,Gaming,1,4043,Mature Low Spender,Target with social media ads
58,Female,Delhi,OnePlus,iOS,4.6,25.7,57.7,93,4.0,2557,4.0,0.3,537,Gaming,1,3094,Mature Low Spender,Target with social media ads
45,Female,Pune,Realme,iOS,11.1,3.7,132.5,165,5.3,3864,7.4,3.3,1799,Social Media,1,5663,Mature Low Spender,Target with social media ads
47,Other,Delhi,Xiaomi,Android,11.1,12.8,38.9,140,3.7,4464,7.2,4.9,147,Education,1,4611,Mature Low Spender,Target with social media ads
40,Other,Bangalore,Motorola,Android,5.8,30.2,121.5,91,4.8,1135,6.6,2.2,1933,Education,1,3068,Mature Low Spender,Target with social media ads
46,Other,Kolkata,Nokia,iOS,9.8,23.7,134.8,157,2.5,4776,1.5,2.3,1833,Work,1,6609,Mature Low Spender,Target with social media ads
50,Female,Ahmedabad,Realme,iOS,8.9,25.0,258.1,141,3.4,3604,6.5,1.7,1878,Work,1,5482,Mature Low Spender,Target with social media ads
52,Female,Mumbai,Motorola,iOS,4.9,22.7,163.4,90,4.8,1968,3.4,4.5,1826,Work,1,3794,Mature Low Spender,Target with social media ads
56,Other,Mumbai,Realme,iOS,4.7,4.9,274.8,69,4.2,6444,1.3,2.3,291,Gaming,1,6735,Mature Low Spender,Target with social media ads
44,Female,Delhi,Apple,iOS,1.3,24.1,19.2,78,2.3,3886,0.7,2.2,814,Work,1,4700,Mature Low Spender,Target with social media ads
42,Female,Jaipur,Xiaomi,iOS,5.2,31.6,96.0,42,0.8,472,2.0,3.4,1961,Education,1,2433,Mature Low Spender,Target with social media ads
49,Other,Delhi,Vivo,iOS,6.4,12.0,156.4,19,4.4,2234,1.4,3.2,1266,Gaming,1,3500,Mature Low Spender,Target with social media ads
54,Female,Bangalore,Motorola,iOS,8.8,35.6,260.5,190,5.4,5435,2.6,3.4,237,Work,1,5672,Mature Low Spender,Target with social media ads
45,Female,Jaipur,Vivo,Android,6.3,49.8,218.2,200,0.5,1232,7.6,2.5,1542,Education,1,2774,Mature Low Spender,Target with social media ads
47,Other,Chennai,Apple,iOS,5.8,13.5,41.1,47,4.6,567,6.3,0.1,1169,Social Media,1,1736,Mature Low Spender,Target with social media ads
46,Male,Delhi,Apple,iOS,5.4,29.0,270.2,29,4.7,5365,3.4,1.7,1954,Gaming,1,7319,Mature Low Spender,Target with social media ads
46,Female,Chennai,Realme,iOS,8.8,11.7,7.0,56,2.0,2157,5.5,2.7,1689,Entertainment,1,3846,Mature Low Spender,Target with social media ads
51,Male,Mumbai,Samsung,iOS,9.1,46.0,68.4,157,5.4,2677,5.5,1.9,896,Social Media,1,3573,Mature Low Spender,Target with social media ads
50,Male,Bangalore,Oppo,Android,8.5,48.1,247.4,29,4.1,2979,1.4,2.4,1338,Social Media,1,4317,Mature Low Spender,Target with social media ads
56,Male,Mumbai,Realme,Android,2.9,29.3,74.3,183,0.7,3076,2.8,4.6,1984,Education,1,5060,Mature Low Spender,Target with social media ads
55,Other,Jaipur,Samsung,iOS,1.8,1.1,198.2,126,2.9,3223,2.2,1.3,542,Social Media,1,3765,Mature Low Spender,Target with social media ads
54,Other,Lucknow,Oppo,iOS,1.5,22.2,238.5,54,0.8,1375,0.8,4.0,265,Work,1,1640,Mature Low Spender,Target with social media ads
47,Male,Lucknow,Vivo,Android,3.4,40.5,178.0,160,0.8,1191,6.3,2.3,1799,Education,1,2990,Mature Low Spender,Target with social media ads
58,Other,Pune,Xiaomi,Android,8.0,16.2,43.6,146,1.7,3294,6.6,1.2,966,Work,1,4260,Mature Low Spender,Target with social media ads
57,Other,Chennai,OnePlus,Android,6.5,35.1,70.0,147,2.7,4990,3.2,1.7,516,Entertainment,1,5506,Mature Low Spender,Target with social media ads
42,Male,Hyderabad,OnePlus,Android,8.4,20.0,179.1,79,5.3,3407,5.4,4.4,598,Education,1,4005,Mature Low Spender,Target with social media ads
58,Male,Bangalore,Oppo,iOS,11.0,35.3,94.7,31,3.5,6186,5.3,2.0,574,Entertainment,1,6760,Mature Low Spender,Target with social media ads
47,Female,Kolkata,OnePlus,Android,1.4,39.7,138.1,22,4.4,854,6.8,2.9,734,Gaming,1,1588,Mature Low Spender,Target with social media ads
54,Other,Pune,Samsung,iOS,2.5,5.0,298.4,150,4.8,2247,4.1,0.7,1830,Education,1,4077,Mature Low Spender,Target with social media ads
42,Female,Chennai,Realme,Android,5.8,38.9,155.3,161,4.9,3307,6.6,1.5,570,Social Media,1,3877,Mature Low Spender,Target with social media ads
58,Male,Mumbai,Motorola,Android,3.7,11.0,82.5,165,3.0,4083,2.7,4.4,393,Gaming,1,4476,Mature Low Spender,Target with social media ads
44,Male,Bangalore,Vivo,Android,9.1,3.8,135.5,138,4.8,1268,7.6,2.9,565,Work,1,1833,Mature Low Spender,Target with social media ads
50,Female,Jaipur,Motorola,iOS,10.7,45.9,97.3,167,1.9,2231,5.7,0.1,111,Education,1,2342,Mature Low Spender,Target with social media ads
50,Female,Lucknow,Oppo,Android,10.9,18.6,200.8,46,5.5,1919,7.7,2.0,1457,Social Media,1,3376,Mature Low Spender,Target with social media ads
38,Female,Mumbai,OnePlus,Android,5.9,18.8,137.1,176,5.6,1743,6.9,1.2,108,Gaming,1,1851,Mature Low Spender,Target with social media ads
50,Male,Kolkata,Nokia,iOS,9.3,8.1,139.3,143,3.0,4672,6.2,4.0,182,Social Media,1,4854,Mature Low Spender,Target with social media ads
52,Female,Delhi,Motorola,iOS,2.5,45.4,45.0,58,1.0,1846,4.0,2.4,1146,Gaming,1,2992,Mature Low Spender,Target with social media ads
54,Male,Hyderabad,OnePlus,iOS,2.0,24.2,280.0,81,5.0,1661,3.8,0.6,198,Social Media,1,1859,Mature Low Spender,Target with social media ads
49,Male,Kolkata,Google Pixel,Android,7.1,46.9,148.6,186,5.8,3902,5.6,0.6,1073,Entertainment,1,4975,Mature Low Spender,Target with social media ads
60,Other,Jaipur,Vivo,iOS,4.1,7.4,64.8,24,2.3,717,1.2,3.2,1916,Work,1,2633,Mature Low Spender,Target with social media ads
44,Other,Bangalore,Motorola,Android,8.8,1.0,57.7,180,5.3,2094,7.6,3.5,1620,Education,1,3714,Mature Low Spender,Target with social media ads
49,Female,Jaipur,Realme,iOS,8.7,32.1,278.1,59,3.9,2510,5.4,1.7,289,Gaming,1,2799,Mature Low Spender,Target with social media ads
55,Male,Chennai,Apple,iOS,9.5,32.4,112.5,136,5.1,4681,3.4,1.8,662,Education,1,5343,Mature Low Spender,Target with social media ads
39,Other,Kolkata,Realme,Android,9.8,40.8,121.9,113,4.4,999,4.4,0.2,623,Gaming,1,1622,Mature Low Spender,Target with social media ads
52,Female,Chennai,Realme,iOS,3.8,47.9,43.2,176,2.5,2174,3.3,1.5,618,Entertainment,1,2792,Mature Low Spender,Target with social media ads
37,Other,Ahmedabad,OnePlus,Android,5.5,29.4,182.0,54,3.6,942,7.3,4.1,263,Education,1,1205,Mature Low Spender,Target with social media ads
47,Male,Lucknow,Xiaomi,Android,2.7,39.3,172.9,141,4.4,328,3.7,2.8,631,Work,1,959,Mature Low Spender,Target with social media ads
54,Male,Hyderabad,OnePlus,Android,5.2,41.4,114.0,172,4.9,4427,5.0,4.7,940,Social Media,1,5367,Mature Low Spender,Target with social media ads
55,Male,Hyderabad,Apple,Android,10.4,43.4,159.0,172,4.8,869,5.9,1.1,1337,Social Media,1,2206,Mature Low Spender,Target with social media ads
48,Other,Jaipur,Google Pixel,Android,7.1,35.6,152.6,91,5.3,916,0.8,1.9,459,Education,1,1375,Mature Low Spender,Target with social media ads
52,Male,Kolkata,Apple,Android,1.3,14.5,154.3,79,4.4,2672,2.4,0.4,464,Education,1,3136,Mature Low Spender,Target with social media ads
53,Other,Bangalore,Google Pixel,Android,8.8,9.7,278.8,166,5.6,1115,5.5,3.6,1733,Education,1,2848,Mature Low Spender,Target with social media ads
60,Male,Mumbai,Realme,Android,6.0,1.9,208.8,80,5.2,391,2.6,4.3,160,Work,1,551,Mature Low Spender,Target with social media ads
48,Other,Lucknow,Oppo,iOS,6.5,29.0,189.9,138,0.6,220,0.6,0.7,222,Social Media,1,442,Mature Low Spender,Target with social media ads
41,Other,Delhi,Samsung,Android,9.1,40.7,238.7,100,2.7,1308,7.4,0.4,669,Social Media,1,1977,Mature Low Spender,Target with social media ads
41,Other,Ahmedabad,Google Pixel,iOS,1.1,23.8,87.5,147,1.8,864,4.3,2.8,497,Entertainment,1,1361,Mature Low Spender,Target with social media ads
49,Female,Mumbai,Vivo,Android,3.7,42.7,256.4,192,1.2,1761,4.3,3.6,1861,Work,1,3622,Mature Low Spender,Target with social media ads
57,Other,Delhi,Motorola,Android,10.6,28.0,30.4,184,1.4,2258,8.0,2.8,1478,Gaming,1,3736,Mature Low Spender,Target with social media ads
45,Female,Jaipur,Xiaomi,Android,7.4,10.8,181.4,172,5.8,1807,2.2,4.3,443,Education,1,2250,Mature Low Spender,Target with social media ads
47,Female,Hyderabad,Nokia,Android,7.1,32.9,9.9,160,5.8,3846,2.6,3.3,151,Education,1,3997,Mature Low Spender,Target with social media ads
44,Male,Pune,Apple,iOS,6.7,31.7,169.8,175,2.1,2962,1.8,4.9,1219,Social Media,1,4181,Mature Low Spender,Target with social media ads
47,Female,Delhi,Google Pixel,iOS,3.2,9.8,205.9,184,4.8,353,4.1,3.4,1226,Gaming,1,1579,Mature Low Spender,Target with social media ads
59,Other,Chennai,Samsung,Android,4.8,3.5,214.0,33,4.2,6065,3.5,0.6,246,Education,1,6311,Mature Low Spender,Target with social media ads
50,Other,Jaipur,Samsung,iOS,5.2,34.7,137.8,123,5.5,2592,5.5,4.2,465,Gaming,1,3057,Mature Low Spender,Target with social media ads
43,Female,Delhi,Motorola,iOS,6.4,49.6,233.7,135,4.1,165,7.6,0.3,1858,Gaming,1,2023,Mature Low Spender,Target with social media ads
60,Female,Kolkata,Motorola,iOS,1.3,20.3,19.6,39,2.6,4630,6.6,2.5,1295,Education,1,5925,Mature Low Spender,Target with social media ads
44,Female,Bangalore,OnePlus,iOS,2.4,19.9,233.2,56,5.2,2212,1.9,0.7,568,Gaming,1,2780,Mature Low Spender,Target with social media ads
41,Female,Jaipur,Google Pixel,Android,8.8,9.4,275.0,83,2.6,1332,3.4,1.8,445,Gaming,1,1777,Mature Low Spender,Target with social media ads
54,Other,Mumbai,Nokia,Android,9.6,29.7,154.6,192,2.7,4208,4.7,2.6,756,Social Media,1,4964,Mature Low Spender,Target with social media ads
59,Male,Pune,Google Pixel,iOS,10.2,11.3,106.1,188,5.0,1455,1.7,3.1,1531,Entertainment,1,2986,Mature Low Spender,Target with social media ads
41,Female,Lucknow,OnePlus,iOS,5.0,43.1,88.3,142,3.7,1412,6.3,1.0,1252,Gaming,1,2664,Mature Low Spender,Target with social media ads
51,Female,Chennai,Oppo,iOS,2.7,46.4,70.4,146,3.6,1591,3.8,4.1,1819,Education,1,3410,Mature Low Spender,Target with social media ads
39,Other,Ahmedabad,Xiaomi,Android,5.3,19.8,120.5,116,4.3,1424,4.2,2.9,510,Gaming,1,1934,Mature Low Spender,Target with social media ads
57,Female,Hyderabad,Motorola,Android,4.5,33.5,96.9,143,3.8,6436,2.2,0.9,291,Work,1,6727,Mature Low Spender,Target with social media ads
45,Female,Lucknow,OnePlus,Android,7.2,10.4,293.9,62,2.9,1180,3.8,0.4,478,Education,1,1658,Mature Low Spender,Target with social media ads
58,Female,Jaipur,Realme,Android,8.4,25.6,64.5,116,4.8,3696,1.7,0.8,424,Gaming,1,4120,Mature Low Spender,Target with social media ads
53,Male,Pune,Nokia,iOS,1.5,43.7,117.3,71,5.5,3004,4.2,3.4,646,Entertainment,1,3650,Mature Low Spender,Target with social media ads
54,Other,Lucknow,Xiaomi,Android,3.4,1.1,84.2,189,4.1,2469,7.1,2.1,209,Work,1,2678,Mature Low Spender,Target with social media ads
48,Female,Jaipur,Realme,Android,9.3,19.7,191.0,70,2.7,2269,5.6,3.8,579,Gaming,1,2848,Mature Low Spender,Target with social media ads
50,Female,Bangalore,Xiaomi,iOS,5.5,45.0,281.7,195,1.9,2851,7.5,4.1,1215,Gaming,1,4066,Mature Low Spender,Target with social media ads
60,Female,Pune,Nokia,iOS,3.9,46.0,55.5,88,1.3,389,1.7,3.5,1218,Education,1,1607,Mature Low Spender,Target with social media ads
55,Other,Ahmedabad,Samsung,iOS,2.3,7.3,220.4,173,4.4,4795,7.4,3.6,941,Work,1,5736,Mature Low Spender,Target with social media ads
40,Male,Pune,Xiaomi,Android,10.5,44.8,246.9,17,3.6,767,1.0,2.6,208,Social Media,1,975,Mature Low Spender,Target with social media ads
43,Female,Chennai,Nokia,iOS,7.1,40.9,37.7,130,3.0,2788,7.4,1.8,262,Social Media,1,3050,Mature Low Spender,Target with social media ads
60,Female,Ahmedabad,Realme,Android,3.7,7.3,191.2,161,1.5,3252,7.8,2.7,1077,Social Media,1,4329,Mature Low Spender,Target with social media ads
51,Other,Jaipur,Samsung,Android,5.8,32.6,180.1,102,3.2,3529,5.2,1.0,304,Work,1,3833,Mature Low Spender,Target with social media ads
54,Other,Hyderabad,Oppo,Android,7.2,35.3,161.8,29,4.4,2195,2.8,3.6,1729,Education,1,3924,Mature Low Spender,Target with social media ads
47,Other,Ahmedabad,Google Pixel,iOS,6.9,39.3,45.5,108,3.7,4187,6.7,2.8,1461,Gaming,1,5648,Mature Low Spender,Target with social media ads
59,Female,Bangalore,Google Pixel,iOS,4.9,5.2,174.2,23,5.5,242,7.4,1.9,920,Entertainment,1,1162,Mature Low Spender,Target with social media ads
60,Female,Ahmedabad,Motorola,Android,3.4,42.7,70.8,39,2.0,4955,0.9,0.5,134,Work,1,5089,Mature Low Spender,Target with social media ads
37,Female,Chennai,Realme,Android,6.4,43.6,113.3,128,5.1,1675,4.9,4.6,862,Work,1,2537,Mature Low Spender,Target with social media ads
60,Other,Hyderabad,Oppo,iOS,7.1,42.7,182.1,163,2.9,2926,0.8,4.7,449,Work,1,3375,Mature Low Spender,Target with social media ads
59,Male,Ahmedabad,Apple,Android,11.2,6.2,157.6,126,5.1,5512,1.8,0.1,898,Entertainment,1,6410,Mature Low Spender,Target with social media ads
42,Female,Jaipur,Samsung,iOS,2.0,22.5,190.7,188,2.2,2263,2.6,1.9,1198,Education,1,3461,Mature Low Spender,Target with social media ads
50,Male,Lucknow,Xiaomi,Android,7.1,38.8,266.7,40,2.5,2258,5.5,3.4,1561,Social Media,1,3819,Mature Low Spender,Target with social media ads
42,Other,Kolkata,Apple,Android,10.0,7.5,58.4,118,2.1,2378,3.0,3.2,1889,Education,1,4267,Mature Low Spender,Target with social media ads
56,Other,Lucknow,Xiaomi,iOS,1.4,37.0,33.4,137,0.7,643,4.5,4.3,829,Social Media,1,1472,Mature Low Spender,Target with social media ads
54,Male,Delhi,Apple,Android,3.9,43.7,17.4,17,3.4,6677,1.5,1.4,1347,Work,1,8024,Mature Low Spender,Target with social media ads
53,Female,Delhi,Nokia,iOS,2.1,21.3,31.9,106,3.6,4736,4.6,1.2,1779,Work,1,6515,Mature Low Spender,Target with social media ads
56,Male,Chennai,OnePlus,iOS,11.4,34.9,51.7,167,4.4,806,4.4,4.6,582,Gaming,1,1388,Mature Low Spender,Target with social media ads
34,Other,Bangalore,Oppo,Android,7.8,39.4,66.0,158,5.6,1246,0.9,3.4,1505,Entertainment,1,2751,Mature Low Spender,Target with social media ads
53,Male,Chennai,Motorola,iOS,6.9,27.1,83.6,43,3.4,6308,0.7,2.2,1428,Work,1,7736,Mature Low Spender,Target with social media ads
58,Other,Delhi,Nokia,Android,8.8,8.1,97.2,26,4.9,4409,3.1,2.4,1408,Work,1,5817,Mature Low Spender,Target with social media ads
50,Male,Lucknow,Oppo,iOS,5.9,14.4,275.8,77,3.2,2513,1.6,1.4,872,Social Media,1,3385,Mature Low Spender,Target with social media ads
46,Female,Mumbai,Motorola,iOS,8.7,13.0,236.9,35,4.6,2800,4.9,1.6,1603,Education,1,4403,Mature Low Spender,Target with social media ads
39,Other,Chennai,Xiaomi,Android,1.4,46.4,200.1,178,3.1,3651,0.6,1.6,1927,Social Media,1,5578,Mature Low Spender,Target with social media ads
55,Other,Lucknow,Google Pixel,iOS,5.3,26.6,133.4,88,5.7,4443,5.0,3.0,931,Social Media,1,5374,Mature Low Spender,Target with social media ads
48,Male,Delhi,Apple,Android,9.4,10.8,45.0,97,3.0,3857,1.2,0.5,735,Work,1,4592,Mature Low Spender,Target with social media ads
43,Female,Bangalore,Oppo,Android,4.3,9.4,140.5,37,4.7,2878,7.7,0.8,343,Entertainment,1,3221,Mature Low Spender,Target with social media ads
59,Female,Chennai,Apple,iOS,10.7,18.6,200.6,112,0.6,3020,4.2,4.7,667,Gaming,1,3687,Mature Low Spender,Target with social media ads
32,Male,Mumbai,Samsung,Android,4.4,27.2,51.7,198,5.9,919,1.1,2.6,897,Gaming,1,1816,Mature Low Spender,Target with social media ads
46,Other,Mumbai,Google Pixel,Android,6.8,9.3,218.4,146,5.9,3579,1.6,3.3,1205,Gaming,1,4784,Mature Low Spender,Target with social media ads
48,Other,Kolkata,Oppo,Android,8.6,31.8,263.6,187,1.7,463,5.8,3.3,1471,Work,1,1934,Mature Low Spender,Target with social media ads
50,Female,Pune,Oppo,iOS,5.4,7.3,221.2,176,3.1,922,7.0,3.7,1938,Work,1,2860,Mature Low Spender,Target with social media ads
49,Other,Kolkata,Xiaomi,Android,8.8,36.7,174.0,139,0.8,1509,7.9,2.7,704,Work,1,2213,Mature Low Spender,Target with social media ads
41,Female,Hyderabad,Realme,Android,3.3,24.0,198.8,89,1.9,2767,2.7,4.1,1849,Social Media,1,4616,Mature Low Spender,Target with social media ads
41,Female,Ahmedabad,Motorola,iOS,3.5,22.5,102.9,94,1.1,2540,2.1,4.2,1071,Education,1,3611,Mature Low Spender,Target with social media ads
56,Other,Delhi,Motorola,Android,9.0,32.0,18.5,69,4.0,3450,3.5,2.8,1209,Work,1,4659,Mature Low Spender,Target with social media ads
57,Female,Pune,Vivo,Android,3.6,42.7,213.7,125,5.9,273,0.5,1.9,478,Entertainment,1,751,Mature Low Spender,Target with social media ads
43,Other,Delhi,Samsung,iOS,4.7,17.8,169.4,156,3.1,2036,7.4,0.1,972,Social Media,1,3008,Mature Low Spender,Target with social media ads
57,Female,Mumbai,Oppo,Android,5.9,33.8,40.3,71,0.7,2546,3.2,1.1,1026,Social Media,1,3572,Mature Low Spender,Target with social media ads
54,Other,Ahmedabad,Xiaomi,iOS,4.6,18.5,273.0,80,3.5,2932,7.7,2.7,778,Social Media,1,3710,Mature Low Spender,Target with social media ads
39,Other,Pune,Vivo,iOS,10.8,1.8,191.7,41,3.8,2272,5.0,0.6,1477,Work,1,3749,Mature Low Spender,Target with social media ads
53,Female,Hyderabad,Vivo,iOS,9.2,12.4,60.6,82,5.7,2679,1.1,3.0,1446,Work,1,4125,Mature Low Spender,Target with social media ads
59,Male,Ahmedabad,Google Pixel,Android,8.8,19.7,252.3,111,2.6,553,2.2,3.6,1651,Education,1,2204,Mature Low Spender,Target with social media ads
57,Male,Lucknow,Oppo,Android,5.6,4.9,107.8,108,4.0,1906,3.6,4.7,1462,Work,1,3368,Mature Low Spender,Target with social media ads
38,Female,Ahmedabad,Realme,Android,8.1,47.1,131.3,160,5.2,2201,4.9,2.6,1988,Work,1,4189,Mature Low Spender,Target with social media ads
48,Other,Jaipur,Samsung,iOS,8.1,22.9,153.8,116,2.5,262,3.5,1.4,403,Entertainment,1,665,Mature Low Spender,Target with social media ads
54,Other,Lucknow,Apple,Android,3.5,8.6,264.8,164,1.0,2004,2.7,0.4,885,Education,1,2889,Mature Low Spender,Target with social media ads
41,Male,Bangalore,Nokia,iOS,2.0,13.3,174.9,199,2.2,1050,7.8,1.6,490,Entertainment,1,1540,Mature Low Spender,Target with social media ads
43,Male,Hyderabad,Samsung,Android,1.1,41.0,195.8,23,5.8,2351,3.1,3.1,221,Social Media,1,2572,Mature Low Spender,Target with social media ads
58,Female,Delhi,OnePlus,iOS,11.8,7.6,121.4,161,5.5,3267,6.8,4.4,240,Social Media,1,3507,Mature Low Spender,Target with social media ads
42,Female,Mumbai,Apple,iOS,7.2,40.9,71.4,100,4.0,3183,6.5,3.5,121,Education,1,3304,Mature Low Spender,Target with social media ads
56,Female,Bangalore,OnePlus,Android,2.9,19.9,133.5,79,4.8,2089,6.9,3.6,1272,Education,1,3361,Mature Low Spender,Target with social media ads
51,Other,Hyderabad,OnePlus,Android,10.5,2.5,68.7,33,4.9,4411,2.8,4.2,356,Education,1,4767,Mature Low Spender,Target with social media ads
58,Female,Pune,OnePlus,Android,8.4,29.3,254.5,120,5.9,165,3.7,2.5,1374,Social Media,1,1539,Mature Low Spender,Target with social media ads
52,Male,Kolkata,Apple,Android,1.1,16.3,204.4,169,3.7,6517,7.7,1.3,1781,Education,1,8298,Mature Low Spender,Target with social media ads
51,Female,Hyderabad,Oppo,iOS,6.6,5.7,57.6,184,2.5,3676,2.6,0.8,1820,Work,1,5496,Mature Low Spender,Target with social media ads
59,Female,Pune,Samsung,Android,3.2,49.4,43.0,196,3.4,1190,6.2,1.0,803,Work,1,1993,Mature Low Spender,Target with social media ads
45,Female,Ahmedabad,Motorola,Android,6.2,49.7,198.8,135,0.5,1759,4.5,3.7,184,Entertainment,1,1943,Mature Low Spender,Target with social media ads
59,Female,Chennai,Vivo,iOS,11.0,34.9,119.8,105,1.2,4037,1.4,2.6,691,Entertainment,1,4728,Mature Low Spender,Target with social media ads
42,Female,Chennai,OnePlus,Android,10.5,28.5,238.1,158,1.7,1081,6.6,3.0,865,Work,1,1946,Mature Low Spender,Target with social media ads
53,Other,Pune,Xiaomi,iOS,11.1,39.8,126.5,186,5.1,2684,6.3,2.3,163,Entertainment,1,2847,Mature Low Spender,Target with social media ads
40,Other,Chennai,OnePlus,Android,9.0,12.8,112.4,99,5.3,3052,2.4,4.8,1381,Gaming,1,4433,Mature Low Spender,Target with social media ads
58,Female,Ahmedabad,Motorola,Android,8.1,5.0,167.9,100,3.0,4017,0.8,3.8,1206,Entertainment,1,5223,Mature Low Spender,Target with social media ads
49,Male,Delhi,Google Pixel,Android,5.5,36.7,85.1,10,5.6,147,1.1,1.4,769,Entertainment,1,916,Mature Low Spender,Target with social media ads
52,Male,Mumbai,Nokia,iOS,6.4,23.0,99.3,82,5.4,1079,1.8,2.4,1806,Social Media,1,2885,Mature Low Spender,Target with social media ads
44,Other,Lucknow,Google Pixel,Android,1.6,42.4,148.0,67,2.2,4082,1.2,3.0,553,Gaming,1,4635,Mature Low Spender,Target with social media ads
51,Male,Chennai,Realme,Android,8.1,30.9,186.0,187,1.6,683,6.2,2.4,694,Entertainment,1,1377,Mature Low Spender,Target with social media ads
60,Female,Ahmedabad,Samsung,iOS,4.4,16.0,60.0,139,2.2,1909,6.9,2.6,1600,Education,1,3509,Mature Low Spender,Target with social media ads
49,Male,Bangalore,Samsung,Android,10.1,29.7,228.4,95,1.6,1167,5.7,4.6,563,Work,1,1730,Mature Low Spender,Target with social media ads
47,Male,Delhi,OnePlus,Android,9.3,39.4,296.4,85,5.6,704,4.7,2.9,227,Work,1,931,Mature Low Spender,Target with social media ads
58,Other,Mumbai,Oppo,Android,11.9,26.7,247.3,159,3.6,3103,7.3,1.0,617,Gaming,1,3720,Mature Low Spender,Target with social media ads
59,Male,Jaipur,Apple,iOS,5.6,1.2,188.3,94,2.8,5356,2.1,2.3,1834,Education,1,7190,Mature Low Spender,Target with social media ads
55,Female,Kolkata,Realme,iOS,8.9,9.2,52.2,181,1.1,3702,6.9,4.5,957,Gaming,1,4659,Mature Low Spender,Target with social media ads
45,Female,Mumbai,Nokia,Android,9.5,4.1,190.1,94,4.4,5308,1.3,4.5,1168,Education,1,6476,Mature Low Spender,Target with social media ads
50,Male,Jaipur,Apple,Android,11.6,43.3,79.8,59,5.7,2330,4.3,4.0,207,Education,1,2537,Mature Low Spender,Target with social media ads
54,Female,Lucknow,Motorola,Android,10.4,29.8,105.4,79,6.0,1980,0.5,2.0,1632,Gaming,1,3612,Mature Low Spender,Target with social media ads
56,Other,Bangalore,Motorola,Android,4.7,31.6,17.0,12,3.1,2105,7.2,4.7,1657,Education,1,3762,Mature Low Spender,Target with social media ads
43,Male,Lucknow,Motorola,iOS,6.6,41.5,133.1,23,4.4,4937,1.9,2.0,1881,Gaming,1,6818,Mature Low Spender,Target with social media ads
59,Other,Kolkata,Motorola,iOS,3.7,17.0,291.9,98,3.4,6150,1.6,0.9,335,Education,1,6485,Mature Low Spender,Target with social media ads
54,Other,Lucknow,Nokia,iOS,5.0,43.9,183.6,49,3.0,1438,3.4,3.5,951,Gaming,1,2389,Mature Low Spender,Target with social media ads
53,Male,Hyderabad,Motorola,iOS,8.0,12.3,54.5,70,2.8,2755,1.4,0.2,1031,Gaming,1,3786,Mature Low Spender,Target with social media ads
60,Other,Ahmedabad,Realme,Android,4.5,16.7,144.7,35,0.6,340,4.2,1.2,1851,Social Media,1,2191,Mature Low Spender,Target with social media ads
58,Female,Delhi,Realme,iOS,6.8,20.0,127.6,133,1.8,2892,1.8,2.1,503,Social Media,1,3395,Mature Low Spender,Target with social media ads
52,Other,Hyderabad,OnePlus,iOS,3.6,17.2,195.9,126,5.8,2388,2.2,3.9,1935,Entertainment,1,4323,Mature Low Spender,Target with social media ads
54,Male,Hyderabad,Apple,iOS,6.1,12.9,251.9,191,3.7,4309,5.6,2.1,1961,Work,1,6270,Mature Low Spender,Target with social media ads
51,Other,Mumbai,Apple,Android,8.1,18.9,171.2,86,1.6,352,0.8,4.6,1177,Social Media,1,1529,Mature Low Spender,Target with social media ads
52,Female,Jaipur,Vivo,iOS,6.1,31.3,245.8,125,3.8,5259,2.1,0.5,520,Entertainment,1,5779,Mature Low Spender,Target with social media ads
58,Male,Pune,Motorola,Android,4.1,35.0,195.3,11,4.6,4015,3.2,1.5,1630,Education,1,5645,Mature Low Spender,Target with social media ads
54,Other,Mumbai,Vivo,Android,2.5,27.2,255.7,152,5.6,1486,0.7,0.3,1555,Gaming,1,3041,Mature Low Spender,Target with social media ads
53,Other,Hyderabad,Google Pixel,iOS,6.0,20.2,94.0,125,5.9,3712,5.3,1.2,627,Gaming,1,4339,Mature Low Spender,Target with social media ads
46,Female,Kolkata,Nokia,iOS,9.2,23.2,20.2,127,2.7,3589,1.3,2.6,818,Education,1,4407,Mature Low Spender,Target with social media ads
59,Female,Mumbai,OnePlus,Android,8.6,28.2,280.7,152,4.3,4120,4.1,1.8,1801,Gaming,1,5921,Mature Low Spender,Target with social media ads
52,Female,Lucknow,Xiaomi,iOS,2.9,30.7,167.9,79,5.1,296,5.2,0.4,694,Entertainment,1,990,Mature Low Spender,Target with social media ads
48,Other,Ahmedabad,Vivo,Android,8.8,44.9,23.4,20,5.0,1439,3.6,2.7,1863,Entertainment,1,3302,Mature Low Spender,Target with social media ads
57,Female,Lucknow,Apple,iOS,4.5,21.6,15.9,179,2.3,3632,0.9,0.1,1139,Work,1,4771,Mature Low Spender,Target with social media ads
58,Female,Ahmedabad,OnePlus,Android,8.3,21.5,208.7,134,5.5,1130,5.6,1.8,740,Gaming,1,1870,Mature Low Spender,Target with social media ads
55,Female,Hyderabad,Nokia,iOS,3.8,8.8,90.4,191,2.0,1770,1.5,3.2,941,Work,1,2711,Mature Low Spender,Target with social media ads
37,Other,Ahmedabad,Google Pixel,Android,9.4,1.1,110.2,14,3.8,3741,7.7,2.3,930,Social Media,1,4671,Mature Low Spender,Target with social media ads
58,Female,Pune,Samsung,iOS,5.1,1.9,85.7,154,2.4,2639,7.2,4.1,119,Education,1,2758,Mature Low Spender,Target with social media ads
53,Other,Jaipur,Xiaomi,iOS,1.3,19.8,234.7,42,4.4,1714,7.6,0.0,1747,Gaming,1,3461,Mature Low Spender,Target with social media ads
45,Other,Pune,OnePlus,iOS,4.5,32.1,15.2,33,2.7,529,2.6,1.5,982,Gaming,1,1511,Mature Low Spender,Target with social media ads
49,Female,Hyderabad,Nokia,Android,3.8,9.6,87.4,44,5.6,954,6.1,2.9,231,Work,1,1185,Mature Low Spender,Target with social media ads
60,Male,Mumbai,Vivo,iOS,6.8,16.4,285.9,93,3.6,658,0.7,2.5,1823,Gaming,1,2481,Mature Low Spender,Target with social media ads
57,Male,Chennai,Realme,Android,7.5,24.6,78.9,170,5.2,2184,5.5,1.0,1704,Education,1,3888,Mature Low Spender,Target with social media ads
51,Female,Bangalore,Google Pixel,Android,5.4,14.3,34.1,37,5.8,1582,4.9,4.4,276,Gaming,1,1858,Mature Low Spender,Target with social media ads
52,Male,Mumbai,OnePlus,Android,9.5,46.9,175.0,117,2.5,5158,5.2,1.4,936,Work,1,6094,Mature Low Spender,Target with social media ads
52,Male,Jaipur,Apple,iOS,7.1,36.0,154.7,33,4.9,1144,1.7,2.7,1879,Gaming,1,3023,Mature Low Spender,Target with social media ads
56,Other,Delhi,Motorola,iOS,7.2,2.1,59.4,53,4.9,2701,5.1,3.9,1122,Education,1,3823,Mature Low Spender,Target with social media ads
47,Male,Bangalore,Realme,Android,11.9,37.9,281.3,64,4.5,5005,7.0,3.9,1493,Entertainment,1,6498,Mature Low Spender,Target with social media ads
58,Male,Bangalore,OnePlus,iOS,8.7,18.8,121.6,166,1.8,3205,2.7,0.1,546,Work,1,3751,Mature Low Spender,Target with social media ads
45,Male,Kolkata,Google Pixel,Android,6.7,48.2,181.0,100,5.8,1815,7.9,2.1,372,Entertainment,1,2187,Mature Low Spender,Target with social media ads
50,Male,Pune,Samsung,iOS,7.5,28.7,226.4,134,3.0,2517,2.0,1.2,1616,Education,1,4133,Mature Low Spender,Target with social media ads
57,Male,Pune,Google Pixel,Android,9.8,45.2,40.3,54,5.8,373,5.2,1.8,1948,Work,1,2321,Mature Low Spender,Target with social media ads
58,Female,Bangalore,Samsung,iOS,4.1,4.7,137.8,54,1.7,3948,0.7,3.2,1398,Education,1,5346,Mature Low Spender,Target with social media ads
60,Other,Jaipur,Realme,Android,8.7,26.0,79.6,24,3.5,139,5.5,3.3,634,Entertainment,1,773,Mature Low Spender,Target with social media ads
36,Other,Pune,Google Pixel,Android,7.5,16.1,108.1,113,4.7,1046,2.6,1.5,474,Work,1,1520,Mature Low Spender,Target with social media ads
47,Female,Pune,Oppo,Android,1.9,45.6,134.7,136,5.9,1607,6.0,2.2,723,Work,1,2330,Mature Low Spender,Target with social media ads
57,Female,Pune,Apple,iOS,5.6,30.6,216.0,33,5.9,5861,5.6,0.7,927,Entertainment,1,6788,Mature Low Spender,Target with social media ads
51,Other,Jaipur,Apple,iOS,5.6,1.4,232.6,177,5.3,3959,6.7,3.1,1791,Education,1,5750,Mature Low Spender,Target with social media ads
55,Other,Kolkata,Xiaomi,Android,8.7,48.0,52.8,10,2.8,1098,6.9,0.0,249,Entertainment,1,1347,Mature Low Spender,Target with social media ads
47,Female,Delhi,Apple,iOS,9.5,18.7,118.1,45,5.7,195,3.4,2.1,1254,Work,1,1449,Mature Low Spender,Target with social media ads
56,Other,Bangalore,Vivo,iOS,6.6,26.6,225.0,156,5.0,3003,3.8,1.0,1278,Gaming,1,4281,Mature Low Spender,Target with social media ads
58,Other,Jaipur,Realme,Android,2.4,29.4,6.2,73,3.5,2140,6.9,4.0,471,Social Media,1,2611,Mature Low Spender,Target with social media ads
52,Female,Kolkata,Nokia,iOS,6.5,22.9,243.5,48,3.3,5099,4.8,4.7,324,Entertainment,1,5423,Mature Low Spender,Target with social media ads
42,Male,Kolkata,Vivo,Android,5.8,47.1,49.4,87,5.0,2120,3.9,2.8,1174,Gaming,1,3294,Mature Low Spender,Target with social media ads
55,Male,Lucknow,Oppo,iOS,9.6,49.4,87.2,106,3.0,6001,3.9,1.8,1262,Entertainment,1,7263,Mature Low Spender,Target with social media ads
50,Other,Delhi,Realme,Android,10.9,13.3,286.0,97,1.2,2554,5.4,2.8,1592,Gaming,1,4146,Mature Low Spender,Target with social media ads
49,Female,Ahmedabad,Samsung,Android,9.1,46.0,20.4,171,1.5,2680,7.9,2.5,1563,Education,1,4243,Mature Low Spender,Target with social media ads
43,Male,Ahmedabad,Apple,iOS,10.0,16.7,136.1,61,5.4,2717,2.0,1.4,1065,Social Media,1,3782,Mature Low Spender,Target with social media ads
34,Male,Ahmedabad,Apple,iOS,10.2,27.7,73.7,121,6.0,270,3.4,3.6,370,Education,1,640,Mature Low Spender,Target with social media ads
55,Other,Chennai,Xiaomi,iOS,10.2,5.1,72.6,89,1.1,1972,5.1,3.6,290,Gaming,1,2262,Mature Low Spender,Target with social media ads
51,Male,Ahmedabad,Motorola,iOS,4.9,15.0,114.0,94,5.8,3554,4.7,2.5,1182,Work,1,4736,Mature Low Spender,Target with social media ads
53,Other,Jaipur,Google Pixel,iOS,11.1,33.7,68.4,114,1.1,3298,0.8,3.7,520,Gaming,1,3818,Mature Low Spender,Target with social media ads
43,Male,Ahmedabad,Realme,iOS,1.8,45.3,232.6,89,2.0,2511,4.3,5.0,1388,Work,1,3899,Mature Low Spender,Target with social media ads
56,Male,Ahmedabad,Realme,iOS,11.7,18.4,183.1,127,3.8,124,1.9,0.2,1319,Social Media,1,1443,Mature Low Spender,Target with social media ads
46,Male,Jaipur,Realme,Android,9.6,47.0,190.7,27,4.0,5082,3.2,3.5,570,Education,1,5652,Mature Low Spender,Target with social media ads
42,Female,Jaipur,Oppo,Android,2.6,28.5,84.5,112,2.2,276,7.8,2.1,332,Entertainment,1,608,Mature Low Spender,Target with social media ads
55,Other,Delhi,Nokia,iOS,4.8,6.9,180.5,51,2.0,2557,3.4,3.5,142,Work,1,2699,Mature Low Spender,Target with social media ads
38,Other,Kolkata,Realme,iOS,5.4,42.5,286.5,134,6.0,266,6.8,4.1,570,Work,1,836,Mature Low Spender,Target with social media ads
38,Other,Pune,Vivo,iOS,4.9,7.4,41.6,51,5.5,1875,4.4,1.3,1495,Work,1,3370,Mature Low Spender,Target with social media ads
44,Other,Hyderabad,Samsung,Android,6.9,6.3,195.7,64,2.7,4657,1.0,2.5,712,Entertainment,1,5369,Mature Low Spender,Target with social media ads
45,Female,Pune,Samsung,iOS,5.4,6.0,47.9,165,5.0,1326,0.7,2.5,1219,Work,1,2545,Mature Low Spender,Target with social media ads
44,Male,Mumbai,Google Pixel,iOS,1.6,28.1,255.9,76,2.6,4419,2.9,1.4,1995,Education,1,6414,Mature Low Spender,Target with social media ads
59,Male,Pune,Google Pixel,Android,10.7,22.4,106.3,118,4.6,5792,2.4,2.1,611,Work,1,6403,Mature Low Spender,Target with social media ads
60,Other,Lucknow,Google Pixel,Android,7.6,37.0,135.2,110,2.7,4866,5.6,3.5,1288,Education,1,6154,Mature Low Spender,Target with social media ads
57,Other,Jaipur,Vivo,iOS,5.5,38.6,44.3,111,1.3,437,4.5,3.9,1367,Work,1,1804,Mature Low Spender,Target with social media ads
46,Female,Chennai,OnePlus,iOS,6.6,14.5,272.8,58,3.6,2855,4.8,1.7,635,Work,1,3490,Mature Low Spender,Target with social media ads
50,Male,Ahmedabad,Samsung,iOS,5.0,46.6,38.9,114,2.2,4278,2.8,0.2,231,Education,1,4509,Mature Low Spender,Target with social media ads
48,Male,Mumbai,Google Pixel,iOS,4.1,40.6,137.4,105,3.4,4261,2.3,0.4,994,Social Media,1,5255,Mature Low Spender,Target with social media ads
40,Female,Bangalore,Vivo,Android,9.0,1.9,226.3,104,4.2,822,1.0,3.6,1633,Education,1,2455,Mature Low Spender,Target with social media ads
56,Male,Lucknow,Apple,iOS,4.0,22.3,134.9,52,2.6,1555,2.0,1.0,1651,Social Media,1,3206,Mature Low Spender,Target with social media ads
39,Female,Pune,Nokia,iOS,11.1,20.6,11.8,121,3.7,2085,4.8,2.8,1896,Social Media,1,3981,Mature Low Spender,Target with social media ads
43,Other,Delhi,Motorola,Android,6.3,13.3,43.0,99,5.2,2267,2.0,2.0,1294,Gaming,1,3561,Mature Low Spender,Target with social media ads
57,Female,Kolkata,OnePlus,Android,3.5,37.8,180.0,132,0.8,2107,3.2,4.1,341,Gaming,1,2448,Mature Low Spender,Target with social media ads
57,Female,Chennai,Realme,iOS,11.1,27.6,47.5,81,5.8,3500,1.1,1.0,944,Education,1,4444,Mature Low Spender,Target with social media ads
55,Other,Bangalore,Oppo,Android,1.5,20.4,185.8,166,1.8,1244,1.5,1.8,762,Education,1,2006,Mature Low Spender,Target with social media ads
54,Other,Mumbai,Samsung,Android,9.1,3.3,126.6,82,4.1,5922,2.5,4.6,320,Entertainment,1,6242,Mature Low Spender,Target with social media ads
47,Female,Jaipur,Vivo,Android,6.6,35.7,55.4,53,4.2,4101,2.0,1.2,570,Work,1,4671,Mature Low Spender,Target with social media ads
40,Other,Pune,Vivo,iOS,1.6,31.5,133.0,137,2.6,3755,4.2,1.1,1869,Social Media,1,5624,Mature Low Spender,Target with social media ads
36,Male,Delhi,Samsung,iOS,1.7,12.6,260.8,32,5.6,3180,1.0,0.6,1141,Education,1,4321,Mature Low Spender,Target with social media ads
58,Male,Kolkata,Apple,Android,9.4,15.8,172.7,19,5.4,4311,3.7,3.9,437,Work,1,4748,Mature Low Spender,Target with social media ads
59,Other,Kolkata,Vivo,Android,8.9,11.7,97.6,150,3.9,4106,5.9,0.0,159,Work,1,4265,Mature Low Spender,Target with social media ads
51,Male,Delhi,Google Pixel,Android,1.4,44.4,191.5,36,2.9,4276,5.9,0.7,1266,Education,1,5542,Mature Low Spender,Target with social media ads
42,Male,Hyderabad,Oppo,Android,2.0,9.5,165.4,157,3.6,1790,5.5,3.1,618,Education,1,2408,Mature Low Spender,Target with social media ads
51,Female,Pune,Motorola,iOS,2.6,43.0,66.0,34,4.0,4223,2.1,0.9,1118,Gaming,1,5341,Mature Low Spender,Target with social media ads
49,Other,Delhi,Nokia,Android,3.5,10.6,241.4,103,5.2,1922,2.7,4.6,1248,Gaming,1,3170,Mature Low Spender,Target with social media ads
59,Other,Ahmedabad,Motorola,iOS,8.4,22.2,259.1,12,4.2,201,5.7,2.9,1545,Entertainment,1,1746,Mature Low Spender,Target with social media ads
46,Male,Bangalore,Realme,Android,8.6,7.2,30.8,21,1.6,1079,6.4,0.1,1791,Social Media,1,2870,Mature Low Spender,Target with social media ads
39,Male,Bangalore,Nokia,iOS,4.4,2.0,89.6,52,4.4,3496,2.2,1.0,198,Gaming,1,3694,Mature Low Spender,Target with social media ads
52,Female,Bangalore,Samsung,iOS,9.7,17.2,226.8,191,5.2,1625,1.5,4.6,900,Gaming,1,2525,Mature Low Spender,Target with social media ads
54,Other,Ahmedabad,Realme,iOS,7.2,17.2,196.5,178,4.3,5882,3.9,4.3,1594,Social Media,1,7476,Mature Low Spender,Target with social media ads
40,Other,Pune,OnePlus,iOS,6.8,16.4,164.7,159,3.1,4452,4.5,3.7,778,Social Media,1,5230,Mature Low Spender,Target with social media ads
53,Male,Delhi,Motorola,iOS,11.0,1.4,58.5,171,1.8,1548,4.3,5.0,1838,Entertainment,1,3386,Mature Low Spender,Target with social media ads
47,Male,Kolkata,Samsung,Android,4.0,16.5,131.5,156,5.1,4356,3.7,0.7,1600,Entertainment,1,5956,Mature Low Spender,Target with social media ads
42,Male,Bangalore,Motorola,Android,3.6,18.7,177.1,65,4.2,2657,5.2,1.2,1522,Entertainment,1,4179,Mature Low Spender,Target with social media ads
58,Other,Jaipur,OnePlus,iOS,8.9,6.6,216.5,161,0.9,1299,1.3,4.8,1335,Work,1,2634,Mature Low Spender,Target with social media ads
45,Female,Mumbai,Samsung,Android,3.7,27.2,245.9,44,2.7,166,7.7,3.2,1623,Gaming,1,1789,Mature Low Spender,Target with social media ads
53,Male,Kolkata,Motorola,iOS,9.4,36.4,193.8,175,4.3,5916,7.3,2.8,944,Entertainment,1,6860,Mature Low Spender,Target with social media ads
46,Other,Mumbai,Nokia,iOS,6.7,16.4,198.8,133,3.7,2030,7.4,3.8,666,Education,1,2696,Mature Low Spender,Target with social media ads
45,Other,Hyderabad,Xiaomi,Android,2.3,45.9,55.3,120,4.4,2958,6.6,1.7,1019,Entertainment,1,3977,Mature Low Spender,Target with social media ads
45,Female,Chennai,Nokia,Android,12.0,20.5,132.7,142,5.4,3734,5.6,4.5,437,Entertainment,1,4171,Mature Low Spender,Target with social media ads
58,Male,Jaipur,Google Pixel,Android,8.1,9.3,268.1,174,4.6,4426,0.9,3.6,391,Social Media,1,4817,Mature Low Spender,Target with social media ads
50,Other,Chennai,Realme,Android,5.5,25.8,30.5,169,3.5,6461,6.2,2.7,1271,Education,1,7732,Mature Low Spender,Target with social media ads
59,Other,Jaipur,Apple,Android,9.8,2.6,95.0,15,5.9,3535,5.7,4.6,1038,Gaming,1,4573,Mature Low Spender,Target with social media ads
52,Female,Hyderabad,Samsung,Android,8.9,10.1,12.5,19,4.6,1186,4.4,0.1,527,Education,1,1713,Mature Low Spender,Target with social media ads
48,Male,Pune,Vivo,iOS,4.4,30.8,89.3,44,2.5,4770,1.8,3.9,397,Social Media,1,5167,Mature Low Spender,Target with social media ads
52,Male,Ahmedabad,Xiaomi,Android,10.5,47.6,209.7,42,2.2,2801,6.3,0.6,134,Gaming,1,2935,Mature Low Spender,Target with social media ads
60,Male,Chennai,Samsung,iOS,2.3,37.1,269.1,94,2.7,5816,1.9,3.5,1858,Work,1,7674,Mature Low Spender,Target with social media ads
58,Female,Delhi,Xiaomi,Android,6.0,44.0,183.7,192,4.7,3267,6.9,2.5,1498,Education,1,4765,Mature Low Spender,Target with social media ads
52,Female,Chennai,Motorola,iOS,2.1,32.6,187.1,62,3.7,3098,0.9,4.9,1314,Social Media,1,4412,Mature Low Spender,Target with social media ads
59,Other,Hyderabad,Google Pixel,iOS,6.5,26.4,209.3,11,1.7,380,0.5,5.0,631,Social Media,1,1011,Mature Low Spender,Target with social media ads
51,Other,Jaipur,OnePlus,Android,2.9,30.7,192.8,180,5.2,5462,4.9,3.6,636,Education,1,6098,Mature Low Spender,Target with social media ads
47,Female,Kolkata,Vivo,iOS,11.0,33.6,207.7,61,5.8,1022,5.6,4.8,1365,Gaming,1,2387,Mature Low Spender,Target with social media ads
40,Male,Pune,Apple,Android,5.2,4.6,208.3,39,3.1,1123,2.9,3.0,1817,Entertainment,1,2940,Mature Low Spender,Target with social media ads
37,Other,Ahmedabad,Google Pixel,iOS,7.4,10.1,202.1,41,4.1,3236,6.3,2.3,999,Entertainment,1,4235,Mature Low Spender,Target with social media ads
46,Other,Hyderabad,Nokia,iOS,6.4,34.1,235.1,87,4.1,2140,7.5,4.3,1654,Entertainment,1,3794,Mature Low Spender,Target with social media ads
44,Male,Ahmedabad,Realme,iOS,11.9,39.1,86.4,174,4.9,2104,3.9,0.9,1043,Entertainment,1,3147,Mature Low Spender,Target with social media ads
53,Female,Kolkata,Oppo,Android,5.3,15.3,168.5,99,3.3,3615,3.6,3.5,1585,Entertainment,1,5200,Mature Low Spender,Target with social media ads
38,Male,Kolkata,Nokia,Android,4.7,13.6,21.2,187,4.9,3601,4.2,2.5,944,Work,1,4545,Mature Low Spender,Target with social media ads
42,Female,Pune,Google Pixel,iOS,11.7,7.3,226.7,184,3.6,816,3.7,4.4,1945,Gaming,1,2761,Mature Low Spender,Target with social media ads
51,Female,Bangalore,Motorola,iOS,11.3,37.9,258.5,64,5.3,3407,3.5,3.6,1844,Social Media,1,5251,Mature Low Spender,Target with social media ads
58,Female,Ahmedabad,Motorola,iOS,6.6,49.3,295.1,181,2.1,2842,1.4,2.1,1295,Gaming,1,4137,Mature Low Spender,Target with social media ads
36,Male,Delhi,Samsung,iOS,6.2,45.9,65.8,53,4.3,3579,6.5,4.5,1762,Social Media,1,5341,Mature Low Spender,Target with social media ads
57,Male,Bangalore,Apple,Android,3.5,44.0,156.4,92,3.1,6225,4.8,0.5,415,Work,1,6640,Mature Low Spender,Target with social media ads
47,Other,Delhi,Samsung,iOS,3.2,11.6,220.4,145,2.2,1470,4.0,3.5,1472,Education,1,2942,Mature Low Spender,Target with social media ads
55,Other,Chennai,OnePlus,iOS,8.4,40.2,187.2,133,2.7,3931,2.7,4.3,1674,Work,1,5605,Mature Low Spender,Target with social media ads
51,Other,Jaipur,Vivo,Android,8.4,26.8,70.0,21,5.6,4639,7.2,0.2,657,Education,1,5296,Mature Low Spender,Target with social media ads
57,Other,Kolkata,OnePlus,Android,2.6,11.7,281.2,67,1.2,3626,6.7,3.4,745,Education,1,4371,Mature Low Spender,Target with social media ads
48,Female,Lucknow,Motorola,iOS,11.0,44.0,173.6,73,3.7,4319,4.0,0.4,1074,Gaming,1,5393,Mature Low Spender,Target with social media ads
46,Other,Kolkata,Oppo,Android,10.2,7.6,173.4,185,1.7,2268,7.6,3.8,1510,Work,1,3778,Mature Low Spender,Target with social media ads
52,Female,Delhi,Xiaomi,Android,4.0,28.8,133.7,118,2.2,1450,5.6,1.4,1810,Entertainment,1,3260,Mature Low Spender,Target with social media ads
59,Other,Lucknow,Motorola,Android,11.6,38.0,110.9,137,5.3,6040,7.6,3.0,811,Work,1,6851,Mature Low Spender,Target with social media ads
47,Female,Pune,Vivo,Android,5.5,45.4,245.3,131,5.6,2183,6.6,0.7,523,Gaming,1,2706,Mature Low Spender,Target with social media ads
41,Other,Pune,Google Pixel,Android,8.7,9.5,290.9,82,2.6,2567,2.6,4.8,198,Social Media,1,2765,Mature Low Spender,Target with social media ads
58,Other,Chennai,Apple,iOS,11.7,5.3,69.7,172,1.4,3800,1.9,3.4,1568,Work,1,5368,Mature Low Spender,Target with social media ads
42,Other,Pune,Realme,Android,11.0,8.3,194.3,175,2.0,386,3.5,2.2,1769,Gaming,1,2155,Mature Low Spender,Target with social media ads
48,Female,Lucknow,Nokia,Android,6.7,39.0,139.0,91,4.5,2954,4.9,2.4,1027,Entertainment,1,3981,Mature Low Spender,Target with social media ads
60,Female,Mumbai,Oppo,Android,9.1,39.7,18.0,22,2.7,5606,7.1,0.0,847,Social Media,1,6453,Mature Low Spender,Target with social media ads
36,Other,Mumbai,Oppo,iOS,6.7,30.6,112.9,158,4.0,2004,4.7,4.1,1285,Education,1,3289,Mature Low Spender,Target with social media ads
53,Male,Delhi,Google Pixel,Android,9.7,49.3,13.5,109,1.4,3174,6.3,0.2,980,Education,1,4154,Mature Low Spender,Target with social media ads
44,Female,Lucknow,Xiaomi,Android,7.7,7.0,59.3,77,3.0,3786,2.2,0.3,857,Social Media,1,4643,Mature Low Spender,Target with social media ads
43,Other,Ahmedabad,Realme,Android,11.5,38.5,107.2,105,4.8,3932,1.7,0.5,762,Work,1,4694,Mature Low Spender,Target with social media ads
54,Male,Hyderabad,Samsung,iOS,11.3,2.6,292.2,191,4.9,2319,2.8,0.2,1463,Social Media,1,3782,Mature Low Spender,Target with social media ads
56,Male,Chennai,Motorola,Android,6.5,11.0,198.9,16,5.1,4474,3.3,1.3,1019,Gaming,1,5493,Mature Low Spender,Target with social media ads
42,Male,Jaipur,Xiaomi,iOS,6.7,2.7,175.5,192,3.6,1294,5.3,3.4,1140,Work,1,2434,Mature Low Spender,Target with social media ads
51,Female,Kolkata,Realme,Android,7.9,19.6,72.3,193,3.5,1464,3.4,3.3,801,Social Media,1,2265,Mature Low Spender,Target with social media ads
48,Other,Mumbai,Xiaomi,iOS,8.6,24.4,185.7,133,3.2,216,5.9,0.1,1293,Gaming,1,1509,Mature Low Spender,Target with social media ads
42,Other,Hyderabad,Motorola,Android,8.4,35.1,11.5,197,1.4,2342,2.8,3.2,1555,Gaming,1,3897,Mature Low Spender,Target with social media ads
52,Other,Kolkata,Realme,iOS,11.1,46.5,190.0,134,1.4,3108,8.0,4.0,639,Gaming,1,3747,Mature Low Spender,Target with social media ads
57,Female,Pune,Samsung,Android,9.4,11.2,276.5,61,4.7,6693,4.8,2.9,1901,Education,1,8594,Mature Low Spender,Target with social media ads
54,Other,Hyderabad,Oppo,iOS,1.6,2.6,171.1,115,3.1,3243,5.7,0.1,648,Gaming,1,3891,Mature Low Spender,Target with social media ads
59,Female,Lucknow,Apple,Android,3.6,18.3,21.1,23,1.0,196,3.2,2.0,161,Education,1,357,Mature Low Spender,Target with social media ads
47,Other,Pune,Realme,Android,9.2,31.2,114.4,81,1.2,294,0.7,3.2,1927,Work,1,2221,Mature Low Spender,Target with social media ads
47,Female,Hyderabad,OnePlus,Android,8.2,49.6,61.3,14,0.5,1186,3.2,3.8,1012,Education,1,2198,Mature Low Spender,Target with social media ads
58,Male,Ahmedabad,Vivo,Android,10.8,13.4,238.6,65,3.0,4091,3.0,3.0,1448,Entertainment,1,5539,Mature Low Spender,Target with social media ads
48,Other,Kolkata,Oppo,iOS,4.0,24.6,42.1,77,3.2,3854,2.2,4.5,441,Social Media,1,4295,Mature Low Spender,Target with social media ads
59,Other,Pune,Nokia,Android,6.1,8.2,224.3,177,4.3,4499,5.9,2.3,1957,Work,1,6456,Mature Low Spender,Target with social media ads
48,Female,Pune,Vivo,Android,4.1,44.4,87.6,98,4.6,4015,5.3,0.6,1793,Education,1,5808,Mature Low Spender,Target with social media ads
38,Other,Kolkata,Vivo,iOS,4.6,11.4,194.7,100,4.3,3795,5.2,4.6,831,Work,1,4626,Mature Low Spender,Target with social media ads
56,Other,Pune,Samsung,iOS,9.5,15.8,129.3,174,3.7,2188,3.7,1.2,1944,Gaming,1,4132,Mature Low Spender,Target with social media ads
44,Male,Delhi,Oppo,Android,8.3,49.9,221.0,134,4.8,157,4.1,3.7,1652,Gaming,1,1809,Mature Low Spender,Target with social media ads
38,Female,Bangalore,Apple,Android,3.8,18.7,277.6,152,4.6,1899,5.0,4.3,392,Education,1,2291,Mature Low Spender,Target with social media ads
50,Male,Pune,Xiaomi,iOS,11.5,33.2,293.6,41,2.8,1389,5.8,1.6,1466,Entertainment,1,2855,Mature Low Spender,Target with social media ads
40,Male,Bangalore,Nokia,Android,1.7,13.6,159.0,107,5.6,2595,7.9,0.9,1305,Work,1,3900,Mature Low Spender,Target with social media ads
39,Other,Chennai,Xiaomi,Android,2.4,8.8,36.3,90,3.2,2942,2.3,3.0,549,Social Media,1,3491,Mature Low Spender,Target with social media ads
57,Other,Mumbai,Samsung,Android,11.7,1.5,243.3,84,1.0,1536,0.9,0.6,1825,Entertainment,1,3361,Mature Low Spender,Target with social media ads
57,Male,Bangalore,Google Pixel,Android,1.2,29.8,210.1,102,4.7,5883,2.9,3.0,547,Gaming,1,6430,Mature Low Spender,Target with social media ads
45,Female,Jaipur,Google Pixel,iOS,8.5,8.7,127.3,79,4.1,3913,7.9,4.4,1818,Education,1,5731,Mature Low Spender,Target with social media ads
51,Female,Mumbai,Realme,Android,5.9,28.6,282.0,108,5.3,1067,6.4,3.7,193,Gaming,1,1260,Mature Low Spender,Target with social media ads
46,Other,Hyderabad,Realme,Android,9.9,41.6,134.3,49,5.5,233,6.4,1.5,677,Entertainment,1,910,Mature Low Spender,Target with social media ads
35,Other,Bangalore,Apple,iOS,1.1,32.4,200.7,139,5.2,787,1.0,3.0,1326,Gaming,1,2113,Mature Low Spender,Target with social media ads
51,Male,Ahmedabad,Oppo,Android,10.0,19.0,258.5,41,1.2,3076,0.9,1.1,1382,Gaming,1,4458,Mature Low Spender,Target with social media ads
57,Female,Pune,Xiaomi,iOS,9.9,38.4,61.4,16,4.3,2887,6.8,1.0,1047,Gaming,1,3934,Mature Low Spender,Target with social media ads
53,Female,Kolkata,Oppo,Android,10.1,46.9,33.6,55,2.1,3688,4.9,2.7,274,Work,1,3962,Mature Low Spender,Target with social media ads
39,Other,Kolkata,Xiaomi,Android,6.9,43.7,204.6,68,3.6,3437,4.7,2.6,540,Entertainment,1,3977,Mature Low Spender,Target with social media ads
54,Female,Hyderabad,Oppo,Android,6.6,27.0,203.0,34,1.7,3706,7.3,1.9,1609,Gaming,1,5315,Mature Low Spender,Target with social media ads
52,Female,Jaipur,Motorola,Android,6.5,46.0,55.8,155,3.0,2521,5.3,2.7,118,Gaming,1,2639,Mature Low Spender,Target with social media ads
58,Female,Delhi,OnePlus,Android,7.1,9.4,169.4,55,5.2,1468,4.6,0.9,1786,Gaming,1,3254,Mature Low Spender,Target with social media ads
49,Female,Pune,Motorola,iOS,4.0,16.7,28.2,180,2.9,1727,3.1,4.6,620,Entertainment,1,2347,Mature Low Spender,Target with social media ads
45,Male,Mumbai,Vivo,iOS,11.3,20.0,60.0,139,2.1,413,3.5,0.1,650,Entertainment,1,1063,Mature Low Spender,Target with social media ads
35,Other,Ahmedabad,Apple,iOS,7.8,12.9,161.2,177,5.4,528,5.5,2.4,1139,Gaming,1,1667,Mature Low Spender,Target with social media ads
59,Male,Lucknow,Samsung,Android,1.7,6.3,48.7,191,4.5,6533,6.5,1.7,1934,Social Media,1,8467,Mature Low Spender,Target with social media ads
41,Other,Kolkata,Xiaomi,iOS,4.2,9.3,175.3,73,3.5,5010,7.7,1.0,523,Social Media,1,5533,Mature Low Spender,Target with social media ads
43,Other,Hyderabad,Realme,Android,7.5,6.8,210.7,53,3.0,3118,4.5,3.3,1366,Work,1,4484,Mature Low Spender,Target with social media ads
60,Male,Bangalore,Xiaomi,Android,8.5,39.8,152.9,89,2.5,3518,5.3,0.3,1606,Social Media,1,5124,Mature Low Spender,Target with social media ads
54,Other,Lucknow,OnePlus,Android,8.2,17.1,42.4,170,2.0,3211,3.5,5.0,291,Gaming,1,3502,Mature Low Spender,Target with social media ads
52,Female,Delhi,Google Pixel,Android,1.5,35.8,298.5,96,3.7,3271,7.5,4.2,1438,Entertainment,1,4709,Mature Low Spender,Target with social media ads
36,Other,Mumbai,Samsung,iOS,11.8,35.4,52.3,67,4.3,178,1.3,4.4,1297,Social Media,1,1475,Mature Low Spender,Target with social media ads
60,Male,Ahmedabad,Xiaomi,iOS,3.1,15.9,85.1,107,2.9,278,7.5,0.5,1958,Gaming,1,2236,Mature Low Spender,Target with social media ads
55,Other,Hyderabad,Motorola,Android,11.9,7.3,40.9,108,2.3,4419,5.1,0.6,537,Education,1,4956,Mature Low Spender,Target with social media ads
52,Male,Hyderabad,Nokia,iOS,10.7,2.8,143.1,84,2.6,431,4.4,3.4,1588,Entertainment,1,2019,Mature Low Spender,Target with social media ads
50,Female,Mumbai,Vivo,Android,7.6,23.7,216.4,44,4.9,3004,3.8,4.3,843,Social Media,1,3847,Mature Low Spender,Target with social media ads
53,Male,Lucknow,Samsung,iOS,3.4,13.2,242.1,50,1.6,3376,0.6,0.1,509,Social Media,1,3885,Mature Low Spender,Target with social media ads
38,Male,Delhi,Google Pixel,Android,4.1,39.3,165.0,96,3.0,2629,7.5,0.7,931,Work,1,3560,Mature Low Spender,Target with social media ads
47,Male,Hyderabad,Samsung,iOS,7.2,4.8,100.5,60,4.7,4424,5.6,1.7,1175,Education,1,5599,Mature Low Spender,Target with social media ads
57,Male,Hyderabad,Realme,iOS,11.2,13.0,93.8,183,2.4,279,6.5,2.6,1092,Gaming,1,1371,Mature Low Spender,Target with social media ads
60,Other,Hyderabad,Realme,Android,10.4,32.3,221.2,76,0.6,1112,8.0,1.8,763,Entertainment,1,1875,Mature Low Spender,Target with social media ads
54,Other,Lucknow,OnePlus,Android,10.4,36.9,187.0,124,5.7,1836,7.0,1.5,1392,Social Media,1,3228,Mature Low Spender,Target with social media ads
57,Female,Ahmedabad,Vivo,iOS,4.0,22.7,295.4,35,1.6,4178,3.2,2.9,553,Work,1,4731,Mature Low Spender,Target with social media ads
54,Other,Pune,Motorola,iOS,10.6,22.6,185.7,12,3.6,932,3.5,4.4,1889,Entertainment,1,2821,Mature Low Spender,Target with social media ads
58,Other,Kolkata,Xiaomi,Android,2.6,3.2,60.6,185,5.8,1092,4.7,3.0,1523,Education,1,2615,Mature Low Spender,Target with social media ads
48,Male,Mumbai,Nokia,Android,8.1,28.0,169.3,92,3.8,5655,6.8,3.9,107,Gaming,1,5762,Mature Low Spender,Target with social media ads
52,Male,Bangalore,Oppo,Android,4.6,16.9,41.2,138,1.2,2517,5.1,4.8,1878,Entertainment,1,4395,Mature Low Spender,Target with social media ads
48,Female,Kolkata,Realme,Android,4.5,22.8,127.0,125,1.5,3311,3.2,0.7,1338,Education,1,4649,Mature Low Spender,Target with social media ads
53,Female,Chennai,Nokia,Android,11.3,3.8,274.8,183,3.6,229,7.9,4.2,1360,Entertainment,1,1589,Mature Low Spender,Target with social media ads
50,Male,Pune,Samsung,iOS,3.9,6.4,64.6,86,1.2,3080,6.5,3.8,1714,Gaming,1,4794,Mature Low Spender,Target with social media ads
55,Other,Mumbai,Apple,iOS,5.2,42.9,249.7,50,1.2,2055,3.0,4.6,1798,Entertainment,1,3853,Mature Low Spender,Target with social media ads
52,Other,Mumbai,Apple,iOS,1.8,20.4,46.7,20,6.0,4635,1.6,0.8,399,Education,1,5034,Mature Low Spender,Target with social media ads
59,Other,Bangalore,Motorola,iOS,6.5,27.6,9.6,170,4.6,3598,1.1,2.1,191,Gaming,1,3789,Mature Low Spender,Target with social media ads
48,Male,Ahmedabad,OnePlus,Android,8.2,49.9,228.0,59,2.7,2723,6.3,2.2,1026,Gaming,1,3749,Mature Low Spender,Target with social media ads
52,Other,Ahmedabad,Samsung,Android,8.6,43.5,197.5,114,2.2,3875,1.2,0.8,1396,Social Media,1,5271,Mature Low Spender,Target with social media ads
51,Female,Delhi,Apple,iOS,9.8,32.9,127.5,107,5.3,2771,1.5,4.3,549,Entertainment,1,3320,Mature Low Spender,Target with social media ads
40,Male,Chennai,Samsung,iOS,7.2,39.3,10.8,77,1.0,866,1.5,4.7,1979,Social Media,1,2845,Mature Low Spender,Target with social media ads
48,Other,Delhi,Nokia,Android,9.1,49.5,135.1,43,2.8,3379,2.5,4.2,467,Work,1,3846,Mature Low Spender,Target with social media ads
53,Other,Pune,Nokia,Android,5.5,38.2,243.6,71,5.7,2938,1.7,0.2,1684,Social Media,1,4622,Mature Low Spender,Target with social media ads
60,Female,Pune,Google Pixel,iOS,9.5,26.6,99.9,153,3.2,6142,7.0,1.6,270,Education,1,6412,Mature Low Spender,Target with social media ads
55,Female,Hyderabad,Motorola,iOS,1.1,2.7,182.0,104,1.8,1509,2.6,2.2,669,Education,1,2178,Mature Low Spender,Target with social media ads
45,Other,Bangalore,Xiaomi,iOS,1.9,29.2,164.1,159,4.3,3873,6.8,4.5,116,Gaming,1,3989,Mature Low Spender,Target with social media ads
53,Female,Mumbai,Motorola,iOS,4.6,22.0,251.5,194,5.0,2338,4.7,0.3,959,Work,1,3297,Mature Low Spender,Target with social media ads
49,Male,Chennai,Realme,Android,9.3,25.9,40.4,84,5.0,877,7.7,1.2,1482,Work,1,2359,Mature Low Spender,Target with social media ads
41,Female,Bangalore,Realme,Android,10.2,6.6,273.4,41,5.6,3295,3.2,4.4,195,Work,1,3490,Mature Low Spender,Target with social media ads
59,Other,Kolkata,Apple,iOS,6.1,21.7,121.4,18,1.0,2629,0.9,4.3,358,Social Media,1,2987,Mature Low Spender,Target with social media ads
38,Other,Mumbai,Google Pixel,iOS,8.1,10.4,160.1,96,3.3,3147,2.6,3.0,804,Work,1,3951,Mature Low Spender,Target with social media ads
43,Other,Delhi,Google Pixel,iOS,7.3,40.7,103.3,198,1.5,1767,7.8,2.2,1525,Entertainment,1,3292,Mature Low Spender,Target with social media ads
47,Female,Jaipur,Apple,iOS,9.9,13.8,47.2,190,4.0,2607,6.8,2.6,1891,Social Media,1,4498,Mature Low Spender,Target with social media ads
37,Male,Jaipur,Nokia,Android,10.6,32.3,202.0,64,4.1,2538,1.5,3.0,386,Social Media,1,2924,Mature Low Spender,Target with social media ads
58,Other,Pune,Oppo,Android,2.5,49.4,75.6,63,4.9,4583,4.5,4.9,1677,Work,1,6260,Mature Low Spender,Target with social media ads
52,Male,Chennai,Samsung,iOS,4.1,14.9,219.2,32,3.8,2450,1.6,4.1,714,Entertainment,1,3164,Mature Low Spender,Target with social media ads
54,Male,Lucknow,Xiaomi,iOS,8.7,25.6,291.9,69,5.6,1712,6.8,3.9,762,Work,1,2474,Mature Low Spender,Target with social media ads
39,Other,Lucknow,Google Pixel,Android,11.6,31.0,244.0,62,4.9,2073,4.3,4.1,115,Entertainment,1,2188,Mature Low Spender,Target with social media ads
59,Other,Hyderabad,Realme,iOS,7.7,23.8,50.1,111,5.6,1312,2.0,2.5,464,Social Media,1,1776,Mature Low Spender,Target with social media ads
42,Other,Mumbai,Xiaomi,Android,2.2,17.1,231.7,88,4.0,1332,1.3,1.7,756,Work,1,2088,Mature Low Spender,Target with social media ads
55,Other,Mumbai,Vivo,Android,4.3,4.4,145.9,139,2.0,951,3.3,4.3,747,Gaming,1,1698,Mature Low Spender,Target with social media ads
52,Other,Pune,Apple,Android,4.1,22.1,83.6,58,3.3,5736,8.0,1.6,1371,Work,1,7107,Mature Low Spender,Target with social media ads
54,Other,Kolkata,Oppo,Android,4.6,41.6,15.8,31,2.6,2637,3.4,3.2,1586,Social Media,1,4223,Mature Low Spender,Target with social media ads
43,Other,Hyderabad,Google Pixel,iOS,5.1,8.5,255.2,183,2.4,1066,6.4,2.9,1312,Entertainment,1,2378,Mature Low Spender,Target with social media ads
55,Female,Lucknow,Nokia,Android,9.1,22.5,270.5,51,3.6,6877,5.5,4.8,161,Social Media,1,7038,Mature Low Spender,Target with social media ads
40,Male,Pune,Xiaomi,iOS,9.9,39.2,53.2,82,4.7,1973,6.0,4.5,1576,Gaming,1,3549,Mature Low Spender,Target with social media ads
57,Female,Delhi,Oppo,iOS,1.7,2.4,48.7,140,4.6,3525,6.2,4.0,1410,Work,1,4935,Mature Low Spender,Target with social media ads
36,Female,Ahmedabad,OnePlus,iOS,3.8,43.5,104.9,45,4.6,1487,2.4,1.8,1528,Entertainment,1,3015,Mature Low Spender,Target with social media ads
36,Other,Lucknow,Vivo,iOS,11.7,49.7,47.7,192,3.7,3257,5.0,3.7,1684,Gaming,1,4941,Mature Low Spender,Target with social media ads
59,Female,Lucknow,Vivo,iOS,9.7,35.8,255.7,83,5.7,1437,5.9,0.2,971,Gaming,1,2408,Mature Low Spender,Target with social media ads
46,Other,Chennai,Apple,Android,5.9,27.1,276.5,78,2.9,4392,4.5,4.3,1277,Education,1,5669,Mature Low Spender,Target with social media ads
52,Female,Hyderabad,Apple,iOS,1.4,24.6,188.8,76,4.9,2092,1.2,3.0,918,Social Media,1,3010,Mature Low Spender,Target with social media ads
45,Male,Chennai,Oppo,iOS,4.9,28.9,29.5,49,1.8,239,4.9,4.8,1777,Work,1,2016,Mature Low Spender,Target with social media ads
49,Female,Ahmedabad,Motorola,iOS,5.2,47.1,193.2,30,4.0,292,7.2,1.6,831,Work,1,1123,Mature Low Spender,Target with social media ads
48,Other,Ahmedabad,Samsung,iOS,10.5,40.6,12.0,175,2.9,2689,5.4,3.2,1402,Education,1,4091,Mature Low Spender,Target with social media ads
60,Male,Kolkata,Motorola,iOS,7.7,11.3,290.9,104,3.5,7050,0.9,1.5,614,Gaming,1,7664,Mature Low Spender,Target with social media ads
58,Male,Chennai,OnePlus,iOS,6.1,22.2,213.4,126,5.1,1490,4.7,4.8,1504,Education,1,2994,Mature Low Spender,Target with social media ads
41,Male,Hyderabad,Realme,iOS,2.2,30.0,121.7,47,4.9,164,6.5,2.1,1778,Entertainment,1,1942,Mature Low Spender,Target with social media ads
44,Female,Hyderabad,Realme,Android,9.3,21.1,286.0,188,3.0,2452,3.8,1.2,902,Gaming,1,3354,Mature Low Spender,Target with social media ads
51,Other,Ahmedabad,Samsung,Android,2.8,37.9,90.4,49,3.8,3251,3.4,0.5,530,Social Media,1,3781,Mature Low Spender,Target with social media ads
44,Male,Bangalore,OnePlus,iOS,7.5,21.3,285.5,117,0.7,1115,3.7,4.6,1726,Work,1,2841,Mature Low Spender,Target with social media ads
60,Other,Lucknow,Vivo,iOS,3.1,17.9,29.6,81,2.3,376,1.2,3.1,511,Social Media,1,887,Mature Low Spender,Target with social media ads
60,Male,Ahmedabad,Vivo,Android,8.9,46.5,106.4,14,5.5,5148,5.5,0.9,522,Gaming,1,5670,Mature Low Spender,Target with social media ads
46,Other,Kolkata,OnePlus,iOS,9.9,6.3,288.7,141,2.6,1189,4.2,3.0,1749,Entertainment,1,2938,Mature Low Spender,Target with social media ads
44,Female,Ahmedabad,Google Pixel,iOS,5.0,42.0,234.5,158,2.2,3780,7.8,2.7,1243,Education,1,5023,Mature Low Spender,Target with social media ads
58,Other,Hyderabad,Oppo,iOS,3.9,39.3,138.2,79,4.0,1406,4.3,4.1,635,Education,1,2041,Mature Low Spender,Target with social media ads
59,Other,Chennai,Xiaomi,Android,8.1,37.0,153.2,197,5.5,4401,4.4,4.4,1961,Gaming,1,6362,Mature Low Spender,Target with social media ads
44,Male,Pune,Motorola,iOS,7.3,45.2,97.6,68,1.4,1194,7.7,1.8,684,Work,1,1878,Mature Low Spender,Target with social media ads
56,Other,Hyderabad,Apple,iOS,1.4,48.4,93.1,141,4.1,4927,5.0,3.2,623,Social Media,1,5550,Mature Low Spender,Target with social media ads
43,Male,Ahmedabad,Realme,Android,6.1,44.2,235.0,40,2.8,1126,3.1,0.6,440,Entertainment,1,1566,Mature Low Spender,Target with social media ads
56,Female,Lucknow,Realme,Android,3.7,30.5,26.4,39,2.1,908,0.5,3.4,1238,Education,1,2146,Mature Low Spender,Target with social media ads
41,Other,Chennai,Vivo,iOS,1.5,22.8,201.2,155,4.5,2492,4.6,2.1,940,Education,1,3432,Mature Low Spender,Target with social media ads
46,Male,Jaipur,Nokia,Android,6.8,30.6,132.1,137,4.7,1350,4.9,4.7,338,Gaming,1,1688,Mature Low Spender,Target with social media ads
56,Other,Lucknow,Xiaomi,Android,7.5,36.2,136.1,99,4.2,2898,1.2,3.8,159,Work,1,3057,Mature Low Spender,Target with social media ads
55,Male,Hyderabad,Motorola,Android,7.1,47.3,171.3,196,1.3,2985,7.8,0.2,881,Gaming,1,3866,Mature Low Spender,Target with social media ads
46,Female,Lucknow,Xiaomi,Android,3.4,29.4,190.8,51,3.0,873,1.6,0.4,1209,Gaming,1,2082,Mature Low Spender,Target with social media ads
50,Male,Jaipur,OnePlus,iOS,11.3,35.6,238.6,94,3.0,5493,4.9,4.4,1496,Work,1,6989,Mature Low Spender,Target with social media ads
53,Male,Ahmedabad,Apple,iOS,4.0,12.3,259.8,24,2.9,378,6.1,4.8,433,Education,1,811,Mature Low Spender,Target with social media ads
50,Female,Hyderabad,Xiaomi,Android,5.5,16.8,142.4,59,1.7,2039,7.4,2.3,1367,Work,1,3406,Mature Low Spender,Target with social media ads
55,Other,Bangalore,Oppo,Android,2.6,44.4,273.0,74,6.0,1973,1.4,2.1,1345,Education,1,3318,Mature Low Spender,Target with social media ads
47,Male,Hyderabad,Vivo,Android,5.2,31.3,290.8,54,3.2,2903,7.0,1.4,1942,Education,1,4845,Mature Low Spender,Target with social media ads
50,Other,Chennai,Nokia,iOS,8.2,13.3,266.3,71,3.6,3061,5.0,4.1,477,Social Media,1,3538,Mature Low Spender,Target with social media ads
59,Female,Mumbai,Samsung,Android,3.4,4.2,292.6,49,3.5,967,2.4,1.0,426,Gaming,1,1393,Mature Low Spender,Target with social media ads
50,Other,Jaipur,Samsung,iOS,6.5,26.7,50.7,15,1.2,388,2.8,2.4,1780,Education,1,2168,Mature Low Spender,Target with social media ads
50,Female,Chennai,Xiaomi,iOS,9.9,43.9,240.8,188,5.5,2310,7.8,3.0,1184,Gaming,1,3494,Mature Low Spender,Target with social media ads
58,Female,Kolkata,OnePlus,Android,9.5,40.7,150.9,192,3.1,2638,6.3,1.6,1781,Gaming,1,4419,Mature Low Spender,Target with social media ads
51,Male,Lucknow,Oppo,iOS,7.4,17.6,6.5,87,5.5,4494,6.3,4.3,914,Work,1,5408,Mature Low Spender,Target with social media ads
40,Female,Kolkata,Realme,Android,1.3,12.4,142.3,145,3.4,1861,2.5,0.7,1176,Social Media,1,3037,Mature Low Spender,Target with social media ads
41,Male,Ahmedabad,OnePlus,Android,5.4,15.3,72.2,164,5.5,2975,0.7,4.0,883,Gaming,1,3858,Mature Low Spender,Target with social media ads
41,Male,Chennai,Apple,iOS,7.5,26.8,110.7,150,1.2,2114,6.6,1.9,1368,Entertainment,1,3482,Mature Low Spender,Target with social media ads
43,Female,Kolkata,Xiaomi,Android,10.0,22.4,6.7,121,3.6,1442,0.6,5.0,934,Gaming,1,2376,Mature Low Spender,Target with social media ads
52,Female,Mumbai,Xiaomi,iOS,3.5,4.8,155.1,131,5.5,347,2.8,0.3,1802,Gaming,1,2149,Mature Low Spender,Target with social media ads
46,Other,Lucknow,Oppo,iOS,8.4,30.2,183.5,30,1.9,705,2.8,3.0,299,Gaming,1,1004,Mature Low Spender,Target with social media ads
54,Male,Ahmedabad,Motorola,Android,3.0,35.8,83.5,96,4.5,2528,5.1,2.5,1140,Work,1,3668,Mature Low Spender,Target with social media ads
41,Male,Delhi,Apple,iOS,11.3,36.7,237.4,120,3.3,4911,4.5,1.0,1869,Entertainment,1,6780,Mature Low Spender,Target with social media ads
48,Female,Delhi,Vivo,iOS,10.7,36.3,193.5,131,2.3,2702,4.6,2.3,294,Entertainment,1,2996,Mature Low Spender,Target with social media ads
59,Male,Jaipur,Google Pixel,iOS,3.7,26.3,253.4,116,5.4,2507,1.4,0.2,1350,Work,1,3857,Mature Low Spender,Target with social media ads
59,Other,Delhi,Motorola,iOS,7.0,41.6,17.6,135,4.3,1451,3.2,4.5,1028,Social Media,1,2479,Mature Low Spender,Target with social media ads
56,Other,Bangalore,Google Pixel,Android,1.1,9.3,148.6,99,2.8,2492,1.3,1.1,966,Work,1,3458,Mature Low Spender,Target with social media ads
46,Male,Hyderabad,OnePlus,Android,7.0,14.3,116.2,136,4.0,2041,4.6,0.4,804,Work,1,2845,Mature Low Spender,Target with social media ads
46,Other,Lucknow,Apple,iOS,1.5,49.5,209.4,41,4.6,3178,0.8,4.8,836,Education,1,4014,Mature Low Spender,Target with social media ads
54,Female,Delhi,Google Pixel,Android,10.9,3.3,64.7,134,4.2,3317,2.3,0.2,1338,Entertainment,1,4655,Mature Low Spender,Target with social media ads
50,Other,Lucknow,Xiaomi,iOS,10.3,1.1,132.8,182,1.3,3499,5.2,3.0,751,Gaming,1,4250,Mature Low Spender,Target with social media ads
52,Other,Mumbai,Oppo,iOS,3.6,11.8,79.2,157,4.2,573,7.2,1.5,953,Work,1,1526,Mature Low Spender,Target with social media ads
53,Female,Hyderabad,Vivo,iOS,7.2,26.3,11.2,39,1.6,131,4.2,2.6,710,Education,1,841,Mature Low Spender,Target with social media ads
49,Male,Pune,OnePlus,Android,7.3,46.3,52.4,112,5.1,1016,1.1,1.7,1895,Education,1,2911,Mature Low Spender,Target with social media ads
50,Male,Chennai,Samsung,Android,4.7,4.8,223.6,27,3.3,4679,1.3,0.4,889,Gaming,1,5568,Mature Low Spender,Target with social media ads
51,Other,Ahmedabad,Nokia,iOS,1.5,3.9,254.0,39,6.0,3812,1.5,2.3,1482,Education,1,5294,Mature Low Spender,Target with social media ads
47,Other,Pune,Nokia,iOS,5.8,13.9,90.0,73,3.3,5255,6.1,4.0,1957,Work,1,7212,Mature Low Spender,Target with social media ads
46,Other,Mumbai,Samsung,Android,7.5,25.1,228.9,188,3.7,216,7.1,1.7,1750,Social Media,1,1966,Mature Low Spender,Target with social media ads
38,Other,Delhi,Realme,Android,10.4,18.4,56.1,162,4.1,1980,6.3,1.2,1254,Education,1,3234,Mature Low Spender,Target with social media ads
58,Female,Kolkata,Xiaomi,Android,2.7,28.9,276.6,43,4.4,3421,1.6,3.5,1330,Entertainment,1,4751,Mature Low Spender,Target with social media ads
54,Other,Pune,OnePlus,iOS,10.3,28.7,44.8,109,5.1,1834,2.6,3.3,489,Work,1,2323,Mature Low Spender,Target with social media ads
49,Male,Lucknow,Motorola,Android,2.1,12.7,241.5,87,4.8,2089,3.6,4.5,417,Education,1,2506,Mature Low Spender,Target with social media ads
46,Other,Ahmedabad,Nokia,Android,8.6,41.0,169.3,110,0.8,1009,4.6,5.0,221,Education,1,1230,Mature Low Spender,Target with social media ads
47,Male,Mumbai,Motorola,iOS,10.6,47.1,198.6,179,3.9,2836,6.4,3.7,1048,Work,1,3884,Mature Low Spender,Target with social media ads
39,Female,Kolkata,Nokia,Android,10.7,16.3,175.7,80,3.6,1405,5.1,2.9,1881,Entertainment,1,3286,Mature Low Spender,Target with social media ads
58,Other,Ahmedabad,Apple,iOS,6.0,1.8,201.7,26,3.8,4989,4.0,0.2,482,Social Media,1,5471,Mature Low Spender,Target with social media ads
40,Female,Ahmedabad,Apple,iOS,3.9,43.1,69.4,185,4.4,1615,2.6,0.2,447,Social Media,1,2062,Mature Low Spender,Target with social media ads
40,Other,Chennai,Motorola,Android,3.3,7.6,168.0,36,5.4,3227,2.2,0.8,1111,Work,1,4338,Mature Low Spender,Target with social media ads
59,Female,Delhi,Oppo,Android,5.2,15.9,211.7,98,2.0,1434,6.8,0.8,1669,Work,1,3103,Mature Low Spender,Target with social media ads
56,Other,Kolkata,Vivo,iOS,10.2,12.2,79.0,134,3.7,5421,4.5,1.7,1591,Gaming,1,7012,Mature Low Spender,Target with social media ads
40,Male,Pune,Google Pixel,iOS,6.5,36.0,89.2,119,5.7,3248,3.5,2.6,1609,Gaming,1,4857,Mature Low Spender,Target with social media ads
38,Male,Lucknow,Realme,Android,8.3,47.6,264.1,110,4.1,3241,1.4,2.5,447,Gaming,1,3688,Mature Low Spender,Target with social media ads
55,Male,Kolkata,Oppo,iOS,4.7,37.9,137.7,124,4.3,150,6.0,0.3,188,Entertainment,1,338,Mature Low Spender,Target with social media ads
59,Female,Hyderabad,Google Pixel,iOS,4.7,49.4,187.4,57,0.5,2023,7.0,0.6,1891,Education,1,3914,Mature Low Spender,Target with social media ads
35,Female,Bangalore,Apple,iOS,12.0,8.0,208.3,43,6.0,2428,3.6,3.1,191,Education,1,2619,Mature Low Spender,Target with social media ads
59,Male,Bangalore,Google Pixel,iOS,6.3,24.2,45.7,96,3.4,4913,2.8,1.9,972,Education,1,5885,Mature Low Spender,Target with social media ads
46,Other,Pune,Vivo,Android,1.2,45.8,183.7,79,1.7,3622,7.0,2.1,1004,Social Media,1,4626,Mature Low Spender,Target with social media ads
59,Female,Ahmedabad,Vivo,iOS,9.7,8.4,51.1,143,5.7,2663,3.4,4.8,1825,Education,1,4488,Mature Low Spender,Target with social media ads
54,Male,Jaipur,Nokia,iOS,6.6,11.6,210.2,183,0.9,2346,2.9,4.7,1616,Social Media,1,3962,Mature Low Spender,Target with social media ads
39,Female,Pune,OnePlus,Android,2.0,30.4,277.2,172,5.9,1727,2.4,1.1,1628,Gaming,1,3355,Mature Low Spender,Target with social media ads
50,Other,Mumbai,Google Pixel,Android,2.9,15.1,30.7,39,0.7,1948,4.8,2.7,370,Entertainment,1,2318,Mature Low Spender,Target with social media ads
51,Other,Lucknow,Vivo,iOS,1.6,39.0,298.0,79,2.5,4830,3.5,3.6,1453,Social Media,1,6283,Mature Low Spender,Target with social media ads
58,Other,Mumbai,OnePlus,iOS,5.5,24.3,237.5,152,4.4,3567,1.8,3.5,321,Social Media,1,3888,Mature Low Spender,Target with social media ads
59,Female,Jaipur,Google Pixel,Android,7.0,2.0,253.2,175,5.3,440,3.9,0.2,384,Social Media,1,824,Mature Low Spender,Target with social media ads
55,Female,Hyderabad,Samsung,Android,2.8,16.1,196.3,50,5.4,5423,5.2,4.0,1964,Social Media,1,7387,Mature Low Spender,Target with social media ads
48,Other,Chennai,OnePlus,iOS,3.1,20.8,244.8,121,1.9,2187,0.7,1.2,1748,Education,1,3935,Mature Low Spender,Target with social media ads
57,Other,Bangalore,OnePlus,iOS,9.7,48.5,102.7,31,4.4,6465,1.8,1.6,219,Education,1,6684,Mature Low Spender,Target with social media ads
46,Female,Bangalore,Motorola,Android,6.1,1.5,62.5,10,4.3,777,6.9,3.0,1256,Entertainment,1,2033,Mature Low Spender,Target with social media ads
60,Female,Hyderabad,Apple,iOS,5.7,37.8,295.8,40,1.5,2432,5.4,0.9,1085,Work,1,3517,Mature Low Spender,Target with social media ads
51,Other,Chennai,OnePlus,Android,9.8,15.1,177.2,150,4.1,1682,2.9,2.9,1455,Education,1,3137,Mature Low Spender,Target with social media ads
53,Other,Delhi,Oppo,iOS,7.8,43.8,164.4,197,5.7,1470,3.4,0.7,908,Education,1,2378,Mature Low Spender,Target with social media ads
39,Female,Kolkata,Motorola,iOS,10.2,49.8,285.1,200,3.3,1237,6.8,0.6,1260,Gaming,1,2497,Mature Low Spender,Target with social media ads
47,Other,Pune,Realme,iOS,8.1,47.6,167.6,152,5.7,3322,4.0,4.8,1852,Education,1,5174,Mature Low Spender,Target with social media ads
60,Other,Jaipur,Vivo,iOS,8.8,29.1,196.6,58,3.9,421,7.3,1.2,823,Social Media,1,1244,Mature Low Spender,Target with social media ads
57,Other,Kolkata,Motorola,Android,6.1,46.7,256.5,96,1.6,941,1.0,2.6,796,Social Media,1,1737,Mature Low Spender,Target with social media ads
58,Male,Mumbai,OnePlus,iOS,4.1,33.6,106.8,126,2.4,3378,5.5,2.9,762,Gaming,1,4140,Mature Low Spender,Target with social media ads
47,Female,Lucknow,Vivo,Android,5.9,48.1,154.5,17,5.0,1462,1.4,1.0,1832,Social Media,1,3294,Mature Low Spender,Target with social media ads
46,Other,Ahmedabad,Oppo,Android,4.3,25.2,208.5,17,6.0,3990,1.4,4.5,1599,Social Media,1,5589,Mature Low Spender,Target with social media ads
40,Female,Hyderabad,Google Pixel,iOS,6.8,26.3,70.7,125,2.7,4181,5.2,0.6,1598,Work,1,5779,Mature Low Spender,Target with social media ads
49,Male,Bangalore,Oppo,Android,9.4,37.0,225.8,134,3.5,5927,0.7,3.8,197,Entertainment,1,6124,Mature Low Spender,Target with social media ads
59,Female,Chennai,Samsung,iOS,4.3,4.3,95.0,138,4.5,2494,5.7,4.2,1075,Entertainment,1,3569,Mature Low Spender,Target with social media ads
57,Female,Bangalore,Samsung,iOS,7.2,38.2,193.6,175,3.9,3673,1.7,2.5,1014,Work,1,4687,Mature Low Spender,Target with social media ads
42,Male,Chennai,Apple,Android,3.9,5.9,114.8,23,2.8,366,0.9,0.3,1418,Work,1,1784,Mature Low Spender,Target with social media ads
57,Male,Lucknow,Motorola,Android,8.4,46.6,137.4,59,2.1,1812,5.1,2.9,694,Education,1,2506,Mature Low Spender,Target with social media ads
59,Male,Delhi,Vivo,iOS,6.7,16.7,297.9,76,2.6,3627,4.9,0.6,806,Gaming,1,4433,Mature Low Spender,Target with social media ads
42,Other,Ahmedabad,Nokia,iOS,6.0,22.2,106.4,193,4.6,4220,2.1,0.7,981,Entertainment,1,5201,Mature Low Spender,Target with social media ads
57,Female,Delhi,Xiaomi,iOS,7.7,45.6,62.6,77,4.0,6957,1.0,2.7,729,Social Media,1,7686,Mature Low Spender,Target with social media ads
48,Other,Jaipur,Motorola,Android,11.9,21.7,281.3,196,1.9,159,5.8,2.2,754,Education,1,913,Mature Low Spender,Target with social media ads
57,Male,Chennai,Vivo,iOS,4.0,26.4,130.3,77,3.2,1165,5.7,4.9,364,Social Media,1,1529,Mature Low Spender,Target with social media ads
59,Male,Bangalore,Motorola,Android,3.4,15.1,244.9,103,3.4,4997,7.2,4.5,1853,Social Media,1,6850,Mature Low Spender,Target with social media ads
53,Female,Ahmedabad,Google Pixel,iOS,6.2,29.4,33.2,118,1.4,1743,6.2,0.1,839,Work,1,2582,Mature Low Spender,Target with social media ads
51,Female,Jaipur,Motorola,iOS,10.5,13.2,268.6,143,5.6,2016,1.6,0.5,1011,Work,1,3027,Mature Low Spender,Target with social media ads
45,Other,Chennai,Nokia,Android,11.4,11.0,211.8,172,5.2,814,4.0,3.1,994,Entertainment,1,1808,Mature Low Spender,Target with social media ads
49,Other,Ahmedabad,Motorola,Android,3.3,46.8,198.8,152,2.0,1706,5.4,2.3,1104,Entertainment,1,2810,Mature Low Spender,Target with social media ads
41,Other,Delhi,Samsung,Android,6.7,8.1,289.6,19,4.2,2815,7.6,3.0,1634,Entertainment,1,4449,Mature Low Spender,Target with social media ads
60,Male,Hyderabad,Xiaomi,iOS,5.2,8.3,113.1,156,4.3,4233,7.2,4.3,1901,Education,1,6134,Mature Low Spender,Target with social media ads
52,Other,Hyderabad,Google Pixel,Android,11.1,44.5,178.5,26,4.5,912,8.0,1.6,1582,Entertainment,1,2494,Mature Low Spender,Target with social media ads
58,Other,Jaipur,Oppo,iOS,7.5,20.0,181.7,92,5.4,2114,3.0,2.5,1394,Work,1,3508,Mature Low Spender,Target with social media ads
44,Other,Delhi,OnePlus,iOS,6.6,35.2,161.6,92,5.6,4066,4.6,2.0,694,Social Media,1,4760,Mature Low Spender,Target with social media ads
40,Male,Kolkata,Xiaomi,Android,12.0,26.3,110.9,111,4.3,3599,3.6,1.4,1390,Work,1,4989,Mature Low Spender,Target with social media ads
55,Other,Hyderabad,Vivo,iOS,11.4,24.2,199.2,120,4.1,2523,5.8,2.7,1810,Entertainment,1,4333,Mature Low Spender,Target with social media ads
59,Female,Mumbai,Apple,Android,2.0,17.2,261.4,134,4.3,1772,5.2,3.9,1123,Gaming,1,2895,Mature Low Spender,Target with social media ads
57,Other,Mumbai,Nokia,iOS,8.7,2.7,68.9,140,5.9,3859,1.1,4.2,684,Gaming,1,4543,Mature Low Spender,Target with social media ads
46,Female,Chennai,Vivo,iOS,6.3,32.0,255.7,105,4.8,818,2.4,0.2,1695,Entertainment,1,2513,Mature Low Spender,Target with social media ads
49,Other,Lucknow,Nokia,iOS,5.5,13.6,130.1,123,3.5,1568,6.8,1.9,1965,Education,1,3533,Mature Low Spender,Target with social media ads
51,Female,Hyderabad,Nokia,iOS,1.2,12.5,183.5,108,4.1,4826,7.5,2.9,445,Education,1,5271,Mature Low Spender,Target with social media ads
50,Other,Mumbai,Motorola,Android,7.1,32.6,295.5,151,3.4,4524,7.3,0.4,1339,Entertainment,1,5863,Mature Low Spender,Target with social media ads
58,Male,Hyderabad,Vivo,Android,10.4,25.2,187.6,96,3.8,6472,1.9,2.7,1656,Education,1,8128,Mature Low Spender,Target with social media ads
36,Other,Ahmedabad,Xiaomi,Android,5.9,35.9,150.5,133,5.2,2485,7.2,4.8,775,Work,1,3260,Mature Low Spender,Target with social media ads
47,Other,Lucknow,Google Pixel,Android,3.2,5.9,15.6,60,4.5,4519,2.8,1.4,1296,Education,1,5815,Mature Low Spender,Target with social media ads
53,Female,Hyderabad,Xiaomi,iOS,10.3,2.9,116.4,73,5.1,1959,3.8,2.2,126,Education,1,2085,Mature Low Spender,Target with social media ads
37,Female,Lucknow,Realme,Android,6.0,36.1,151.8,81,3.5,132,2.0,0.9,1859,Work,1,1991,Mature Low Spender,Target with social media ads
49,Male,Jaipur,Xiaomi,Android,10.2,33.1,131.1,90,2.8,1717,3.5,3.3,1669,Work,1,3386,Mature Low Spender,Target with social media ads
47,Male,Pune,OnePlus,Android,9.5,45.2,291.4,64,3.6,658,6.5,3.1,1137,Gaming,1,1795,Mature Low Spender,Target with social media ads
50,Female,Ahmedabad,Motorola,iOS,2.5,49.0,38.6,82,3.5,1493,0.7,5.0,293,Education,1,1786,Mature Low Spender,Target with social media ads
57,Female,Bangalore,Apple,Android,10.3,11.5,212.7,169,5.1,2104,4.7,2.4,1188,Social Media,1,3292,Mature Low Spender,Target with social media ads
57,Male,Lucknow,Oppo,iOS,8.8,1.1,58.2,143,5.7,4235,7.2,3.4,1583,Social Media,1,5818,Mature Low Spender,Target with social media ads
49,Other,Ahmedabad,Google Pixel,iOS,3.0,11.0,78.2,136,3.4,2242,5.6,2.4,1876,Work,1,4118,Mature Low Spender,Target with social media ads
44,Female,Bangalore,Vivo,Android,9.6,17.0,151.0,101,1.3,2604,0.7,0.8,1296,Education,1,3900,Mature Low Spender,Target with social media ads
41,Female,Ahmedabad,Oppo,Android,7.1,26.2,30.4,170,4.2,2056,3.0,2.1,279,Entertainment,1,2335,Mature Low Spender,Target with social media ads
34,Female,Bangalore,Xiaomi,iOS,10.8,33.4,19.8,193,4.8,151,4.5,1.9,448,Entertainment,1,599,Mature Low Spender,Target with social media ads
42,Male,Chennai,Oppo,Android,10.0,6.1,34.1,35,2.0,222,3.0,2.9,359,Gaming,1,581,Mature Low Spender,Target with social media ads
44,Other,Pune,Oppo,iOS,3.8,34.9,243.9,193,3.3,978,6.9,2.1,229,Social Media,1,1207,Mature Low Spender,Target with social media ads
52,Female,Hyderabad,Oppo,Android,11.0,24.3,201.9,116,5.4,4860,5.0,0.5,1976,Social Media,1,6836,Mature Low Spender,Target with social media ads
58,Female,Jaipur,Oppo,Android,6.6,12.4,25.9,185,0.6,1439,3.8,4.6,1876,Work,1,3315,Mature Low Spender,Target with social media ads
43,Other,Bangalore,Google Pixel,iOS,2.3,20.7,127.3,126,3.6,3279,1.3,2.4,1494,Gaming,1,4773,Mature Low Spender,Target with social media ads
55,Female,Mumbai,Apple,iOS,11.7,12.3,97.6,34,3.8,4332,2.2,2.7,523,Gaming,1,4855,Mature Low Spender,Target with social media ads
56,Female,Bangalore,Xiaomi,iOS,5.6,24.4,282.9,62,2.0,3443,4.6,0.0,943,Gaming,1,4386,Mature Low Spender,Target with social media ads
58,Female,Delhi,Apple,Android,8.2,36.4,136.4,135,4.3,3667,1.3,0.0,265,Work,1,3932,Mature Low Spender,Target with social media ads
47,Female,Delhi,Oppo,Android,8.0,7.7,36.2,29,1.9,3840,3.6,1.0,514,Social Media,1,4354,Mature Low Spender,Target with social media ads
38,Male,Mumbai,Realme,iOS,10.3,1.5,243.6,34,5.9,3263,2.8,4.3,1774,Gaming,1,5037,Mature Low Spender,Target with social media ads
38,Other,Chennai,Motorola,Android,9.3,28.0,96.6,137,5.7,2372,5.0,4.0,327,Social Media,1,2699,Mature Low Spender,Target with social media ads
57,Male,Kolkata,Google Pixel,Android,7.3,34.5,35.2,43,3.1,5715,6.9,4.8,336,Social Media,1,6051,Mature Low Spender,Target with social media ads
55,Other,Pune,Oppo,Android,1.7,17.2,7.4,96,5.2,4817,7.4,0.8,509,Gaming,1,5326,Mature Low Spender,Target with social media ads
40,Other,Bangalore,Oppo,iOS,5.0,42.3,122.6,82,1.7,689,6.0,4.7,626,Social Media,1,1315,Mature Low Spender,Target with social media ads
53,Other,Kolkata,OnePlus,iOS,6.8,16.6,165.9,81,5.6,744,7.3,2.0,469,Education,1,1213,Mature Low Spender,Target with social media ads
49,Female,Pune,Realme,Android,11.3,40.2,215.2,178,5.9,1295,2.4,3.1,881,Work,1,2176,Mature Low Spender,Target with social media ads
45,Male,Jaipur,Nokia,Android,3.3,18.9,69.7,157,4.2,789,6.2,3.8,1722,Entertainment,1,2511,Mature Low Spender,Target with social media ads
58,Male,Pune,Xiaomi,Android,6.6,28.6,286.7,124,3.6,2328,5.4,2.5,1249,Education,1,3577,Mature Low Spender,Target with social media ads
47,Female,Pune,Motorola,Android,8.5,25.9,38.9,70,4.4,1602,4.5,2.4,1122,Work,1,2724,Mature Low Spender,Target with social media ads
46,Female,Chennai,OnePlus,iOS,5.9,43.4,280.5,184,5.5,801,6.2,2.9,1352,Gaming,1,2153,Mature Low Spender,Target with social media ads
54,Other,Ahmedabad,Google Pixel,iOS,1.4,27.5,26.8,156,2.2,634,7.8,0.4,1237,Entertainment,1,1871,Mature Low Spender,Target with social media ads
55,Female,Jaipur,Vivo,Android,6.1,29.2,262.4,64,2.5,2721,0.8,3.8,276,Education,1,2997,Mature Low Spender,Target with social media ads
38,Other,Ahmedabad,Oppo,Android,10.9,45.0,92.0,87,4.2,1036,1.4,3.8,1791,Work,1,2827,Mature Low Spender,Target with social media ads
60,Female,Bangalore,Oppo,Android,4.2,11.6,292.8,43,1.8,283,7.2,0.5,562,Education,1,845,Mature Low Spender,Target with social media ads
58,Male,Lucknow,Oppo,Android,3.4,27.9,223.3,148,3.8,282,6.7,1.4,912,Entertainment,1,1194,Mature Low Spender,Target with social media ads
56,Other,Bangalore,Motorola,iOS,8.3,39.2,44.1,91,5.6,3295,3.7,1.8,588,Social Media,1,3883,Mature Low Spender,Target with social media ads
43,Female,Lucknow,Nokia,Android,9.1,48.8,293.2,157,4.6,1023,2.7,0.2,468,Social Media,1,1491,Mature Low Spender,Target with social media ads
52,Other,Pune,Apple,Android,9.2,25.3,143.5,194,3.1,5501,7.5,1.1,1209,Entertainment,1,6710,Mature Low Spender,Target with social media ads
55,Other,Chennai,Oppo,Android,7.5,43.0,204.9,108,1.0,2197,5.0,2.1,720,Social Media,1,2917,Mature Low Spender,Target with social media ads
56,Female,Ahmedabad,Oppo,iOS,3.7,34.3,148.3,13,1.4,1346,1.7,2.6,346,Social Media,1,1692,Mature Low Spender,Target with social media ads
59,Male,Lucknow,OnePlus,iOS,9.9,49.1,78.7,142,2.3,3480,3.9,4.7,1470,Gaming,1,4950,Mature Low Spender,Target with social media ads
58,Male,Delhi,Nokia,iOS,9.0,34.6,20.0,36,4.2,5340,3.6,0.7,584,Social Media,1,5924,Mature Low Spender,Target with social media ads
60,Male,Jaipur,Xiaomi,Android,11.8,27.0,284.6,168,4.6,708,5.5,2.2,1673,Entertainment,1,2381,Mature Low Spender,Target with social media ads
43,Male,Hyderabad,Google Pixel,Android,1.6,48.4,286.5,143,4.4,2216,2.9,0.8,1733,Gaming,1,3949,Mature Low Spender,Target with social media ads
41,Other,Delhi,Vivo,Android,2.6,27.2,204.3,57,5.1,569,1.0,4.3,1864,Social Media,1,2433,Mature Low Spender,Target with social media ads
54,Male,Bangalore,Vivo,Android,3.8,1.2,278.0,53,2.8,5444,7.0,0.8,1793,Education,1,7237,Mature Low Spender,Target with social media ads
48,Female,Mumbai,Xiaomi,iOS,1.9,32.4,32.7,178,5.5,1038,6.0,3.8,107,Social Media,1,1145,Mature Low Spender,Target with social media ads
59,Other,Bangalore,Google Pixel,Android,6.6,8.2,80.3,78,1.1,3047,5.5,4.3,650,Education,1,3697,Mature Low Spender,Target with social media ads
56,Male,Lucknow,Samsung,iOS,3.8,36.7,93.0,36,3.1,1365,5.0,1.2,1105,Entertainment,1,2470,Mature Low Spender,Target with social media ads
37,Male,Chennai,Samsung,iOS,3.5,33.2,9.3,185,3.3,4331,5.3,5.0,1601,Social Media,1,5932,Mature Low Spender,Target with social media ads
57,Female,Chennai,Vivo,iOS,8.3,3.6,90.9,63,5.1,3703,0.5,0.0,1766,Work,1,5469,Mature Low Spender,Target with social media ads
46,Male,Delhi,Vivo,iOS,7.1,49.8,261.4,26,3.4,2120,5.4,4.9,432,Work,1,2552,Mature Low Spender,Target with social media ads
47,Male,Mumbai,OnePlus,iOS,4.7,5.9,164.2,196,3.8,5054,4.5,4.8,1326,Education,1,6380,Mature Low Spender,Target with social media ads
58,Male,Mumbai,Google Pixel,Android,9.5,44.5,247.7,29,0.5,2135,2.1,3.7,978,Education,1,3113,Mature Low Spender,Target with social media ads
50,Male,Mumbai,Nokia,Android,5.6,9.2,121.9,26,3.3,1108,4.5,0.1,1156,Education,1,2264,Mature Low Spender,Target with social media ads
37,Other,Chennai,Apple,Android,1.4,4.0,112.6,167,5.4,667,4.1,1.6,911,Gaming,1,1578,Mature Low Spender,Target with social media ads
60,Other,Ahmedabad,Vivo,Android,6.3,37.6,226.1,19,5.3,5963,2.5,3.7,1753,Gaming,1,7716,Mature Low Spender,Target with social media ads
56,Other,Delhi,Realme,iOS,9.4,46.7,60.2,100,5.6,499,2.1,3.0,1136,Gaming,1,1635,Mature Low Spender,Target with social media ads
36,Other,Jaipur,Apple,Android,11.3,23.8,213.4,181,4.9,640,0.9,3.9,549,Social Media,1,1189,Mature Low Spender,Target with social media ads
54,Female,Lucknow,Vivo,iOS,8.7,28.2,253.8,148,3.3,752,7.1,3.7,493,Education,1,1245,Mature Low Spender,Target with social media ads
51,Female,Hyderabad,Nokia,iOS,8.7,6.0,123.2,156,4.2,4420,6.2,2.4,351,Social Media,1,4771,Mature Low Spender,Target with social media ads
57,Other,Jaipur,OnePlus,Android,1.9,17.4,255.9,120,2.5,3589,4.9,1.5,622,Gaming,1,4211,Mature Low Spender,Target with social media ads
51,Male,Delhi,Samsung,iOS,1.6,1.3,171.1,142,3.8,2146,2.1,2.1,1692,Education,1,3838,Mature Low Spender,Target with social media ads
60,Female,Delhi,Nokia,iOS,2.3,42.2,267.9,178,2.0,1278,7.5,3.0,1358,Entertainment,1,2636,Mature Low Spender,Target with social media ads
58,Female,Hyderabad,Google Pixel,Android,1.7,24.0,139.9,16,2.3,1835,1.6,2.0,1966,Social Media,1,3801,Mature Low Spender,Target with social media ads
55,Male,Ahmedabad,Samsung,iOS,5.7,30.5,292.9,192,4.0,2043,7.9,0.4,682,Education,1,2725,Mature Low Spender,Target with social media ads
60,Male,Mumbai,Google Pixel,iOS,3.1,8.3,223.1,107,4.1,4312,5.2,4.2,1241,Gaming,1,5553,Mature Low Spender,Target with social media ads
52,Female,Chennai,Xiaomi,iOS,11.6,37.3,73.3,10,5.3,558,2.6,4.5,1032,Education,1,1590,Mature Low Spender,Target with social media ads
56,Male,Mumbai,Xiaomi,Android,9.1,11.3,172.5,151,3.2,806,6.0,1.1,1179,Social Media,1,1985,Mature Low Spender,Target with social media ads
47,Other,Jaipur,Oppo,iOS,6.6,25.0,274.5,168,5.0,1828,2.7,3.4,1627,Social Media,1,3455,Mature Low Spender,Target with social media ads
53,Male,Delhi,Google Pixel,Android,10.9,15.6,45.1,175,2.5,1347,7.0,4.0,1460,Education,1,2807,Mature Low Spender,Target with social media ads
42,Female,Chennai,OnePlus,iOS,10.0,26.4,247.2,192,3.6,3195,4.1,1.2,1084,Entertainment,1,4279,Mature Low Spender,Target with social media ads
57,Male,Delhi,Realme,Android,9.8,44.0,133.2,30,2.1,2303,3.7,1.3,1678,Work,1,3981,Mature Low Spender,Target with social media ads
58,Female,Bangalore,Motorola,iOS,5.3,17.3,67.6,48,2.8,6280,3.3,3.9,1347,Work,1,7627,Mature Low Spender,Target with social media ads
44,Female,Pune,Realme,iOS,7.8,4.7,202.6,99,2.6,184,1.1,2.3,631,Entertainment,1,815,Mature Low Spender,Target with social media ads
34,Other,Bangalore,Nokia,iOS,10.4,4.4,163.7,58,5.5,911,7.1,1.6,1349,Education,1,2260,Mature Low Spender,Target with social media ads
51,Other,Pune,OnePlus,iOS,10.1,9.2,29.6,67,4.9,2693,6.9,4.5,549,Education,1,3242,Mature Low Spender,Target with social media ads
59,Female,Bangalore,Realme,Android,6.1,29.8,283.9,152,3.4,279,3.4,3.4,705,Entertainment,1,984,Mature Low Spender,Target with social media ads
50,Male,Lucknow,Realme,Android,4.1,26.7,102.8,96,3.6,1106,5.4,0.5,964,Work,1,2070,Mature Low Spender,Target with social media ads
55,Male,Chennai,Realme,iOS,11.6,34.6,82.4,125,1.3,1211,2.4,0.4,1965,Work,1,3176,Mature Low Spender,Target with social media ads
57,Female,Jaipur,Realme,Android,10.5,8.3,44.9,24,5.8,1949,3.1,3.5,1734,Entertainment,1,3683,Mature Low Spender,Target with social media ads
52,Female,Delhi,Google Pixel,Android,9.1,33.7,122.0,70,5.7,2045,0.6,3.2,708,Entertainment,1,2753,Mature Low Spender,Target with social media ads
60,Female,Pune,Motorola,iOS,7.8,1.0,293.4,39,4.0,211,3.7,4.1,742,Work,1,953,Mature Low Spender,Target with social media ads
42,Male,Bangalore,Motorola,Android,2.0,22.2,232.7,109,5.0,513,4.4,2.3,1152,Entertainment,1,1665,Mature Low Spender,Target with social media ads
47,Female,Pune,Vivo,Android,6.1,18.8,265.2,91,5.4,4256,4.3,4.0,868,Work,1,5124,Mature Low Spender,Target with social media ads
47,Male,Delhi,OnePlus,iOS,5.4,48.5,288.2,66,5.6,2519,6.2,1.0,443,Social Media,1,2962,Mature Low Spender,Target with social media ads
46,Male,Chennai,Google Pixel,iOS,11.8,7.8,213.4,74,3.0,1220,4.4,3.8,724,Education,1,1944,Mature Low Spender,Target with social media ads
39,Female,Kolkata,Oppo,iOS,9.0,17.8,296.4,51,5.0,3468,7.8,2.0,945,Entertainment,1,4413,Mature Low Spender,Target with social media ads
55,Other,Kolkata,Xiaomi,Android,10.1,17.9,254.6,145,3.4,5337,6.7,1.4,1960,Education,1,7297,Mature Low Spender,Target with social media ads
53,Male,Delhi,Apple,iOS,7.7,2.8,286.8,196,1.1,533,0.7,3.7,130,Work,1,663,Mature Low Spender,Target with social media ads
51,Other,Chennai,Vivo,iOS,2.6,46.4,59.3,200,2.5,5198,3.9,0.0,950,Social Media,1,6148,Mature Low Spender,Target with social media ads
53,Male,Ahmedabad,OnePlus,Android,10.6,46.9,29.9,186,1.7,3970,4.9,1.2,736,Gaming,1,4706,Mature Low Spender,Target with social media ads
51,Male,Pune,Realme,iOS,1.9,15.6,30.0,78,1.4,2826,4.2,1.4,1099,Gaming,1,3925,Mature Low Spender,Target with social media ads
49,Other,Kolkata,Motorola,Android,5.5,32.6,47.0,80,3.5,3770,2.0,0.4,1899,Gaming,1,5669,Mature Low Spender,Target with social media ads
52,Female,Kolkata,OnePlus,Android,6.3,6.0,280.6,67,2.0,2343,6.7,4.9,1824,Social Media,1,4167,Mature Low Spender,Target with social media ads
57,Male,Pune,Google Pixel,iOS,5.7,33.1,199.2,70,1.1,2849,7.3,1.1,209,Gaming,1,3058,Mature Low Spender,Target with social media ads
53,Female,Kolkata,OnePlus,iOS,1.4,8.1,171.7,56,3.7,6866,1.9,1.6,1922,Entertainment,1,8788,Mature Low Spender,Target with social media ads
54,Other,Ahmedabad,Motorola,iOS,12.0,19.9,174.1,59,5.9,1554,7.7,3.3,620,Work,1,2174,Mature Low Spender,Target with social media ads
45,Female,Ahmedabad,Google Pixel,Android,1.0,9.9,287.5,115,1.5,294,6.1,3.7,748,Education,1,1042,Mature Low Spender,Target with social media ads
39,Female,Kolkata,Xiaomi,Android,5.1,23.1,177.7,152,3.9,3844,5.6,3.6,1842,Entertainment,1,5686,Mature Low Spender,Target with social media ads
46,Other,Mumbai,Samsung,Android,10.6,30.8,82.9,126,5.6,3029,5.5,1.2,1083,Education,1,4112,Mature Low Spender,Target with social media ads
58,Male,Jaipur,Google Pixel,iOS,5.8,47.7,133.0,58,2.5,3600,2.1,3.6,327,Social Media,1,3927,Mature Low Spender,Target with social media ads
59,Female,Pune,Oppo,Android,10.8,3.1,228.2,12,2.6,4421,1.2,3.2,1260,Education,1,5681,Mature Low Spender,Target with social media ads
54,Other,Chennai,Nokia,iOS,11.9,8.9,63.6,29,0.6,1210,2.1,3.2,624,Work,1,1834,Mature Low Spender,Target with social media ads
56,Female,Lucknow,Realme,iOS,6.9,13.4,199.0,46,1.8,3091,2.4,2.8,1581,Work,1,4672,Mature Low Spender,Target with social media ads
60,Other,Mumbai,OnePlus,Android,1.9,40.0,175.8,68,3.4,5388,1.9,2.1,151,Gaming,1,5539,Mature Low Spender,Target with social media ads
52,Female,Hyderabad,Samsung,Android,7.2,35.7,96.6,76,5.1,2889,6.5,2.5,1902,Entertainment,1,4791,Mature Low Spender,Target with social media ads
54,Male,Delhi,OnePlus,Android,10.0,48.8,57.3,56,5.3,3732,0.6,4.8,1691,Gaming,1,5423,Mature Low Spender,Target with social media ads
45,Other,Mumbai,Google Pixel,Android,10.9,15.1,165.2,157,3.2,4327,6.1,1.0,1036,Education,1,5363,Mature Low Spender,Target with social media ads
45,Female,Bangalore,Motorola,iOS,1.2,9.7,20.9,17,3.8,1198,2.2,3.5,935,Education,1,2133,Mature Low Spender,Target with social media ads
57,Female,Delhi,Realme,Android,4.8,48.6,247.1,196,2.7,1667,5.8,4.5,1235,Social Media,1,2902,Mature Low Spender,Target with social media ads
56,Female,Chennai,Oppo,iOS,11.3,6.8,126.1,142,1.7,1216,1.3,1.6,446,Education,1,1662,Mature Low Spender,Target with social media ads
51,Other,Bangalore,Realme,Android,8.7,14.5,249.9,38,1.5,1761,3.0,4.1,498,Entertainment,1,2259,Mature Low Spender,Target with social media ads
60,Other,Chennai,Google Pixel,Android,9.0,25.3,210.1,137,0.6,224,6.0,2.6,1526,Work,1,1750,Mature Low Spender,Target with social media ads
48,Other,Kolkata,Apple,Android,10.7,32.7,73.8,43,2.0,1552,6.8,3.7,635,Gaming,1,2187,Mature Low Spender,Target with social media ads
57,Female,Chennai,Motorola,iOS,11.8,4.6,163.9,95,5.6,2034,2.6,1.9,1406,Education,1,3440,Mature Low Spender,Target with social media ads
58,Female,Bangalore,Oppo,iOS,3.3,31.0,267.5,14,5.7,122,6.5,4.5,1057,Social Media,1,1179,Mature Low Spender,Target with social media ads
59,Other,Mumbai,Motorola,iOS,5.5,37.5,84.3,10,4.4,4565,6.3,4.3,1641,Work,1,6206,Mature Low Spender,Target with social media ads
47,Other,Jaipur,Motorola,Android,4.1,39.6,260.1,151,1.7,1022,5.4,4.5,1899,Gaming,1,2921,Mature Low Spender,Target with social media ads
46,Male,Jaipur,Xiaomi,iOS,10.8,33.7,269.3,56,3.7,536,2.2,2.4,212,Gaming,1,748,Mature Low Spender,Target with social media ads
53,Male,Lucknow,Vivo,iOS,2.0,34.6,74.1,25,4.1,6089,3.8,3.2,327,Social Media,1,6416,Mature Low Spender,Target with social media ads
41,Male,Pune,Nokia,iOS,11.7,34.9,96.5,88,1.8,3296,3.4,1.1,1887,Entertainment,1,5183,Mature Low Spender,Target with social media ads
60,Female,Hyderabad,Vivo,iOS,6.3,32.4,253.9,158,3.0,1260,8.0,3.3,1032,Work,1,2292,Mature Low Spender,Target with social media ads
58,Male,Kolkata,Vivo,iOS,10.7,39.0,178.8,33,3.3,4066,4.0,2.6,103,Work,1,4169,Mature Low Spender,Target with social media ads
47,Male,Kolkata,Nokia,iOS,1.4,1.2,33.9,164,4.7,1585,4.2,3.6,1907,Entertainment,1,3492,Mature Low Spender,Target with social media ads
45,Male,Pune,Samsung,Android,2.9,49.2,195.7,198,2.6,438,1.8,1.4,1354,Work,1,1792,Mature Low Spender,Target with social media ads
51,Female,Pune,Nokia,iOS,4.6,8.9,43.6,133,3.0,1301,7.2,1.8,1843,Education,1,3144,Mature Low Spender,Target with social media ads
41,Other,Mumbai,Apple,iOS,3.3,49.7,222.9,28,2.4,3975,6.3,1.8,1132,Work,1,5107,Mature Low Spender,Target with social media ads
51,Male,Pune,Xiaomi,Android,9.2,1.1,35.4,76,4.7,4667,3.5,0.1,880,Entertainment,1,5547,Mature Low Spender,Target with social media ads
48,Other,Chennai,Samsung,Android,10.6,12.3,42.5,140,4.3,5024,1.3,2.3,598,Work,1,5622,Mature Low Spender,Target with social media ads
57,Other,Chennai,Realme,iOS,7.1,39.5,251.4,15,2.1,3262,5.4,3.1,1697,Entertainment,1,4959,Mature Low Spender,Target with social media ads
42,Male,Kolkata,Realme,iOS,10.4,28.0,57.4,189,1.6,1073,5.1,0.8,560,Social Media,1,1633,Mature Low Spender,Target with social media ads
55,Other,Lucknow,Apple,Android,6.2,28.6,164.7,94,1.1,2560,4.0,3.9,374,Gaming,1,2934,Mature Low Spender,Target with social media ads
47,Male,Hyderabad,Xiaomi,iOS,6.3,26.5,186.5,22,5.0,1808,7.5,4.2,1830,Gaming,1,3638,Mature Low Spender,Target with social media ads
51,Female,Delhi,OnePlus,Android,6.4,38.7,66.0,135,1.5,3542,3.4,0.9,1986,Work,1,5528,Mature Low Spender,Target with social media ads
58,Male,Pune,Apple,iOS,11.4,1.9,268.1,47,3.9,4086,4.7,2.8,992,Education,1,5078,Mature Low Spender,Target with social media ads
53,Other,Delhi,Google Pixel,Android,3.3,49.5,208.2,191,5.1,915,2.7,4.4,135,Social Media,1,1050,Mature Low Spender,Target with social media ads
55,Female,Ahmedabad,Google Pixel,iOS,10.5,9.6,32.8,189,4.2,645,1.1,3.1,524,Social Media,1,1169,Mature Low Spender,Target with social media ads
41,Male,Lucknow,Vivo,Android,2.3,29.3,109.4,25,2.6,1576,2.7,3.2,1860,Education,1,3436,Mature Low Spender,Target with social media ads
54,Other,Lucknow,Nokia,Android,5.1,38.8,150.3,42,5.4,947,5.8,2.7,1535,Entertainment,1,2482,Mature Low Spender,Target with social media ads
59,Male,Hyderabad,Samsung,iOS,4.0,5.0,84.2,134,5.9,5401,5.6,1.3,1603,Entertainment,1,7004,Mature Low Spender,Target with social media ads
42,Other,Mumbai,Google Pixel,Android,1.0,18.3,18.6,76,2.7,1231,2.8,3.8,1971,Gaming,1,3202,Mature Low Spender,Target with social media ads
55,Other,Kolkata,OnePlus,iOS,5.5,16.7,207.2,194,4.7,5957,3.5,3.7,1311,Work,1,7268,Mature Low Spender,Target with social media ads
52,Female,Delhi,Motorola,iOS,8.6,21.2,277.0,115,4.8,5085,7.2,0.2,994,Work,1,6079,Mature Low Spender,Target with social media ads
48,Other,Ahmedabad,Apple,iOS,10.3,28.3,57.3,147,3.7,761,3.5,1.4,734,Entertainment,1,1495,Mature Low Spender,Target with social media ads
51,Female,Lucknow,OnePlus,iOS,2.0,14.8,233.4,71,2.4,3150,6.1,2.8,1992,Entertainment,1,5142,Mature Low Spender,Target with social media ads
55,Male,Hyderabad,OnePlus,Android,10.9,38.6,183.7,103,1.4,1739,3.0,4.5,844,Entertainment,1,2583,Mature Low Spender,Target with social media ads
53,Male,Delhi,Apple,Android,4.4,14.7,244.7,38,0.8,1712,1.9,1.2,177,Work,1,1889,Mature Low Spender,Target with social media ads
37,Female,Pune,Motorola,iOS,2.0,22.6,298.3,149,5.6,2688,0.7,3.4,677,Gaming,1,3365,Mature Low Spender,Target with social media ads
53,Other,Pune,Samsung,iOS,11.3,27.5,171.8,189,3.1,5164,4.3,0.4,1968,Social Media,1,7132,Mature Low Spender,Target with social media ads
41,Other,Lucknow,Xiaomi,Android,10.6,24.0,132.4,184,5.8,3287,6.0,4.1,1608,Education,1,4895,Mature Low Spender,Target with social media ads
44,Female,Delhi,Realme,iOS,6.7,43.5,37.6,82,4.0,3655,4.4,1.9,1763,Gaming,1,5418,Mature Low Spender,Target with social media ads
42,Male,Hyderabad,Samsung,Android,3.1,45.1,192.0,115,5.5,1641,4.1,0.6,1315,Education,1,2956,Mature Low Spender,Target with social media ads
54,Female,Kolkata,Google Pixel,Android,9.7,10.3,77.7,135,5.6,5238,5.5,2.2,1974,Social Media,1,7212,Mature Low Spender,Target with social media ads
58,Female,Jaipur,Vivo,Android,10.8,30.5,103.9,134,3.4,4482,0.5,5.0,1761,Work,1,6243,Mature Low Spender,Target with social media ads
40,Other,Ahmedabad,Realme,Android,9.3,4.6,19.3,199,3.3,3696,5.0,1.5,1764,Education,1,5460,Mature Low Spender,Target with social media ads
52,Male,Chennai,Google Pixel,iOS,4.4,45.6,146.9,106,2.9,1569,0.7,2.5,1991,Education,1,3560,Mature Low Spender,Target with social media ads
57,Other,Bangalore,Vivo,iOS,7.1,17.2,167.2,148,2.7,3939,7.1,2.3,1280,Education,1,5219,Mature Low Spender,Target with social media ads
47,Male,Kolkata,Apple,Android,10.8,41.7,216.0,156,2.4,4222,7.3,3.4,485,Entertainment,1,4707,Mature Low Spender,Target with social media ads
55,Other,Bangalore,Nokia,iOS,2.0,31.0,33.1,163,5.2,1519,8.0,3.1,406,Gaming,1,1925,Mature Low Spender,Target with social media ads
57,Female,Chennai,OnePlus,Android,11.3,31.5,35.6,30,2.7,6137,6.8,1.5,1740,Gaming,1,7877,Mature Low Spender,Target with social media ads
44,Male,Bangalore,Xiaomi,iOS,1.2,18.9,171.1,114,3.4,3337,6.2,3.4,1453,Gaming,1,4790,Mature Low Spender,Target with social media ads
49,Other,Jaipur,OnePlus,iOS,8.8,45.5,259.1,20,1.8,2837,7.2,2.0,1589,Work,1,4426,Mature Low Spender,Target with social media ads
43,Other,Delhi,Realme,Android,8.5,49.1,199.2,38,4.8,728,4.2,1.2,1177,Work,1,1905,Mature Low Spender,Target with social media ads
45,Male,Bangalore,Realme,Android,11.5,3.9,203.3,69,2.5,1122,0.7,2.8,158,Entertainment,1,1280,Mature Low Spender,Target with social media ads
51,Other,Pune,Apple,Android,7.3,1.9,98.6,180,1.3,1256,1.3,4.3,1503,Entertainment,1,2759,Mature Low Spender,Target with social media ads
52,Male,Jaipur,Xiaomi,iOS,8.6,41.6,40.4,142,3.7,162,6.9,3.0,997,Social Media,1,1159,Mature Low Spender,Target with social media ads
44,Other,Mumbai,OnePlus,iOS,10.3,22.6,145.5,93,2.4,4319,4.4,2.5,1669,Gaming,1,5988,Mature Low Spender,Target with social media ads
54,Male,Ahmedabad,Oppo,iOS,3.3,27.2,183.0,69,3.8,3963,3.7,0.9,564,Work,1,4527,Mature Low Spender,Target with social media ads
51,Male,Kolkata,Vivo,Android,7.6,19.2,246.3,173,4.9,2595,5.0,1.4,340,Work,1,2935,Mature Low Spender,Target with social media ads
46,Male,Kolkata,Motorola,Android,5.3,16.3,178.3,52,5.6,1655,5.0,3.9,129,Education,1,1784,Mature Low Spender,Target with social media ads
40,Other,Kolkata,Realme,iOS,10.2,34.2,36.2,114,4.0,3619,6.7,3.4,1473,Education,1,5092,Mature Low Spender,Target with social media ads
41,Other,Ahmedabad,Samsung,Android,4.7,26.2,237.7,175,2.5,1322,1.4,4.8,1366,Social Media,1,2688,Mature Low Spender,Target with social media ads
44,Female,Delhi,Motorola,iOS,2.0,27.6,216.0,94,3.0,3221,4.4,1.8,1959,Gaming,1,5180,Mature Low Spender,Target with social media ads
60,Male,Mumbai,Motorola,Android,2.9,26.6,156.0,75,3.9,2386,5.6,5.0,1450,Gaming,1,3836,Mature Low Spender,Target with social media ads
55,Male,Bangalore,Google Pixel,iOS,5.1,9.0,90.7,48,2.1,3983,3.0,4.9,259,Work,1,4242,Mature Low Spender,Target with social media ads
42,Female,Delhi,Xiaomi,Android,5.8,23.2,11.0,46,5.9,1490,4.9,2.2,848,Education,1,2338,Mature Low Spender,Target with social media ads
44,Other,Chennai,Oppo,Android,9.0,35.3,254.1,185,1.9,3312,0.6,1.8,1196,Education,1,4508,Mature Low Spender,Target with social media ads
53,Other,Jaipur,Apple,iOS,4.0,30.8,85.8,132,4.0,3316,1.9,2.7,838,Gaming,1,4154,Mature Low Spender,Target with social media ads
43,Female,Bangalore,Motorola,iOS,4.6,35.4,68.5,109,2.1,2496,0.9,3.1,1922,Education,1,4418,Mature Low Spender,Target with social media ads
47,Male,Ahmedabad,Nokia,iOS,7.5,39.8,61.1,94,3.5,2112,5.7,3.6,655,Entertainment,1,2767,Mature Low Spender,Target with social media ads
52,Other,Chennai,Nokia,Android,6.5,33.3,12.3,126,3.8,2459,3.7,3.8,1777,Social Media,1,4236,Mature Low Spender,Target with social media ads
55,Male,Chennai,Motorola,Android,10.4,37.2,213.5,184,4.5,3449,0.9,1.5,1540,Social Media,1,4989,Mature Low Spender,Target with social media ads
38,Other,Pune,Motorola,iOS,9.9,44.7,79.5,20,3.8,4050,7.4,0.2,1607,Social Media,1,5657,Mature Low Spender,Target with social media ads
52,Other,Jaipur,Xiaomi,Android,10.9,27.3,108.2,130,3.2,2277,4.8,4.5,158,Education,1,2435,Mature Low Spender,Target with social media ads
47,Male,Kolkata,OnePlus,Android,8.7,2.3,207.2,168,3.1,2790,7.7,3.1,295,Gaming,1,3085,Mature Low Spender,Target with social media ads
50,Other,Lucknow,OnePlus,Android,9.7,31.7,61.2,71,0.8,565,1.1,2.9,1401,Education,1,1966,Mature Low Spender,Target with social media ads
45,Other,Ahmedabad,Xiaomi,Android,8.4,35.4,35.9,98,2.0,1114,4.4,1.0,258,Education,1,1372,Mature Low Spender,Target with social media ads
49,Female,Hyderabad,Realme,Android,8.9,25.0,32.4,26,4.8,2168,4.4,1.6,943,Social Media,1,3111,Mature Low Spender,Target with social media ads
58,Male,Hyderabad,Realme,iOS,1.8,19.7,33.4,26,3.9,4249,3.7,2.5,1013,Entertainment,1,5262,Mature Low Spender,Target with social media ads
46,Female,Ahmedabad,Realme,iOS,9.2,24.4,81.4,55,5.3,476,7.3,4.7,710,Work,1,1186,Mature Low Spender,Target with social media ads
36,Male,Ahmedabad,Xiaomi,Android,7.7,45.5,191.0,101,4.9,2243,6.0,3.8,1783,Entertainment,1,4026,Mature Low Spender,Target with social media ads
57,Female,Jaipur,Oppo,iOS,9.3,42.1,52.1,87,4.2,4743,4.3,0.6,1854,Entertainment,1,6597,Mature Low Spender,Target with social media ads
54,Other,Lucknow,Nokia,Android,7.0,42.3,45.8,46,4.8,1197,1.7,0.1,1475,Gaming,1,2672,Mature Low Spender,Target with social media ads
51,Male,Delhi,OnePlus,Android,3.1,2.6,142.8,120,5.4,1127,4.8,3.8,1320,Education,1,2447,Mature Low Spender,Target with social media ads
46,Other,Delhi,Samsung,Android,3.9,46.0,172.0,179,4.6,3076,7.4,3.7,804,Education,1,3880,Mature Low Spender,Target with social media ads
49,Other,Jaipur,Nokia,iOS,11.9,36.2,14.2,16,2.8,510,2.9,2.7,495,Education,1,1005,Mature Low Spender,Target with social media ads
60,Male,Chennai,Vivo,iOS,7.7,3.5,196.9,199,3.3,1507,0.8,3.7,1436,Work,1,2943,Mature Low Spender,Target with social media ads
53,Female,Pune,Realme,iOS,6.4,1.9,236.9,159,1.7,3539,4.4,0.6,486,Gaming,1,4025,Mature Low Spender,Target with social media ads
59,Other,Hyderabad,Vivo,Android,10.7,29.1,151.3,146,5.8,270,0.6,4.3,413,Gaming,1,683,Mature Low Spender,Target with social media ads
57,Other,Ahmedabad,Realme,iOS,9.8,4.7,103.4,26,1.8,3614,7.3,3.6,1043,Social Media,1,4657,Mature Low Spender,Target with social media ads
41,Male,Chennai,Xiaomi,iOS,6.8,34.1,157.8,180,3.4,3136,0.7,0.8,1520,Entertainment,1,4656,Mature Low Spender,Target with social media ads
59,Other,Kolkata,Vivo,iOS,2.1,21.0,254.7,169,4.4,862,6.2,2.6,1435,Education,1,2297,Mature Low Spender,Target with social media ads
58,Female,Chennai,Samsung,Android,7.5,27.7,24.1,124,3.9,6772,6.0,3.2,1846,Work,1,8618,Mature Low Spender,Target with social media ads
48,Female,Mumbai,Motorola,iOS,8.7,37.4,18.1,54,4.6,2821,1.3,2.9,1901,Education,1,4722,Mature Low Spender,Target with social media ads
41,Other,Chennai,Apple,iOS,8.5,39.2,247.1,84,5.8,1538,6.9,4.2,1674,Social Media,1,3212,Mature Low Spender,Target with social media ads
59,Male,Lucknow,Samsung,iOS,10.3,39.8,283.3,178,5.8,5617,5.1,3.1,413,Social Media,1,6030,Mature Low Spender,Target with social media ads
55,Male,Pune,OnePlus,Android,8.0,14.0,93.2,129,4.0,6341,7.0,2.7,633,Social Media,1,6974,Mature Low Spender,Target with social media ads
53,Female,Ahmedabad,Google Pixel,Android,11.7,14.3,68.0,67,3.1,5545,2.7,2.1,1977,Entertainment,1,7522,Mature Low Spender,Target with social media ads
54,Male,Bangalore,Apple,Android,6.2,12.4,137.5,25,2.4,4165,0.8,2.8,1918,Gaming,1,6083,Mature Low Spender,Target with social media ads
60,Other,Lucknow,Google Pixel,iOS,5.4,28.4,217.3,114,1.9,4665,5.3,4.2,1942,Gaming,1,6607,Mature Low Spender,Target with social media ads
42,Male,Ahmedabad,Oppo,iOS,9.6,6.0,166.0,188,1.9,2046,6.6,1.7,984,Work,1,3030,Mature Low Spender,Target with social media ads
51,Other,Bangalore,Google Pixel,Android,8.2,33.5,229.3,148,5.3,636,1.0,1.8,1761,Education,1,2397,Mature Low Spender,Target with social media ads
41,Other,Kolkata,OnePlus,iOS,4.0,5.2,167.0,60,4.4,608,0.6,2.0,222,Work,1,830,Mature Low Spender,Target with social media ads
57,Other,Chennai,OnePlus,iOS,3.2,41.2,196.2,166,3.6,412,4.1,2.6,1463,Work,1,1875,Mature Low Spender,Target with social media ads
48,Other,Chennai,Oppo,Android,3.6,8.3,93.8,24,4.0,1095,7.6,3.1,228,Social Media,1,1323,Mature Low Spender,Target with social media ads
51,Female,Jaipur,Nokia,Android,8.5,44.1,141.0,43,5.7,822,7.3,0.2,743,Gaming,1,1565,Mature Low Spender,Target with social media ads
50,Female,Delhi,Google Pixel,iOS,2.0,24.4,6.7,94,2.6,4376,7.0,3.0,852,Education,1,5228,Mature Low Spender,Target with social media ads
43,Other,Ahmedabad,Realme,iOS,9.1,10.2,17.3,12,2.3,2327,4.9,4.8,1808,Entertainment,1,4135,Mature Low Spender,Target with social media ads
51,Other,Jaipur,Vivo,iOS,6.8,40.2,118.1,70,3.9,6194,2.2,0.4,942,Social Media,1,7136,Mature Low Spender,Target with social media ads
56,Other,Pune,Google Pixel,iOS,9.2,16.8,97.8,37,6.0,4531,0.7,3.8,1364,Gaming,1,5895,Mature Low Spender,Target with social media ads
41,Male,Pune,Google Pixel,Android,2.0,42.3,106.5,165,4.1,2115,2.7,2.0,435,Work,1,2550,Mature Low Spender,Target with social media ads
48,Female,Chennai,Samsung,Android,1.4,28.9,210.0,33,3.1,204,5.7,2.0,159,Gaming,1,363,Mature Low Spender,Target with social media ads
47,Other,Jaipur,Xiaomi,iOS,4.0,48.7,99.9,75,2.2,3038,1.1,4.8,1597,Social Media,1,4635,Mature Low Spender,Target with social media ads
54,Male,Kolkata,Realme,Android,4.3,14.0,201.0,141,3.0,4304,3.5,3.9,1393,Education,1,5697,Mature Low Spender,Target with social media ads
59,Other,Ahmedabad,Realme,Android,6.1,29.1,183.8,40,4.4,3982,6.8,1.2,1284,Gaming,1,5266,Mature Low Spender,Target with social media ads
46,Female,Ahmedabad,Xiaomi,iOS,5.3,49.3,72.0,86,4.9,1883,0.6,0.9,422,Gaming,1,2305,Mature Low Spender,Target with social media ads
39,Male,Lucknow,Xiaomi,Android,8.8,26.4,93.9,155,2.0,561,3.5,0.2,101,Work,1,662,Mature Low Spender,Target with social media ads
51,Female,Jaipur,Vivo,iOS,8.2,17.2,142.1,85,1.5,280,1.2,2.7,1643,Entertainment,1,1923,Mature Low Spender,Target with social media ads
56,Other,Lucknow,Vivo,Android,8.9,39.4,196.2,155,3.1,2116,4.6,2.0,1260,Gaming,1,3376,Mature Low Spender,Target with social media ads
59,Male,Bangalore,Apple,iOS,2.3,48.4,103.6,19,2.8,1485,2.0,1.9,233,Education,1,1718,Mature Low Spender,Target with social media ads
56,Male,Kolkata,Samsung,iOS,4.2,5.6,65.1,87,3.6,5224,7.9,3.0,941,Social Media,1,6165,Mature Low Spender,Target with social media ads
42,Male,Hyderabad,OnePlus,Android,3.0,38.1,252.4,85,2.1,2311,2.2,1.8,1501,Social Media,1,3812,Mature Low Spender,Target with social media ads
57,Other,Kolkata,Vivo,iOS,1.4,21.0,104.4,72,4.6,2101,2.3,3.8,1417,Social Media,1,3518,Mature Low Spender,Target with social media ads
52,Other,Lucknow,Nokia,iOS,7.7,29.2,202.3,132,5.0,2503,6.7,4.5,1593,Work,1,4096,Mature Low Spender,Target with social media ads
46,Female,Lucknow,Nokia,Android,8.0,42.2,222.0,130,3.2,1038,3.0,0.5,115,Education,1,1153,Mature Low Spender,Target with social media ads
43,Other,Delhi,Motorola,iOS,3.5,46.4,296.3,148,5.1,2576,0.5,1.3,481,Education,1,3057,Mature Low Spender,Target with social media ads
38,Male,Jaipur,Apple,iOS,9.9,20.2,48.9,136,4.4,3568,4.9,1.3,789,Social Media,1,4357,Mature Low Spender,Target with social media ads
41,Male,Lucknow,Vivo,iOS,10.4,1.8,46.0,85,4.1,3418,7.4,3.3,1800,Work,1,5218,Mature Low Spender,Target with social media ads
56,Female,Hyderabad,Apple,Android,1.8,44.7,141.3,122,3.1,3145,4.2,2.1,1399,Work,1,4544,Mature Low Spender,Target with social media ads
41,Male,Bangalore,Vivo,Android,6.3,3.8,175.8,100,4.9,3479,3.4,3.3,1097,Gaming,1,4576,Mature Low Spender,Target with social media ads
55,Male,Delhi,Google Pixel,iOS,9.8,24.5,176.7,151,3.9,3038,4.5,2.2,1922,Social Media,1,4960,Mature Low Spender,Target with social media ads
57,Female,Chennai,Motorola,Android,8.7,20.4,123.2,144,0.8,3269,2.8,2.4,428,Gaming,1,3697,Mature Low Spender,Target with social media ads
38,Male,Chennai,Motorola,iOS,4.3,22.6,126.6,131,4.8,2948,3.4,0.9,1547,Work,1,4495,Mature Low Spender,Target with social media ads
44,Other,Lucknow,Google Pixel,iOS,10.5,28.1,287.0,29,5.2,1014,4.2,3.2,953,Gaming,1,1967,Mature Low Spender,Target with social media ads
42,Male,Ahmedabad,Apple,Android,4.6,31.1,159.0,141,5.0,1005,3.0,2.0,1918,Entertainment,1,2923,Mature Low Spender,Target with social media ads
49,Male,Delhi,Realme,iOS,8.5,10.1,225.6,196,1.2,3187,4.1,0.9,174,Education,1,3361,Mature Low Spender,Target with social media ads
54,Male,Delhi,Nokia,Android,4.0,21.5,5.4,179,3.7,5041,4.6,4.9,753,Gaming,1,5794,Mature Low Spender,Target with social media ads
44,Male,Kolkata,Oppo,Android,7.2,5.9,222.1,14,4.8,238,6.4,3.8,1560,Gaming,1,1798,Mature Low Spender,Target with social media ads
41,Male,Jaipur,Realme,Android,4.2,7.2,241.4,59,2.1,2370,3.4,1.4,1672,Education,1,4042,Mature Low Spender,Target with social media ads
59,Female,Mumbai,Samsung,iOS,11.1,42.0,17.2,150,3.1,4145,5.6,2.7,571,Gaming,1,4716,Mature Low Spender,Target with social media ads
49,Male,Delhi,Samsung,Android,2.3,13.0,182.0,71,3.1,1794,5.2,0.9,1796,Entertainment,1,3590,Mature Low Spender,Target with social media ads
60,Female,Bangalore,Realme,Android,10.0,1.5,25.0,82,4.1,2268,0.9,2.8,1353,Gaming,1,3621,Mature Low Spender,Target with social media ads
40,Male,Hyderabad,Realme,Android,11.8,33.4,126.6,91,4.6,175,1.4,4.1,1602,Social Media,1,1777,Mature Low Spender,Target with social media ads
60,Male,Pune,Vivo,Android,7.9,22.3,94.2,54,4.5,917,6.3,4.4,1832,Gaming,1,2749,Mature Low Spender,Target with social media ads
45,Other,Bangalore,Oppo,iOS,5.7,42.8,151.4,174,4.6,4604,2.2,2.1,518,Work,1,5122,Mature Low Spender,Target with social media ads
51,Female,Kolkata,Realme,iOS,6.1,32.0,155.0,66,4.9,3744,3.9,1.1,608,Gaming,1,4352,Mature Low Spender,Target with social media ads
58,Male,Bangalore,Vivo,Android,7.5,24.5,158.5,122,5.3,2942,1.5,3.1,715,Gaming,1,3657,Mature Low Spender,Target with social media ads
50,Female,Chennai,Vivo,Android,3.8,13.2,93.3,125,5.0,4294,0.7,2.4,1394,Entertainment,1,5688,Mature Low Spender,Target with social media ads
34,Male,Pune,Vivo,Android,9.4,6.6,92.9,167,5.9,1780,3.7,1.5,815,Work,1,2595,Mature Low Spender,Target with social media ads
54,Other,Mumbai,Vivo,iOS,11.8,8.5,36.1,118,1.8,3582,7.4,3.1,609,Social Media,1,4191,Mature Low Spender,Target with social media ads
50,Male,Delhi,Vivo,iOS,9.2,22.6,174.4,75,3.4,1692,4.6,3.6,298,Entertainment,1,1990,Mature Low Spender,Target with social media ads
57,Female,Mumbai,OnePlus,iOS,10.1,14.9,252.2,43,3.1,141,5.6,3.3,1975,Social Media,1,2116,Mature Low Spender,Target with social media ads
36,Female,Hyderabad,OnePlus,Android,5.8,26.0,139.5,25,5.4,1324,5.1,1.8,1351,Work,1,2675,Mature Low Spender,Target with social media ads
47,Male,Kolkata,Apple,Android,10.1,18.0,6.0,125,1.6,3041,3.5,2.0,597,Social Media,1,3638,Mature Low Spender,Target with social media ads
40,Female,Lucknow,OnePlus,iOS,7.5,6.9,242.4,121,2.5,1647,1.7,1.5,576,Gaming,1,2223,Mature Low Spender,Target with social media ads
59,Female,Mumbai,Nokia,iOS,3.4,23.6,203.4,128,5.7,1416,7.0,4.0,278,Entertainment,1,1694,Mature Low Spender,Target with social media ads
50,Male,Delhi,Samsung,iOS,9.4,31.6,134.3,89,4.9,3082,1.2,2.6,1932,Work,1,5014,Mature Low Spender,Target with social media ads
54,Other,Chennai,Oppo,iOS,1.1,21.3,113.4,96,4.4,2901,6.5,4.3,1179,Gaming,1,4080,Mature Low Spender,Target with social media ads
45,Other,Hyderabad,Realme,iOS,6.0,32.2,211.9,188,1.8,104,1.3,4.3,1951,Work,1,2055,Mature Low Spender,Target with social media ads
59,Male,Lucknow,Xiaomi,Android,4.0,20.8,122.1,52,3.5,6475,5.6,3.8,1462,Entertainment,1,7937,Mature Low Spender,Target with social media ads
48,Male,Mumbai,Samsung,Android,8.2,24.1,35.7,96,4.6,2205,2.0,1.7,851,Work,1,3056,Mature Low Spender,Target with social media ads
56,Other,Kolkata,Xiaomi,Android,9.8,19.9,284.4,178,5.1,3034,7.0,1.6,1276,Gaming,1,4310,Mature Low Spender,Target with social media ads
41,Male,Jaipur,OnePlus,iOS,6.5,25.0,254.0,181,4.1,1626,3.0,4.3,543,Social Media,1,2169,Mature Low Spender,Target with social media ads
48,Female,Ahmedabad,Oppo,iOS,3.4,43.9,54.2,140,3.1,165,3.2,2.9,328,Education,1,493,Mature Low Spender,Target with social media ads
48,Other,Kolkata,Oppo,iOS,9.6,24.6,165.3,187,1.1,2390,6.1,0.3,552,Gaming,1,2942,Mature Low Spender,Target with social media ads
56,Male,Bangalore,OnePlus,Android,1.1,6.0,246.1,79,2.6,1181,3.3,3.1,502,Social Media,1,1683,Mature Low Spender,Target with social media ads
43,Male,Chennai,Google Pixel,Android,10.6,2.8,33.1,122,3.9,248,4.9,2.4,1424,Gaming,1,1672,Mature Low Spender,Target with social media ads
51,Male,Delhi,Xiaomi,iOS,7.4,14.3,40.1,121,1.8,2559,7.9,0.4,317,Social Media,1,2876,Mature Low Spender,Target with social media ads
51,Male,Mumbai,Motorola,Android,10.6,2.7,91.4,81,4.6,4914,7.3,3.3,749,Entertainment,1,5663,Mature Low Spender,Target with social media ads
56,Other,Pune,Nokia,iOS,5.8,4.8,179.3,60,4.5,2264,2.7,1.1,1627,Work,1,3891,Mature Low Spender,Target with social media ads
38,Male,Mumbai,Google Pixel,iOS,4.8,19.4,28.8,101,2.5,4217,3.4,3.1,1900,Education,1,6117,Mature Low Spender,Target with social media ads
60,Male,Delhi,Apple,iOS,5.7,8.1,90.3,93,4.0,7173,5.4,4.0,383,Social Media,1,7556,Mature Low Spender,Target with social media ads
57,Female,Jaipur,Oppo,iOS,9.3,30.3,58.8,27,3.4,6056,2.2,4.0,1689,Work,1,7745,Mature Low Spender,Target with social media ads
46,Male,Pune,OnePlus,Android,3.4,34.6,236.6,70,4.7,3910,2.3,4.7,471,Entertainment,1,4381,Mature Low Spender,Target with social media ads
54,Female,Jaipur,Nokia,iOS,9.1,2.6,119.0,155,5.0,3590,1.9,2.5,507,Education,1,4097,Mature Low Spender,Target with social media ads
53,Other,Jaipur,Motorola,Android,9.4,41.4,156.3,121,4.8,4216,7.9,1.9,562,Work,1,4778,Mature Low Spender,Target with social media ads
51,Female,Jaipur,Realme,iOS,3.2,15.3,55.0,141,1.6,3023,3.3,4.5,1457,Gaming,1,4480,Mature Low Spender,Target with social media ads
53,Female,Pune,Xiaomi,Android,7.3,26.5,229.3,144,4.6,4925,3.3,2.8,621,Social Media,1,5546,Mature Low Spender,Target with social media ads
45,Female,Ahmedabad,Xiaomi,Android,6.7,33.5,121.1,29,1.6,1575,6.0,1.1,497,Work,1,2072,Mature Low Spender,Target with social media ads
58,Female,Bangalore,Nokia,Android,2.2,48.4,185.3,79,3.6,6142,4.1,1.0,209,Education,1,6351,Mature Low Spender,Target with social media ads
54,Other,Pune,Xiaomi,Android,8.4,37.5,92.5,85,5.4,2128,1.5,1.2,1778,Education,1,3906,Mature Low Spender,Target with social media ads
40,Other,Bangalore,Motorola,Android,1.9,47.0,223.6,95,3.9,1306,1.4,0.6,1778,Social Media,1,3084,Mature Low Spender,Target with social media ads
47,Other,Delhi,Xiaomi,iOS,3.0,16.1,66.9,116,3.4,1086,3.2,2.7,1954,Entertainment,1,3040,Mature Low Spender,Target with social media ads
47,Male,Chennai,Google Pixel,iOS,2.3,41.2,245.6,10,4.4,735,0.7,4.4,1698,Entertainment,1,2433,Mature Low Spender,Target with social media ads
54,Other,Ahmedabad,Xiaomi,iOS,10.9,42.9,102.8,20,5.2,4607,6.9,0.5,470,Entertainment,1,5077,Mature Low Spender,Target with social media ads
51,Other,Delhi,OnePlus,Android,9.0,47.0,199.0,28,4.0,857,2.7,2.4,1462,Gaming,1,2319,Mature Low Spender,Target with social media ads
60,Female,Jaipur,Nokia,Android,4.6,35.6,95.5,14,5.7,927,4.0,4.8,1545,Education,1,2472,Mature Low Spender,Target with social media ads
56,Other,Chennai,OnePlus,Android,3.5,37.4,8.2,17,2.8,1726,7.8,4.3,964,Gaming,1,2690,Mature Low Spender,Target with social media ads
58,Other,Chennai,Xiaomi,iOS,8.6,34.5,214.0,180,2.2,2644,3.8,2.6,1270,Work,1,3914,Mature Low Spender,Target with social media ads
36,Female,Hyderabad,Realme,iOS,2.2,30.0,103.1,121,4.9,855,1.0,4.2,1458,Gaming,1,2313,Mature Low Spender,Target with social media ads
38,Other,Chennai,Samsung,Android,3.5,8.6,63.3,140,2.6,3510,7.1,3.9,290,Education,1,3800,Mature Low Spender,Target with social media ads
43,Other,Ahmedabad,Google Pixel,Android,9.0,26.5,250.6,35,4.6,1244,4.2,3.8,308,Work,1,1552,Mature Low Spender,Target with social media ads
44,Male,Jaipur,Motorola,iOS,9.9,15.8,229.6,36,5.9,888,5.7,0.0,1009,Social Media,1,1897,Mature Low Spender,Target with social media ads
41,Female,Mumbai,Vivo,Android,10.9,4.8,26.1,71,3.2,2602,6.1,0.2,1056,Work,1,3658,Mature Low Spender,Target with social media ads
50,Female,Mumbai,Realme,Android,11.6,15.3,251.0,43,4.0,4519,7.9,1.2,567,Entertainment,1,5086,Mature Low Spender,Target with social media ads
44,Male,Bangalore,Motorola,Android,7.2,47.9,58.4,53,5.7,669,3.0,1.7,1917,Entertainment,1,2586,Mature Low Spender,Target with social media ads
40,Male,Ahmedabad,Oppo,Android,7.5,26.2,148.9,166,3.5,2319,2.6,4.4,1263,Entertainment,1,3582,Mature Low Spender,Target with social media ads
51,Other,Mumbai,Nokia,iOS,10.7,46.9,72.2,36,3.5,5895,4.2,3.7,736,Entertainment,1,6631,Mature Low Spender,Target with social media ads
59,Male,Chennai,Realme,iOS,8.9,8.3,63.2,156,3.5,1850,5.7,2.8,837,Gaming,1,2687,Mature Low Spender,Target with social media ads
59,Female,Mumbai,OnePlus,Android,10.1,3.1,198.3,187,5.9,3492,6.9,2.8,404,Gaming,1,3896,Mature Low Spender,Target with social media ads
45,Male,Delhi,Motorola,Android,6.0,34.2,247.8,99,5.0,928,6.8,0.1,562,Entertainment,1,1490,Mature Low Spender,Target with social media ads
58,Male,Mumbai,Motorola,Android,1.4,27.3,161.3,17,1.6,3466,6.8,3.9,391,Work,1,3857,Mature Low Spender,Target with social media ads
46,Other,Hyderabad,Vivo,iOS,9.3,20.4,166.4,176,3.1,5146,8.0,4.9,566,Work,1,5712,Mature Low Spender,Target with social media ads
53,Male,Ahmedabad,Realme,Android,8.1,35.2,227.1,87,4.1,6710,0.9,3.0,935,Social Media,1,7645,Mature Low Spender,Target with social media ads
53,Female,Lucknow,Motorola,iOS,8.0,12.4,289.3,76,5.4,2685,2.0,3.4,130,Social Media,1,2815,Mature Low Spender,Target with social media ads
52,Other,Pune,Xiaomi,Android,9.9,32.1,181.6,150,4.6,5907,2.5,3.3,509,Gaming,1,6416,Mature Low Spender,Target with social media ads
41,Female,Mumbai,Xiaomi,iOS,3.0,22.7,70.7,43,2.8,2558,3.8,1.4,1055,Work,1,3613,Mature Low Spender,Target with social media ads
57,Male,Bangalore,Samsung,iOS,7.2,11.5,235.6,139,3.2,3112,0.7,2.4,1984,Education,1,5096,Mature Low Spender,Target with social media ads
54,Male,Ahmedabad,Google Pixel,iOS,6.8,33.4,125.7,47,3.6,3434,7.9,4.8,1274,Social Media,1,4708,Mature Low Spender,Target with social media ads
58,Male,Kolkata,Xiaomi,iOS,10.4,11.5,266.1,44,2.5,3731,5.7,5.0,659,Social Media,1,4390,Mature Low Spender,Target with social media ads
58,Other,Chennai,Google Pixel,iOS,2.2,44.5,191.9,73,4.4,5696,7.1,3.0,286,Social Media,1,5982,Mature Low Spender,Target with social media ads
56,Male,Bangalore,Vivo,Android,9.9,25.5,76.9,200,3.0,3013,2.5,1.8,419,Education,1,3432,Mature Low Spender,Target with social media ads
58,Other,Ahmedabad,Oppo,iOS,7.5,5.8,221.6,117,4.7,6876,7.7,0.8,1942,Gaming,1,8818,Mature Low Spender,Target with social media ads
57,Male,Ahmedabad,OnePlus,Android,8.9,48.5,278.1,159,2.9,1193,6.5,2.3,1354,Social Media,1,2547,Mature Low Spender,Target with social media ads
55,Other,Lucknow,Oppo,iOS,1.2,21.3,108.4,140,1.1,1815,2.2,1.4,1754,Entertainment,1,3569,Mature Low Spender,Target with social media ads
54,Other,Bangalore,Realme,iOS,9.5,40.2,89.4,63,4.7,2859,3.1,2.1,1290,Social Media,1,4149,Mature Low Spender,Target with social media ads
53,Other,Lucknow,OnePlus,Android,10.0,8.2,117.7,127,2.4,2021,3.9,0.4,116,Social Media,1,2137,Mature Low Spender,Target with social media ads
48,Other,Kolkata,Realme,iOS,1.6,32.7,19.0,143,1.6,2797,2.8,1.4,728,Education,1,3525,Mature Low Spender,Target with social media ads
52,Male,Ahmedabad,Vivo,iOS,11.1,2.7,198.8,133,3.1,3483,0.5,3.4,1080,Entertainment,1,4563,Mature Low Spender,Target with social media ads
60,Other,Chennai,Vivo,iOS,3.9,10.4,101.1,140,4.6,3823,2.6,0.2,1505,Education,1,5328,Mature Low Spender,Target with social media ads
58,Male,Kolkata,Apple,iOS,3.3,48.3,167.7,153,4.2,4557,2.8,4.8,1218,Work,1,5775,Mature Low Spender,Target with social media ads
45,Female,Chennai,OnePlus,iOS,1.6,16.6,116.2,144,2.0,3385,5.2,0.2,591,Education,1,3976,Mature Low Spender,Target with social media ads
51,Other,Lucknow,Realme,iOS,4.0,13.3,248.9,48,3.5,5718,7.3,2.2,1724,Education,1,7442,Mature Low Spender,Target with social media ads
53,Male,Mumbai,Vivo,iOS,2.8,14.9,159.3,84,3.0,2665,2.8,2.9,1459,Gaming,1,4124,Mature Low Spender,Target with social media ads
48,Female,Kolkata,OnePlus,iOS,3.8,43.4,8.6,85,3.2,4944,3.4,4.1,973,Work,1,5917,Mature Low Spender,Target with social media ads
58,Other,Kolkata,Apple,Android,10.0,40.4,260.7,168,2.9,3603,2.9,3.2,825,Work,1,4428,Mature Low Spender,Target with social media ads
46,Male,Mumbai,Samsung,iOS,9.8,44.8,23.5,45,5.3,2123,4.7,4.1,1878,Work,1,4001,Mature Low Spender,Target with social media ads
54,Female,Pune,Motorola,Android,10.5,27.6,210.5,186,4.0,2478,1.2,2.2,984,Education,1,3462,Mature Low Spender,Target with social media ads
60,Male,Ahmedabad,Realme,Android,7.9,20.9,128.2,125,3.3,6418,4.3,2.3,1352,Education,1,7770,Mature Low Spender,Target with social media ads
37,Male,Mumbai,Google Pixel,Android,9.4,36.2,221.8,39,4.3,712,0.7,2.8,1327,Work,1,2039,Mature Low Spender,Target with social media ads
50,Other,Jaipur,Motorola,Android,2.4,7.0,30.4,122,3.8,1759,5.1,2.9,1493,Gaming,1,3252,Mature Low Spender,Target with social media ads
44,Other,Delhi,OnePlus,iOS,11.0,9.7,127.5,70,5.0,1770,5.0,1.8,1147,Entertainment,1,2917,Mature Low Spender,Target with social media ads
56,Male,Bangalore,Oppo,iOS,3.2,44.6,187.6,99,6.0,5190,2.7,3.5,1299,Social Media,1,6489,Mature Low Spender,Target with social media ads
45,Female,Chennai,Google Pixel,iOS,9.5,33.9,227.3,50,2.3,1483,2.3,2.7,490,Entertainment,1,1973,Mature Low Spender,Target with social media ads
58,Female,Mumbai,Oppo,iOS,10.1,29.5,59.4,134,1.9,4139,5.1,0.9,350,Gaming,1,4489,Mature Low Spender,Target with social media ads
46,Male,Mumbai,Google Pixel,Android,7.5,25.4,83.1,145,4.3,4502,3.3,3.1,943,Social Media,1,5445,Mature Low Spender,Target with social media ads
49,Male,Lucknow,Realme,Android,10.1,41.7,216.7,65,2.6,1522,5.7,3.6,1623,Work,1,3145,Mature Low Spender,Target with social media ads
56,Female,Jaipur,Oppo,iOS,4.5,17.3,181.4,31,4.6,6309,1.9,5.0,766,Social Media,1,7075,Mature Low Spender,Target with social media ads
52,Other,Jaipur,Samsung,iOS,9.6,22.0,20.9,193,0.9,622,7.5,1.5,1362,Education,1,1984,Mature Low Spender,Target with social media ads
57,Male,Bangalore,Vivo,iOS,6.3,20.9,157.5,160,4.6,2866,1.3,1.7,1259,Social Media,1,4125,Mature Low Spender,Target with social media ads
42,Other,Jaipur,Nokia,Android,5.3,31.3,56.9,57,5.1,932,1.0,4.7,1451,Entertainment,1,2383,Mature Low Spender,Target with social media ads
48,Female,Pune,Google Pixel,Android,9.3,46.3,208.7,36,1.7,2303,3.8,1.4,834,Gaming,1,3137,Mature Low Spender,Target with social media ads
60,Other,Jaipur,Realme,iOS,7.7,40.2,273.7,174,4.0,1745,1.0,3.0,1330,Social Media,1,3075,Mature Low Spender,Target with social media ads
55,Female,Delhi,Google Pixel,iOS,10.0,17.0,124.5,50,4.2,2106,2.5,3.2,1023,Gaming,1,3129,Mature Low Spender,Target with social media ads
39,Male,Hyderabad,Vivo,Android,11.4,32.2,228.7,158,3.8,656,4.1,4.4,637,Gaming,1,1293,Mature Low Spender,Target with social media ads
59,Female,Hyderabad,Samsung,iOS,7.0,3.9,226.3,155,3.4,3629,4.7,4.4,984,Social Media,1,4613,Mature Low Spender,Target with social media ads
59,Female,Bangalore,Oppo,Android,4.7,46.1,143.4,109,1.6,3824,3.8,2.5,1460,Gaming,1,5284,Mature Low Spender,Target with social media ads
53,Other,Kolkata,Samsung,iOS,11.0,9.4,114.9,110,3.6,2461,5.5,4.7,1678,Gaming,1,4139,Mature Low Spender,Target with social media ads
58,Male,Jaipur,Apple,Android,11.2,19.4,68.9,191,5.6,5595,6.7,4.9,1200,Education,1,6795,Mature Low Spender,Target with social media ads
45,Female,Bangalore,Samsung,Android,10.5,12.8,78.0,88,1.2,1630,2.5,3.2,1320,Social Media,1,2950,Mature Low Spender,Target with social media ads
44,Male,Chennai,Vivo,iOS,5.0,44.1,286.5,20,0.8,1441,7.7,1.7,476,Gaming,1,1917,Mature Low Spender,Target with social media ads
58,Other,Lucknow,Realme,iOS,8.9,5.0,124.3,34,5.6,4524,1.2,3.3,456,Entertainment,1,4980,Mature Low Spender,Target with social media ads
43,Female,Chennai,Xiaomi,Android,9.7,15.9,124.4,82,5.0,2054,7.5,3.4,1559,Education,1,3613,Mature Low Spender,Target with social media ads
52,Other,Kolkata,OnePlus,iOS,2.0,31.2,182.8,108,4.8,3498,7.6,3.5,1596,Work,1,5094,Mature Low Spender,Target with social media ads
51,Male,Chennai,Realme,Android,10.6,31.6,188.8,124,5.9,1435,3.3,2.5,967,Social Media,1,2402,Mature Low Spender,Target with social media ads
58,Female,Ahmedabad,Nokia,iOS,10.2,15.5,104.9,144,5.6,5918,2.5,3.9,1233,Entertainment,1,7151,Mature Low Spender,Target with social media ads
58,Other,Lucknow,Motorola,iOS,5.7,35.8,147.2,81,2.1,2407,2.8,0.8,803,Work,1,3210,Mature Low Spender,Target with social media ads
37,Male,Lucknow,Samsung,Android,8.8,31.4,269.9,167,4.3,2264,1.1,2.8,1169,Entertainment,1,3433,Mature Low Spender,Target with social media ads
48,Other,Delhi,Nokia,iOS,2.1,4.6,273.0,188,5.8,3480,1.6,4.3,602,Gaming,1,4082,Mature Low Spender,Target with social media ads
58,Female,Kolkata,Motorola,Android,11.2,24.9,271.5,57,3.2,2514,7.3,2.4,871,Education,1,3385,Mature Low Spender,Target with social media ads
44,Male,Lucknow,Realme,iOS,8.6,31.1,248.0,194,0.5,1551,1.0,2.5,936,Gaming,1,2487,Mature Low Spender,Target with social media ads
59,Male,Kolkata,Nokia,Android,11.0,34.0,191.7,82,3.4,2814,1.5,0.1,604,Gaming,1,3418,Mature Low Spender,Target with social media ads
50,Female,Hyderabad,Realme,Android,7.3,10.6,166.1,133,3.6,5539,2.2,1.9,986,Gaming,1,6525,Mature Low Spender,Target with social media ads
52,Other,Ahmedabad,OnePlus,Android,1.2,47.2,132.7,116,3.1,3276,2.7,2.0,1432,Social Media,1,4708,Mature Low Spender,Target with social media ads
52,Other,Chennai,OnePlus,Android,6.9,27.0,70.8,114,0.5,1895,2.7,4.7,915,Work,1,2810,Mature Low Spender,Target with social media ads
55,Other,Mumbai,Vivo,Android,3.3,15.4,111.5,47,2.0,1563,1.7,4.3,697,Work,1,2260,Mature Low Spender,Target with social media ads
49,Other,Chennai,Oppo,iOS,3.0,20.3,288.8,149,5.2,892,2.4,2.3,1816,Education,1,2708,Mature Low Spender,Target with social media ads
41,Male,Hyderabad,Xiaomi,iOS,8.3,36.2,206.7,162,2.7,281,6.0,0.5,866,Entertainment,1,1147,Mature Low Spender,Target with social media ads
52,Other,Mumbai,Oppo,Android,6.1,24.4,88.0,127,0.8,1163,7.5,3.9,1529,Work,1,2692,Mature Low Spender,Target with social media ads
56,Female,Hyderabad,Nokia,Android,3.6,2.7,44.8,93,0.6,2512,6.0,2.7,476,Education,1,2988,Mature Low Spender,Target with social media ads
53,Other,Mumbai,Motorola,iOS,4.0,35.9,261.2,54,3.7,4776,4.9,3.1,242,Social Media,1,5018,Mature Low Spender,Target with social media ads
52,Other,Chennai,Samsung,Android,5.7,41.7,210.9,113,2.8,2028,7.5,1.2,1933,Social Media,1,3961,Mature Low Spender,Target with social media ads
50,Other,Lucknow,Apple,iOS,11.2,3.2,255.7,81,2.9,1047,2.3,1.6,879,Gaming,1,1926,Mature Low Spender,Target with social media ads
42,Female,Hyderabad,Xiaomi,Android,6.0,21.5,33.9,79,4.4,3256,3.9,2.7,1442,Gaming,1,4698,Mature Low Spender,Target with social media ads
37,Other,Chennai,Samsung,iOS,11.0,36.2,195.2,146,3.9,4385,5.3,3.3,1012,Education,1,5397,Mature Low Spender,Target with social media ads
52,Other,Pune,Apple,Android,7.4,39.0,282.8,153,4.4,5214,4.3,5.0,1909,Gaming,1,7123,Mature Low Spender,Target with social media ads
42,Female,Bangalore,Apple,Android,12.0,39.6,202.7,169,3.0,2899,2.3,4.8,1923,Work,1,4822,Mature Low Spender,Target with social media ads
49,Other,Hyderabad,Nokia,iOS,11.5,28.9,79.9,69,3.5,2652,3.3,1.6,1064,Gaming,1,3716,Mature Low Spender,Target with social media ads
51,Other,Ahmedabad,Google Pixel,iOS,3.6,4.0,5.3,18,3.7,2446,3.6,3.1,699,Work,1,3145,Mature Low Spender,Target with social media ads
47,Female,Lucknow,Xiaomi,Android,9.6,4.0,57.0,178,4.7,4960,5.9,2.9,1618,Social Media,1,6578,Mature Low Spender,Target with social media ads
44,Female,Hyderabad,Motorola,iOS,7.3,17.8,79.8,32,5.8,381,2.2,1.1,1483,Gaming,1,1864,Mature Low Spender,Target with social media ads
52,Female,Hyderabad,Realme,Android,11.4,26.8,65.7,10,5.5,2542,2.1,1.6,1872,Education,1,4414,Mature Low Spender,Target with social media ads
56,Female,Hyderabad,OnePlus,Android,10.1,34.6,229.9,29,2.2,2329,0.9,1.5,1385,Social Media,1,3714,Mature Low Spender,Target with social media ads
54,Female,Pune,Motorola,Android,9.7,36.0,216.9,169,1.4,2412,6.9,3.5,1669,Work,1,4081,Mature Low Spender,Target with social media ads
42,Female,Hyderabad,Nokia,iOS,8.6,11.8,29.3,30,3.2,4804,5.6,2.5,1958,Work,1,6762,Mature Low Spender,Target with social media ads
49,Male,Bangalore,Nokia,iOS,10.5,9.3,126.5,87,5.6,4640,4.0,4.5,1391,Entertainment,1,6031,Mature Low Spender,Target with social media ads
49,Male,Lucknow,Motorola,Android,11.4,26.1,274.4,136,4.2,2537,2.7,1.2,1364,Education,1,3901,Mature Low Spender,Target with social media ads
46,Other,Pune,Vivo,iOS,11.5,49.2,91.6,147,4.3,3292,4.3,4.4,312,Work,1,3604,Mature Low Spender,Target with social media ads
46,Other,Ahmedabad,Google Pixel,iOS,7.9,9.3,84.4,167,3.7,738,1.7,0.7,996,Social Media,1,1734,Mature Low Spender,Target with social media ads
41,Other,Hyderabad,Nokia,iOS,4.8,48.9,33.4,146,0.7,714,3.6,1.1,1913,Education,1,2627,Mature Low Spender,Target with social media ads
50,Male,Chennai,Vivo,iOS,4.0,24.0,219.4,196,4.0,2098,1.2,3.7,1415,Gaming,1,3513,Mature Low Spender,Target with social media ads
45,Female,Bangalore,Apple,iOS,5.2,29.2,236.5,182,5.2,3608,7.6,3.3,908,Social Media,1,4516,Mature Low Spender,Target with social media ads
43,Female,Delhi,Oppo,iOS,8.6,46.8,244.2,113,4.2,1583,7.5,4.5,128,Education,1,1711,Mature Low Spender,Target with social media ads
38,Female,Bangalore,Vivo,Android,1.4,47.8,244.7,94,5.9,2603,7.1,1.6,1434,Work,1,4037,Mature Low Spender,Target with social media ads
57,Female,Hyderabad,Motorola,iOS,11.0,23.4,283.6,181,1.6,245,7.7,0.3,1078,Entertainment,1,1323,Mature Low Spender,Target with social media ads
46,Female,Mumbai,Vivo,Android,2.0,9.8,278.5,40,2.0,3771,2.3,1.9,785,Social Media,1,4556,Mature Low Spender,Target with social media ads
53,Male,Jaipur,OnePlus,Android,10.9,12.6,259.8,177,5.3,1774,3.9,4.0,1231,Social Media,1,3005,Mature Low Spender,Target with social media ads
59,Male,Ahmedabad,Nokia,iOS,8.7,11.3,116.2,35,5.9,2148,6.6,0.5,869,Entertainment,1,3017,Mature Low Spender,Target with social media ads
45,Female,Mumbai,OnePlus,Android,10.0,26.7,11.4,144,4.8,1441,4.0,2.2,1959,Work,1,3400,Mature Low Spender,Target with social media ads
58,Female,Jaipur,Google Pixel,Android,4.3,44.0,116.2,52,3.5,4331,0.6,1.6,285,Entertainment,1,4616,Mature Low Spender,Target with social media ads
44,Other,Pune,Apple,iOS,1.8,8.0,99.0,110,3.8,3683,4.0,2.9,1113,Gaming,1,4796,Mature Low Spender,Target with social media ads
39,Female,Delhi,Oppo,Android,8.2,42.4,179.2,24,4.5,760,0.8,2.7,1479,Social Media,1,2239,Mature Low Spender,Target with social media ads
60,Male,Chennai,Xiaomi,iOS,11.6,42.3,234.5,36,1.7,4318,7.7,0.6,505,Entertainment,1,4823,Mature Low Spender,Target with social media ads
59,Female,Bangalore,Realme,Android,9.7,43.2,30.7,167,1.6,872,0.7,3.8,1102,Education,1,1974,Mature Low Spender,Target with social media ads
44,Male,Pune,Oppo,iOS,4.4,5.7,23.2,177,4.2,925,2.8,4.3,1093,Gaming,1,2018,Mature Low Spender,Target with social media ads
41,Male,Bangalore,Motorola,Android,3.2,13.6,51.8,31,3.6,3729,2.3,4.8,1168,Education,1,4897,Mature Low Spender,Target with social media ads
51,Male,Mumbai,OnePlus,iOS,2.5,33.5,33.5,84,5.4,2913,4.1,3.3,363,Entertainment,1,3276,Mature Low Spender,Target with social media ads
39,Male,Hyderabad,Realme,iOS,2.0,33.0,90.1,156,5.9,1144,6.7,1.9,429,Social Media,1,1573,Mature Low Spender,Target with social media ads
51,Male,Kolkata,Vivo,Android,10.4,28.5,35.2,103,1.7,2672,7.7,0.8,807,Entertainment,1,3479,Mature Low Spender,Target with social media ads
47,Female,Pune,Google Pixel,Android,5.7,42.1,161.2,127,4.0,5244,2.3,0.5,403,Entertainment,1,5647,Mature Low Spender,Target with social media ads
40,Other,Lucknow,Nokia,iOS,10.8,46.0,205.7,170,4.9,981,6.4,2.8,163,Entertainment,1,1144,Mature Low Spender,Target with social media ads
55,Male,Chennai,Motorola,Android,1.5,49.3,30.0,147,2.8,1104,4.5,1.6,425,Education,1,1529,Mature Low Spender,Target with social media ads
49,Male,Ahmedabad,Nokia,iOS,7.3,3.7,44.4,54,1.2,1962,1.4,5.0,1170,Work,1,3132,Mature Low Spender,Target with social media ads
50,Other,Lucknow,Oppo,iOS,2.5,24.2,204.3,92,4.3,5938,7.0,4.7,1077,Social Media,1,7015,Mature Low Spender,Target with social media ads
58,Other,Lucknow,Realme,iOS,1.7,18.8,288.1,150,4.3,3981,6.4,1.4,646,Gaming,1,4627,Mature Low Spender,Target with social media ads
38,Male,Mumbai,Motorola,Android,5.0,40.8,207.3,171,5.5,154,6.4,4.2,567,Work,1,721,Mature Low Spender,Target with social media ads
41,Other,Kolkata,Apple,Android,1.6,25.4,219.4,137,3.6,2824,5.6,4.7,1911,Work,1,4735,Mature Low Spender,Target with social media ads
50,Other,Pune,Google Pixel,iOS,2.5,13.2,182.2,196,3.6,2192,0.9,4.1,769,Entertainment,1,2961,Mature Low Spender,Target with social media ads
57,Female,Chennai,Xiaomi,Android,6.5,22.7,24.1,141,4.2,4551,2.4,0.7,925,Education,1,5476,Mature Low Spender,Target with social media ads
44,Male,Bangalore,Nokia,Android,2.4,33.1,160.6,149,2.8,715,4.6,5.0,1286,Social Media,1,2001,Mature Low Spender,Target with social media ads
44,Male,Ahmedabad,Vivo,Android,11.6,13.9,253.9,26,5.0,1112,3.4,0.9,236,Entertainment,1,1348,Mature Low Spender,Target with social media ads
57,Female,Mumbai,Apple,Android,5.0,14.9,56.9,25,0.7,2090,6.2,2.2,807,Work,1,2897,Mature Low Spender,Target with social media ads
60,Female,Mumbai,OnePlus,Android,1.4,28.5,274.4,83,2.7,5279,6.9,2.1,579,Entertainment,1,5858,Mature Low Spender,Target with social media ads
60,Female,Chennai,Samsung,Android,2.8,24.1,73.4,138,5.3,656,5.8,1.5,152,Entertainment,1,808,Mature Low Spender,Target with social media ads
58,Other,Ahmedabad,Samsung,Android,7.4,17.7,273.9,157,4.9,573,3.6,1.7,1613,Gaming,1,2186,Mature Low Spender,Target with social media ads
56,Male,Hyderabad,Apple,iOS,6.9,10.3,183.2,178,4.5,417,6.1,1.4,199,Entertainment,1,616,Mature Low Spender,Target with social media ads
56,Other,Jaipur,Google Pixel,Android,4.9,36.0,26.4,198,3.8,474,2.1,1.9,1190,Gaming,1,1664,Mature Low Spender,Target with social media ads
56,Female,Kolkata,Apple,Android,7.8,35.2,53.2,124,5.4,3801,4.4,2.4,507,Work,1,4308,Mature Low Spender,Target with social media ads
47,Female,Delhi,Samsung,Android,2.5,40.9,193.0,139,4.5,3496,6.4,1.4,1754,Gaming,1,5250,Mature Low Spender,Target with social media ads
60,Female,Mumbai,Oppo,Android,11.9,10.7,84.0,133,2.0,1242,2.5,3.8,851,Education,1,2093,Mature Low Spender,Target with social media ads
46,Female,Delhi,Nokia,iOS,3.6,19.2,88.6,185,5.4,4349,3.4,2.8,562,Entertainment,1,4911,Mature Low Spender,Target with social media ads
46,Other,Kolkata,Apple,iOS,1.2,3.8,249.2,173,3.0,649,5.0,0.7,439,Social Media,1,1088,Mature Low Spender,Target with social media ads
51,Female,Jaipur,Oppo,iOS,6.3,47.5,88.9,99,4.4,5836,6.3,4.3,1143,Education,1,6979,Mature Low Spender,Target with social media ads
44,Male,Chennai,Samsung,Android,9.6,4.1,46.2,80,5.4,2735,3.1,3.5,809,Entertainment,1,3544,Mature Low Spender,Target with social media ads
50,Other,Pune,Google Pixel,iOS,9.0,15.1,260.8,58,5.3,3083,5.6,2.0,949,Entertainment,1,4032,Mature Low Spender,Target with social media ads
53,Female,Mumbai,Oppo,Android,7.0,44.3,111.7,181,4.2,1995,2.7,0.8,1005,Social Media,1,3000,Mature Low Spender,Target with social media ads
38,Other,Chennai,Oppo,Android,1.6,15.8,30.1,101,3.6,2909,5.4,0.5,1634,Gaming,1,4543,Mature Low Spender,Target with social media ads
37,Female,Pune,Samsung,iOS,11.5,15.2,92.7,21,4.9,2689,4.8,5.0,1211,Entertainment,1,3900,Mature Low Spender,Target with social media ads
45,Other,Jaipur,Nokia,iOS,11.9,17.2,286.3,189,4.5,4917,7.4,4.1,292,Social Media,1,5209,Mature Low Spender,Target with social media ads
59,Other,Mumbai,Samsung,iOS,7.9,21.5,249.9,89,4.0,5819,7.1,2.9,293,Education,1,6112,Mature Low Spender,Target with social media ads
48,Male,Chennai,OnePlus,iOS,7.2,11.5,117.8,95,0.7,486,5.0,0.8,791,Social Media,1,1277,Mature Low Spender,Target with social media ads
51,Male,Mumbai,Motorola,iOS,6.6,46.6,289.1,170,4.6,3529,4.9,4.5,1474,Education,1,5003,Mature Low Spender,Target with social media ads
47,Other,Lucknow,Oppo,Android,3.7,25.8,235.2,137,3.5,308,6.9,3.4,952,Gaming,1,1260,Mature Low Spender,Target with social media ads
60,Male,Chennai,Nokia,iOS,6.9,5.6,253.5,16,5.6,4930,4.2,1.2,636,Gaming,1,5566,Mature Low Spender,Target with social media ads
49,Other,Delhi,Nokia,iOS,3.4,41.7,122.8,150,1.3,3475,2.6,2.7,286,Work,1,3761,Mature Low Spender,Target with social media ads
53,Female,Delhi,Google Pixel,iOS,4.3,18.3,248.5,58,3.7,2570,2.2,0.7,1477,Social Media,1,4047,Mature Low Spender,Target with social media ads
43,Male,Mumbai,Xiaomi,iOS,3.3,17.4,12.5,63,1.9,2373,6.0,1.8,1442,Work,1,3815,Mature Low Spender,Target with social media ads
57,Male,Chennai,Samsung,iOS,8.1,20.4,137.5,114,4.5,5368,4.7,3.7,182,Work,1,5550,Mature Low Spender,Target with social media ads
54,Male,Pune,Samsung,Android,3.1,45.0,105.1,59,2.5,1312,5.6,4.7,1910,Social Media,1,3222,Mature Low Spender,Target with social media ads
37,Female,Mumbai,Nokia,Android,4.5,16.0,151.8,37,5.9,2901,6.2,2.3,1540,Social Media,1,4441,Mature Low Spender,Target with social media ads
56,Other,Mumbai,Motorola,Android,5.7,36.3,7.9,95,2.4,2408,8.0,0.5,164,Education,1,2572,Mature Low Spender,Target with social media ads
50,Male,Bangalore,Oppo,iOS,5.7,34.1,281.1,129,3.1,4595,5.4,0.7,204,Education,1,4799,Mature Low Spender,Target with social media ads
59,Male,Bangalore,Google Pixel,Android,1.4,44.6,98.6,98,3.4,1826,7.5,4.8,421,Education,1,2247,Mature Low Spender,Target with social media ads
37,Female,Bangalore,Apple,Android,11.6,8.7,104.6,44,3.3,2270,6.6,4.0,822,Social Media,1,3092,Mature Low Spender,Target with social media ads
39,Other,Delhi,Motorola,iOS,6.4,8.1,254.1,148,4.7,432,0.9,0.1,1401,Education,1,1833,Mature Low Spender,Target with social media ads
48,Male,Ahmedabad,Xiaomi,iOS,4.6,37.6,254.1,122,1.2,1070,4.7,3.0,1737,Education,1,2807,Mature Low Spender,Target with social media ads
59,Other,Ahmedabad,Samsung,Android,9.8,30.9,111.4,13,1.7,3241,2.4,2.7,1554,Entertainment,1,4795,Mature Low Spender,Target with social media ads
39,Other,Delhi,Oppo,iOS,8.0,18.7,120.3,140,3.2,569,7.7,1.3,804,Work,1,1373,Mature Low Spender,Target with social media ads
47,Male,Lucknow,Vivo,Android,1.4,19.9,280.0,123,5.8,3163,6.6,2.0,786,Entertainment,1,3949,Mature Low Spender,Target with social media ads
55,Female,Delhi,Motorola,iOS,6.2,1.1,176.1,41,3.8,4183,5.6,3.2,1034,Social Media,1,5217,Mature Low Spender,Target with social media ads
59,Male,Mumbai,Nokia,iOS,9.0,25.2,263.3,111,3.8,135,2.1,1.4,1880,Work,1,2015,Mature Low Spender,Target with social media ads
44,Male,Kolkata,Oppo,Android,7.3,35.6,69.2,97,2.6,3736,3.5,4.3,1836,Entertainment,1,5572,Mature Low Spender,Target with social media ads
53,Other,Hyderabad,Realme,iOS,6.0,31.4,39.4,97,4.8,4519,1.1,2.8,1740,Social Media,1,6259,Mature Low Spender,Target with social media ads
56,Female,Chennai,Vivo,Android,3.4,22.2,271.1,68,5.9,1121,7.5,0.6,1293,Education,1,2414,Mature Low Spender,Target with social media ads
52,Female,Chennai,Xiaomi,iOS,8.3,19.6,77.3,127,0.7,2103,5.3,3.7,625,Entertainment,1,2728,Mature Low Spender,Target with social media ads
38,Other,Jaipur,Oppo,iOS,11.8,38.1,179.7,21,6.0,1404,3.6,4.6,1018,Education,1,2422,Mature Low Spender,Target with social media ads
52,Male,Jaipur,Realme,Android,9.1,42.2,220.3,178,3.2,3104,7.4,0.9,762,Entertainment,1,3866,Mature Low Spender,Target with social media ads
50,Female,Chennai,OnePlus,Android,9.8,37.6,272.6,22,3.9,3593,1.2,3.3,384,Education,1,3977,Mature Low Spender,Target with social media ads
41,Female,Lucknow,Motorola,iOS,1.2,38.0,185.0,14,3.9,3318,7.1,4.9,1664,Work,1,4982,Mature Low Spender,Target with social media ads
53,Female,Chennai,Realme,iOS,9.4,29.0,163.7,178,0.9,3174,7.4,4.3,1862,Gaming,1,5036,Mature Low Spender,Target with social media ads
41,Male,Hyderabad,Oppo,Android,1.3,13.2,220.5,78,3.6,4346,2.8,5.0,1708,Education,1,6054,Mature Low Spender,Target with social media ads
44,Other,Ahmedabad,Oppo,iOS,2.3,3.3,86.6,80,2.7,3356,6.2,1.7,1715,Work,1,5071,Mature Low Spender,Target with social media ads
60,Other,Lucknow,Google Pixel,iOS,9.9,43.7,171.9,129,5.9,3281,7.7,3.0,1979,Social Media,1,5260,Mature Low Spender,Target with social media ads
49,Male,Bangalore,Realme,Android,6.9,29.7,105.3,57,3.4,2373,4.6,3.7,370,Gaming,1,2743,Mature Low Spender,Target with social media ads
49,Female,Bangalore,Nokia,Android,10.0,19.3,130.9,111,3.2,5724,0.6,1.4,1638,Education,1,7362,Mature Low Spender,Target with social media ads
37,Other,Jaipur,Samsung,iOS,7.2,28.0,110.3,176,4.0,4237,3.8,2.7,1545,Work,1,5782,Mature Low Spender,Target with social media ads
53,Male,Lucknow,Realme,iOS,4.1,13.2,62.2,45,3.1,997,7.3,1.8,1105,Gaming,1,2102,Mature Low Spender,Target with social media ads
40,Female,Lucknow,Vivo,iOS,9.0,30.9,48.1,32,3.4,4740,1.0,4.3,588,Work,1,5328,Mature Low Spender,Target with social media ads
48,Male,Jaipur,Apple,iOS,10.1,4.8,268.9,125,4.6,4156,4.3,1.5,209,Entertainment,1,4365,Mature Low Spender,Target with social media ads
45,Female,Kolkata,Xiaomi,iOS,8.4,20.0,241.5,124,2.2,1179,6.1,4.9,911,Education,1,2090,Mature Low Spender,Target with social media ads
44,Male,Pune,Xiaomi,iOS,3.2,29.5,184.2,162,4.4,1495,4.6,4.0,423,Social Media,1,1918,Mature Low Spender,Target with social media ads
58,Female,Jaipur,Oppo,iOS,3.1,15.4,189.8,127,3.2,1773,3.8,4.3,1081,Entertainment,1,2854,Mature Low Spender,Target with social media ads
35,Female,Chennai,Realme,iOS,7.4,3.8,200.4,175,5.9,1998,6.4,3.3,1134,Social Media,1,3132,Mature Low Spender,Target with social media ads
56,Other,Mumbai,OnePlus,Android,7.6,9.3,101.7,147,2.7,2840,4.7,1.3,574,Work,1,3414,Mature Low Spender,Target with social media ads
47,Other,Ahmedabad,Apple,Android,1.2,44.3,227.2,155,4.0,749,7.6,4.4,1416,Gaming,1,2165,Mature Low Spender,Target with social media ads
48,Female,Hyderabad,Xiaomi,Android,4.8,20.0,178.1,98,1.4,1052,1.8,2.3,567,Entertainment,1,1619,Mature Low Spender,Target with social media ads
45,Female,Ahmedabad,Samsung,iOS,8.3,27.6,27.2,61,3.1,5232,3.2,0.9,1102,Work,1,6334,Mature Low Spender,Target with social media ads
41,Male,Mumbai,Oppo,Android,2.3,33.9,89.7,194,0.9,1097,2.4,3.3,1376,Work,1,2473,Mature Low Spender,Target with social media ads
60,Other,Lucknow,Vivo,Android,10.6,26.0,107.6,29,2.9,1042,5.2,3.6,996,Work,1,2038,Mature Low Spender,Target with social media ads
49,Female,Lucknow,Samsung,Android,1.4,47.3,189.5,178,3.6,6291,1.7,2.9,1666,Gaming,1,7957,Mature Low Spender,Target with social media ads
39,Female,Chennai,Apple,iOS,11.5,4.2,199.3,159,5.2,434,7.3,0.5,811,Work,1,1245,Mature Low Spender,Target with social media ads
60,Male,Mumbai,Apple,iOS,10.4,35.4,263.5,188,1.3,192,7.7,0.6,557,Social Media,1,749,Mature Low Spender,Target with social media ads
53,Other,Ahmedabad,Samsung,iOS,10.4,19.7,57.2,26,4.2,2280,2.6,1.1,449,Gaming,1,2729,Mature Low Spender,Target with social media ads
36,Female,Ahmedabad,Vivo,iOS,8.9,22.9,7.3,126,3.6,3472,7.6,1.3,1062,Gaming,1,4534,Mature Low Spender,Target with social media ads
47,Other,Mumbai,Oppo,Android,8.8,43.6,255.4,147,6.0,2880,1.7,4.8,283,Social Media,1,3163,Mature Low Spender,Target with social media ads
46,Other,Jaipur,Apple,Android,3.9,9.8,164.1,34,3.7,4484,2.7,3.7,650,Gaming,1,5134,Mature Low Spender,Target with social media ads
59,Other,Jaipur,OnePlus,iOS,5.4,39.2,201.9,111,1.9,1200,1.4,0.3,1696,Work,1,2896,Mature Low Spender,Target with social media ads
52,Male,Pune,Nokia,iOS,7.6,6.7,103.2,49,2.3,3916,7.0,4.7,718,Entertainment,1,4634,Mature Low Spender,Target with social media ads
44,Other,Kolkata,Nokia,iOS,2.5,16.8,271.4,166,3.3,2654,1.5,4.9,391,Social Media,1,3045,Mature Low Spender,Target with social media ads
60,Male,Ahmedabad,Realme,Android,9.7,24.8,92.1,48,3.3,6585,2.5,2.2,954,Work,1,7539,Mature Low Spender,Target with social media ads
46,Female,Hyderabad,Realme,iOS,5.2,34.8,92.2,49,2.8,3207,3.9,2.2,828,Education,1,4035,Mature Low Spender,Target with social media ads
47,Female,Kolkata,Realme,iOS,8.9,27.6,250.2,192,5.0,1538,2.2,3.1,1492,Gaming,1,3030,Mature Low Spender,Target with social media ads
48,Female,Hyderabad,Realme,Android,11.9,18.5,134.9,97,5.5,4555,4.6,4.4,353,Social Media,1,4908,Mature Low Spender,Target with social media ads
47,Male,Jaipur,Samsung,iOS,8.4,2.3,158.9,184,2.6,2447,2.2,4.7,237,Work,1,2684,Mature Low Spender,Target with social media ads
43,Female,Hyderabad,Xiaomi,Android,5.1,5.0,17.9,132,2.3,220,7.5,2.4,1551,Work,1,1771,Mature Low Spender,Target with social media ads
46,Other,Lucknow,Samsung,Android,9.6,16.9,182.0,56,3.4,3757,4.1,2.0,886,Gaming,1,4643,Mature Low Spender,Target with social media ads
52,Other,Jaipur,Motorola,iOS,9.8,31.2,224.2,23,1.9,3418,3.4,3.4,114,Entertainment,1,3532,Mature Low Spender,Target with social media ads
51,Male,Pune,Google Pixel,Android,9.8,4.1,118.2,22,5.9,3714,6.4,2.3,943,Gaming,1,4657,Mature Low Spender,Target with social media ads
49,Other,Kolkata,OnePlus,Android,4.8,3.6,142.9,184,5.6,1495,6.7,3.9,930,Work,1,2425,Mature Low Spender,Target with social media ads
52,Female,Pune,Motorola,iOS,4.2,42.5,146.1,108,5.3,2893,2.9,4.9,927,Social Media,1,3820,Mature Low Spender,Target with social media ads
55,Male,Jaipur,Realme,Android,5.0,36.6,80.2,93,5.1,2653,4.0,2.0,1203,Social Media,1,3856,Mature Low Spender,Target with social media ads
55,Male,Delhi,Samsung,Android,4.9,17.6,138.2,109,1.7,1885,3.2,2.0,215,Education,1,2100,Mature Low Spender,Target with social media ads
50,Female,Bangalore,Samsung,iOS,3.7,36.3,228.7,167,3.2,4548,3.4,4.0,1247,Work,1,5795,Mature Low Spender,Target with social media ads
46,Female,Bangalore,OnePlus,Android,4.4,29.8,265.3,175,3.1,3049,7.0,4.4,275,Social Media,1,3324,Mature Low Spender,Target with social media ads
42,Male,Kolkata,Xiaomi,iOS,2.8,16.3,145.8,85,4.3,4358,6.0,3.3,1047,Gaming,1,5405,Mature Low Spender,Target with social media ads
38,Female,Chennai,Motorola,iOS,9.8,27.5,176.4,172,5.8,2604,4.0,4.3,1785,Education,1,4389,Mature Low Spender,Target with social media ads
52,Male,Ahmedabad,Nokia,iOS,8.3,32.3,179.8,112,4.9,2029,2.2,4.7,648,Education,1,2677,Mature Low Spender,Target with social media ads
54,Other,Lucknow,Xiaomi,iOS,10.1,2.5,94.6,190,3.1,3728,7.5,1.1,473,Work,1,4201,Mature Low Spender,Target with social media ads
42,Other,Chennai,Samsung,Android,6.4,39.7,26.2,55,3.2,1263,6.5,2.0,550,Work,1,1813,Mature Low Spender,Target with social media ads
55,Female,Bangalore,Google Pixel,Android,7.0,38.3,222.2,68,3.8,1685,4.7,1.2,256,Social Media,1,1941,Mature Low Spender,Target with social media ads
42,Male,Chennai,Samsung,iOS,8.3,26.1,62.8,105,4.3,673,7.4,3.4,1587,Social Media,1,2260,Mature Low Spender,Target with social media ads
48,Other,Jaipur,Samsung,iOS,9.9,4.3,116.7,62,3.8,2006,1.4,2.3,1247,Entertainment,1,3253,Mature Low Spender,Target with social media ads
46,Female,Kolkata,Apple,iOS,11.1,36.4,223.6,98,3.3,2639,5.0,1.2,814,Social Media,1,3453,Mature Low Spender,Target with social media ads
58,Female,Jaipur,Realme,Android,4.7,47.9,116.8,118,1.6,2999,2.8,1.3,1289,Gaming,1,4288,Mature Low Spender,Target with social media ads
53,Female,Kolkata,OnePlus,iOS,2.0,43.0,173.4,45,3.4,1804,5.3,0.7,210,Education,1,2014,Mature Low Spender,Target with social media ads
37,Other,Hyderabad,Apple,Android,10.0,7.4,225.1,190,4.4,336,7.2,2.4,458,Entertainment,1,794,Mature Low Spender,Target with social media ads
40,Other,Chennai,Vivo,Android,10.2,35.2,167.2,161,2.6,3618,0.8,2.8,770,Work,1,4388,Mature Low Spender,Target with social media ads
57,Male,Delhi,Nokia,iOS,2.4,30.6,243.8,25,5.1,4055,4.4,0.6,1262,Entertainment,1,5317,Mature Low Spender,Target with social media ads
57,Other,Jaipur,Motorola,iOS,5.7,32.3,65.3,40,5.3,2586,3.3,1.4,1801,Education,1,4387,Mature Low Spender,Target with social media ads
46,Female,Kolkata,Samsung,iOS,5.6,17.3,211.6,96,1.2,1535,6.2,4.1,487,Social Media,1,2022,Mature Low Spender,Target with social media ads
48,Female,Mumbai,Motorola,Android,8.9,18.0,121.9,118,5.2,160,3.6,0.4,1217,Work,1,1377,Mature Low Spender,Target with social media ads
47,Other,Kolkata,OnePlus,Android,1.6,8.9,84.5,44,2.1,467,2.2,4.1,465,Entertainment,1,932,Mature Low Spender,Target with social media ads
54,Other,Jaipur,Xiaomi,Android,4.5,30.5,38.9,183,5.8,4414,2.3,1.4,988,Entertainment,1,5402,Mature Low Spender,Target with social media ads
47,Female,Delhi,Samsung,Android,10.9,42.4,119.4,64,1.8,1571,3.4,2.3,1989,Education,1,3560,Mature Low Spender,Target with social media ads
41,Other,Pune,Apple,iOS,8.9,16.3,67.2,103,3.7,958,1.9,1.1,1413,Social Media,1,2371,Mature Low Spender,Target with social media ads
57,Female,Pune,Samsung,Android,10.7,9.9,86.6,113,3.7,4361,7.7,1.5,516,Social Media,1,4877,Mature Low Spender,Target with social media ads
60,Male,Ahmedabad,Xiaomi,iOS,11.8,48.1,278.9,125,2.6,4877,6.0,4.1,784,Entertainment,1,5661,Mature Low Spender,Target with social media ads
43,Female,Pune,OnePlus,iOS,7.2,49.9,167.3,190,4.8,156,4.8,3.8,465,Gaming,1,621,Mature Low Spender,Target with social media ads
55,Male,Kolkata,OnePlus,iOS,8.4,43.7,234.3,99,1.5,967,4.6,2.6,761,Gaming,1,1728,Mature Low Spender,Target with social media ads
59,Other,Delhi,Vivo,Android,2.3,37.8,259.1,36,5.0,5279,4.2,3.4,1971,Education,1,7250,Mature Low Spender,Target with social media ads
60,Other,Delhi,Google Pixel,iOS,10.1,8.6,134.5,136,0.8,3133,2.1,2.7,347,Entertainment,1,3480,Mature Low Spender,Target with social media ads
55,Male,Chennai,Motorola,iOS,3.1,45.3,115.0,192,2.5,2225,3.0,1.4,118,Education,1,2343,Mature Low Spender,Target with social media ads
53,Other,Delhi,Oppo,iOS,9.4,44.6,8.2,22,3.6,2786,6.7,0.5,106,Work,1,2892,Mature Low Spender,Target with social media ads
55,Female,Kolkata,Vivo,iOS,5.5,21.3,89.0,75,5.0,2384,7.5,4.6,146,Entertainment,1,2530,Mature Low Spender,Target with social media ads
46,Male,Kolkata,Xiaomi,iOS,8.2,22.2,64.6,97,4.9,4490,6.9,4.3,610,Gaming,1,5100,Mature Low Spender,Target with social media ads
52,Female,Chennai,Vivo,iOS,1.3,29.4,57.0,36,3.7,2420,2.2,3.7,165,Entertainment,1,2585,Mature Low Spender,Target with social media ads
45,Male,Ahmedabad,Vivo,Android,1.3,8.2,255.6,61,5.6,1394,7.9,3.5,1890,Education,1,3284,Mature Low Spender,Target with social media ads
58,Female,Ahmedabad,Samsung,Android,5.8,4.7,137.5,138,3.5,4242,3.4,3.6,817,Work,1,5059,Mature Low Spender,Target with social media ads
60,Male,Lucknow,OnePlus,iOS,8.3,48.9,44.2,195,3.8,4073,0.6,2.3,1451,Work,1,5524,Mature Low Spender,Target with social media ads
59,Male,Jaipur,Motorola,iOS,10.0,35.4,59.7,183,1.6,3345,2.3,1.8,804,Gaming,1,4149,Mature Low Spender,Target with social media ads
45,Male,Delhi,OnePlus,Android,3.4,47.7,115.3,140,2.5,3476,3.6,1.5,1807,Work,1,5283,Mature Low Spender,Target with social media ads
55,Male,Kolkata,Nokia,Android,8.4,32.6,169.8,21,3.5,2245,6.0,0.8,1360,Education,1,3605,Mature Low Spender,Target with social media ads
50,Female,Jaipur,OnePlus,Android,10.7,31.2,242.1,194,2.5,393,6.7,2.8,790,Social Media,1,1183,Mature Low Spender,Target with social media ads
55,Male,Chennai,Vivo,Android,6.0,49.8,239.2,168,3.0,6144,5.7,2.1,1893,Social Media,1,8037,Mature Low Spender,Target with social media ads
58,Other,Delhi,Realme,Android,8.7,46.1,152.3,75,0.7,3020,7.3,2.9,1896,Work,1,4916,Mature Low Spender,Target with social media ads
58,Male,Hyderabad,OnePlus,Android,3.2,35.4,152.2,56,4.7,2614,5.0,2.2,880,Education,1,3494,Mature Low Spender,Target with social media ads
54,Other,Mumbai,Google Pixel,iOS,1.5,49.3,124.5,34,2.8,3371,5.9,1.2,1336,Work,1,4707,Mature Low Spender,Target with social media ads
55,Male,Jaipur,Vivo,iOS,2.2,29.7,112.7,77,0.9,336,7.3,2.9,926,Entertainment,1,1262,Mature Low Spender,Target with social media ads
35,Male,Hyderabad,Apple,Android,3.0,42.4,79.1,62,4.5,2501,3.7,3.9,1398,Work,1,3899,Mature Low Spender,Target with social media ads
52,Female,Kolkata,Vivo,Android,3.5,40.1,247.0,52,0.9,3036,4.0,3.6,621,Social Media,1,3657,Mature Low Spender,Target with social media ads
53,Male,Kolkata,Motorola,Android,4.3,18.9,59.7,142,2.4,1551,5.1,3.6,1667,Gaming,1,3218,Mature Low Spender,Target with social media ads
57,Male,Kolkata,Xiaomi,iOS,7.4,13.2,196.2,145,3.6,4642,7.9,4.9,1041,Gaming,1,5683,Mature Low Spender,Target with social media ads
52,Other,Bangalore,Google Pixel,iOS,3.5,13.8,33.7,175,3.6,1829,2.0,1.5,1135,Social Media,1,2964,Mature Low Spender,Target with social media ads
58,Male,Lucknow,Samsung,Android,11.0,32.8,132.8,120,5.6,6172,0.7,0.0,1229,Work,1,7401,Mature Low Spender,Target with social media ads
39,Male,Lucknow,Samsung,iOS,7.5,49.6,221.2,151,3.3,808,2.8,4.6,175,Education,1,983,Mature Low Spender,Target with social media ads
55,Other,Mumbai,Xiaomi,Android,7.6,8.9,140.6,32,3.7,458,3.1,4.8,603,Work,1,1061,Mature Low Spender,Target with social media ads
48,Other,Delhi,Vivo,Android,8.3,29.0,155.4,161,4.0,239,5.4,2.2,853,Entertainment,1,1092,Mature Low Spender,Target with social media ads
38,Female,Kolkata,Vivo,iOS,3.3,22.0,218.3,134,5.2,1401,6.1,4.3,539,Gaming,1,1940,Mature Low Spender,Target with social media ads
44,Male,Kolkata,Nokia,iOS,2.7,24.8,288.2,97,5.2,2741,7.2,3.3,1529,Work,1,4270,Mature Low Spender,Target with social media ads
36,Female,Kolkata,Samsung,iOS,4.6,12.1,244.4,62,5.6,1942,6.5,4.7,1039,Work,1,2981,Mature Low Spender,Target with social media ads
52,Male,Bangalore,Realme,Android,5.1,13.5,225.7,168,3.9,6166,5.6,4.1,413,Entertainment,1,6579,Mature Low Spender,Target with social media ads
45,Other,Kolkata,Motorola,iOS,3.1,46.7,186.9,127,1.9,1837,1.6,2.0,123,Gaming,1,1960,Mature Low Spender,Target with social media ads
42,Female,Bangalore,Google Pixel,Android,11.8,36.0,96.4,188,4.9,266,1.9,2.4,217,Education,1,483,Mature Low Spender,Target with social media ads
41,Female,Delhi,Motorola,iOS,8.4,37.7,274.4,122,5.0,2753,0.6,1.3,1219,Gaming,1,3972,Mature Low Spender,Target with social media ads
44,Male,Hyderabad,Samsung,Android,7.4,20.1,166.3,115,1.4,963,7.6,3.6,106,Entertainment,1,1069,Mature Low Spender,Target with social media ads
55,Male,Hyderabad,Google Pixel,iOS,11.9,37.9,62.6,35,4.2,284,0.8,1.6,208,Education,1,492,Mature Low Spender,Target with social media ads
40,Other,Kolkata,Nokia,Android,11.5,30.1,14.1,139,5.3,1856,3.2,3.8,1327,Education,1,3183,Mature Low Spender,Target with social media ads
55,Female,Bangalore,Google Pixel,iOS,2.7,26.3,21.5,139,2.2,1835,5.2,1.8,565,Education,1,2400,Mature Low Spender,Target with social media ads
39,Male,Bangalore,Realme,Android,8.2,39.3,238.8,71,2.8,2045,2.9,2.7,1820,Work,1,3865,Mature Low Spender,Target with social media ads
52,Other,Lucknow,Realme,Android,1.9,39.9,19.4,68,5.7,2768,1.3,0.3,1407,Work,1,4175,Mature Low Spender,Target with social media ads
46,Other,Mumbai,Realme,iOS,8.9,21.9,71.7,134,5.9,846,4.0,4.7,343,Education,1,1189,Mature Low Spender,Target with social media ads
52,Male,Lucknow,OnePlus,Android,8.0,16.3,117.6,174,2.3,3877,5.6,2.2,1129,Social Media,1,5006,Mature Low Spender,Target with social media ads
56,Female,Chennai,Nokia,iOS,10.8,26.4,95.9,149,4.6,6233,1.9,2.0,223,Education,1,6456,Mature Low Spender,Target with social media ads
60,Other,Bangalore,Xiaomi,Android,4.9,43.1,236.0,166,2.8,3540,3.6,0.9,139,Social Media,1,3679,Mature Low Spender,Target with social media ads
47,Female,Lucknow,Samsung,Android,7.3,35.0,96.1,28,5.0,3488,1.6,4.0,1534,Entertainment,1,5022,Mature Low Spender,Target with social media ads
45,Female,Chennai,Realme,iOS,5.9,30.9,17.7,76,4.1,2951,7.6,3.9,1672,Entertainment,1,4623,Mature Low Spender,Target with social media ads
56,Other,Ahmedabad,Google Pixel,iOS,10.9,48.3,89.4,69,4.8,588,2.5,4.9,486,Gaming,1,1074,Mature Low Spender,Target with social media ads
47,Female,Jaipur,Google Pixel,iOS,5.5,47.4,199.3,32,2.4,2457,5.5,4.8,275,Entertainment,1,2732,Mature Low Spender,Target with social media ads
55,Male,Bangalore,Google Pixel,Android,6.3,31.3,199.5,76,3.1,2506,7.0,2.4,867,Social Media,1,3373,Mature Low Spender,Target with social media ads
48,Male,Ahmedabad,Vivo,Android,11.8,15.5,138.8,70,5.1,4705,5.0,0.5,519,Education,1,5224,Mature Low Spender,Target with social media ads
57,Male,Bangalore,OnePlus,Android,3.8,30.1,284.2,27,3.0,5773,6.2,4.4,1408,Work,1,7181,Mature Low Spender,Target with social media ads
53,Male,Jaipur,Nokia,iOS,7.2,44.6,177.8,59,1.9,3005,6.7,2.6,422,Entertainment,1,3427,Mature Low Spender,Target with social media ads
55,Other,Chennai,Samsung,iOS,3.9,20.5,207.8,77,2.8,2000,7.5,2.0,1316,Education,1,3316,Mature Low Spender,Target with social media ads
49,Other,Ahmedabad,Realme,Android,9.6,44.4,182.4,184,2.7,3341,5.5,3.1,206,Social Media,1,3547,Mature Low Spender,Target with social media ads
41,Other,Hyderabad,Motorola,Android,2.8,12.4,163.6,68,2.9,1821,5.9,2.0,355,Social Media,1,2176,Mature Low Spender,Target with social media ads
43,Male,Hyderabad,Vivo,iOS,3.5,41.7,119.7,124,2.2,112,1.4,4.1,1386,Entertainment,1,1498,Mature Low Spender,Target with social media ads
54,Female,Chennai,Realme,Android,2.5,27.5,45.6,18,4.8,4827,3.0,0.7,679,Gaming,1,5506,Mature Low Spender,Target with social media ads
59,Male,Jaipur,Vivo,Android,4.3,5.4,122.2,56,3.0,431,1.6,0.3,919,Work,1,1350,Mature Low Spender,Target with social media ads
50,Female,Mumbai,Oppo,Android,5.0,42.5,16.5,126,0.9,1211,3.6,2.5,1424,Education,1,2635,Mature Low Spender,Target with social media ads
46,Female,Mumbai,Nokia,Android,8.1,42.9,39.9,86,2.5,4459,4.3,2.7,1741,Gaming,1,6200,Mature Low Spender,Target with social media ads
58,Other,Ahmedabad,OnePlus,Android,10.4,25.2,22.2,27,4.8,4281,6.6,4.1,649,Work,1,4930,Mature Low Spender,Target with social media ads
55,Other,Lucknow,Apple,iOS,2.3,33.3,230.8,102,3.3,6166,6.6,3.8,1698,Social Media,1,7864,Mature Low Spender,Target with social media ads
49,Female,Chennai,Google Pixel,iOS,2.7,25.5,214.1,81,5.8,3884,1.8,2.3,813,Gaming,1,4697,Mature Low Spender,Target with social media ads
54,Other,Kolkata,Nokia,Android,6.9,17.7,223.3,153,0.8,991,4.7,3.9,1117,Work,1,2108,Mature Low Spender,Target with social media ads
43,Female,Lucknow,OnePlus,iOS,2.1,34.0,129.8,120,5.7,3754,2.9,0.8,1978,Gaming,1,5732,Mature Low Spender,Target with social media ads
40,Male,Lucknow,Motorola,Android,9.0,27.4,274.6,76,2.9,2016,1.0,2.7,1880,Social Media,1,3896,Mature Low Spender,Target with social media ads
54,Female,Chennai,Realme,Android,5.4,22.2,272.1,98,4.4,3819,2.8,3.7,1997,Work,1,5816,Mature Low Spender,Target with social media ads
48,Female,Pune,Apple,iOS,1.9,1.2,32.3,20,2.0,363,5.5,3.5,1132,Entertainment,1,1495,Mature Low Spender,Target with social media ads
44,Female,Mumbai,Apple,iOS,5.2,36.1,169.2,187,3.7,3970,6.3,1.0,707,Social Media,1,4677,Mature Low Spender,Target with social media ads
55,Other,Lucknow,Vivo,iOS,4.0,13.1,45.7,110,5.2,2852,5.9,2.4,796,Gaming,1,3648,Mature Low Spender,Target with social media ads
49,Other,Hyderabad,Nokia,iOS,11.1,9.9,29.1,13,3.9,727,6.4,4.6,1730,Work,1,2457,Mature Low Spender,Target with social media ads
39,Male,Kolkata,Realme,iOS,10.4,47.2,297.8,32,5.0,2449,6.6,3.4,1772,Education,1,4221,Mature Low Spender,Target with social media ads
44,Other,Mumbai,Samsung,Android,4.2,39.6,149.4,116,6.0,3048,7.6,2.3,1893,Social Media,1,4941,Mature Low Spender,Target with social media ads
58,Other,Chennai,Samsung,Android,10.9,28.4,273.7,127,3.4,2924,2.8,3.3,1192,Education,1,4116,Mature Low Spender,Target with social media ads
45,Male,Bangalore,OnePlus,iOS,4.2,38.8,265.4,55,5.0,2628,5.6,2.7,185,Gaming,1,2813,Mature Low Spender,Target with social media ads
41,Male,Delhi,Oppo,iOS,8.9,31.0,45.3,81,2.9,1796,4.2,2.7,653,Education,1,2449,Mature Low Spender,Target with social media ads
38,Female,Bangalore,Xiaomi,iOS,5.8,29.5,78.5,72,4.7,297,3.6,2.4,789,Work,1,1086,Mature Low Spender,Target with social media ads
47,Other,Mumbai,Realme,Android,3.4,36.9,179.3,101,2.3,4596,7.3,1.5,345,Gaming,1,4941,Mature Low Spender,Target with social media ads
60,Other,Delhi,Samsung,Android,2.8,23.0,8.8,75,2.9,6500,8.0,4.2,130,Entertainment,1,6630,Mature Low Spender,Target with social media ads
51,Other,Delhi,Apple,Android,3.5,5.8,289.0,184,1.9,1348,4.1,1.8,658,Education,1,2006,Mature Low Spender,Target with social media ads
56,Male,Kolkata,Nokia,iOS,2.6,23.9,254.4,180,2.0,4018,1.2,3.7,807,Education,1,4825,Mature Low Spender,Target with social media ads
41,Other,Pune,OnePlus,iOS,8.8,6.6,131.5,172,1.9,2998,2.8,2.3,1934,Social Media,1,4932,Mature Low Spender,Target with social media ads
56,Male,Bangalore,Google Pixel,iOS,8.6,36.1,255.4,142,5.8,1301,4.2,0.7,209,Entertainment,1,1510,Mature Low Spender,Target with social media ads
52,Other,Bangalore,Oppo,iOS,4.6,29.1,56.7,139,4.2,6177,5.9,1.9,1983,Work,1,8160,Mature Low Spender,Target with social media ads
51,Female,Jaipur,Google Pixel,Android,3.6,16.6,98.5,167,5.1,1073,6.3,1.2,1369,Social Media,1,2442,Mature Low Spender,Target with social media ads
59,Female,Mumbai,Xiaomi,iOS,10.8,9.3,136.9,87,3.9,7607,2.6,4.2,530,Education,1,8137,Mature Low Spender,Target with social media ads
51,Female,Bangalore,Xiaomi,iOS,8.6,1.4,42.5,86,4.8,1535,7.2,2.6,393,Gaming,1,1928,Mature Low Spender,Target with social media ads
50,Female,Delhi,Samsung,Android,7.2,45.0,126.5,129,2.2,2013,4.8,1.1,1499,Entertainment,1,3512,Mature Low Spender,Target with social media ads
55,Other,Lucknow,Samsung,iOS,2.1,1.2,254.3,105,3.7,4820,2.1,4.0,1584,Social Media,1,6404,Mature Low Spender,Target with social media ads
40,Other,Delhi,Realme,iOS,3.7,22.9,245.6,100,4.4,2907,7.3,1.2,1810,Education,1,4717,Mature Low Spender,Target with social media ads
56,Male,Pune,Xiaomi,Android,8.4,12.4,118.5,127,5.9,2625,3.4,3.8,649,Social Media,1,3274,Mature Low Spender,Target with social media ads
51,Male,Pune,Apple,Android,7.1,16.0,184.9,20,3.2,3628,4.4,3.4,671,Work,1,4299,Mature Low Spender,Target with social media ads
46,Male,Jaipur,Oppo,iOS,1.8,18.2,7.5,197,1.8,2592,1.6,4.1,812,Social Media,1,3404,Mature Low Spender,Target with social media ads
49,Female,Chennai,Apple,iOS,1.8,6.2,126.3,94,0.8,969,6.8,2.0,307,Social Media,1,1276,Mature Low Spender,Target with social media ads
56,Female,Ahmedabad,Samsung,iOS,9.3,21.7,289.1,80,2.5,3150,7.5,2.5,507,Entertainment,1,3657,Mature Low Spender,Target with social media ads
58,Female,Pune,Samsung,Android,8.5,21.1,116.4,121,5.4,5973,6.1,2.1,403,Entertainment,1,6376,Mature Low Spender,Target with social media ads
36,Other,Chennai,Nokia,Android,3.7,31.3,22.3,165,3.9,3293,3.2,4.6,572,Gaming,1,3865,Mature Low Spender,Target with social media ads
56,Other,Hyderabad,Nokia,iOS,3.5,21.0,159.5,185,2.4,1170,2.5,1.0,105,Gaming,1,1275,Mature Low Spender,Target with social media ads
52,Other,Delhi,Realme,Android,6.1,41.3,26.5,100,5.6,3865,0.7,1.8,1508,Entertainment,1,5373,Mature Low Spender,Target with social media ads
44,Female,Pune,Motorola,iOS,2.4,30.7,77.7,112,2.9,3430,0.8,4.4,1541,Education,1,4971,Mature Low Spender,Target with social media ads
41,Other,Hyderabad,Realme,Android,1.5,5.2,133.0,163,5.5,1199,2.8,2.5,1238,Education,1,2437,Mature Low Spender,Target with social media ads
49,Female,Lucknow,Realme,Android,4.2,18.1,164.0,156,0.7,514,5.7,4.4,1629,Entertainment,1,2143,Mature Low Spender,Target with social media ads
53,Female,Ahmedabad,Apple,iOS,8.0,32.6,178.0,96,5.5,721,1.2,4.1,999,Gaming,1,1720,Mature Low Spender,Target with social media ads
52,Male,Ahmedabad,Oppo,iOS,9.2,34.1,58.4,188,3.5,6688,1.8,0.6,1750,Entertainment,1,8438,Mature Low Spender,Target with social media ads
60,Male,Pune,Apple,iOS,1.4,15.3,49.1,192,3.0,4548,6.2,4.0,233,Social Media,1,4781,Mature Low Spender,Target with social media ads
51,Female,Delhi,Google Pixel,iOS,11.6,43.8,240.5,89,4.2,363,7.9,1.3,686,Gaming,1,1049,Mature Low Spender,Target with social media ads
59,Male,Jaipur,Motorola,Android,1.9,38.3,33.7,108,5.5,198,2.7,2.9,1912,Work,1,2110,Mature Low Spender,Target with social media ads
50,Other,Lucknow,Nokia,iOS,4.4,38.4,68.1,88,2.6,649,3.7,1.2,995,Education,1,1644,Mature Low Spender,Target with social media ads
38,Other,Mumbai,Nokia,Android,6.6,49.2,157.4,149,5.0,3499,6.5,2.2,1761,Social Media,1,5260,Mature Low Spender,Target with social media ads
40,Other,Pune,Oppo,Android,8.8,30.4,179.2,101,5.3,1221,1.5,0.0,266,Gaming,1,1487,Mature Low Spender,Target with social media ads
57,Other,Chennai,Xiaomi,Android,6.1,35.3,112.5,173,4.2,6394,7.7,4.9,316,Social Media,1,6710,Mature Low Spender,Target with social media ads
59,Other,Jaipur,Nokia,iOS,5.2,29.1,179.6,57,2.7,5535,4.4,3.5,812,Gaming,1,6347,Mature Low Spender,Target with social media ads
52,Female,Hyderabad,Samsung,Android,4.3,20.8,171.5,18,1.9,2818,3.7,1.9,594,Social Media,1,3412,Mature Low Spender,Target with social media ads
53,Female,Mumbai,Vivo,Android,9.7,1.0,60.0,196,4.8,5160,5.9,0.5,1519,Gaming,1,6679,Mature Low Spender,Target with social media ads
58,Other,Jaipur,Xiaomi,Android,9.8,3.5,48.3,150,4.3,4201,3.9,2.0,1450,Entertainment,1,5651,Mature Low Spender,Target with social media ads
50,Male,Jaipur,Xiaomi,Android,9.8,31.7,131.2,40,1.7,2824,2.1,0.9,436,Gaming,1,3260,Mature Low Spender,Target with social media ads
58,Female,Jaipur,Motorola,iOS,9.8,15.9,189.7,65,4.8,1465,0.6,2.1,135,Education,1,1600,Mature Low Spender,Target with social media ads
45,Male,Kolkata,Apple,Android,9.4,49.9,123.1,140,3.7,3708,1.4,1.7,917,Education,1,4625,Mature Low Spender,Target with social media ads
38,Male,Mumbai,Xiaomi,Android,10.1,41.9,242.3,60,5.6,274,7.0,2.3,968,Social Media,1,1242,Mature Low Spender,Target with social media ads
39,Female,Hyderabad,Realme,iOS,9.6,26.2,56.9,161,5.0,499,5.0,1.1,100,Work,1,599,Mature Low Spender,Target with social media ads
52,Female,Kolkata,Xiaomi,Android,4.4,48.3,261.6,145,2.4,1040,5.3,0.7,1910,Education,1,2950,Mature Low Spender,Target with social media ads
47,Female,Hyderabad,Xiaomi,iOS,2.1,8.2,286.2,197,4.6,1431,7.0,5.0,927,Work,1,2358,Mature Low Spender,Target with social media ads
41,Other,Jaipur,Realme,iOS,5.8,41.5,277.0,146,4.4,4199,4.6,2.9,1177,Entertainment,1,5376,Mature Low Spender,Target with social media ads
50,Male,Bangalore,OnePlus,Android,10.2,5.9,183.0,131,0.9,2510,5.2,0.8,545,Education,1,3055,Mature Low Spender,Target with social media ads
37,Male,Delhi,Motorola,Android,8.4,16.6,243.1,198,5.1,1111,3.9,1.0,1936,Entertainment,1,3047,Mature Low Spender,Target with social media ads
54,Male,Hyderabad,Apple,Android,6.0,34.1,286.1,194,4.8,2331,3.9,1.6,1834,Social Media,1,4165,Mature Low Spender,Target with social media ads
38,Male,Chennai,Realme,iOS,10.2,13.4,15.9,66,5.8,2304,4.5,4.7,204,Work,1,2508,Mature Low Spender,Target with social media ads
54,Male,Hyderabad,Oppo,iOS,6.0,19.4,48.1,54,3.1,5632,6.1,2.2,288,Education,1,5920,Mature Low Spender,Target with social media ads
46,Male,Chennai,Motorola,iOS,6.5,11.0,23.7,183,3.6,324,5.4,1.9,202,Education,1,526,Mature Low Spender,Target with social media ads
59,Other,Jaipur,Apple,iOS,9.2,11.7,185.5,180,1.9,4647,5.4,3.8,1467,Work,1,6114,Mature Low Spender,Target with social media ads
55,Male,Kolkata,Vivo,Android,9.2,14.1,60.0,21,4.2,1943,3.2,4.3,1544,Gaming,1,3487,Mature Low Spender,Target with social media ads
40,Other,Mumbai,OnePlus,Android,8.4,7.1,132.6,46,4.8,600,2.5,3.5,305,Entertainment,1,905,Mature Low Spender,Target with social media ads
35,Other,Ahmedabad,Samsung,Android,7.7,10.2,92.6,184,4.8,1213,6.7,0.3,588,Work,1,1801,Mature Low Spender,Target with social media ads
58,Male,Kolkata,Vivo,iOS,5.9,20.7,197.7,161,1.1,2437,2.5,3.0,1280,Work,1,3717,Mature Low Spender,Target with social media ads
46,Female,Bangalore,Xiaomi,Android,5.0,22.5,187.5,57,4.6,4385,1.7,0.7,1005,Gaming,1,5390,Mature Low Spender,Target with social media ads
43,Male,Mumbai,Google Pixel,iOS,8.6,37.7,285.4,90,3.7,1964,4.7,3.0,577,Social Media,1,2541,Mature Low Spender,Target with social media ads
52,Other,Hyderabad,Apple,iOS,3.9,18.9,154.6,120,3.7,3917,7.8,4.6,264,Social Media,1,4181,Mature Low Spender,Target with social media ads
53,Other,Kolkata,Apple,iOS,2.6,17.7,176.5,151,3.8,2632,5.1,5.0,1861,Work,1,4493,Mature Low Spender,Target with social media ads
57,Female,Lucknow,OnePlus,iOS,10.5,10.5,74.5,139,3.4,2772,5.5,3.0,1992,Work,1,4764,Mature Low Spender,Target with social media ads
54,Other,Hyderabad,Apple,Android,10.9,32.8,247.0,157,5.2,2610,2.5,1.7,1505,Entertainment,1,4115,Mature Low Spender,Target with social media ads
43,Male,Lucknow,Oppo,Android,5.7,5.8,92.5,90,3.2,1985,4.1,3.2,697,Education,1,2682,Mature Low Spender,Target with social media ads
57,Other,Mumbai,Realme,Android,8.0,26.5,33.8,132,4.2,1082,7.5,1.5,432,Gaming,1,1514,Mature Low Spender,Target with social media ads
48,Male,Mumbai,Oppo,iOS,7.5,1.6,76.1,173,4.1,3312,7.3,1.6,744,Education,1,4056,Mature Low Spender,Target with social media ads
58,Female,Ahmedabad,Motorola,Android,10.0,44.3,154.5,190,3.4,6723,0.6,0.5,165,Entertainment,1,6888,Mature Low Spender,Target with social media ads
49,Female,Lucknow,Xiaomi,iOS,9.5,27.1,145.1,79,5.0,3032,4.5,1.3,105,Social Media,1,3137,Mature Low Spender,Target with social media ads
47,Other,Hyderabad,Motorola,iOS,10.7,2.1,79.3,121,2.1,393,2.5,0.5,1892,Gaming,1,2285,Mature Low Spender,Target with social media ads
54,Female,Lucknow,Vivo,iOS,7.3,27.7,47.0,138,5.7,3858,0.6,1.6,318,Education,1,4176,Mature Low Spender,Target with social media ads
52,Female,Hyderabad,Motorola,Android,11.3,18.4,210.1,173,4.6,422,6.5,1.7,1594,Gaming,1,2016,Mature Low Spender,Target with social media ads
53,Other,Ahmedabad,Google Pixel,iOS,10.9,23.6,6.9,90,4.0,5852,7.4,1.8,1492,Social Media,1,7344,Mature Low Spender,Target with social media ads
58,Female,Delhi,Realme,Android,2.2,42.6,59.3,100,0.7,2137,1.1,3.0,1602,Gaming,1,3739,Mature Low Spender,Target with social media ads
58,Male,Chennai,Nokia,Android,8.8,6.1,28.4,27,4.8,945,5.0,4.0,1995,Education,1,2940,Mature Low Spender,Target with social media ads
57,Female,Lucknow,Oppo,iOS,8.1,25.8,202.3,129,3.2,5502,2.5,4.3,1775,Work,1,7277,Mature Low Spender,Target with social media ads
54,Other,Hyderabad,Apple,Android,5.7,17.2,291.5,133,5.4,2289,4.3,3.1,601,Social Media,1,2890,Mature Low Spender,Target with social media ads
59,Male,Kolkata,Nokia,Android,10.8,49.4,227.4,94,3.9,1030,7.7,1.4,1750,Gaming,1,2780,Mature Low Spender,Target with social media ads
40,Female,Delhi,Nokia,iOS,5.6,11.0,124.3,10,2.5,538,7.0,1.7,1399,Entertainment,1,1937,Mature Low Spender,Target with social media ads
57,Female,Delhi,Nokia,Android,1.8,36.4,185.2,162,1.5,1124,3.5,4.4,106,Entertainment,1,1230,Mature Low Spender,Target with social media ads
50,Other,Delhi,Google Pixel,iOS,10.1,12.7,173.4,154,2.7,756,2.9,1.0,1985,Entertainment,1,2741,Mature Low Spender,Target with social media ads
38,Male,Chennai,Nokia,Android,11.8,32.0,55.2,147,4.9,1437,3.1,4.4,123,Work,1,1560,Mature Low Spender,Target with social media ads
38,Female,Bangalore,OnePlus,iOS,9.0,22.2,69.5,161,4.5,1235,4.2,3.2,997,Social Media,1,2232,Mature Low Spender,Target with social media ads
44,Female,Kolkata,Apple,iOS,11.7,10.8,51.0,116,2.4,2424,0.6,1.9,595,Gaming,1,3019,Mature Low Spender,Target with social media ads
50,Female,Jaipur,Xiaomi,iOS,7.6,30.8,291.2,24,4.7,799,5.1,0.7,1909,Social Media,1,2708,Mature Low Spender,Target with social media ads
49,Female,Ahmedabad,Samsung,Android,1.7,6.3,282.1,116,2.9,2192,7.0,1.7,1293,Gaming,1,3485,Mature Low Spender,Target with social media ads
50,Female,Kolkata,Oppo,Android,5.6,7.8,127.8,136,4.1,2298,6.9,4.9,302,Social Media,1,2600,Mature Low Spender,Target with social media ads
56,Other,Delhi,Realme,Android,7.3,36.8,135.3,194,4.4,4911,3.1,2.1,1408,Social Media,1,6319,Mature Low Spender,Target with social media ads
40,Other,Chennai,Motorola,Android,9.2,46.9,236.8,20,2.7,1369,7.8,4.3,1031,Education,1,2400,Mature Low Spender,Target with social media ads
43,Female,Lucknow,Vivo,iOS,3.5,13.9,209.6,81,5.4,4244,3.3,3.5,1667,Social Media,1,5911,Mature Low Spender,Target with social media ads
51,Male,Jaipur,Samsung,iOS,4.8,45.8,219.8,22,4.5,1928,2.9,0.1,592,Entertainment,1,2520,Mature Low Spender,Target with social media ads
51,Male,Hyderabad,Oppo,iOS,4.7,12.5,39.9,159,5.4,3163,0.6,1.9,1692,Gaming,1,4855,Mature Low Spender,Target with social media ads
58,Other,Ahmedabad,Google Pixel,Android,1.9,3.9,187.3,61,4.0,1097,7.5,4.8,1247,Work,1,2344,Mature Low Spender,Target with social media ads
53,Male,Chennai,Motorola,Android,5.8,12.7,218.5,182,4.1,4134,1.8,4.5,1475,Entertainment,1,5609,Mature Low Spender,Target with social media ads
44,Male,Hyderabad,Realme,iOS,10.8,9.9,51.0,135,3.3,3272,5.2,2.4,839,Social Media,1,4111,Mature Low Spender,Target with social media ads
53,Other,Hyderabad,Nokia,iOS,2.3,38.7,151.3,63,5.4,3119,4.1,3.6,908,Social Media,1,4027,Mature Low Spender,Target with social media ads
42,Male,Jaipur,OnePlus,iOS,8.2,28.3,12.2,58,4.9,2816,6.2,2.6,768,Social Media,1,3584,Mature Low Spender,Target with social media ads
57,Male,Kolkata,Motorola,iOS,4.7,12.6,196.3,83,4.4,2641,2.0,0.1,1403,Education,1,4044,Mature Low Spender,Target with social media ads
51,Male,Chennai,Xiaomi,Android,4.5,16.2,110.1,25,3.4,4556,2.4,3.7,1912,Entertainment,1,6468,Mature Low Spender,Target with social media ads
46,Female,Lucknow,Xiaomi,Android,9.6,40.7,157.1,141,1.5,735,0.8,1.3,987,Work,1,1722,Mature Low Spender,Target with social media ads
58,Female,Chennai,Nokia,Android,11.9,49.2,253.1,42,2.9,4414,3.3,1.2,1548,Entertainment,1,5962,Mature Low Spender,Target with social media ads
42,Other,Chennai,Motorola,Android,11.0,42.8,261.4,150,5.5,215,0.9,4.3,1185,Gaming,1,1400,Mature Low Spender,Target with social media ads
42,Male,Delhi,Samsung,Android,10.3,4.2,191.2,23,3.7,1963,4.2,2.2,1111,Entertainment,1,3074,Mature Low Spender,Target with social media ads
48,Female,Ahmedabad,Apple,Android,1.4,14.1,274.3,53,1.2,175,7.4,4.0,383,Entertainment,1,558,Mature Low Spender,Target with social media ads
56,Male,Delhi,Google Pixel,iOS,2.8,35.5,34.1,157,4.4,2803,4.7,3.5,954,Social Media,1,3757,Mature Low Spender,Target with social media ads
43,Other,Delhi,Apple,Android,8.9,21.1,258.8,49,4.4,488,7.1,0.3,208,Gaming,1,696,Mature Low Spender,Target with social media ads
44,Female,Mumbai,Apple,iOS,2.0,35.1,226.5,121,5.2,473,3.8,4.1,1690,Entertainment,1,2163,Mature Low Spender,Target with social media ads
59,Other,Mumbai,Realme,iOS,9.6,11.0,279.0,90,4.3,4472,7.6,0.2,931,Education,1,5403,Mature Low Spender,Target with social media ads
52,Other,Mumbai,Motorola,Android,5.3,21.9,204.5,44,2.2,838,7.4,3.9,190,Entertainment,1,1028,Mature Low Spender,Target with social media ads
58,Female,Ahmedabad,Xiaomi,iOS,3.1,9.4,149.3,164,0.7,1277,3.6,4.5,1080,Education,1,2357,Mature Low Spender,Target with social media ads
47,Other,Bangalore,Apple,iOS,11.3,38.2,23.6,193,5.8,3677,5.2,0.1,1552,Work,1,5229,Mature Low Spender,Target with social media ads
59,Female,Chennai,Nokia,iOS,4.8,16.3,185.7,127,1.8,3209,1.2,3.0,1326,Education,1,4535,Mature Low Spender,Target with social media ads
55,Other,Kolkata,Samsung,iOS,8.3,7.1,165.3,96,1.5,3514,6.2,3.5,1271,Social Media,1,4785,Mature Low Spender,Target with social media ads
46,Female,Lucknow,Xiaomi,iOS,1.4,16.5,273.3,61,3.1,3109,7.3,4.2,354,Social Media,1,3463,Mature Low Spender,Target with social media ads
39,Female,Jaipur,Motorola,iOS,9.9,15.4,72.1,127,5.7,357,1.6,5.0,830,Social Media,1,1187,Mature Low Spender,Target with social media ads
54,Female,Delhi,Vivo,iOS,10.4,3.5,182.5,81,3.7,5076,0.9,3.8,195,Gaming,1,5271,Mature Low Spender,Target with social media ads
56,Male,Delhi,Motorola,iOS,8.6,3.6,173.1,102,1.5,3926,2.4,3.2,316,Education,1,4242,Mature Low Spender,Target with social media ads
60,Other,Ahmedabad,Apple,iOS,1.6,50.0,10.0,65,5.3,3711,5.6,1.7,1066,Education,1,4777,Mature Low Spender,Target with social media ads
46,Female,Mumbai,Realme,iOS,2.4,35.9,98.2,10,6.0,1874,1.2,0.6,1015,Education,1,2889,Mature Low Spender,Target with social media ads
48,Male,Bangalore,Apple,iOS,11.9,36.6,147.7,188,5.5,3349,5.4,2.1,530,Entertainment,1,3879,Mature Low Spender,Target with social media ads
45,Female,Hyderabad,Realme,iOS,4.0,36.2,34.8,88,4.2,2833,4.8,3.1,1812,Gaming,1,4645,Mature Low Spender,Target with social media ads
56,Female,Kolkata,Motorola,iOS,8.6,31.4,187.0,13,0.7,2390,2.3,3.2,1316,Social Media,1,3706,Mature Low Spender,Target with social media ads
46,Female,Jaipur,Vivo,iOS,2.5,24.2,7.0,62,1.4,2374,3.5,2.6,666,Entertainment,1,3040,Mature Low Spender,Target with social media ads
45,Other,Delhi,OnePlus,Android,6.2,7.0,282.8,142,2.8,4005,3.3,3.9,1119,Entertainment,1,5124,Mature Low Spender,Target with social media ads
46,Other,Chennai,Oppo,Android,9.8,12.6,152.8,147,3.6,1129,6.8,0.7,819,Education,1,1948,Mature Low Spender,Target with social media ads
60,Other,Delhi,Samsung,Android,5.0,28.5,264.4,38,1.2,1318,2.2,4.0,621,Gaming,1,1939,Mature Low Spender,Target with social media ads
57,Male,Hyderabad,Samsung,iOS,5.1,8.4,111.8,102,2.7,1335,6.8,0.3,1704,Entertainment,1,3039,Mature Low Spender,Target with social media ads
60,Female,Hyderabad,Motorola,Android,5.9,12.8,129.7,121,0.8,2180,4.7,2.0,272,Social Media,1,2452,Mature Low Spender,Target with social media ads
48,Other,Kolkata,OnePlus,Android,1.2,49.9,149.1,34,4.3,972,3.6,1.7,559,Social Media,1,1531,Mature Low Spender,Target with social media ads
49,Other,Ahmedabad,Realme,iOS,4.5,26.4,241.0,42,5.4,1007,0.6,2.3,1787,Gaming,1,2794,Mature Low Spender,Target with social media ads
58,Other,Bangalore,Apple,iOS,9.1,1.5,267.7,18,4.1,1111,2.9,4.9,1557,Social Media,1,2668,Mature Low Spender,Target with social media ads
54,Female,Jaipur,OnePlus,Android,1.1,41.5,205.1,126,1.2,372,5.1,4.8,1511,Education,1,1883,Mature Low Spender,Target with social media ads
58,Male,Bangalore,Nokia,Android,4.0,13.8,41.3,110,3.1,6149,1.8,4.5,1875,Work,1,8024,Mature Low Spender,Target with social media ads
58,Male,Pune,Apple,Android,2.3,9.2,224.3,112,1.5,1574,4.1,1.6,1392,Entertainment,1,2966,Mature Low Spender,Target with social media ads
52,Male,Kolkata,Vivo,Android,6.7,7.8,157.6,106,5.5,3709,2.4,2.0,1565,Gaming,1,5274,Mature Low Spender,Target with social media ads
48,Other,Delhi,Nokia,iOS,1.8,48.8,265.3,62,3.7,5972,2.6,1.1,1428,Education,1,7400,Mature Low Spender,Target with social media ads
54,Other,Lucknow,Nokia,iOS,11.5,33.2,275.5,185,4.9,5841,1.5,2.0,587,Social Media,1,6428,Mature Low Spender,Target with social media ads
56,Male,Pune,Samsung,iOS,10.9,3.7,91.2,178,2.0,4315,1.4,4.2,254,Education,1,4569,Mature Low Spender,Target with social media ads
55,Female,Pune,Oppo,iOS,7.2,11.3,100.6,157,4.0,990,1.9,2.6,286,Social Media,1,1276,Mature Low Spender,Target with social media ads
51,Other,Bangalore,Xiaomi,Android,8.0,18.5,191.9,193,3.3,1138,0.8,2.1,1904,Social Media,1,3042,Mature Low Spender,Target with social media ads
42,Other,Delhi,OnePlus,Android,10.8,11.0,242.4,101,2.2,1484,7.7,0.2,740,Education,1,2224,Mature Low Spender,Target with social media ads
51,Other,Hyderabad,Realme,Android,1.4,10.4,87.5,110,2.9,4029,6.2,3.4,1219,Entertainment,1,5248,Mature Low Spender,Target with social media ads
58,Male,Kolkata,Samsung,iOS,4.1,17.5,181.3,107,0.8,196,5.8,2.9,1899,Social Media,1,2095,Mature Low Spender,Target with social media ads
56,Other,Chennai,Samsung,Android,1.3,38.1,179.5,172,4.9,3297,1.4,2.1,1206,Entertainment,1,4503,Mature Low Spender,Target with social media ads
45,Other,Hyderabad,Vivo,iOS,1.7,37.6,64.7,95,3.0,5337,5.4,2.9,390,Entertainment,1,5727,Mature Low Spender,Target with social media ads
57,Female,Chennai,Google Pixel,iOS,10.8,15.7,98.7,24,4.3,3417,0.6,4.6,666,Work,1,4083,Mature Low Spender,Target with social media ads
55,Other,Pune,Nokia,iOS,4.2,32.8,173.5,37,4.6,5880,0.9,4.1,526,Entertainment,1,6406,Mature Low Spender,Target with social media ads
56,Female,Delhi,Google Pixel,Android,10.4,3.7,174.4,177,4.1,3087,6.5,0.4,1186,Social Media,1,4273,Mature Low Spender,Target with social media ads
48,Other,Delhi,Google Pixel,iOS,11.5,40.6,98.9,171,3.1,4880,3.7,4.6,659,Work,1,5539,Mature Low Spender,Target with social media ads
55,Other,Pune,Vivo,Android,10.0,32.9,145.5,38,1.9,3573,4.0,1.8,1553,Work,1,5126,Mature Low Spender,Target with social media ads
41,Other,Jaipur,Apple,Android,3.1,14.6,20.8,83,2.4,4098,6.4,5.0,807,Gaming,1,4905,Mature Low Spender,Target with social media ads
46,Female,Jaipur,Realme,Android,7.1,46.2,84.1,151,1.2,655,7.6,0.7,1635,Education,1,2290,Mature Low Spender,Target with social media ads
58,Other,Mumbai,Motorola,Android,5.7,21.8,30.7,83,3.4,5897,2.3,1.1,682,Entertainment,1,6579,Mature Low Spender,Target with social media ads
59,Other,Kolkata,Motorola,Android,2.7,9.1,27.3,123,4.0,2955,2.4,0.7,515,Entertainment,1,3470,Mature Low Spender,Target with social media ads
58,Other,Chennai,Motorola,Android,3.0,32.2,252.6,164,2.4,2755,1.5,2.5,1420,Work,1,4175,Mature Low Spender,Target with social media ads
59,Male,Pune,Oppo,iOS,5.7,33.2,137.0,23,1.3,1851,4.5,2.2,1866,Gaming,1,3717,Mature Low Spender,Target with social media ads
40,Other,Delhi,Oppo,iOS,1.4,37.2,163.4,51,3.7,609,2.9,4.2,990,Work,1,1599,Mature Low Spender,Target with social media ads
50,Female,Kolkata,Apple,Android,9.8,17.3,196.4,179,1.0,2922,4.4,1.3,337,Work,1,3259,Mature Low Spender,Target with social media ads
39,Other,Chennai,OnePlus,iOS,9.6,6.0,147.1,161,2.9,3237,7.9,0.6,1653,Entertainment,1,4890,Mature Low Spender,Target with social media ads
54,Male,Chennai,Xiaomi,Android,2.4,3.4,145.5,112,4.7,2162,7.2,2.9,118,Social Media,1,2280,Mature Low Spender,Target with social media ads
45,Other,Ahmedabad,Motorola,iOS,5.7,33.2,241.6,21,2.5,183,2.9,0.4,443,Gaming,1,626,Mature Low Spender,Target with social media ads
48,Male,Delhi,OnePlus,iOS,2.2,21.0,292.9,56,5.9,794,4.7,1.9,1734,Education,1,2528,Mature Low Spender,Target with social media ads
38,Female,Delhi,Samsung,Android,7.4,16.0,168.2,194,4.7,2400,2.0,3.9,1870,Work,1,4270,Mature Low Spender,Target with social media ads
51,Other,Jaipur,Apple,iOS,11.5,32.6,164.8,93,0.8,148,0.6,3.8,199,Education,1,347,Mature Low Spender,Target with social media ads
36,Other,Pune,Oppo,iOS,5.5,36.2,118.0,56,4.6,2332,7.3,2.6,837,Work,1,3169,Mature Low Spender,Target with social media ads
44,Male,Mumbai,Nokia,Android,10.3,46.5,117.2,174,5.4,2895,2.8,3.3,1947,Gaming,1,4842,Mature Low Spender,Target with social media ads
41,Other,Lucknow,Apple,iOS,4.6,35.1,109.4,110,3.5,1603,1.5,4.7,1055,Gaming,1,2658,Mature Low Spender,Target with social media ads
55,Male,Mumbai,Vivo,Android,2.0,42.5,219.1,76,3.6,3366,6.2,3.0,182,Entertainment,1,3548,Mature Low Spender,Target with social media ads
43,Other,Bangalore,Apple,iOS,2.9,10.6,284.0,160,5.4,2654,2.0,3.8,1206,Entertainment,1,3860,Mature Low Spender,Target with social media ads
52,Female,Pune,Nokia,Android,9.3,43.1,253.8,37,5.5,2094,2.3,1.4,173,Entertainment,1,2267,Mature Low Spender,Target with social media ads
41,Female,Delhi,Oppo,iOS,2.4,34.3,78.5,32,3.1,2410,7.6,3.6,1208,Work,1,3618,Mature Low Spender,Target with social media ads
38,Female,Delhi,Vivo,Android,6.8,13.4,63.3,159,5.7,504,5.2,1.9,1313,Work,1,1817,Mature Low Spender,Target with social media ads
52,Female,Pune,Apple,iOS,4.8,36.5,278.1,42,1.2,1052,1.1,1.0,1261,Entertainment,1,2313,Mature Low Spender,Target with social media ads
36,Other,Hyderabad,Xiaomi,Android,1.9,31.1,241.6,186,5.3,1766,4.1,3.4,1334,Gaming,1,3100,Mature Low Spender,Target with social media ads
57,Female,Pune,Nokia,iOS,10.8,35.2,282.5,194,2.6,2958,3.1,3.5,671,Education,1,3629,Mature Low Spender,Target with social media ads
45,Male,Delhi,Samsung,iOS,4.8,9.2,247.2,93,3.7,5397,1.6,0.4,371,Work,1,5768,Mature Low Spender,Target with social media ads
43,Other,Jaipur,Realme,Android,8.9,28.2,26.7,174,3.7,3839,4.3,2.7,1039,Gaming,1,4878,Mature Low Spender,Target with social media ads
57,Other,Pune,Samsung,iOS,4.7,49.5,25.1,21,4.2,2377,6.0,2.3,1428,Work,1,3805,Mature Low Spender,Target with social media ads
56,Male,Pune,Google Pixel,iOS,8.9,4.5,133.8,193,4.6,3056,6.7,0.8,866,Entertainment,1,3922,Mature Low Spender,Target with social media ads
48,Female,Bangalore,Google Pixel,Android,1.6,35.9,127.2,145,5.4,2911,6.9,3.4,622,Gaming,1,3533,Mature Low Spender,Target with social media ads
39,Female,Lucknow,Xiaomi,Android,7.8,7.0,7.3,98,2.0,1378,1.8,0.7,771,Work,1,2149,Mature Low Spender,Target with social media ads
50,Male,Hyderabad,Realme,iOS,7.4,37.4,245.0,179,3.9,2692,7.1,2.2,681,Social Media,1,3373,Mature Low Spender,Target with social media ads
48,Female,Jaipur,Vivo,Android,2.3,5.4,94.5,103,5.1,1003,7.4,0.4,604,Entertainment,1,1607,Mature Low Spender,Target with social media ads
59,Female,Bangalore,Xiaomi,iOS,6.5,17.8,152.0,68,3.3,3958,1.9,1.9,1668,Gaming,1,5626,Mature Low Spender,Target with social media ads
46,Female,Chennai,Google Pixel,iOS,9.5,42.3,167.8,131,2.7,4665,4.3,2.0,1673,Work,1,6338,Mature Low Spender,Target with social media ads
59,Other,Delhi,Apple,Android,7.5,39.0,135.3,118,4.8,6859,6.2,4.8,499,Gaming,1,7358,Mature Low Spender,Target with social media ads
49,Male,Lucknow,Apple,Android,3.8,34.9,126.8,46,2.5,1761,2.4,2.5,437,Work,1,2198,Mature Low Spender,Target with social media ads
41,Male,Lucknow,OnePlus,Android,4.7,47.5,10.7,70,5.1,3494,7.2,3.3,752,Entertainment,1,4246,Mature Low Spender,Target with social media ads
48,Male,Jaipur,Oppo,iOS,5.6,31.7,292.6,16,2.5,119,6.9,4.0,505,Education,1,624,Mature Low Spender,Target with social media ads
36,Other,Kolkata,Motorola,Android,11.7,44.4,69.1,88,4.1,4003,1.9,3.9,1340,Gaming,1,5343,Mature Low Spender,Target with social media ads
50,Male,Ahmedabad,Google Pixel,iOS,3.7,14.6,247.2,57,5.7,1504,4.5,1.9,1465,Gaming,1,2969,Mature Low Spender,Target with social media ads
54,Other,Kolkata,Google Pixel,Android,3.8,34.2,227.7,157,3.6,3493,4.3,1.1,1215,Social Media,1,4708,Mature Low Spender,Target with social media ads
40,Male,Jaipur,Realme,Android,11.4,17.1,148.9,49,5.4,2822,5.5,2.0,782,Gaming,1,3604,Mature Low Spender,Target with social media ads
39,Female,Mumbai,OnePlus,Android,8.4,19.5,82.7,170,3.1,1190,3.3,4.1,1246,Gaming,1,2436,Mature Low Spender,Target with social media ads
51,Male,Jaipur,Vivo,Android,4.2,8.5,195.5,95,1.4,3454,3.6,2.0,1091,Entertainment,1,4545,Mature Low Spender,Target with social media ads
46,Male,Pune,Oppo,iOS,1.1,40.3,11.2,123,5.5,3777,0.7,4.6,1356,Social Media,1,5133,Mature Low Spender,Target with social media ads
56,Other,Delhi,Xiaomi,iOS,4.9,37.1,158.4,67,3.9,6530,2.1,2.8,422,Social Media,1,6952,Mature Low Spender,Target with social media ads
43,Male,Mumbai,OnePlus,iOS,9.5,35.7,170.0,200,1.0,2226,2.8,2.6,202,Social Media,1,2428,Mature Low Spender,Target with social media ads
57,Other,Jaipur,OnePlus,Android,3.2,38.9,75.8,49,3.5,2857,4.9,3.3,565,Education,1,3422,Mature Low Spender,Target with social media ads
49,Male,Lucknow,OnePlus,iOS,10.1,6.1,101.4,26,1.3,1435,2.5,3.0,799,Entertainment,1,2234,Mature Low Spender,Target with social media ads
45,Female,Chennai,Xiaomi,Android,2.2,17.0,283.2,145,4.9,3597,6.0,2.1,965,Social Media,1,4562,Mature Low Spender,Target with social media ads
52,Female,Hyderabad,Google Pixel,iOS,5.5,20.0,121.2,83,5.0,923,6.0,3.7,873,Social Media,1,1796,Mature Low Spender,Target with social media ads
57,Other,Delhi,OnePlus,iOS,4.6,4.0,97.1,10,1.4,611,4.1,0.8,320,Entertainment,1,931,Mature Low Spender,Target with social media ads
52,Female,Ahmedabad,Realme,iOS,1.1,10.1,69.3,29,3.1,6183,6.8,1.7,384,Social Media,1,6567,Mature Low Spender,Target with social media ads
43,Female,Mumbai,Nokia,Android,9.9,40.5,24.0,95,3.2,5180,2.2,0.9,1460,Entertainment,1,6640,Mature Low Spender,Target with social media ads
44,Female,Mumbai,Xiaomi,Android,8.7,19.0,170.8,94,1.2,1443,7.2,2.6,124,Social Media,1,1567,Mature Low Spender,Target with social media ads
40,Other,Delhi,Apple,Android,7.1,30.4,255.0,119,3.0,1539,7.4,4.8,1166,Gaming,1,2705,Mature Low Spender,Target with social media ads
58,Male,Chennai,OnePlus,Android,9.9,46.4,40.2,138,3.6,2364,7.4,2.9,891,Work,1,3255,Mature Low Spender,Target with social media ads
60,Female,Mumbai,Vivo,iOS,2.0,17.2,90.4,49,2.8,5072,4.6,2.9,1195,Education,1,6267,Mature Low Spender,Target with social media ads
53,Male,Chennai,OnePlus,iOS,8.8,38.1,292.5,46,1.7,1897,3.8,2.2,387,Gaming,1,2284,Mature Low Spender,Target with social media ads
43,Other,Lucknow,Vivo,iOS,5.2,16.0,34.3,198,3.9,4432,1.3,2.4,1229,Education,1,5661,Mature Low Spender,Target with social media ads
47,Other,Chennai,Apple,Android,5.8,11.6,257.7,66,4.1,1057,2.2,2.9,617,Entertainment,1,1674,Mature Low Spender,Target with social media ads
60,Female,Lucknow,Realme,iOS,2.1,3.7,204.0,68,2.8,1895,1.0,3.8,510,Gaming,1,2405,Mature Low Spender,Target with social media ads
54,Female,Lucknow,Oppo,iOS,3.7,28.1,291.2,109,2.0,3719,1.9,4.2,685,Gaming,1,4404,Mature Low Spender,Target with social media ads
44,Female,Delhi,Apple,iOS,1.8,31.9,160.1,114,5.1,3880,1.2,3.6,920,Work,1,4800,Mature Low Spender,Target with social media ads
51,Female,Pune,Vivo,Android,9.8,7.0,214.0,187,4.8,4414,5.5,4.5,1859,Entertainment,1,6273,Mature Low Spender,Target with social media ads
44,Male,Kolkata,Google Pixel,Android,4.5,16.5,106.7,93,3.1,4177,5.8,4.9,1954,Social Media,1,6131,Mature Low Spender,Target with social media ads
55,Female,Ahmedabad,Motorola,iOS,5.3,16.6,100.9,52,3.0,4467,3.0,1.5,431,Work,1,4898,Mature Low Spender,Target with social media ads
54,Female,Jaipur,Samsung,iOS,11.5,34.6,51.8,162,3.0,2564,1.2,1.6,1492,Social Media,1,4056,Mature Low Spender,Target with social media ads
56,Other,Hyderabad,OnePlus,Android,11.6,31.4,124.0,184,2.9,1716,2.1,3.1,983,Social Media,1,2699,Mature Low Spender,Target with social media ads
58,Other,Delhi,Realme,iOS,6.1,35.3,209.5,36,3.3,6329,3.6,2.7,1544,Entertainment,1,7873,Mature Low Spender,Target with social media ads
49,Other,Hyderabad,OnePlus,iOS,10.1,49.9,179.7,102,2.8,4381,6.5,1.0,648,Gaming,1,5029,Mature Low Spender,Target with social media ads
38,Female,Kolkata,Apple,Android,10.9,19.3,184.9,163,5.2,1263,1.1,4.3,1726,Gaming,1,2989,Mature Low Spender,Target with social media ads
46,Other,Chennai,Motorola,Android,10.6,10.0,265.2,110,4.4,3908,1.5,3.2,429,Work,1,4337,Mature Low Spender,Target with social media ads
48,Female,Lucknow,Samsung,iOS,10.2,45.3,223.0,68,3.0,3186,5.7,2.5,1188,Gaming,1,4374,Mature Low Spender,Target with social media ads
57,Other,Pune,Google Pixel,Android,6.6,38.8,140.3,77,5.9,3003,3.3,2.5,1048,Education,1,4051,Mature Low Spender,Target with social media ads
60,Male,Kolkata,Realme,iOS,2.0,18.5,29.1,42,4.4,1689,3.0,4.2,357,Social Media,1,2046,Mature Low Spender,Target with social media ads
47,Male,Bangalore,Samsung,iOS,9.4,21.8,124.4,62,2.2,2776,3.4,0.9,1577,Education,1,4353,Mature Low Spender,Target with social media ads
58,Female,Ahmedabad,Google Pixel,Android,8.4,39.6,219.6,152,4.8,3752,3.1,2.7,852,Entertainment,1,4604,Mature Low Spender,Target with social media ads
51,Female,Hyderabad,Vivo,Android,5.7,5.3,66.1,65,1.6,2355,2.2,1.1,1693,Education,1,4048,Mature Low Spender,Target with social media ads
47,Male,Jaipur,Apple,Android,1.2,41.3,191.2,106,2.9,4062,1.6,1.1,834,Gaming,1,4896,Mature Low Spender,Target with social media ads
52,Other,Hyderabad,Apple,iOS,9.2,19.1,182.7,181,0.7,2839,2.5,2.7,1314,Entertainment,1,4153,Mature Low Spender,Target with social media ads
46,Other,Jaipur,OnePlus,Android,1.2,33.3,158.6,197,4.3,1919,0.9,4.2,505,Social Media,1,2424,Mature Low Spender,Target with social media ads
53,Female,Chennai,Apple,Android,10.7,35.3,266.2,103,1.7,1947,4.2,3.1,1576,Work,1,3523,Mature Low Spender,Target with social media ads
48,Female,Ahmedabad,Apple,Android,10.9,29.2,117.1,145,3.2,3587,3.4,2.0,1841,Work,1,5428,Mature Low Spender,Target with social media ads
51,Other,Jaipur,OnePlus,Android,3.4,19.9,122.0,91,3.7,4484,2.4,4.1,554,Work,1,5038,Mature Low Spender,Target with social media ads
52,Male,Lucknow,Vivo,iOS,9.5,47.3,92.8,191,5.0,4479,6.0,3.4,180,Education,1,4659,Mature Low Spender,Target with social media ads
47,Female,Chennai,Xiaomi,Android,3.3,7.0,165.3,107,4.5,755,2.8,3.6,1148,Entertainment,1,1903,Mature Low Spender,Target with social media ads
38,Female,Lucknow,Google Pixel,iOS,4.2,13.4,297.7,153,5.5,436,2.4,2.4,215,Work,1,651,Mature Low Spender,Target with social media ads
56,Female,Pune,Nokia,iOS,2.1,27.8,240.7,167,4.6,4744,0.5,0.7,1117,Education,1,5861,Mature Low Spender,Target with social media ads
57,Other,Jaipur,OnePlus,Android,4.4,42.8,151.3,87,4.6,4078,6.0,1.5,1322,Social Media,1,5400,Mature Low Spender,Target with social media ads
43,Female,Bangalore,Realme,iOS,1.8,5.5,132.2,158,3.3,3902,3.3,3.3,133,Education,1,4035,Mature Low Spender,Target with social media ads
49,Female,Ahmedabad,Motorola,Android,6.4,34.1,206.6,187,2.7,4799,1.9,4.1,581,Entertainment,1,5380,Mature Low Spender,Target with social media ads
60,Other,Jaipur,Xiaomi,Android,8.3,40.6,95.2,166,2.9,5821,5.6,4.2,298,Education,1,6119,Mature Low Spender,Target with social media ads
54,Male,Kolkata,Apple,Android,3.3,11.3,177.8,130,3.4,2672,1.0,4.2,1712,Entertainment,1,4384,Mature Low Spender,Target with social media ads
36,Male,Ahmedabad,Oppo,Android,11.5,48.7,276.0,177,5.4,135,2.9,3.8,436,Gaming,1,571,Mature Low Spender,Target with social media ads
49,Other,Ahmedabad,OnePlus,iOS,5.9,25.6,136.4,175,1.8,2189,1.7,2.7,1452,Social Media,1,3641,Mature Low Spender,Target with social media ads
45,Female,Delhi,Oppo,Android,2.0,13.2,34.0,193,2.1,3289,1.4,3.7,1237,Education,1,4526,Mature Low Spender,Target with social media ads
48,Male,Mumbai,Motorola,iOS,10.0,43.8,107.6,33,1.3,1234,3.2,3.2,408,Work,1,1642,Mature Low Spender,Target with social media ads
45,Female,Hyderabad,Motorola,iOS,4.7,44.5,111.4,117,1.8,182,3.2,3.0,1807,Work,1,1989,Mature Low Spender,Target with social media ads
60,Female,Ahmedabad,Apple,iOS,4.3,41.7,80.3,74,6.0,2122,7.7,2.2,1722,Social Media,1,3844,Mature Low Spender,Target with social media ads
37,Other,Hyderabad,Samsung,iOS,3.9,21.9,107.4,59,5.5,2948,7.2,2.1,706,Social Media,1,3654,Mature Low Spender,Target with social media ads
41,Male,Bangalore,Realme,iOS,11.3,15.8,67.0,109,4.5,1557,7.6,1.6,1734,Entertainment,1,3291,Mature Low Spender,Target with social media ads
58,Other,Chennai,Vivo,Android,2.6,28.3,297.3,86,5.6,2925,4.5,1.7,840,Social Media,1,3765,Mature Low Spender,Target with social media ads
50,Other,Pune,OnePlus,iOS,9.9,3.6,289.2,97,4.3,5966,1.9,1.4,780,Education,1,6746,Mature Low Spender,Target with social media ads
43,Female,Delhi,Nokia,Android,6.9,45.8,213.9,162,4.7,3232,2.7,1.3,1748,Education,1,4980,Mature Low Spender,Target with social media ads
47,Other,Jaipur,Vivo,Android,4.6,29.4,136.8,119,3.9,5720,5.7,2.8,838,Entertainment,1,6558,Mature Low Spender,Target with social media ads
59,Female,Jaipur,Nokia,iOS,5.5,13.8,268.5,194,5.2,1820,6.8,0.2,175,Entertainment,1,1995,Mature Low Spender,Target with social media ads
41,Female,Ahmedabad,Vivo,iOS,2.7,9.9,142.8,30,1.4,512,3.5,4.4,280,Work,1,792,Mature Low Spender,Target with social media ads
57,Other,Delhi,Oppo,Android,8.3,9.7,17.9,14,2.0,3104,1.1,0.9,558,Work,1,3662,Mature Low Spender,Target with social media ads
50,Male,Mumbai,Motorola,iOS,8.3,40.2,115.3,81,2.9,1970,6.2,2.4,784,Work,1,2754,Mature Low Spender,Target with social media ads
36,Male,Hyderabad,Realme,iOS,7.9,17.8,82.3,87,4.9,327,6.5,0.0,249,Entertainment,1,576,Mature Low Spender,Target with social media ads
49,Male,Mumbai,Nokia,Android,5.3,10.3,193.7,174,2.8,4613,3.5,3.6,1811,Education,1,6424,Mature Low Spender,Target with social media ads
53,Female,Chennai,Motorola,Android,10.2,32.7,226.0,103,4.5,2878,5.7,1.9,1360,Entertainment,1,4238,Mature Low Spender,Target with social media ads
47,Other,Ahmedabad,Google Pixel,iOS,11.4,25.5,253.7,72,2.7,2025,4.2,1.7,1330,Gaming,1,3355,Mature Low Spender,Target with social media ads
54,Female,Delhi,Realme,Android,1.6,48.0,232.8,179,5.8,1870,6.1,0.5,1046,Gaming,1,2916,Mature Low Spender,Target with social media ads
52,Male,Pune,Google Pixel,iOS,7.6,19.9,228.4,165,2.7,4650,0.7,4.0,275,Work,1,4925,Mature Low Spender,Target with social media ads
45,Female,Lucknow,Apple,Android,1.9,36.3,210.7,12,2.3,813,3.2,1.4,1811,Entertainment,1,2624,Mature Low Spender,Target with social media ads
56,Male,Ahmedabad,Xiaomi,Android,10.6,39.6,31.1,65,3.8,5063,5.7,2.2,203,Entertainment,1,5266,Mature Low Spender,Target with social media ads
57,Other,Jaipur,Google Pixel,iOS,1.2,19.7,262.3,131,3.4,2225,1.6,1.9,818,Work,1,3043,Mature Low Spender,Target with social media ads
47,Male,Mumbai,Google Pixel,iOS,11.3,14.9,100.1,175,1.5,2542,2.8,3.3,921,Education,1,3463,Mature Low Spender,Target with social media ads
58,Male,Hyderabad,Nokia,iOS,9.3,28.6,264.6,196,2.7,2409,5.1,2.8,1481,Work,1,3890,Mature Low Spender,Target with social media ads
55,Female,Pune,Realme,Android,1.9,25.6,31.4,102,1.4,228,5.7,4.2,1706,Gaming,1,1934,Mature Low Spender,Target with social media ads
53,Other,Ahmedabad,Nokia,Android,1.2,47.6,166.0,79,4.6,832,6.9,3.6,825,Gaming,1,1657,Mature Low Spender,Target with social media ads
43,Male,Ahmedabad,Apple,iOS,2.8,19.4,90.1,59,2.9,3133,4.2,1.1,1581,Entertainment,1,4714,Mature Low Spender,Target with social media ads
54,Female,Jaipur,Google Pixel,iOS,2.2,15.4,57.6,84,4.4,1492,6.4,1.5,1809,Work,1,3301,Mature Low Spender,Target with social media ads
49,Male,Chennai,Apple,Android,7.6,14.2,105.1,17,2.9,5240,5.9,2.8,1784,Entertainment,1,7024,Mature Low Spender,Target with social media ads
51,Other,Hyderabad,Google Pixel,Android,10.5,2.4,66.0,11,5.9,3251,1.4,4.0,1240,Gaming,1,4491,Mature Low Spender,Target with social media ads
48,Other,Ahmedabad,Vivo,Android,4.3,40.9,6.0,144,4.9,3482,2.4,3.9,975,Education,1,4457,Mature Low Spender,Target with social media ads
39,Male,Kolkata,OnePlus,Android,3.5,26.5,140.6,127,2.9,2325,3.9,1.3,173,Education,1,2498,Mature Low Spender,Target with social media ads
52,Female,Pune,Oppo,iOS,9.5,30.0,107.2,26,3.5,3274,7.8,5.0,975,Education,1,4249,Mature Low Spender,Target with social media ads
53,Female,Kolkata,Realme,iOS,9.1,12.1,268.2,83,5.5,4687,1.9,0.4,1879,Work,1,6566,Mature Low Spender,Target with social media ads
38,Male,Ahmedabad,Vivo,Android,5.2,3.0,141.1,97,3.9,4345,0.6,2.5,1175,Entertainment,1,5520,Mature Low Spender,Target with social media ads
56,Other,Bangalore,Oppo,iOS,6.9,5.1,259.7,81,3.0,5620,5.6,1.4,1147,Work,1,6767,Mature Low Spender,Target with social media ads
43,Other,Jaipur,Apple,Android,4.3,31.3,125.6,86,5.6,2020,2.3,4.9,983,Entertainment,1,3003,Mature Low Spender,Target with social media ads
45,Other,Kolkata,Samsung,iOS,6.0,27.3,11.0,113,2.7,2046,3.0,3.6,1883,Social Media,1,3929,Mature Low Spender,Target with social media ads
50,Other,Mumbai,Realme,iOS,2.4,41.0,187.4,22,4.6,4905,2.3,2.9,1028,Social Media,1,5933,Mature Low Spender,Target with social media ads
57,Other,Hyderabad,Vivo,Android,3.0,7.7,195.2,180,5.8,3997,5.9,4.9,746,Social Media,1,4743,Mature Low Spender,Target with social media ads
48,Female,Kolkata,OnePlus,Android,11.3,27.6,138.0,43,2.3,4539,7.6,4.2,327,Entertainment,1,4866,Mature Low Spender,Target with social media ads
52,Male,Pune,Motorola,Android,6.1,34.4,133.5,173,3.4,2759,2.4,2.3,851,Education,1,3610,Mature Low Spender,Target with social media ads
55,Male,Delhi,Motorola,iOS,5.7,21.1,11.4,58,3.7,5990,7.2,1.6,1994,Entertainment,1,7984,Mature Low Spender,Target with social media ads
49,Other,Mumbai,Xiaomi,iOS,1.1,32.9,132.7,145,2.1,396,4.3,3.2,1407,Work,1,1803,Mature Low Spender,Target with social media ads
52,Other,Delhi,Oppo,Android,8.6,14.9,148.6,155,5.8,2281,3.2,3.0,763,Education,1,3044,Mature Low Spender,Target with social media ads
37,Female,Chennai,Oppo,Android,2.0,5.2,103.6,162,4.7,3159,5.9,2.3,1376,Work,1,4535,Mature Low Spender,Target with social media ads
57,Female,Pune,Oppo,Android,9.4,49.6,122.8,137,4.4,4537,7.2,3.8,1022,Gaming,1,5559,Mature Low Spender,Target with social media ads
44,Male,Jaipur,Oppo,Android,10.0,39.5,108.0,59,3.6,4500,5.1,3.6,1435,Gaming,1,5935,Mature Low Spender,Target with social media ads
47,Female,Jaipur,OnePlus,iOS,3.3,4.9,102.6,91,1.7,1674,5.7,2.9,914,Entertainment,1,2588,Mature Low Spender,Target with social media ads
42,Male,Chennai,Google Pixel,Android,1.5,49.5,283.2,34,5.2,3637,0.6,1.5,1299,Entertainment,1,4936,Mature Low Spender,Target with social media ads
57,Other,Delhi,OnePlus,iOS,10.9,9.9,193.4,51,4.8,1183,1.1,3.1,762,Entertainment,1,1945,Mature Low Spender,Target with social media ads
60,Female,Ahmedabad,Google Pixel,Android,6.7,23.2,42.0,182,3.2,1817,6.5,1.7,1660,Work,1,3477,Mature Low Spender,Target with social media ads
53,Female,Bangalore,Samsung,Android,11.5,37.4,258.7,190,4.7,1946,7.7,4.5,786,Work,1,2732,Mature Low Spender,Target with social media ads
43,Female,Lucknow,Vivo,iOS,8.2,10.7,20.2,81,1.4,797,3.8,0.9,1660,Entertainment,1,2457,Mature Low Spender,Target with social media ads
45,Male,Pune,Vivo,Android,4.8,14.1,26.4,49,4.0,1173,5.1,0.1,1444,Entertainment,1,2617,Mature Low Spender,Target with social media ads
46,Male,Chennai,Nokia,iOS,10.9,5.9,76.3,54,2.5,2285,2.0,2.9,601,Gaming,1,2886,Mature Low Spender,Target with social media ads
57,Female,Ahmedabad,OnePlus,Android,9.9,19.3,21.0,146,4.9,552,1.6,2.0,1750,Social Media,1,2302,Mature Low Spender,Target with social media ads
58,Female,Pune,OnePlus,Android,8.7,2.0,251.4,74,2.8,2716,6.9,1.0,831,Gaming,1,3547,Mature Low Spender,Target with social media ads
39,Other,Kolkata,Realme,iOS,2.6,1.5,126.3,51,3.7,2199,5.8,2.4,830,Social Media,1,3029,Mature Low Spender,Target with social media ads
60,Female,Jaipur,Google Pixel,Android,9.0,23.5,118.9,188,5.6,4911,3.7,0.9,1896,Social Media,1,6807,Mature Low Spender,Target with social media ads
41,Other,Hyderabad,OnePlus,Android,11.6,31.8,285.8,11,3.8,2670,2.1,3.2,1481,Entertainment,1,4151,Mature Low Spender,Target with social media ads
52,Male,Pune,Oppo,iOS,9.2,5.6,287.5,166,0.6,372,7.7,2.2,791,Work,1,1163,Mature Low Spender,Target with social media ads
47,Male,Kolkata,Realme,iOS,6.9,5.1,54.7,172,4.5,3120,1.9,3.4,1785,Social Media,1,4905,Mature Low Spender,Target with social media ads
51,Male,Kolkata,Vivo,Android,9.6,19.5,36.3,112,3.7,547,0.8,0.8,265,Education,1,812,Mature Low Spender,Target with social media ads
48,Male,Bangalore,Oppo,Android,7.7,39.0,160.8,49,5.3,301,4.6,3.4,1206,Education,1,1507,Mature Low Spender,Target with social media ads
50,Male,Lucknow,Google Pixel,iOS,3.8,25.6,166.7,117,2.3,4345,4.7,4.1,1829,Work,1,6174,Mature Low Spender,Target with social media ads
58,Male,Pune,Oppo,iOS,11.0,14.4,109.7,161,5.9,3618,1.5,4.2,1845,Work,1,5463,Mature Low Spender,Target with social media ads
50,Other,Ahmedabad,Apple,iOS,9.5,16.3,118.3,130,4.6,283,1.7,1.4,758,Gaming,1,1041,Mature Low Spender,Target with social media ads
35,Female,Ahmedabad,Xiaomi,iOS,6.4,8.7,12.4,140,4.0,1464,5.7,0.7,1976,Entertainment,1,3440,Mature Low Spender,Target with social media ads
39,Male,Hyderabad,Nokia,iOS,9.6,32.7,247.1,98,5.4,1148,2.5,4.2,466,Gaming,1,1614,Mature Low Spender,Target with social media ads
47,Male,Bangalore,Motorola,iOS,9.9,34.9,38.6,129,5.5,2527,7.0,3.0,1253,Entertainment,1,3780,Mature Low Spender,Target with social media ads
35,Female,Bangalore,Xiaomi,iOS,2.3,15.7,57.2,174,5.0,3098,3.0,3.4,1631,Social Media,1,4729,Mature Low Spender,Target with social media ads
46,Female,Ahmedabad,Google Pixel,Android,3.9,34.5,262.6,142,2.5,3180,1.1,0.3,1674,Entertainment,1,4854,Mature Low Spender,Target with social media ads
58,Female,Pune,Nokia,Android,11.2,5.1,142.2,117,1.3,3139,2.2,2.7,1215,Social Media,1,4354,Mature Low Spender,Target with social media ads
45,Female,Ahmedabad,Samsung,Android,11.0,10.0,296.2,137,3.4,2444,1.0,2.7,1442,Work,1,3886,Mature Low Spender,Target with social media ads
50,Male,Chennai,Realme,Android,12.0,47.1,231.7,38,2.9,5421,2.3,4.7,135,Entertainment,1,5556,Mature Low Spender,Target with social media ads
50,Female,Mumbai,Vivo,iOS,11.6,14.4,33.5,87,5.0,1616,2.4,2.7,952,Gaming,1,2568,Mature Low Spender,Target with social media ads
60,Male,Bangalore,Apple,iOS,5.3,12.9,56.2,59,4.1,202,5.5,0.2,963,Social Media,1,1165,Mature Low Spender,Target with social media ads
48,Other,Mumbai,OnePlus,iOS,2.9,7.6,66.1,85,3.5,2236,7.2,0.5,1377,Gaming,1,3613,Mature Low Spender,Target with social media ads
51,Other,Jaipur,Realme,iOS,10.8,42.6,274.3,134,0.8,1382,1.5,4.4,417,Entertainment,1,1799,Mature Low Spender,Target with social media ads
51,Other,Hyderabad,Google Pixel,Android,1.4,42.4,263.3,104,1.8,2211,5.3,3.3,780,Work,1,2991,Mature Low Spender,Target with social media ads
49,Female,Chennai,Realme,Android,8.6,42.1,92.7,78,4.5,995,1.0,1.6,916,Gaming,1,1911,Mature Low Spender,Target with social media ads
60,Male,Jaipur,Motorola,iOS,1.9,18.2,22.9,53,2.2,1755,6.4,4.6,103,Social Media,1,1858,Mature Low Spender,Target with social media ads
54,Other,Delhi,Oppo,iOS,8.9,37.3,134.1,16,3.4,6543,4.7,0.7,660,Social Media,1,7203,Mature Low Spender,Target with social media ads
58,Other,Ahmedabad,Apple,iOS,4.1,33.9,224.7,71,2.5,3352,1.9,3.4,1487,Education,1,4839,Mature Low Spender,Target with social media ads
59,Female,Pune,OnePlus,iOS,11.4,30.0,140.2,33,4.2,1687,2.5,4.4,1863,Gaming,1,3550,Mature Low Spender,Target with social media ads
57,Other,Chennai,Samsung,Android,2.0,23.1,131.1,148,3.7,2204,2.4,2.7,845,Social Media,1,3049,Mature Low Spender,Target with social media ads
59,Other,Bangalore,OnePlus,iOS,3.3,1.6,87.0,59,2.6,6069,6.0,0.1,416,Education,1,6485,Mature Low Spender,Target with social media ads
53,Other,Kolkata,Realme,Android,11.6,35.1,182.8,95,5.0,4514,6.8,4.4,1095,Gaming,1,5609,Mature Low Spender,Target with social media ads
55,Other,Hyderabad,Xiaomi,Android,1.2,4.2,23.5,43,3.4,3557,5.7,2.8,883,Entertainment,1,4440,Mature Low Spender,Target with social media ads
39,Other,Chennai,Samsung,Android,9.5,36.5,229.6,157,5.7,954,2.0,1.6,955,Entertainment,1,1909,Mature Low Spender,Target with social media ads
44,Other,Delhi,Nokia,iOS,11.6,44.7,140.4,143,3.6,5642,0.6,1.6,856,Social Media,1,6498,Mature Low Spender,Target with social media ads
55,Female,Hyderabad,Google Pixel,Android,9.8,6.7,179.5,193,0.8,1786,6.4,3.1,1550,Social Media,1,3336,Mature Low Spender,Target with social media ads
45,Other,Lucknow,Samsung,iOS,6.9,28.5,149.1,34,2.0,2046,4.4,2.5,154,Social Media,1,2200,Mature Low Spender,Target with social media ads
59,Other,Ahmedabad,Xiaomi,Android,10.4,26.4,139.5,130,6.0,2506,2.1,1.7,1897,Education,1,4403,Mature Low Spender,Target with social media ads
50,Male,Ahmedabad,Vivo,Android,11.5,1.3,73.1,131,4.7,1035,3.4,3.0,625,Entertainment,1,1660,Mature Low Spender,Target with social media ads
50,Male,Chennai,Vivo,iOS,3.4,49.1,36.1,31,5.5,2846,4.5,3.7,1263,Work,1,4109,Mature Low Spender,Target with social media ads
56,Other,Bangalore,Realme,Android,6.1,10.5,14.3,128,3.0,1342,3.7,2.3,133,Social Media,1,1475,Mature Low Spender,Target with social media ads
56,Male,Jaipur,Oppo,Android,6.9,36.3,240.7,88,2.7,3929,5.8,3.8,184,Work,1,4113,Mature Low Spender,Target with social media ads
46,Other,Delhi,Vivo,iOS,3.8,20.1,281.3,149,4.7,274,2.3,2.1,1658,Education,1,1932,Mature Low Spender,Target with social media ads
40,Male,Delhi,OnePlus,Android,2.2,18.0,53.1,38,3.1,562,7.1,4.8,137,Work,1,699,Mature Low Spender,Target with social media ads
44,Other,Hyderabad,Samsung,Android,9.9,33.4,161.3,92,2.3,2917,0.8,4.7,866,Work,1,3783,Mature Low Spender,Target with social media ads
45,Female,Chennai,OnePlus,Android,9.4,45.0,98.3,157,5.2,377,4.4,4.2,1939,Work,1,2316,Mature Low Spender,Target with social media ads
60,Other,Kolkata,Apple,iOS,7.9,37.8,14.2,145,2.5,2283,4.4,0.4,1266,Gaming,1,3549,Mature Low Spender,Target with social media ads
58,Other,Kolkata,Samsung,iOS,8.7,8.7,255.6,15,4.1,1828,1.4,2.5,1455,Social Media,1,3283,Mature Low Spender,Target with social media ads
39,Other,Bangalore,OnePlus,Android,3.6,13.2,139.3,189,3.6,2290,4.2,4.4,235,Gaming,1,2525,Mature Low Spender,Target with social media ads
52,Male,Mumbai,Oppo,iOS,1.2,41.6,215.2,153,2.7,5151,3.6,3.6,617,Social Media,1,5768,Mature Low Spender,Target with social media ads
60,Female,Hyderabad,Samsung,Android,6.0,20.9,51.0,135,4.5,3168,5.9,3.7,1160,Entertainment,1,4328,Mature Low Spender,Target with social media ads
48,Male,Lucknow,Samsung,Android,1.6,18.9,55.5,197,2.5,411,1.8,2.3,261,Gaming,1,672,Mature Low Spender,Target with social media ads
50,Male,Pune,Google Pixel,Android,7.9,12.9,85.2,177,4.3,282,4.0,3.4,741,Work,1,1023,Mature Low Spender,Target with social media ads
51,Other,Kolkata,Samsung,iOS,5.8,23.2,55.2,20,5.2,518,5.0,1.7,1050,Education,1,1568,Mature Low Spender,Target with social media ads
46,Female,Pune,Realme,Android,10.1,13.9,20.3,135,0.5,122,3.9,4.7,211,Education,1,333,Mature Low Spender,Target with social media ads
51,Female,Chennai,Samsung,Android,7.6,44.0,275.8,44,3.7,5133,3.6,3.9,939,Work,1,6072,Mature Low Spender,Target with social media ads
47,Male,Lucknow,Realme,Android,5.9,47.5,99.1,68,3.0,1954,7.4,1.2,1964,Social Media,1,3918,Mature Low Spender,Target with social media ads
39,Female,Delhi,Samsung,iOS,2.4,44.8,95.6,21,4.1,3208,1.2,1.6,1599,Entertainment,1,4807,Mature Low Spender,Target with social media ads
44,Other,Jaipur,Apple,Android,2.3,18.6,23.2,117,4.0,2233,1.8,1.0,1033,Education,1,3266,Mature Low Spender,Target with social media ads
46,Male,Lucknow,Nokia,Android,2.9,46.9,292.4,133,4.8,1672,6.3,0.9,1165,Entertainment,1,2837,Mature Low Spender,Target with social media ads
59,Male,Bangalore,Samsung,Android,11.1,33.9,45.3,28,1.9,372,6.2,1.4,912,Work,1,1284,Mature Low Spender,Target with social media ads
45,Other,Lucknow,Realme,iOS,7.8,16.6,83.3,128,1.0,951,5.3,2.6,1319,Education,1,2270,Mature Low Spender,Target with social media ads
40,Other,Hyderabad,Motorola,iOS,7.7,40.7,233.4,153,3.6,1921,5.8,4.6,188,Entertainment,1,2109,Mature Low Spender,Target with social media ads
48,Male,Delhi,Vivo,iOS,4.0,32.5,93.4,114,5.9,199,7.4,3.2,1075,Social Media,1,1274,Mature Low Spender,Target with social media ads
49,Female,Jaipur,Vivo,iOS,4.7,27.3,250.8,190,5.1,2710,3.0,1.4,1949,Gaming,1,4659,Mature Low Spender,Target with social media ads
59,Female,Ahmedabad,Realme,Android,4.1,22.3,105.5,10,4.9,476,1.0,0.1,955,Social Media,1,1431,Mature Low Spender,Target with social media ads
52,Other,Kolkata,Xiaomi,iOS,9.7,46.2,297.7,117,4.9,2455,3.8,3.9,435,Gaming,1,2890,Mature Low Spender,Target with social media ads
48,Other,Delhi,Motorola,Android,8.0,20.1,267.4,61,4.3,4841,6.4,1.2,1445,Work,1,6286,Mature Low Spender,Target with social media ads
55,Male,Jaipur,Vivo,iOS,1.4,30.9,242.5,133,1.0,2564,7.6,1.9,1083,Social Media,1,3647,Mature Low Spender,Target with social media ads
53,Male,Ahmedabad,Nokia,Android,3.6,12.6,87.0,161,3.2,1299,7.9,1.6,695,Social Media,1,1994,Mature Low Spender,Target with social media ads
56,Female,Pune,Nokia,Android,10.8,10.5,271.6,197,4.6,1672,5.4,2.6,1715,Work,1,3387,Mature Low Spender,Target with social media ads
55,Female,Lucknow,Apple,Android,11.6,44.9,26.1,191,3.2,5249,7.0,3.9,240,Education,1,5489,Mature Low Spender,Target with social media ads
55,Female,Mumbai,Vivo,iOS,7.5,3.5,285.4,42,3.2,921,6.4,2.3,1329,Entertainment,1,2250,Mature Low Spender,Target with social media ads
55,Female,Pune,Realme,iOS,3.7,31.3,224.0,139,3.1,4968,4.7,3.3,702,Entertainment,1,5670,Mature Low Spender,Target with social media ads
43,Other,Hyderabad,Xiaomi,iOS,7.1,41.0,44.2,148,4.6,2321,0.7,4.7,1543,Work,1,3864,Mature Low Spender,Target with social media ads
52,Other,Bangalore,OnePlus,iOS,7.9,4.5,202.7,77,2.5,1145,2.6,3.4,525,Gaming,1,1670,Mature Low Spender,Target with social media ads
45,Male,Bangalore,Xiaomi,Android,5.9,33.6,177.0,179,2.7,4398,7.5,1.6,868,Social Media,1,5266,Mature Low Spender,Target with social media ads
37,Male,Hyderabad,Oppo,iOS,10.9,7.5,107.0,184,3.5,3385,3.8,0.1,1561,Gaming,1,4946,Mature Low Spender,Target with social media ads
56,Male,Ahmedabad,Google Pixel,iOS,9.3,2.9,233.1,78,1.0,1772,1.2,4.4,1939,Work,1,3711,Mature Low Spender,Target with social media ads
43,Other,Bangalore,Nokia,Android,4.1,25.5,260.1,21,2.6,114,7.5,4.6,185,Social Media,1,299,Mature Low Spender,Target with social media ads
50,Female,Jaipur,Nokia,iOS,11.0,6.0,201.9,179,2.1,1575,1.5,0.7,1049,Entertainment,1,2624,Mature Low Spender,Target with social media ads
46,Female,Ahmedabad,Google Pixel,iOS,4.9,22.7,143.0,56,5.9,3626,1.7,1.9,668,Education,1,4294,Mature Low Spender,Target with social media ads
47,Female,Jaipur,Google Pixel,iOS,3.4,29.9,104.9,169,0.5,1553,7.3,0.3,1313,Social Media,1,2866,Mature Low Spender,Target with social media ads
55,Other,Mumbai,Motorola,iOS,1.1,48.4,263.5,191,2.8,1005,5.5,0.2,584,Social Media,1,1589,Mature Low Spender,Target with social media ads
54,Other,Kolkata,Vivo,iOS,7.5,8.3,27.6,155,4.6,1742,4.8,4.7,749,Education,1,2491,Mature Low Spender,Target with social media ads
60,Male,Hyderabad,Vivo,iOS,1.4,16.2,238.5,193,5.1,1866,1.9,0.9,1716,Gaming,1,3582,Mature Low Spender,Target with social media ads
38,Female,Lucknow,Xiaomi,Android,10.9,5.8,299.6,16,5.4,1140,0.8,3.8,900,Education,1,2040,Mature Low Spender,Target with social media ads
60,Female,Kolkata,Nokia,iOS,8.8,16.6,267.0,137,1.9,802,5.5,4.1,746,Work,1,1548,Mature Low Spender,Target with social media ads
50,Male,Chennai,Motorola,iOS,8.0,35.7,33.9,199,2.6,4930,8.0,4.1,808,Entertainment,1,5738,Mature Low Spender,Target with social media ads
56,Female,Bangalore,Vivo,Android,6.6,7.3,167.8,157,4.3,6331,6.1,0.1,302,Entertainment,1,6633,Mature Low Spender,Target with social media ads
38,Other,Kolkata,Google Pixel,Android,2.4,13.2,99.6,135,3.0,4384,1.1,0.6,710,Work,1,5094,Mature Low Spender,Target with social media ads
56,Female,Chennai,Realme,Android,11.0,45.7,296.0,169,2.7,4018,7.3,2.5,1509,Social Media,1,5527,Mature Low Spender,Target with social media ads
55,Female,Delhi,Vivo,iOS,4.5,48.0,71.0,48,3.0,5649,4.9,2.8,1471,Social Media,1,7120,Mature Low Spender,Target with social media ads
40,Other,Mumbai,Vivo,iOS,6.1,34.0,216.7,177,5.0,3110,6.7,2.4,897,Entertainment,1,4007,Mature Low Spender,Target with social media ads
57,Female,Chennai,Google Pixel,iOS,4.9,5.9,186.4,118,2.9,268,4.0,3.7,805,Work,1,1073,Mature Low Spender,Target with social media ads
40,Other,Lucknow,Realme,Android,9.4,35.4,213.7,35,3.0,1096,5.9,1.3,706,Work,1,1802,Mature Low Spender,Target with social media ads
53,Male,Lucknow,Samsung,Android,2.6,13.6,222.3,50,4.1,1358,7.6,0.4,1435,Social Media,1,2793,Mature Low Spender,Target with social media ads
39,Female,Bangalore,Realme,iOS,8.5,20.4,176.5,12,3.0,1803,5.6,3.4,387,Education,1,2190,Mature Low Spender,Target with social media ads
42,Other,Jaipur,OnePlus,iOS,8.9,11.7,287.9,165,4.9,3010,3.4,3.9,346,Entertainment,1,3356,Mature Low Spender,Target with social media ads
50,Female,Pune,Apple,iOS,8.1,7.2,252.1,107,2.1,1914,8.0,3.5,1403,Education,1,3317,Mature Low Spender,Target with social media ads
57,Female,Chennai,Nokia,Android,8.2,20.9,66.9,24,4.9,3536,1.8,2.1,471,Work,1,4007,Mature Low Spender,Target with social media ads
60,Male,Bangalore,Vivo,Android,7.8,48.0,180.4,128,1.5,4085,5.1,3.9,1651,Work,1,5736,Mature Low Spender,Target with social media ads
50,Male,Pune,OnePlus,Android,4.2,2.5,189.1,114,3.3,567,1.2,1.2,260,Work,1,827,Mature Low Spender,Target with social media ads
45,Female,Lucknow,OnePlus,Android,3.7,20.3,258.9,105,4.8,3278,4.1,3.2,1025,Work,1,4303,Mature Low Spender,Target with social media ads
57,Other,Delhi,Vivo,iOS,2.1,24.0,122.6,71,1.8,193,5.9,2.1,1488,Gaming,1,1681,Mature Low Spender,Target with social media ads
52,Other,Lucknow,Apple,Android,5.3,10.6,145.2,137,0.5,1850,6.1,1.2,1937,Social Media,1,3787,Mature Low Spender,Target with social media ads
47,Male,Chennai,OnePlus,iOS,1.7,2.4,54.3,113,5.0,1305,4.4,1.7,552,Work,1,1857,Mature Low Spender,Target with social media ads
49,Other,Jaipur,Oppo,iOS,11.0,10.4,55.7,81,3.7,1999,3.1,1.1,1640,Entertainment,1,3639,Mature Low Spender,Target with social media ads
55,Male,Ahmedabad,Vivo,iOS,7.7,24.0,162.1,115,2.1,410,3.2,4.6,451,Gaming,1,861,Mature Low Spender,Target with social media ads
44,Other,Kolkata,Vivo,Android,4.6,31.9,220.3,93,3.2,1913,6.6,2.2,419,Entertainment,1,2332,Mature Low Spender,Target with social media ads
53,Other,Pune,Samsung,iOS,3.9,40.8,92.5,67,4.9,4632,0.8,3.3,1372,Work,1,6004,Mature Low Spender,Target with social media ads
60,Other,Delhi,OnePlus,iOS,10.7,17.7,206.8,131,5.6,966,3.1,3.9,342,Education,1,1308,Mature Low Spender,Target with social media ads
40,Other,Pune,Vivo,Android,9.8,47.9,281.8,147,3.0,2300,6.3,3.5,1769,Gaming,1,4069,Mature Low Spender,Target with social media ads
55,Female,Lucknow,OnePlus,iOS,8.0,17.5,119.1,88,3.5,1296,1.2,1.1,1368,Education,1,2664,Mature Low Spender,Target with social media ads
60,Female,Pune,Vivo,iOS,3.4,14.6,168.1,111,2.4,2981,7.1,4.3,167,Social Media,1,3148,Mature Low Spender,Target with social media ads
58,Other,Delhi,Realme,iOS,6.5,34.7,118.9,155,5.2,5549,1.2,0.2,1689,Gaming,1,7238,Mature Low Spender,Target with social media ads
58,Female,Delhi,OnePlus,iOS,3.9,35.6,214.5,73,5.0,3758,2.2,1.8,767,Work,1,4525,Mature Low Spender,Target with social media ads
52,Other,Jaipur,Xiaomi,Android,10.4,3.3,185.1,107,2.0,1563,4.6,1.1,904,Education,1,2467,Mature Low Spender,Target with social media ads
43,Male,Ahmedabad,OnePlus,Android,6.8,33.3,13.6,44,1.2,826,3.3,3.1,1408,Social Media,1,2234,Mature Low Spender,Target with social media ads
49,Male,Ahmedabad,Xiaomi,Android,1.7,43.1,175.9,15,4.1,5643,7.3,4.0,1834,Social Media,1,7477,Mature Low Spender,Target with social media ads
38,Other,Delhi,Realme,iOS,4.9,24.6,7.9,83,5.3,424,0.6,5.0,925,Gaming,1,1349,Mature Low Spender,Target with social media ads
54,Female,Lucknow,Xiaomi,iOS,10.8,13.1,9.9,187,4.1,5233,0.9,2.7,850,Education,1,6083,Mature Low Spender,Target with social media ads
44,Male,Kolkata,Oppo,Android,11.4,10.9,70.7,85,5.2,844,0.9,4.3,1125,Work,1,1969,Mature Low Spender,Target with social media ads
52,Female,Pune,Samsung,Android,3.3,10.3,279.4,120,3.3,3356,5.1,0.5,1180,Education,1,4536,Mature Low Spender,Target with social media ads
57,Other,Bangalore,Vivo,Android,11.3,4.4,39.3,79,3.1,2584,0.6,4.3,921,Entertainment,1,3505,Mature Low Spender,Target with social media ads
54,Other,Mumbai,Motorola,Android,9.1,29.3,27.8,30,4.6,5422,6.0,1.9,709,Gaming,1,6131,Mature Low Spender,Target with social media ads
53,Other,Chennai,OnePlus,iOS,6.8,8.3,28.5,199,1.3,1659,4.9,3.1,898,Gaming,1,2557,Mature Low Spender,Target with social media ads
51,Male,Jaipur,Apple,iOS,7.0,5.7,66.0,28,2.0,255,3.5,1.2,802,Education,1,1057,Mature Low Spender,Target with social media ads
47,Other,Mumbai,Vivo,iOS,6.5,23.9,148.2,189,1.2,843,4.1,2.6,1031,Gaming,1,1874,Mature Low Spender,Target with social media ads
57,Other,Ahmedabad,Motorola,Android,9.7,18.8,87.5,84,1.0,2667,2.4,3.3,848,Work,1,3515,Mature Low Spender,Target with social media ads
46,Other,Ahmedabad,Motorola,Android,7.6,39.3,130.2,193,4.4,1771,6.5,2.3,1667,Social Media,1,3438,Mature Low Spender,Target with social media ads
57,Other,Mumbai,Motorola,Android,5.9,36.2,144.3,101,6.0,867,5.2,0.8,1757,Gaming,1,2624,Mature Low Spender,Target with social media ads
41,Male,Pune,Realme,Android,9.0,27.3,69.7,148,1.8,2497,6.3,4.2,1497,Education,1,3994,Mature Low Spender,Target with social media ads
38,Female,Kolkata,OnePlus,Android,8.8,33.4,85.7,65,2.6,2887,5.2,0.9,1810,Social Media,1,4697,Mature Low Spender,Target with social media ads
55,Female,Delhi,Motorola,Android,3.9,15.5,8.6,129,1.9,1169,5.2,3.6,1823,Entertainment,1,2992,Mature Low Spender,Target with social media ads
37,Male,Pune,Oppo,Android,1.1,32.0,274.7,75,5.6,2430,5.6,0.7,741,Entertainment,1,3171,Mature Low Spender,Target with social media ads
57,Male,Hyderabad,OnePlus,Android,2.1,40.3,132.2,109,2.1,1542,3.4,3.3,1039,Entertainment,1,2581,Mature Low Spender,Target with social media ads
44,Other,Lucknow,OnePlus,Android,11.5,12.1,251.6,74,3.5,5038,1.7,0.7,1643,Social Media,1,6681,Mature Low Spender,Target with social media ads
46,Other,Chennai,Realme,iOS,3.1,45.9,192.4,104,4.2,416,4.1,5.0,1778,Education,1,2194,Mature Low Spender,Target with social media ads
50,Male,Ahmedabad,Xiaomi,iOS,8.0,30.9,111.6,147,1.2,1139,2.9,0.6,279,Education,1,1418,Mature Low Spender,Target with social media ads
34,Other,Chennai,Samsung,Android,8.0,46.7,153.5,132,5.2,1479,7.5,1.5,158,Entertainment,1,1637,Mature Low Spender,Target with social media ads
55,Female,Hyderabad,Google Pixel,Android,7.0,27.4,157.6,161,2.9,3792,2.2,0.3,1119,Entertainment,1,4911,Mature Low Spender,Target with social media ads
56,Male,Mumbai,Xiaomi,iOS,6.3,25.9,267.6,119,2.8,3088,6.8,2.0,192,Gaming,1,3280,Mature Low Spender,Target with social media ads
57,Other,Mumbai,OnePlus,Android,1.2,41.6,15.4,178,3.3,1469,3.7,2.6,586,Work,1,2055,Mature Low Spender,Target with social media ads
56,Male,Ahmedabad,Samsung,iOS,5.1,39.6,82.9,25,4.2,6091,6.5,0.6,1586,Gaming,1,7677,Mature Low Spender,Target with social media ads
52,Female,Lucknow,Vivo,Android,11.9,40.3,165.2,139,2.1,1786,3.5,0.2,622,Gaming,1,2408,Mature Low Spender,Target with social media ads
58,Other,Hyderabad,Oppo,Android,11.4,15.9,6.6,90,4.2,6726,4.1,1.4,425,Gaming,1,7151,Mature Low Spender,Target with social media ads
58,Other,Jaipur,Apple,iOS,1.4,35.4,210.7,97,5.5,4953,7.8,3.3,627,Education,1,5580,Mature Low Spender,Target with social media ads
48,Other,Jaipur,Nokia,iOS,6.5,6.4,259.1,135,1.8,795,5.0,2.4,711,Work,1,1506,Mature Low Spender,Target with social media ads
48,Male,Jaipur,Xiaomi,Android,9.6,3.7,170.5,85,2.5,272,4.4,3.5,1234,Work,1,1506,Mature Low Spender,Target with social media ads
46,Male,Ahmedabad,OnePlus,iOS,7.5,34.0,218.8,124,4.3,760,4.2,2.6,765,Gaming,1,1525,Mature Low Spender,Target with social media ads
46,Male,Mumbai,Samsung,Android,5.1,38.7,108.2,151,3.4,5288,5.3,3.0,378,Education,1,5666,Mature Low Spender,Target with social media ads
58,Other,Mumbai,Realme,Android,9.7,26.8,255.5,192,1.6,563,3.6,0.6,1976,Education,1,2539,Mature Low Spender,Target with social media ads
49,Female,Hyderabad,Xiaomi,iOS,2.9,46.9,226.3,138,5.6,3242,3.4,3.0,1230,Gaming,1,4472,Mature Low Spender,Target with social media ads
48,Female,Chennai,Samsung,Android,10.9,9.4,118.4,72,6.0,3806,6.4,2.9,1863,Work,1,5669,Mature Low Spender,Target with social media ads
59,Female,Kolkata,OnePlus,iOS,6.5,46.5,137.6,68,4.2,7221,3.9,1.7,500,Gaming,1,7721,Mature Low Spender,Target with social media ads
46,Other,Pune,Samsung,Android,7.2,45.3,35.1,104,3.8,3673,7.3,1.0,1211,Social Media,1,4884,Mature Low Spender,Target with social media ads
53,Male,Mumbai,Vivo,iOS,7.3,7.4,12.3,88,2.3,832,7.9,0.3,375,Education,1,1207,Mature Low Spender,Target with social media ads
41,Other,Ahmedabad,Samsung,Android,4.6,7.6,213.2,99,3.4,3036,3.4,1.4,597,Gaming,1,3633,Mature Low Spender,Target with social media ads
56,Male,Bangalore,Nokia,iOS,5.4,42.3,255.9,167,1.7,1447,6.6,4.4,856,Work,1,2303,Mature Low Spender,Target with social media ads
50,Male,Pune,Xiaomi,iOS,9.6,12.0,26.6,139,0.9,2317,2.5,4.5,849,Entertainment,1,3166,Mature Low Spender,Target with social media ads
36,Male,Pune,Oppo,iOS,8.5,27.8,7.4,79,3.8,1734,2.6,3.8,1364,Education,1,3098,Mature Low Spender,Target with social media ads
51,Other,Kolkata,Xiaomi,iOS,11.4,41.5,273.1,11,2.4,2678,6.3,1.6,652,Education,1,3330,Mature Low Spender,Target with social media ads
43,Female,Kolkata,Xiaomi,Android,6.1,46.2,112.0,182,5.6,2847,5.7,3.4,324,Education,1,3171,Mature Low Spender,Target with social media ads
45,Other,Lucknow,Nokia,iOS,11.3,18.1,296.3,69,5.0,3446,4.9,4.8,1821,Education,1,5267,Mature Low Spender,Target with social media ads
43,Other,Hyderabad,Realme,Android,3.8,7.8,275.6,199,4.5,345,7.5,2.3,1495,Entertainment,1,1840,Mature Low Spender,Target with social media ads
45,Other,Hyderabad,Apple,iOS,5.4,33.1,45.4,35,2.0,2087,3.2,0.8,1003,Gaming,1,3090,Mature Low Spender,Target with social media ads
51,Female,Delhi,Oppo,Android,8.0,14.1,163.4,94,2.4,1577,6.9,1.7,1859,Social Media,1,3436,Mature Low Spender,Target with social media ads
55,Male,Kolkata,Xiaomi,iOS,4.3,37.8,57.7,170,4.1,1374,4.6,3.6,950,Education,1,2324,Mature Low Spender,Target with social media ads
55,Male,Delhi,Nokia,Android,10.8,18.7,235.6,17,2.6,4869,5.7,0.3,1900,Work,1,6769,Mature Low Spender,Target with social media ads
58,Female,Bangalore,Samsung,iOS,4.8,1.2,185.2,177,4.2,4091,5.4,4.3,1946,Work,1,6037,Mature Low Spender,Target with social media ads
54,Male,Ahmedabad,Nokia,Android,4.6,11.7,90.6,110,4.2,3147,4.1,0.7,1206,Gaming,1,4353,Mature Low Spender,Target with social media ads
58,Male,Lucknow,Xiaomi,iOS,10.0,32.0,206.3,187,4.2,6448,3.8,2.1,1098,Gaming,1,7546,Mature Low Spender,Target with social media ads
58,Male,Chennai,Xiaomi,Android,3.5,18.4,40.3,160,3.0,3518,1.6,5.0,1061,Work,1,4579,Mature Low Spender,Target with social media ads
42,Male,Chennai,Nokia,iOS,4.5,5.6,68.7,143,3.6,236,1.1,0.8,311,Gaming,1,547,Mature Low Spender,Target with social media ads
51,Male,Mumbai,Motorola,iOS,6.1,48.6,29.1,29,2.2,4208,2.9,3.6,1469,Work,1,5677,Mature Low Spender,Target with social media ads
51,Male,Ahmedabad,Nokia,iOS,3.5,41.0,33.6,166,4.8,697,7.9,2.8,1571,Entertainment,1,2268,Mature Low Spender,Target with social media ads
49,Female,Ahmedabad,Apple,Android,3.0,36.9,234.2,26,3.5,162,4.1,4.0,655,Social Media,1,817,Mature Low Spender,Target with social media ads
52,Female,Mumbai,Google Pixel,iOS,8.0,25.6,34.4,70,4.1,2654,7.2,1.8,1072,Entertainment,1,3726,Mature Low Spender,Target with social media ads
57,Female,Kolkata,Apple,Android,7.8,44.2,8.4,163,4.0,379,2.3,0.7,1181,Work,1,1560,Mature Low Spender,Target with social media ads
42,Female,Mumbai,Google Pixel,Android,3.7,41.4,261.5,70,3.9,1299,2.6,1.7,1764,Entertainment,1,3063,Mature Low Spender,Target with social media ads
53,Male,Pune,Xiaomi,iOS,1.1,46.2,153.9,26,4.3,1148,4.0,0.6,1726,Education,1,2874,Mature Low Spender,Target with social media ads
56,Female,Jaipur,Samsung,iOS,3.5,20.1,155.4,98,3.0,2110,7.0,3.4,167,Social Media,1,2277,Mature Low Spender,Target with social media ads
51,Male,Ahmedabad,Motorola,iOS,12.0,16.7,297.3,188,4.5,513,6.3,5.0,1976,Social Media,1,2489,Mature Low Spender,Target with social media ads
49,Male,Ahmedabad,Motorola,iOS,8.7,3.8,172.7,94,3.5,4528,0.5,2.1,1995,Work,1,6523,Mature Low Spender,Target with social media ads
43,Female,Bangalore,Xiaomi,Android,5.1,32.0,261.6,185,4.8,500,6.4,1.6,192,Work,1,692,Mature Low Spender,Target with social media ads
54,Female,Bangalore,Apple,Android,8.9,26.6,31.2,187,3.3,5231,6.1,4.6,576,Gaming,1,5807,Mature Low Spender,Target with social media ads
57,Other,Bangalore,Samsung,iOS,1.4,24.5,104.5,31,3.1,620,1.5,5.0,776,Education,1,1396,Mature Low Spender,Target with social media ads
47,Female,Delhi,Apple,iOS,7.3,31.8,70.2,149,4.5,2765,2.1,0.0,653,Education,1,3418,Mature Low Spender,Target with social media ads
48,Female,Bangalore,Nokia,iOS,3.2,9.3,44.1,43,1.1,2662,0.6,1.4,477,Work,1,3139,Mature Low Spender,Target with social media ads
37,Female,Ahmedabad,Apple,iOS,9.3,41.4,245.8,66,4.8,3942,6.5,1.2,1654,Gaming,1,5596,Mature Low Spender,Target with social media ads
50,Other,Ahmedabad,Nokia,iOS,9.3,24.6,279.8,48,4.8,3800,0.9,2.2,1599,Entertainment,1,5399,Mature Low Spender,Target with social media ads
49,Female,Pune,Motorola,Android,1.3,12.7,84.1,188,3.4,2610,2.6,1.6,195,Gaming,1,2805,Mature Low Spender,Target with social media ads
58,Other,Ahmedabad,Xiaomi,Android,1.2,44.8,297.4,86,5.7,4196,6.7,2.8,997,Gaming,1,5193,Mature Low Spender,Target with social media ads
50,Male,Delhi,Motorola,iOS,11.7,32.7,211.4,58,4.1,3543,1.2,3.2,133,Work,1,3676,Mature Low Spender,Target with social media ads
39,Other,Ahmedabad,Nokia,Android,1.1,47.8,51.4,200,5.5,1680,4.8,2.2,251,Gaming,1,1931,Mature Low Spender,Target with social media ads
54,Other,Mumbai,Xiaomi,iOS,7.0,4.9,52.8,45,4.5,5563,4.4,3.7,271,Gaming,1,5834,Mature Low Spender,Target with social media ads
44,Female,Chennai,Apple,iOS,8.4,30.9,144.2,146,5.9,2720,4.2,3.6,1432,Education,1,4152,Mature Low Spender,Target with social media ads
49,Male,Delhi,Apple,iOS,11.2,30.1,287.0,170,0.8,568,1.5,1.0,1973,Entertainment,1,2541,Mature Low Spender,Target with social media ads
50,Male,Bangalore,Nokia,iOS,7.9,24.4,160.3,110,4.1,2420,6.3,2.4,1944,Education,1,4364,Mature Low Spender,Target with social media ads
59,Other,Jaipur,Google Pixel,Android,5.0,36.3,78.5,142,4.3,1605,4.8,2.4,1744,Work,1,3349,Mature Low Spender,Target with social media ads
44,Male,Hyderabad,Oppo,iOS,4.8,30.1,143.7,88,2.6,1897,1.9,4.1,1097,Gaming,1,2994,Mature Low Spender,Target with social media ads
45,Female,Hyderabad,Xiaomi,Android,5.5,2.1,242.0,111,5.0,2608,2.6,4.5,149,Social Media,1,2757,Mature Low Spender,Target with social media ads
58,Other,Hyderabad,Samsung,iOS,5.6,29.3,241.2,69,1.4,108,2.1,4.4,334,Work,1,442,Mature Low Spender,Target with social media ads
57,Female,Chennai,Realme,iOS,3.3,49.5,82.9,182,4.7,3618,7.1,4.5,112,Work,1,3730,Mature Low Spender,Target with social media ads
47,Other,Bangalore,Samsung,iOS,11.4,15.4,296.3,99,5.9,3245,0.9,1.4,1155,Entertainment,1,4400,Mature Low Spender,Target with social media ads
59,Other,Bangalore,Google Pixel,Android,2.1,2.2,218.3,199,4.0,2293,6.5,4.3,1631,Education,1,3924,Mature Low Spender,Target with social media ads
52,Male,Mumbai,Vivo,Android,4.4,17.5,77.5,150,4.1,583,7.0,0.8,1913,Work,1,2496,Mature Low Spender,Target with social media ads
46,Other,Hyderabad,Motorola,iOS,12.0,10.2,227.0,183,4.5,3007,5.3,0.7,1377,Social Media,1,4384,Mature Low Spender,Target with social media ads
45,Male,Chennai,Samsung,Android,5.7,28.1,173.3,16,3.9,426,7.1,3.6,833,Entertainment,1,1259,Mature Low Spender,Target with social media ads
51,Male,Lucknow,Vivo,iOS,7.8,14.8,59.6,34,5.1,2212,7.0,2.0,813,Social Media,1,3025,Mature Low Spender,Target with social media ads
55,Female,Bangalore,Motorola,iOS,2.5,37.3,229.6,145,4.2,2650,3.7,1.2,589,Work,1,3239,Mature Low Spender,Target with social media ads
52,Female,Bangalore,Google Pixel,Android,11.1,31.5,49.4,176,2.6,3283,2.2,2.6,987,Education,1,4270,Mature Low Spender,Target with social media ads
50,Female,Chennai,Apple,iOS,2.3,29.5,253.7,97,4.5,2513,7.6,3.0,978,Social Media,1,3491,Mature Low Spender,Target with social media ads
59,Other,Chennai,Realme,iOS,7.3,10.5,155.5,147,3.1,1474,3.6,0.7,259,Social Media,1,1733,Mature Low Spender,Target with social media ads
38,Female,Hyderabad,Google Pixel,iOS,5.5,39.4,219.1,114,4.5,3640,5.3,4.4,1409,Work,1,5049,Mature Low Spender,Target with social media ads
38,Male,Ahmedabad,Samsung,iOS,11.6,7.1,167.4,155,4.4,3324,1.9,0.2,614,Education,1,3938,Mature Low Spender,Target with social media ads
41,Female,Chennai,Xiaomi,Android,3.5,24.4,220.2,179,2.6,1919,4.1,1.8,1657,Gaming,1,3576,Mature Low Spender,Target with social media ads
54,Male,Mumbai,Vivo,Android,7.0,9.1,241.6,49,4.4,1532,3.5,4.0,1277,Education,1,2809,Mature Low Spender,Target with social media ads
45,Other,Chennai,Nokia,iOS,5.1,11.4,179.3,19,3.7,5079,7.9,2.6,1614,Gaming,1,6693,Mature Low Spender,Target with social media ads
35,Other,Pune,Nokia,iOS,4.0,37.5,34.8,30,4.5,2295,6.2,1.0,345,Gaming,1,2640,Mature Low Spender,Target with social media ads
57,Female,Jaipur,Google Pixel,Android,5.7,19.8,93.2,139,5.5,2544,6.2,4.3,1561,Social Media,1,4105,Mature Low Spender,Target with social media ads
36,Other,Chennai,Vivo,iOS,8.3,24.3,271.8,47,5.6,2655,3.3,4.6,1222,Gaming,1,3877,Mature Low Spender,Target with social media ads
59,Male,Ahmedabad,Apple,iOS,5.5,18.8,185.6,143,3.8,3972,4.1,3.4,1158,Education,1,5130,Mature Low Spender,Target with social media ads
38,Female,Jaipur,Vivo,iOS,9.9,36.0,92.0,58,4.4,3989,3.7,2.6,1084,Gaming,1,5073,Mature Low Spender,Target with social media ads
50,Male,Bangalore,Nokia,Android,3.6,30.9,276.2,66,4.3,2429,1.2,1.8,792,Work,1,3221,Mature Low Spender,Target with social media ads
37,Male,Mumbai,OnePlus,iOS,2.4,22.3,126.6,105,3.8,369,3.6,1.9,1906,Gaming,1,2275,Mature Low Spender,Target with social media ads
47,Female,Delhi,Samsung,Android,4.5,36.9,233.8,80,2.6,1815,3.2,2.0,507,Work,1,2322,Mature Low Spender,Target with social media ads
59,Other,Bangalore,Samsung,iOS,7.9,13.5,115.4,139,4.6,3262,7.1,1.0,1839,Work,1,5101,Mature Low Spender,Target with social media ads
39,Male,Lucknow,Nokia,Android,2.3,5.2,247.8,71,4.5,1740,4.2,2.9,1999,Education,1,3739,Mature Low Spender,Target with social media ads
59,Other,Bangalore,Realme,iOS,4.6,39.4,219.5,133,3.7,1190,4.3,2.4,1343,Work,1,2533,Mature Low Spender,Target with social media ads
41,Other,Pune,OnePlus,Android,7.3,21.7,83.7,136,3.5,1150,1.5,1.1,136,Entertainment,1,1286,Mature Low Spender,Target with social media ads
41,Other,Hyderabad,Samsung,Android,5.1,6.8,37.0,88,3.8,164,3.0,2.0,1739,Gaming,1,1903,Mature Low Spender,Target with social media ads
43,Other,Jaipur,Samsung,Android,9.6,17.7,141.0,70,2.5,1213,2.7,1.0,1358,Work,1,2571,Mature Low Spender,Target with social media ads
57,Other,Bangalore,Nokia,iOS,6.5,12.4,250.8,119,4.1,2673,7.2,0.7,831,Work,1,3504,Mature Low Spender,Target with social media ads
52,Female,Mumbai,Nokia,iOS,6.2,7.9,125.0,23,4.9,1047,0.7,0.4,295,Social Media,1,1342,Mature Low Spender,Target with social media ads
45,Male,Kolkata,Nokia,Android,6.3,34.5,204.8,56,1.9,512,3.6,3.3,1626,Social Media,1,2138,Mature Low Spender,Target with social media ads
53,Male,Chennai,Nokia,iOS,6.1,27.2,130.6,167,5.9,3132,1.0,3.9,371,Social Media,1,3503,Mature Low Spender,Target with social media ads
60,Other,Ahmedabad,Xiaomi,Android,7.9,11.0,288.4,163,4.5,4530,5.5,1.2,659,Social Media,1,5189,Mature Low Spender,Target with social media ads
59,Other,Bangalore,Vivo,Android,1.7,32.3,92.6,198,4.5,2062,6.4,3.0,701,Entertainment,1,2763,Mature Low Spender,Target with social media ads
45,Male,Jaipur,Nokia,iOS,5.8,36.2,169.9,82,5.9,1431,3.2,1.4,1556,Work,1,2987,Mature Low Spender,Target with social media ads
37,Male,Pune,OnePlus,Android,8.9,37.8,148.9,186,3.9,3083,6.0,2.0,1985,Gaming,1,5068,Mature Low Spender,Target with social media ads
50,Male,Hyderabad,Oppo,Android,4.2,21.0,109.1,146,2.8,1563,0.6,4.3,624,Education,1,2187,Mature Low Spender,Target with social media ads
58,Other,Hyderabad,Samsung,iOS,2.5,19.1,213.6,57,2.6,1724,5.0,2.7,405,Entertainment,1,2129,Mature Low Spender,Target with social media ads
45,Female,Ahmedabad,OnePlus,Android,5.7,40.3,77.0,40,5.5,1486,0.7,3.9,668,Entertainment,1,2154,Mature Low Spender,Target with social media ads
40,Female,Jaipur,Samsung,Android,4.4,25.2,47.2,124,4.0,203,1.8,3.7,1930,Gaming,1,2133,Mature Low Spender,Target with social media ads
48,Female,Ahmedabad,Oppo,Android,8.8,24.4,194.8,59,3.4,3901,4.7,4.7,113,Education,1,4014,Mature Low Spender,Target with social media ads
47,Other,Pune,OnePlus,Android,1.6,29.8,292.3,81,5.0,1663,2.7,1.2,1033,Gaming,1,2696,Mature Low Spender,Target with social media ads
50,Other,Pune,Samsung,Android,2.7,27.6,110.2,161,1.2,2099,4.6,0.1,1059,Education,1,3158,Mature Low Spender,Target with social media ads
52,Other,Lucknow,Oppo,iOS,1.7,33.5,134.2,59,3.3,6185,4.2,2.3,1397,Entertainment,1,7582,Mature Low Spender,Target with social media ads
44,Female,Jaipur,Samsung,Android,4.4,27.5,82.2,72,3.2,4807,6.6,1.8,678,Entertainment,1,5485,Mature Low Spender,Target with social media ads
51,Male,Mumbai,Nokia,iOS,11.5,21.3,250.1,19,3.4,3754,6.5,4.0,976,Social Media,1,4730,Mature Low Spender,Target with social media ads
59,Male,Chennai,Nokia,Android,1.6,8.6,279.9,88,4.4,7471,3.7,3.2,1638,Entertainment,1,9109,Mature Low Spender,Target with social media ads
48,Other,Hyderabad,Oppo,Android,5.7,23.9,284.4,98,4.3,2893,8.0,1.4,1279,Education,1,4172,Mature Low Spender,Target with social media ads
57,Male,Hyderabad,Nokia,Android,9.1,27.0,15.8,143,5.7,2893,5.4,2.0,1806,Social Media,1,4699,Mature Low Spender,Target with social media ads
46,Female,Kolkata,Samsung,iOS,5.5,2.9,203.7,194,4.9,1971,1.2,0.9,550,Entertainment,1,2521,Mature Low Spender,Target with social media ads
55,Male,Jaipur,Xiaomi,Android,11.1,47.0,168.5,15,3.8,5197,5.9,1.5,603,Education,1,5800,Mature Low Spender,Target with social media ads
58,Male,Jaipur,Google Pixel,iOS,5.3,43.9,261.6,98,4.6,3171,7.3,0.5,1735,Gaming,1,4906,Mature Low Spender,Target with social media ads
56,Other,Delhi,OnePlus,iOS,9.9,13.6,78.9,19,3.7,1451,3.6,3.5,795,Gaming,1,2246,Mature Low Spender,Target with social media ads
41,Other,Lucknow,Google Pixel,Android,3.0,1.1,77.0,192,3.6,760,2.3,4.5,1228,Social Media,1,1988,Mature Low Spender,Target with social media ads
44,Male,Bangalore,Realme,Android,7.1,27.6,5.3,183,3.4,3770,4.1,2.4,415,Work,1,4185,Mature Low Spender,Target with social media ads
42,Male,Hyderabad,Samsung,Android,8.3,47.9,33.4,120,1.6,2618,4.2,4.6,414,Gaming,1,3032,Mature Low Spender,Target with social media ads
39,Female,Mumbai,OnePlus,Android,1.3,37.4,266.6,67,6.0,2536,4.9,3.0,1296,Work,1,3832,Mature Low Spender,Target with social media ads
59,Male,Hyderabad,Vivo,iOS,10.4,34.4,181.8,133,4.9,5940,2.4,0.2,866,Gaming,1,6806,Mature Low Spender,Target with social media ads
60,Female,Delhi,Nokia,iOS,7.9,23.2,295.8,198,3.8,4283,2.3,1.7,1907,Education,1,6190,Mature Low Spender,Target with social media ads
54,Female,Jaipur,OnePlus,iOS,3.8,41.4,66.9,174,5.4,2455,6.0,1.9,1410,Gaming,1,3865,Mature Low Spender,Target with social media ads
45,Female,Hyderabad,Samsung,iOS,4.9,37.5,231.8,145,4.9,262,3.8,4.0,432,Social Media,1,694,Mature Low Spender,Target with social media ads
39,Female,Pune,Motorola,Android,1.7,6.7,5.4,133,3.3,624,4.8,3.9,151,Social Media,1,775,Mature Low Spender,Target with social media ads
33,Male,Bangalore,Vivo,iOS,4.8,39.4,128.5,187,5.8,1302,3.1,4.0,430,Work,1,1732,Mature Low Spender,Target with social media ads
45,Other,Pune,Oppo,iOS,4.2,12.8,96.3,67,3.1,2819,6.9,2.5,1531,Entertainment,1,4350,Mature Low Spender,Target with social media ads
50,Other,Mumbai,Xiaomi,Android,10.3,20.4,110.4,54,1.7,1181,5.1,1.2,1697,Work,1,2878,Mature Low Spender,Target with social media ads
52,Male,Chennai,Oppo,Android,6.4,20.3,130.6,34,1.3,278,3.5,2.4,811,Education,1,1089,Mature Low Spender,Target with social media ads
58,Female,Bangalore,Xiaomi,iOS,5.3,16.3,154.6,98,1.9,3696,7.8,4.8,1666,Entertainment,1,5362,Mature Low Spender,Target with social media ads
44,Male,Jaipur,Vivo,Android,3.0,3.6,285.9,118,2.2,515,6.1,1.0,724,Gaming,1,1239,Mature Low Spender,Target with social media ads
49,Female,Delhi,Apple,Android,1.5,4.7,110.5,87,1.7,1111,3.9,1.7,1976,Education,1,3087,Mature Low Spender,Target with social media ads
56,Male,Pune,Vivo,iOS,11.6,13.0,300.0,79,3.8,6348,3.2,0.9,1631,Gaming,1,7979,Mature Low Spender,Target with social media ads
37,Female,Delhi,Xiaomi,Android,11.1,34.2,197.3,10,5.7,855,6.9,0.4,1152,Entertainment,1,2007,Mature Low Spender,Target with social media ads
50,Other,Hyderabad,Vivo,Android,6.9,45.9,55.8,30,2.8,4846,7.4,2.4,1162,Social Media,1,6008,Mature Low Spender,Target with social media ads
48,Male,Jaipur,Google Pixel,iOS,5.9,12.0,54.7,53,2.8,2266,3.3,3.6,648,Gaming,1,2914,Mature Low Spender,Target with social media ads
50,Female,Ahmedabad,Realme,iOS,4.0,47.3,247.8,50,2.5,1108,6.8,4.8,377,Gaming,1,1485,Mature Low Spender,Target with social media ads
51,Male,Chennai,Nokia,Android,8.8,49.5,32.3,129,2.7,5635,5.3,3.6,1472,Entertainment,1,7107,Mature Low Spender,Target with social media ads
50,Other,Kolkata,Realme,iOS,4.7,20.1,291.2,64,2.9,4156,5.3,3.3,1450,Education,1,5606,Mature Low Spender,Target with social media ads
51,Female,Chennai,Motorola,iOS,3.9,18.1,47.7,47,1.2,1958,3.8,1.7,901,Work,1,2859,Mature Low Spender,Target with social media ads
58,Female,Lucknow,Google Pixel,Android,6.7,30.9,235.7,73,4.2,7197,1.9,3.8,829,Education,1,8026,Mature Low Spender,Target with social media ads
49,Other,Pune,Apple,iOS,7.4,16.3,287.6,183,3.5,4256,1.9,3.9,1663,Work,1,5919,Mature Low Spender,Target with social media ads
45,Male,Chennai,Realme,iOS,10.9,7.7,123.3,94,4.0,4979,4.2,1.2,809,Gaming,1,5788,Mature Low Spender,Target with social media ads
51,Other,Ahmedabad,Google Pixel,iOS,9.9,33.4,186.9,187,3.8,3147,3.9,1.8,1155,Gaming,1,4302,Mature Low Spender,Target with social media ads
57,Male,Pune,OnePlus,iOS,1.5,34.9,65.2,32,5.2,1666,7.7,2.2,316,Entertainment,1,1982,Mature Low Spender,Target with social media ads
41,Other,Lucknow,Samsung,iOS,10.8,34.8,278.3,17,2.4,3962,2.1,0.8,992,Social Media,1,4954,Mature Low Spender,Target with social media ads
54,Other,Hyderabad,Motorola,iOS,2.0,45.0,107.8,30,3.0,3697,7.0,1.5,374,Work,1,4071,Mature Low Spender,Target with social media ads
51,Other,Mumbai,OnePlus,iOS,11.2,23.2,64.4,112,2.6,3893,3.9,0.6,167,Social Media,1,4060,Mature Low Spender,Target with social media ads
60,Female,Kolkata,Vivo,Android,1.9,39.5,25.1,61,2.7,5682,1.7,4.4,1485,Social Media,1,7167,Mature Low Spender,Target with social media ads
46,Female,Ahmedabad,Samsung,iOS,6.3,37.1,140.0,100,3.8,4910,1.2,2.0,926,Work,1,5836,Mature Low Spender,Target with social media ads
59,Female,Hyderabad,Samsung,iOS,5.9,16.7,288.3,29,4.5,6240,5.8,1.4,1271,Gaming,1,7511,Mature Low Spender,Target with social media ads
41,Male,Ahmedabad,Xiaomi,iOS,10.6,47.5,139.8,135,1.3,2618,4.8,2.7,1002,Social Media,1,3620,Mature Low Spender,Target with social media ads
60,Female,Jaipur,Nokia,iOS,1.8,33.6,99.3,181,2.4,5220,0.7,3.3,1987,Entertainment,1,7207,Mature Low Spender,Target with social media ads
57,Male,Jaipur,Apple,Android,5.0,32.6,141.2,100,0.5,1539,7.9,0.6,300,Social Media,1,1839,Mature Low Spender,Target with social media ads
58,Male,Lucknow,Oppo,iOS,6.9,5.3,164.2,156,4.1,175,1.8,4.9,1615,Education,1,1790,Mature Low Spender,Target with social media ads
40,Female,Pune,Realme,iOS,9.9,2.0,271.9,73,3.4,3220,0.7,2.2,1410,Education,1,4630,Mature Low Spender,Target with social media ads
60,Female,Delhi,Realme,Android,11.1,41.2,235.0,82,1.9,2002,7.0,3.9,1997,Gaming,1,3999,Mature Low Spender,Target with social media ads
48,Other,Pune,Xiaomi,Android,3.6,44.9,27.9,106,3.7,4236,5.7,0.6,1478,Gaming,1,5714,Mature Low Spender,Target with social media ads
49,Other,Kolkata,Google Pixel,iOS,10.0,14.4,145.9,105,3.9,2868,5.7,0.9,1086,Education,1,3954,Mature Low Spender,Target with social media ads
36,Other,Chennai,Samsung,Android,3.4,13.9,284.4,190,5.3,2378,7.6,3.7,1472,Social Media,1,3850,Mature Low Spender,Target with social media ads
52,Other,Jaipur,Oppo,iOS,8.6,43.5,128.8,32,5.1,5639,5.0,2.3,947,Work,1,6586,Mature Low Spender,Target with social media ads
43,Other,Hyderabad,Motorola,iOS,11.8,33.3,93.9,53,4.4,4003,6.9,1.7,1064,Social Media,1,5067,Mature Low Spender,Target with social media ads
49,Female,Pune,Oppo,iOS,9.8,8.3,286.6,187,5.4,165,0.6,1.5,980,Gaming,1,1145,Mature Low Spender,Target with social media ads
54,Male,Pune,Vivo,Android,1.4,9.3,214.5,89,4.7,5471,7.6,2.6,1645,Gaming,1,7116,Mature Low Spender,Target with social media ads
39,Female,Mumbai,Samsung,Android,11.8,39.2,97.4,168,3.4,763,2.0,3.1,1596,Entertainment,1,2359,Mature Low Spender,Target with social media ads
56,Other,Delhi,Xiaomi,Android,8.6,16.0,253.1,111,2.8,5362,4.7,2.4,1981,Work,1,7343,Mature Low Spender,Target with social media ads
56,Male,Hyderabad,Nokia,iOS,4.4,37.6,19.4,134,3.4,637,2.9,3.8,1729,Entertainment,1,2366,Mature Low Spender,Target with social media ads
55,Other,Pune,Oppo,iOS,9.3,35.8,60.2,25,4.4,4003,6.3,2.2,569,Social Media,1,4572,Mature Low Spender,Target with social media ads
52,Female,Pune,Apple,Android,11.9,36.7,253.9,32,5.3,1645,3.3,3.7,679,Education,1,2324,Mature Low Spender,Target with social media ads
51,Female,Kolkata,Xiaomi,iOS,3.3,34.3,87.3,49,3.4,6135,7.0,2.3,1745,Social Media,1,7880,Mature Low Spender,Target with social media ads
50,Male,Jaipur,Samsung,Android,2.0,13.9,172.5,57,1.6,2990,4.0,2.7,110,Gaming,1,3100,Mature Low Spender,Target with social media ads
47,Female,Hyderabad,Oppo,iOS,1.3,17.3,170.4,155,2.6,109,7.3,3.5,1704,Entertainment,1,1813,Mature Low Spender,Target with social media ads
48,Male,Bangalore,Apple,iOS,5.8,29.0,198.9,113,4.6,312,6.6,3.8,1607,Education,1,1919,Mature Low Spender,Target with social media ads
44,Male,Pune,Nokia,Android,4.1,22.3,18.0,85,0.7,127,1.1,2.0,127,Gaming,1,254,Mature Low Spender,Target with social media ads
35,Female,Chennai,Apple,iOS,5.5,11.3,292.5,113,5.5,2745,7.6,2.4,1665,Education,1,4410,Mature Low Spender,Target with social media ads
51,Other,Bangalore,Vivo,iOS,5.7,6.3,122.6,124,5.6,4625,5.9,3.8,736,Social Media,1,5361,Mature Low Spender,Target with social media ads
51,Male,Kolkata,OnePlus,Android,6.1,19.2,56.3,64,5.6,3443,3.0,1.6,850,Education,1,4293,Mature Low Spender,Target with social media ads
44,Female,Chennai,Xiaomi,Android,9.5,43.4,15.9,15,2.9,1622,6.6,1.9,753,Social Media,1,2375,Mature Low Spender,Target with social media ads
56,Other,Bangalore,Realme,Android,1.1,20.7,171.8,102,3.3,2841,5.4,1.8,1129,Work,1,3970,Mature Low Spender,Target with social media ads
37,Other,Hyderabad,Google Pixel,Android,8.7,28.1,63.0,68,5.9,1470,0.9,3.0,1533,Work,1,3003,Mature Low Spender,Target with social media ads
59,Male,Ahmedabad,Xiaomi,Android,1.2,4.8,88.8,102,2.5,3226,2.4,0.6,1315,Entertainment,1,4541,Mature Low Spender,Target with social media ads
53,Other,Bangalore,Realme,iOS,3.9,2.3,18.5,181,1.8,4379,5.4,4.9,253,Work,1,4632,Mature Low Spender,Target with social media ads
46,Female,Jaipur,Motorola,iOS,9.5,26.4,166.7,78,3.0,5383,7.6,1.7,856,Work,1,6239,Mature Low Spender,Target with social media ads
57,Female,Lucknow,Realme,iOS,5.2,27.5,186.8,171,2.5,2171,7.6,4.4,769,Entertainment,1,2940,Mature Low Spender,Target with social media ads
55,Other,Kolkata,Apple,Android,5.2,44.5,155.1,12,5.2,3172,3.0,3.1,746,Social Media,1,3918,Mature Low Spender,Target with social media ads
60,Other,Bangalore,Motorola,iOS,11.8,11.4,295.6,136,4.8,6404,4.4,1.6,1635,Gaming,1,8039,Mature Low Spender,Target with social media ads
36,Female,Chennai,Samsung,Android,9.8,27.1,204.9,62,4.9,1327,1.4,2.9,1872,Entertainment,1,3199,Mature Low Spender,Target with social media ads
48,Female,Hyderabad,Apple,Android,10.6,37.2,296.8,122,3.2,3878,1.3,0.1,1125,Education,1,5003,Mature Low Spender,Target with social media ads
60,Female,Hyderabad,Vivo,Android,7.2,36.0,79.0,123,1.2,2214,3.8,0.3,126,Work,1,2340,Mature Low Spender,Target with social media ads
51,Female,Ahmedabad,Samsung,Android,9.1,48.4,51.7,14,3.4,6101,5.7,4.5,949,Education,1,7050,Mature Low Spender,Target with social media ads
49,Other,Bangalore,Google Pixel,Android,5.4,3.6,235.6,42,3.7,4058,0.7,2.2,166,Gaming,1,4224,Mature Low Spender,Target with social media ads
51,Male,Delhi,Google Pixel,Android,1.4,16.7,121.1,189,4.2,5217,6.2,3.0,644,Education,1,5861,Mature Low Spender,Target with social media ads
43,Male,Bangalore,Xiaomi,iOS,9.9,6.2,237.9,133,5.5,1491,2.2,1.4,1710,Education,1,3201,Mature Low Spender,Target with social media ads
55,Male,Mumbai,Xiaomi,iOS,4.5,9.7,230.7,110,5.7,139,2.8,3.9,466,Work,1,605,Mature Low Spender,Target with social media ads
41,Other,Chennai,Realme,Android,8.6,22.5,176.6,69,3.3,4947,6.6,2.7,721,Social Media,1,5668,Mature Low Spender,Target with social media ads
39,Other,Ahmedabad,Realme,iOS,4.8,38.3,256.1,140,4.6,211,4.3,4.6,1962,Social Media,1,2173,Mature Low Spender,Target with social media ads
57,Other,Pune,Xiaomi,iOS,6.4,15.3,203.2,143,4.8,4399,7.0,4.5,1284,Work,1,5683,Mature Low Spender,Target with social media ads
52,Female,Hyderabad,Google Pixel,iOS,4.2,12.4,260.9,23,3.8,2325,4.6,0.4,408,Entertainment,1,2733,Mature Low Spender,Target with social media ads
35,Female,Jaipur,Vivo,Android,5.3,25.5,163.4,106,5.5,2806,7.5,0.9,1934,Social Media,1,4740,Mature Low Spender,Target with social media ads
47,Other,Jaipur,Motorola,iOS,3.6,36.3,283.2,128,1.4,1979,0.9,4.5,1564,Work,1,3543,Mature Low Spender,Target with social media ads
51,Other,Kolkata,Xiaomi,Android,1.3,2.1,33.3,141,5.5,598,4.1,3.3,1018,Entertainment,1,1616,Mature Low Spender,Target with social media ads
53,Male,Jaipur,Google Pixel,iOS,7.2,8.5,184.8,34,3.7,5022,1.4,2.5,1425,Entertainment,1,6447,Mature Low Spender,Target with social media ads
37,Male,Delhi,Google Pixel,iOS,4.7,31.3,8.9,191,3.0,3078,4.3,1.3,1322,Gaming,1,4400,Mature Low Spender,Target with social media ads
39,Other,Ahmedabad,Xiaomi,Android,11.0,5.4,137.9,99,3.4,3633,1.8,4.8,294,Gaming,1,3927,Mature Low Spender,Target with social media ads
56,Other,Kolkata,Xiaomi,Android,2.0,2.2,10.9,194,3.4,6676,6.2,4.3,897,Education,1,7573,Mature Low Spender,Target with social media ads
57,Other,Mumbai,Oppo,Android,10.3,22.2,76.5,21,2.8,1607,3.5,0.6,981,Entertainment,1,2588,Mature Low Spender,Target with social media ads
60,Female,Hyderabad,OnePlus,iOS,6.6,27.5,66.7,192,5.0,3985,4.1,1.4,1827,Education,1,5812,Mature Low Spender,Target with social media ads
53,Female,Ahmedabad,Nokia,Android,8.1,33.2,44.2,133,1.9,736,5.2,1.9,309,Work,1,1045,Mature Low Spender,Target with social media ads
53,Other,Mumbai,Motorola,Android,8.4,12.9,163.4,157,1.7,1888,8.0,1.1,1603,Work,1,3491,Mature Low Spender,Target with social media ads
54,Other,Kolkata,Realme,iOS,4.5,11.0,230.2,167,3.9,771,3.5,1.0,1714,Entertainment,1,2485,Mature Low Spender,Target with social media ads
56,Female,Pune,OnePlus,Android,9.3,39.9,196.7,16,3.7,2330,8.0,1.5,1022,Social Media,1,3352,Mature Low Spender,Target with social media ads
47,Male,Hyderabad,Samsung,iOS,10.9,1.2,239.8,176,1.1,2259,3.6,1.4,1369,Entertainment,1,3628,Mature Low Spender,Target with social media ads
39,Male,Pune,Xiaomi,Android,11.2,11.7,55.1,76,4.2,2100,7.7,2.9,352,Gaming,1,2452,Mature Low Spender,Target with social media ads
52,Male,Hyderabad,Nokia,iOS,4.2,15.5,44.3,162,2.9,1271,1.8,1.8,764,Education,1,2035,Mature Low Spender,Target with social media ads
57,Female,Pune,Samsung,Android,10.2,42.1,209.6,121,3.6,4434,2.6,3.2,1951,Education,1,6385,Mature Low Spender,Target with social media ads
59,Male,Delhi,Nokia,Android,5.9,27.3,192.3,136,4.9,2966,2.6,3.1,1370,Social Media,1,4336,Mature Low Spender,Target with social media ads
58,Other,Chennai,Nokia,iOS,7.4,18.2,137.0,85,2.2,4537,7.2,3.2,1299,Entertainment,1,5836,Mature Low Spender,Target with social media ads
59,Other,Ahmedabad,Google Pixel,Android,11.9,43.5,101.4,125,4.9,6519,6.8,1.7,1508,Entertainment,1,8027,Mature Low Spender,Target with social media ads
51,Male,Mumbai,Apple,iOS,3.3,46.8,30.6,17,4.1,3900,4.7,4.8,1298,Social Media,1,5198,Mature Low Spender,Target with social media ads
58,Male,Chennai,Samsung,Android,4.3,35.9,193.5,69,4.1,3604,5.1,3.8,883,Entertainment,1,4487,Mature Low Spender,Target with social media ads
46,Female,Kolkata,Nokia,iOS,4.8,30.0,38.7,108,5.3,206,1.8,1.4,1923,Social Media,1,2129,Mature Low Spender,Target with social media ads
52,Other,Bangalore,Vivo,Android,10.4,13.1,218.9,200,0.7,2633,2.1,0.5,921,Gaming,1,3554,Mature Low Spender,Target with social media ads
50,Other,Pune,Xiaomi,iOS,7.6,2.2,31.6,140,2.0,3196,2.7,0.3,622,Education,1,3818,Mature Low Spender,Target with social media ads
38,Male,Jaipur,Apple,Android,8.9,29.2,234.1,107,4.2,547,2.1,2.9,1154,Gaming,1,1701,Mature Low Spender,Target with social media ads
58,Female,Chennai,Realme,Android,1.2,13.5,171.4,186,2.0,1064,2.5,3.9,1008,Work,1,2072,Mature Low Spender,Target with social media ads
37,Other,Delhi,Realme,iOS,3.0,33.4,80.6,200,3.3,2132,3.0,0.6,1562,Education,1,3694,Mature Low Spender,Target with social media ads
56,Female,Lucknow,Realme,Android,11.2,29.4,201.3,93,4.3,6293,0.6,1.6,1660,Gaming,1,7953,Mature Low Spender,Target with social media ads
59,Male,Delhi,Apple,Android,10.3,36.1,278.3,162,3.4,1704,7.8,0.5,910,Education,1,2614,Mature Low Spender,Target with social media ads
46,Male,Lucknow,Xiaomi,Android,11.5,24.5,176.2,124,1.6,2831,5.3,3.8,1149,Education,1,3980,Mature Low Spender,Target with social media ads
48,Other,Jaipur,Apple,iOS,2.3,19.2,185.2,161,3.9,2954,6.0,0.1,393,Gaming,1,3347,Mature Low Spender,Target with social media ads
55,Other,Ahmedabad,OnePlus,Android,4.2,49.5,16.4,149,5.8,2431,7.7,4.2,1671,Entertainment,1,4102,Mature Low Spender,Target with social media ads
57,Other,Hyderabad,Motorola,iOS,5.6,31.6,255.1,46,4.3,6847,3.7,0.6,743,Gaming,1,7590,Mature Low Spender,Target with social media ads
52,Female,Jaipur,Vivo,Android,6.3,7.2,17.7,106,3.4,5524,1.9,1.1,133,Education,1,5657,Mature Low Spender,Target with social media ads
48,Male,Hyderabad,OnePlus,iOS,10.6,30.4,265.3,165,5.8,1729,5.7,3.7,675,Entertainment,1,2404,Mature Low Spender,Target with social media ads
48,Male,Bangalore,Samsung,iOS,11.5,35.3,263.7,39,0.7,1329,3.5,4.3,308,Entertainment,1,1637,Mature Low Spender,Target with social media ads
44,Female,Jaipur,Xiaomi,Android,8.1,34.4,163.8,178,3.7,4886,3.0,1.2,1168,Education,1,6054,Mature Low Spender,Target with social media ads
50,Other,Kolkata,Vivo,iOS,5.8,20.4,60.1,82,4.2,1504,2.4,2.7,1789,Gaming,1,3293,Mature Low Spender,Target with social media ads
48,Female,Delhi,Xiaomi,Android,7.3,26.3,292.5,110,3.8,4092,5.4,0.3,365,Social Media,1,4457,Mature Low Spender,Target with social media ads
53,Female,Mumbai,Vivo,Android,5.7,12.5,176.4,97,3.3,447,5.4,1.7,1790,Education,1,2237,Mature Low Spender,Target with social media ads
59,Other,Hyderabad,Vivo,iOS,2.6,41.3,219.1,178,5.1,3713,4.9,4.2,934,Entertainment,1,4647,Mature Low Spender,Target with social media ads
58,Other,Mumbai,Xiaomi,iOS,2.6,47.0,5.7,173,5.5,5612,6.2,2.4,564,Entertainment,1,6176,Mature Low Spender,Target with social media ads
43,Male,Kolkata,Apple,iOS,10.8,29.6,251.8,48,2.1,3320,6.4,0.5,1545,Work,1,4865,Mature Low Spender,Target with social media ads
50,Male,Mumbai,Nokia,iOS,4.8,28.4,221.2,46,5.5,2568,7.3,0.7,1133,Work,1,3701,Mature Low Spender,Target with social media ads
58,Other,Lucknow,Nokia,iOS,8.4,4.8,149.2,16,5.0,3125,4.2,4.6,146,Work,1,3271,Mature Low Spender,Target with social media ads
48,Female,Kolkata,Xiaomi,iOS,9.9,49.7,8.7,159,4.6,2854,4.7,3.0,627,Gaming,1,3481,Mature Low Spender,Target with social media ads
40,Male,Jaipur,Realme,Android,5.7,34.5,160.2,69,4.0,1598,3.6,1.9,1226,Entertainment,1,2824,Mature Low Spender,Target with social media ads
55,Female,Lucknow,Motorola,iOS,8.8,33.3,81.3,177,1.3,2983,3.1,4.5,734,Work,1,3717,Mature Low Spender,Target with social media ads
56,Other,Hyderabad,Realme,Android,10.2,9.2,84.8,68,3.3,2432,5.6,4.9,921,Social Media,1,3353,Mature Low Spender,Target with social media ads
43,Female,Delhi,Vivo,iOS,4.0,2.1,229.8,18,5.4,4275,1.3,0.6,147,Education,1,4422,Mature Low Spender,Target with social media ads
55,Other,Ahmedabad,Realme,Android,2.5,8.4,56.1,162,1.0,2808,6.1,2.6,1791,Education,1,4599,Mature Low Spender,Target with social media ads
51,Other,Jaipur,Motorola,Android,5.5,43.7,262.0,54,4.1,1509,2.3,0.6,1059,Education,1,2568,Mature Low Spender,Target with social media ads
60,Other,Delhi,Xiaomi,Android,11.7,24.2,67.4,10,3.6,709,5.3,1.5,545,Entertainment,1,1254,Mature Low Spender,Target with social media ads
51,Other,Bangalore,OnePlus,iOS,9.6,41.7,120.0,147,4.3,2685,0.8,0.1,871,Entertainment,1,3556,Mature Low Spender,Target with social media ads
45,Male,Ahmedabad,Apple,iOS,10.4,1.9,297.9,51,5.0,4098,2.7,4.9,146,Gaming,1,4244,Mature Low Spender,Target with social media ads
59,Male,Pune,Oppo,iOS,1.9,48.8,108.8,141,4.8,439,3.9,0.4,893,Gaming,1,1332,Mature Low Spender,Target with social media ads
45,Female,Lucknow,Nokia,Android,7.9,6.8,285.4,80,2.8,3873,3.3,1.7,1605,Work,1,5478,Mature Low Spender,Target with social media ads
57,Female,Lucknow,Google Pixel,Android,10.2,27.8,209.5,65,3.9,2877,5.3,5.0,892,Entertainment,1,3769,Mature Low Spender,Target with social media ads
51,Female,Bangalore,OnePlus,iOS,1.5,20.6,181.1,78,5.2,2785,3.7,4.8,1214,Gaming,1,3999,Mature Low Spender,Target with social media ads
43,Female,Jaipur,Google Pixel,Android,8.3,32.0,169.6,127,5.6,2214,2.4,2.8,1275,Work,1,3489,Mature Low Spender,Target with social media ads
49,Male,Hyderabad,Vivo,iOS,4.2,11.2,287.5,50,4.8,2907,1.8,3.3,604,Work,1,3511,Mature Low Spender,Target with social media ads
44,Female,Jaipur,Nokia,Android,3.6,11.9,12.4,194,2.7,3717,4.1,2.5,1892,Gaming,1,5609,Mature Low Spender,Target with social media ads
45,Other,Ahmedabad,OnePlus,iOS,1.2,22.7,188.1,154,2.2,199,7.3,4.6,1650,Work,1,1849,Mature Low Spender,Target with social media ads
42,Male,Bangalore,Motorola,iOS,2.4,2.6,195.8,12,3.9,2192,7.8,2.8,460,Education,1,2652,Mature Low Spender,Target with social media ads
52,Female,Pune,Samsung,Android,3.3,24.4,201.4,66,4.2,4561,2.0,4.0,1944,Entertainment,1,6505,Mature Low Spender,Target with social media ads
40,Male,Bangalore,Xiaomi,Android,4.6,20.7,284.9,143,3.1,4474,5.1,4.3,325,Gaming,1,4799,Mature Low Spender,Target with social media ads
52,Male,Mumbai,OnePlus,Android,3.3,16.7,81.8,149,1.8,3426,1.1,1.9,1673,Social Media,1,5099,Mature Low Spender,Target with social media ads
39,Female,Kolkata,Realme,Android,11.0,20.7,258.4,49,3.4,2960,5.3,2.8,324,Entertainment,1,3284,Mature Low Spender,Target with social media ads
41,Other,Pune,Google Pixel,iOS,11.2,3.7,99.7,45,4.1,3720,2.2,4.2,1879,Entertainment,1,5599,Mature Low Spender,Target with social media ads
39,Other,Bangalore,Samsung,Android,11.1,29.7,99.5,111,5.0,2070,3.6,4.4,1820,Education,1,3890,Mature Low Spender,Target with social media ads
55,Female,Hyderabad,Apple,Android,11.6,23.6,74.5,113,4.1,4822,5.1,4.6,591,Gaming,1,5413,Mature Low Spender,Target with social media ads
53,Female,Pune,Realme,iOS,4.5,32.1,152.6,175,4.0,3697,5.4,4.3,1866,Social Media,1,5563,Mature Low Spender,Target with social media ads
39,Female,Ahmedabad,Apple,Android,2.5,25.0,275.8,57,3.2,1442,7.8,1.4,468,Social Media,1,1910,Mature Low Spender,Target with social media ads
59,Male,Jaipur,Samsung,iOS,11.4,2.6,110.7,132,1.1,2680,6.3,1.2,739,Social Media,1,3419,Mature Low Spender,Target with social media ads
57,Other,Chennai,Realme,iOS,10.8,49.9,120.9,172,1.9,2909,7.1,4.9,1124,Entertainment,1,4033,Mature Low Spender,Target with social media ads
51,Female,Pune,Google Pixel,iOS,1.5,40.9,283.6,198,2.0,4314,4.5,0.8,669,Work,1,4983,Mature Low Spender,Target with social media ads
38,Female,Jaipur,Motorola,Android,9.4,22.6,198.6,16,4.9,2591,7.6,2.6,1499,Entertainment,1,4090,Mature Low Spender,Target with social media ads
50,Male,Lucknow,Nokia,Android,1.9,45.2,182.9,78,2.6,1577,4.5,1.5,842,Social Media,1,2419,Mature Low Spender,Target with social media ads
60,Female,Lucknow,Google Pixel,iOS,10.3,16.7,73.9,95,5.2,1292,7.7,1.2,1064,Entertainment,1,2356,Mature Low Spender,Target with social media ads
38,Female,Chennai,Google Pixel,Android,2.2,22.8,125.3,90,3.7,856,3.2,1.1,565,Work,1,1421,Mature Low Spender,Target with social media ads
59,Female,Hyderabad,Apple,Android,1.2,25.9,132.3,82,4.2,1669,4.2,2.6,309,Education,1,1978,Mature Low Spender,Target with social media ads
51,Other,Pune,Nokia,Android,1.1,2.2,66.1,172,4.7,3965,7.7,0.4,915,Gaming,1,4880,Mature Low Spender,Target with social media ads
56,Other,Kolkata,Samsung,iOS,5.2,4.7,51.4,81,2.5,5440,3.5,1.3,375,Entertainment,1,5815,Mature Low Spender,Target with social media ads
57,Female,Mumbai,Oppo,Android,1.6,4.2,64.1,136,3.5,5287,3.3,1.1,765,Entertainment,1,6052,Mature Low Spender,Target with social media ads
60,Other,Hyderabad,Oppo,iOS,7.8,47.8,109.7,114,2.8,4133,1.1,2.5,1561,Education,1,5694,Mature Low Spender,Target with social media ads
50,Female,Delhi,Oppo,Android,10.2,13.3,104.3,118,5.4,2218,4.6,1.9,115,Education,1,2333,Mature Low Spender,Target with social media ads
43,Other,Kolkata,Apple,iOS,4.7,20.0,243.2,62,4.8,2769,3.6,2.9,1457,Education,1,4226,Mature Low Spender,Target with social media ads
58,Other,Delhi,Google Pixel,Android,7.9,42.4,83.6,63,1.3,4412,4.2,2.4,1982,Work,1,6394,Mature Low Spender,Target with social media ads
54,Other,Kolkata,OnePlus,Android,2.9,31.8,254.4,199,0.8,2516,1.0,3.0,256,Social Media,1,2772,Mature Low Spender,Target with social media ads
58,Other,Lucknow,Xiaomi,Android,2.4,45.9,61.1,61,2.2,3246,7.9,0.3,579,Social Media,1,3825,Mature Low Spender,Target with social media ads
46,Other,Chennai,Nokia,iOS,10.6,48.1,133.9,143,4.5,1127,7.0,3.9,1129,Work,1,2256,Mature Low Spender,Target with social media ads
45,Female,Chennai,OnePlus,iOS,6.6,5.4,41.7,200,2.5,3939,6.5,3.8,1948,Entertainment,1,5887,Mature Low Spender,Target with social media ads
54,Female,Ahmedabad,Vivo,iOS,10.7,11.5,37.3,142,4.6,6043,2.5,0.9,1683,Work,1,7726,Mature Low Spender,Target with social media ads
53,Other,Pune,Nokia,iOS,8.4,49.9,83.6,55,4.2,5854,4.5,4.6,1440,Gaming,1,7294,Mature Low Spender,Target with social media ads
59,Male,Mumbai,Google Pixel,Android,8.8,7.9,187.9,79,4.2,2677,4.0,2.0,1699,Education,1,4376,Mature Low Spender,Target with social media ads
44,Female,Ahmedabad,Realme,Android,11.6,41.5,28.7,182,2.1,3021,5.0,0.6,1053,Education,1,4074,Mature Low Spender,Target with social media ads
43,Other,Lucknow,Nokia,iOS,9.3,8.0,220.3,119,4.7,195,7.3,1.0,1548,Work,1,1743,Mature Low Spender,Target with social media ads
44,Other,Bangalore,Oppo,iOS,2.1,20.7,62.0,84,3.5,4427,6.0,0.9,1054,Education,1,5481,Mature Low Spender,Target with social media ads
48,Male,Lucknow,Google Pixel,iOS,3.4,41.9,104.3,163,4.0,1469,2.7,1.5,631,Education,1,2100,Mature Low Spender,Target with social media ads
57,Other,Bangalore,Oppo,iOS,9.4,20.7,124.3,29,2.7,4789,3.8,0.2,881,Work,1,5670,Mature Low Spender,Target with social media ads
39,Female,Lucknow,Realme,iOS,4.5,8.4,45.6,127,4.7,3468,4.6,4.3,400,Work,1,3868,Mature Low Spender,Target with social media ads
54,Other,Jaipur,Xiaomi,iOS,4.4,29.1,179.5,64,2.1,3552,7.9,2.9,770,Education,1,4322,Mature Low Spender,Target with social media ads
37,Other,Chennai,Nokia,iOS,3.6,38.5,31.4,30,4.3,166,5.4,0.7,1921,Education,1,2087,Mature Low Spender,Target with social media ads
57,Male,Delhi,Google Pixel,Android,6.3,38.6,14.9,96,3.0,1902,3.9,2.8,1329,Social Media,1,3231,Mature Low Spender,Target with social media ads
57,Male,Bangalore,Xiaomi,Android,8.2,14.7,27.4,68,1.6,1929,7.9,4.6,1709,Social Media,1,3638,Mature Low Spender,Target with social media ads
40,Female,Kolkata,Samsung,Android,10.5,25.3,165.0,84,3.1,2934,1.3,4.3,1885,Education,1,4819,Mature Low Spender,Target with social media ads
47,Female,Mumbai,Oppo,Android,7.6,46.1,154.4,169,0.9,548,7.8,0.3,576,Gaming,1,1124,Mature Low Spender,Target with social media ads
60,Female,Pune,Samsung,iOS,1.5,10.9,59.1,72,3.1,6259,7.8,0.1,1323,Work,1,7582,Mature Low Spender,Target with social media ads
48,Female,Kolkata,Realme,iOS,9.0,24.4,31.2,88,3.5,6004,5.2,3.4,573,Gaming,1,6577,Mature Low Spender,Target with social media ads
48,Female,Pune,OnePlus,Android,7.7,26.6,102.3,54,2.2,3924,1.0,3.1,490,Social Media,1,4414,Mature Low Spender,Target with social media ads
50,Male,Delhi,Google Pixel,iOS,6.4,20.1,271.7,65,4.5,3270,2.8,0.8,282,Gaming,1,3552,Mature Low Spender,Target with social media ads
55,Female,Pune,Samsung,Android,9.8,33.3,173.4,52,3.9,5415,2.5,1.3,712,Education,1,6127,Mature Low Spender,Target with social media ads
37,Female,Jaipur,Vivo,iOS,4.9,19.3,85.5,87,5.0,2741,4.6,3.6,880,Entertainment,1,3621,Mature Low Spender,Target with social media ads
49,Other,Pune,Xiaomi,Android,8.9,16.5,213.5,51,3.5,6300,4.1,2.4,597,Social Media,1,6897,Mature Low Spender,Target with social media ads
57,Other,Mumbai,Google Pixel,iOS,1.6,1.8,91.6,104,0.9,1544,3.3,1.1,971,Entertainment,1,2515,Mature Low Spender,Target with social media ads
54,Female,Kolkata,Motorola,iOS,7.0,2.7,128.8,58,3.8,3325,7.2,3.3,234,Education,1,3559,Mature Low Spender,Target with social media ads
52,Male,Mumbai,Google Pixel,iOS,12.0,25.6,30.1,98,5.0,786,1.8,3.4,1084,Gaming,1,1870,Mature Low Spender,Target with social media ads
48,Male,Delhi,Apple,iOS,1.2,35.8,289.5,120,3.0,3455,3.8,4.9,1961,Social Media,1,5416,Mature Low Spender,Target with social media ads
44,Male,Chennai,Realme,Android,9.2,1.3,238.7,131,1.7,3196,1.6,3.2,668,Work,1,3864,Mature Low Spender,Target with social media ads
41,Male,Kolkata,Samsung,iOS,3.2,17.4,207.3,175,3.2,930,0.6,3.9,1973,Gaming,1,2903,Mature Low Spender,Target with social media ads
47,Male,Chennai,Motorola,iOS,2.9,1.7,47.4,51,4.7,3864,5.1,3.3,1177,Social Media,1,5041,Mature Low Spender,Target with social media ads
41,Male,Chennai,Google Pixel,Android,1.2,20.9,247.4,107,3.5,3033,1.8,1.7,717,Gaming,1,3750,Mature Low Spender,Target with social media ads
41,Other,Lucknow,Xiaomi,Android,6.3,29.6,247.3,179,2.6,2911,5.6,1.4,1658,Gaming,1,4569,Mature Low Spender,Target with social media ads
36,Other,Ahmedabad,Samsung,iOS,1.5,13.3,167.7,50,4.5,3813,7.6,1.9,1611,Social Media,1,5424,Mature Low Spender,Target with social media ads
59,Other,Hyderabad,Motorola,Android,9.8,8.9,208.3,155,4.2,7353,1.5,5.0,1404,Gaming,1,8757,Mature Low Spender,Target with social media ads
57,Other,Kolkata,Oppo,Android,7.5,18.6,285.0,117,4.4,426,1.6,3.8,1571,Social Media,1,1997,Mature Low Spender,Target with social media ads
48,Male,Hyderabad,Realme,Android,2.8,35.1,174.8,156,2.3,1366,5.8,1.7,1865,Entertainment,1,3231,Mature Low Spender,Target with social media ads
58,Male,Jaipur,OnePlus,Android,9.0,21.7,222.5,140,1.8,1598,6.5,0.5,181,Gaming,1,1779,Mature Low Spender,Target with social media ads
49,Male,Kolkata,Google Pixel,iOS,6.4,17.9,119.0,150,2.8,1378,3.1,0.0,1481,Social Media,1,2859,Mature Low Spender,Target with social media ads
41,Male,Lucknow,Samsung,Android,8.1,7.6,198.4,30,5.8,185,0.6,4.5,1558,Education,1,1743,Mature Low Spender,Target with social media ads
52,Other,Lucknow,Nokia,iOS,7.0,17.1,113.8,44,1.6,1895,4.2,3.1,660,Social Media,1,2555,Mature Low Spender,Target with social media ads
53,Other,Kolkata,Vivo,Android,11.6,26.9,71.1,120,1.0,1293,5.4,1.5,1979,Entertainment,1,3272,Mature Low Spender,Target with social media ads
45,Male,Lucknow,Vivo,Android,8.1,30.4,164.5,162,1.9,2282,0.7,4.7,1193,Social Media,1,3475,Mature Low Spender,Target with social media ads
57,Female,Ahmedabad,Motorola,Android,8.9,28.8,149.0,107,5.6,3040,5.6,3.9,1975,Work,1,5015,Mature Low Spender,Target with social media ads
45,Other,Chennai,Nokia,Android,10.4,42.0,81.6,196,2.0,886,1.1,2.8,512,Work,1,1398,Mature Low Spender,Target with social media ads
38,Male,Pune,Google Pixel,Android,1.7,23.4,192.0,75,4.1,2194,6.3,0.2,1223,Work,1,3417,Mature Low Spender,Target with social media ads
41,Male,Hyderabad,Vivo,iOS,2.7,17.5,128.0,189,4.8,2369,1.0,2.6,1453,Work,1,3822,Mature Low Spender,Target with social media ads
53,Other,Jaipur,Apple,Android,12.0,15.8,296.2,61,4.3,4092,2.2,1.5,1020,Social Media,1,5112,Mature Low Spender,Target with social media ads
40,Other,Hyderabad,Motorola,Android,2.4,3.9,47.9,127,4.9,2441,6.4,0.9,1719,Work,1,4160,Mature Low Spender,Target with social media ads
60,Female,Kolkata,OnePlus,iOS,8.6,37.2,114.0,71,1.0,1929,4.1,2.6,136,Gaming,1,2065,Mature Low Spender,Target with social media ads
50,Female,Ahmedabad,Xiaomi,Android,8.4,48.7,18.0,86,4.8,4087,5.6,3.3,543,Education,1,4630,Mature Low Spender,Target with social media ads
51,Female,Lucknow,Samsung,Android,10.2,11.3,75.2,62,3.0,4572,7.2,1.2,862,Gaming,1,5434,Mature Low Spender,Target with social media ads
46,Female,Bangalore,OnePlus,Android,6.1,3.0,110.7,87,1.6,1082,7.1,3.4,957,Education,1,2039,Mature Low Spender,Target with social media ads
50,Other,Chennai,Realme,iOS,2.0,45.0,90.5,83,3.5,3510,3.9,0.1,1408,Gaming,1,4918,Mature Low Spender,Target with social media ads
48,Female,Kolkata,Realme,Android,6.8,25.1,5.4,70,4.5,4342,2.5,0.9,1565,Entertainment,1,5907,Mature Low Spender,Target with social media ads
51,Female,Hyderabad,Oppo,Android,8.9,20.8,194.9,145,5.2,2498,3.2,2.6,1274,Gaming,1,3772,Mature Low Spender,Target with social media ads
46,Female,Jaipur,Samsung,Android,5.5,12.2,57.2,72,4.6,4084,1.1,0.9,598,Social Media,1,4682,Mature Low Spender,Target with social media ads
49,Other,Bangalore,Realme,Android,9.3,29.8,77.3,75,3.7,397,5.9,0.8,941,Gaming,1,1338,Mature Low Spender,Target with social media ads
39,Other,Bangalore,OnePlus,Android,3.9,13.4,17.3,76,4.8,3478,7.6,2.3,1174,Education,1,4652,Mature Low Spender,Target with social media ads
50,Female,Delhi,OnePlus,iOS,1.8,14.2,208.9,24,1.1,499,2.3,2.8,605,Social Media,1,1104,Mature Low Spender,Target with social media ads
53,Female,Chennai,Samsung,Android,9.7,26.8,261.1,171,2.0,2838,6.6,4.5,1461,Social Media,1,4299,Mature Low Spender,Target with social media ads
56,Female,Bangalore,Samsung,Android,11.3,23.3,166.7,144,4.3,6443,2.8,2.3,1044,Work,1,7487,Mature Low Spender,Target with social media ads
38,Male,Pune,Oppo,iOS,8.9,28.2,177.9,72,5.8,2144,2.9,3.9,382,Entertainment,1,2526,Mature Low Spender,Target with social media ads
41,Female,Ahmedabad,Oppo,iOS,11.0,13.2,158.3,87,3.1,3422,2.4,0.3,1871,Education,1,5293,Mature Low Spender,Target with social media ads
45,Other,Jaipur,Xiaomi,iOS,2.3,23.9,289.5,73,4.4,2115,3.0,2.7,671,Gaming,1,2786,Mature Low Spender,Target with social media ads
46,Male,Lucknow,Apple,iOS,3.5,7.3,175.3,48,3.2,1454,2.1,0.2,1647,Social Media,1,3101,Mature Low Spender,Target with social media ads
57,Male,Kolkata,Motorola,iOS,5.4,30.3,36.6,92,4.5,3543,5.8,1.4,381,Work,1,3924,Mature Low Spender,Target with social media ads
51,Male,Hyderabad,Vivo,iOS,6.2,44.9,215.7,47,3.6,5531,3.8,1.9,718,Education,1,6249,Mature Low Spender,Target with social media ads
47,Male,Jaipur,Motorola,Android,8.9,17.9,142.6,124,4.8,995,6.8,0.9,344,Education,1,1339,Mature Low Spender,Target with social media ads
54,Female,Lucknow,Oppo,Android,2.2,42.5,271.6,163,5.3,1290,5.9,4.1,362,Social Media,1,1652,Mature Low Spender,Target with social media ads
52,Male,Ahmedabad,Nokia,iOS,6.0,47.4,20.7,22,4.2,2821,3.5,2.6,1239,Work,1,4060,Mature Low Spender,Target with social media ads
44,Male,Kolkata,Motorola,iOS,10.9,3.9,21.7,140,2.7,2500,0.8,0.2,448,Work,1,2948,Mature Low Spender,Target with social media ads
55,Female,Mumbai,Google Pixel,iOS,3.8,39.4,141.9,196,1.3,4009,2.9,4.0,952,Entertainment,1,4961,Mature Low Spender,Target with social media ads
44,Female,Delhi,Samsung,Android,6.8,20.6,291.6,71,1.4,2663,5.7,1.7,410,Social Media,1,3073,Mature Low Spender,Target with social media ads
49,Other,Chennai,Motorola,iOS,8.6,6.4,54.7,112,4.3,3996,0.7,3.8,523,Gaming,1,4519,Mature Low Spender,Target with social media ads
56,Female,Mumbai,Motorola,iOS,11.0,28.9,146.9,146,2.9,6065,2.0,1.3,197,Entertainment,1,6262,Mature Low Spender,Target with social media ads
47,Other,Jaipur,Oppo,iOS,7.0,29.2,214.6,87,4.1,5037,5.8,1.9,987,Social Media,1,6024,Mature Low Spender,Target with social media ads
54,Other,Pune,Oppo,Android,9.4,12.5,258.0,20,4.3,6574,5.3,0.7,1018,Gaming,1,7592,Mature Low Spender,Target with social media ads
45,Male,Kolkata,Apple,Android,7.1,34.2,213.7,72,3.8,4822,5.8,1.1,550,Entertainment,1,5372,Mature Low Spender,Target with social media ads
37,Female,Bangalore,Oppo,Android,10.2,8.3,46.9,175,4.0,4084,2.4,3.4,879,Social Media,1,4963,Mature Low Spender,Target with social media ads
50,Male,Bangalore,Realme,iOS,10.8,38.7,53.7,106,2.8,4001,2.2,4.4,274,Entertainment,1,4275,Mature Low Spender,Target with social media ads
54,Other,Hyderabad,Nokia,Android,6.1,4.6,249.9,122,2.6,1965,7.2,4.0,1254,Entertainment,1,3219,Mature Low Spender,Target with social media ads
40,Male,Delhi,OnePlus,iOS,7.8,46.7,105.7,88,4.3,1875,2.3,0.7,801,Social Media,1,2676,Mature Low Spender,Target with social media ads
49,Male,Lucknow,OnePlus,Android,11.4,3.1,84.7,163,5.2,947,3.4,4.5,755,Gaming,1,1702,Mature Low Spender,Target with social media ads
57,Other,Delhi,Vivo,Android,2.3,46.4,258.6,122,1.3,2739,4.4,2.1,668,Gaming,1,3407,Mature Low Spender,Target with social media ads
43,Female,Jaipur,OnePlus,Android,6.5,4.8,77.0,100,4.5,1046,2.3,4.9,462,Gaming,1,1508,Mature Low Spender,Target with social media ads
55,Male,Pune,Oppo,iOS,10.4,13.1,254.0,146,3.7,1000,6.1,0.8,1833,Work,1,2833,Mature Low Spender,Target with social media ads
41,Other,Mumbai,Oppo,Android,10.7,26.6,169.6,84,5.8,3342,1.3,2.1,744,Entertainment,1,4086,Mature Low Spender,Target with social media ads
52,Female,Kolkata,Xiaomi,iOS,7.2,25.0,136.0,39,3.3,1911,5.9,2.2,1467,Social Media,1,3378,Mature Low Spender,Target with social media ads
43,Male,Kolkata,Google Pixel,iOS,3.7,41.7,179.4,180,5.8,2253,1.3,1.9,1451,Gaming,1,3704,Mature Low Spender,Target with social media ads
56,Female,Pune,Oppo,Android,4.8,40.4,54.4,106,4.4,1678,5.8,2.9,1644,Gaming,1,3322,Mature Low Spender,Target with social media ads
55,Other,Jaipur,OnePlus,iOS,2.0,36.9,72.3,124,4.9,3017,6.1,0.2,1161,Social Media,1,4178,Mature Low Spender,Target with social media ads
47,Male,Jaipur,Samsung,iOS,12.0,8.8,177.3,98,1.2,321,2.8,0.9,384,Work,1,705,Mature Low Spender,Target with social media ads
53,Male,Lucknow,Xiaomi,Android,9.6,20.9,224.9,175,2.0,1594,7.2,1.6,196,Work,1,1790,Mature Low Spender,Target with social media ads
46,Male,Bangalore,Realme,Android,2.1,7.8,229.1,41,2.3,1249,4.2,1.3,308,Social Media,1,1557,Mature Low Spender,Target with social media ads
57,Other,Ahmedabad,Motorola,iOS,11.8,48.3,94.4,41,5.6,5031,7.6,1.4,1739,Work,1,6770,Mature Low Spender,Target with social media ads
50,Female,Jaipur,Oppo,Android,2.5,37.1,57.2,60,2.4,4177,6.0,1.9,1532,Education,1,5709,Mature Low Spender,Target with social media ads
58,Male,Delhi,Realme,iOS,2.2,38.8,61.2,119,4.4,5311,5.9,0.6,1803,Gaming,1,7114,Mature Low Spender,Target with social media ads
53,Male,Delhi,Google Pixel,iOS,6.7,2.4,75.7,61,0.8,2463,5.7,4.9,1218,Social Media,1,3681,Mature Low Spender,Target with social media ads
44,Other,Mumbai,Samsung,iOS,1.8,8.6,69.4,100,1.6,592,0.7,4.8,239,Social Media,1,831,Mature Low Spender,Target with social media ads
58,Female,Lucknow,Xiaomi,Android,8.2,47.0,85.3,113,1.2,2807,5.6,1.2,1093,Social Media,1,3900,Mature Low Spender,Target with social media ads
39,Male,Ahmedabad,Realme,iOS,10.0,41.9,15.8,176,4.2,1310,1.2,1.4,1290,Entertainment,1,2600,Mature Low Spender,Target with social media ads
55,Other,Chennai,Samsung,iOS,3.2,45.5,110.3,167,4.9,877,1.2,0.4,191,Social Media,1,1068,Mature Low Spender,Target with social media ads
44,Other,Pune,Samsung,iOS,11.8,13.7,225.0,88,3.0,2327,3.5,2.1,1570,Education,1,3897,Mature Low Spender,Target with social media ads
55,Other,Mumbai,Apple,Android,3.4,4.1,60.9,106,3.4,2568,4.4,0.9,1535,Work,1,4103,Mature Low Spender,Target with social media ads
58,Male,Lucknow,Nokia,iOS,8.0,39.0,96.9,182,3.5,878,6.8,1.1,1061,Gaming,1,1939,Mature Low Spender,Target with social media ads
32,Male,Hyderabad,Vivo,Android,5.9,45.1,10.2,144,5.9,1602,7.7,1.2,929,Work,1,2531,Mature Low Spender,Target with social media ads
48,Other,Mumbai,Samsung,iOS,9.4,46.3,185.4,115,3.1,4324,6.8,1.6,273,Education,1,4597,Mature Low Spender,Target with social media ads
59,Other,Jaipur,Xiaomi,Android,10.6,22.8,208.9,101,5.2,6696,7.6,2.8,1312,Work,1,8008,Mature Low Spender,Target with social media ads
51,Female,Chennai,Google Pixel,iOS,8.5,37.3,111.2,170,3.6,814,0.6,5.0,698,Entertainment,1,1512,Mature Low Spender,Target with social media ads
42,Other,Ahmedabad,Realme,Android,7.6,40.9,187.2,85,3.3,4559,4.9,0.5,949,Education,1,5508,Mature Low Spender,Target with social media ads
47,Male,Pune,Apple,Android,5.0,24.8,269.6,58,2.8,4046,3.6,4.5,660,Work,1,4706,Mature Low Spender,Target with social media ads
58,Female,Kolkata,Nokia,Android,7.5,17.6,229.4,61,2.0,3262,5.0,3.6,661,Entertainment,1,3923,Mature Low Spender,Target with social media ads
53,Female,Ahmedabad,Samsung,iOS,7.0,24.4,293.0,190,4.1,4288,7.3,3.7,898,Education,1,5186,Mature Low Spender,Target with social media ads
59,Other,Lucknow,OnePlus,iOS,1.5,4.8,241.2,152,0.7,998,6.7,1.1,844,Work,1,1842,Mature Low Spender,Target with social media ads
38,Female,Ahmedabad,Oppo,iOS,9.4,47.5,89.4,147,4.9,146,7.5,1.7,296,Education,1,442,Mature Low Spender,Target with social media ads
54,Female,Kolkata,Nokia,Android,8.5,2.4,286.3,175,2.0,3756,4.1,3.5,1236,Gaming,1,4992,Mature Low Spender,Target with social media ads
48,Other,Chennai,Vivo,Android,5.2,42.3,290.5,176,2.8,3335,6.6,1.4,1527,Gaming,1,4862,Mature Low Spender,Target with social media ads
46,Male,Kolkata,Google Pixel,Android,2.5,33.3,253.5,84,5.3,3274,2.9,0.1,299,Gaming,1,3573,Mature Low Spender,Target with social media ads
49,Other,Mumbai,Vivo,Android,1.1,2.1,68.1,150,5.3,2868,5.8,4.6,1208,Gaming,1,4076,Mature Low Spender,Target with social media ads
53,Female,Ahmedabad,Samsung,Android,6.6,42.5,110.2,124,4.7,1996,7.0,0.2,838,Education,1,2834,Mature Low Spender,Target with social media ads
47,Other,Mumbai,Xiaomi,iOS,4.7,33.3,242.0,107,2.6,2451,7.9,2.3,348,Social Media,1,2799,Mature Low Spender,Target with social media ads
40,Other,Kolkata,Nokia,iOS,4.0,15.3,193.2,92,2.5,730,4.0,3.1,1498,Education,1,2228,Mature Low Spender,Target with social media ads
49,Male,Mumbai,Oppo,Android,9.3,26.1,226.6,99,5.4,5158,0.6,2.4,978,Work,1,6136,Mature Low Spender,Target with social media ads
58,Other,Mumbai,Nokia,Android,3.9,22.6,179.2,88,0.7,1904,1.8,0.3,488,Entertainment,1,2392,Mature Low Spender,Target with social media ads
54,Other,Delhi,Nokia,Android,10.7,48.0,144.4,83,4.3,2595,0.8,2.5,378,Gaming,1,2973,Mature Low Spender,Target with social media ads
40,Male,Ahmedabad,Google Pixel,iOS,10.8,38.6,259.8,186,5.8,3509,3.2,2.2,786,Work,1,4295,Mature Low Spender,Target with social media ads
47,Other,Pune,Nokia,Android,8.8,15.0,115.8,168,5.4,4589,4.6,3.9,414,Gaming,1,5003,Mature Low Spender,Target with social media ads
42,Male,Jaipur,Google Pixel,iOS,1.7,11.2,208.8,198,5.8,1610,1.3,0.4,328,Entertainment,1,1938,Mature Low Spender,Target with social media ads
56,Male,Mumbai,Google Pixel,Android,11.9,4.0,217.2,113,4.9,5015,6.3,4.3,246,Entertainment,1,5261,Mature Low Spender,Target with social media ads
55,Other,Hyderabad,Nokia,Android,1.4,46.0,142.5,81,3.4,4650,2.2,1.3,190,Entertainment,1,4840,Mature Low Spender,Target with social media ads
55,Female,Hyderabad,Vivo,Android,4.0,45.1,256.6,129,3.2,2073,0.9,2.8,1839,Education,1,3912,Mature Low Spender,Target with social media ads
42,Female,Bangalore,Oppo,iOS,10.9,45.6,5.0,111,2.8,3540,6.6,3.6,1137,Entertainment,1,4677,Mature Low Spender,Target with social media ads
49,Male,Pune,Xiaomi,iOS,11.8,3.3,182.0,198,5.5,1738,1.2,4.4,1772,Work,1,3510,Mature Low Spender,Target with social media ads
51,Female,Mumbai,Motorola,iOS,9.6,33.1,64.8,198,1.9,4063,2.3,5.0,1445,Work,1,5508,Mature Low Spender,Target with social media ads
37,Male,Chennai,Samsung,iOS,10.0,6.3,20.8,152,2.9,476,7.2,4.9,1948,Education,1,2424,Mature Low Spender,Target with social media ads
53,Female,Pune,Vivo,iOS,11.8,10.2,47.1,153,3.6,3860,6.0,0.1,927,Social Media,1,4787,Mature Low Spender,Target with social media ads
53,Female,Kolkata,Oppo,iOS,1.2,30.7,140.9,25,5.1,1785,7.4,3.8,1347,Gaming,1,3132,Mature Low Spender,Target with social media ads
40,Female,Pune,Oppo,iOS,1.8,11.5,215.1,52,4.6,3039,8.0,0.2,1202,Gaming,1,4241,Mature Low Spender,Target with social media ads
55,Female,Bangalore,Vivo,Android,11.5,42.2,22.0,111,3.2,1935,1.5,4.1,539,Education,1,2474,Mature Low Spender,Target with social media ads
40,Female,Ahmedabad,Oppo,Android,10.0,42.8,170.8,29,1.8,1742,7.7,2.5,238,Education,1,1980,Mature Low Spender,Target with social media ads
44,Female,Kolkata,Motorola,iOS,9.0,38.8,82.0,163,1.9,1878,5.0,4.7,897,Work,1,2775,Mature Low Spender,Target with social media ads
54,Female,Chennai,Vivo,Android,3.5,1.0,148.5,158,2.7,5350,5.2,0.4,1287,Social Media,1,6637,Mature Low Spender,Target with social media ads
41,Male,Delhi,OnePlus,iOS,5.8,17.0,277.5,129,3.1,1288,7.7,4.4,504,Education,1,1792,Mature Low Spender,Target with social media ads
44,Male,Delhi,Vivo,Android,1.0,22.8,83.1,51,5.3,461,7.2,2.4,1110,Gaming,1,1571,Mature Low Spender,Target with social media ads
52,Other,Kolkata,Samsung,iOS,9.9,24.6,19.8,72,3.0,1453,2.7,2.1,1960,Gaming,1,3413,Mature Low Spender,Target with social media ads
58,Other,Chennai,Realme,Android,1.4,21.2,102.9,55,5.1,6458,7.7,4.0,1788,Gaming,1,8246,Mature Low Spender,Target with social media ads
57,Female,Pune,OnePlus,iOS,7.7,31.1,196.5,173,3.3,1075,5.7,3.6,674,Work,1,1749,Mature Low Spender,Target with social media ads
34,Other,Pune,OnePlus,Android,10.9,40.8,35.8,25,5.6,1478,7.3,2.8,183,Education,1,1661,Mature Low Spender,Target with social media ads
60,Female,Kolkata,Realme,Android,4.5,16.8,152.6,116,0.6,3069,6.5,2.0,1017,Gaming,1,4086,Mature Low Spender,Target with social media ads
47,Other,Chennai,Vivo,iOS,7.2,34.0,139.6,15,4.1,242,3.8,0.7,196,Entertainment,1,438,Mature Low Spender,Target with social media ads
46,Male,Chennai,Vivo,Android,11.8,1.9,70.0,161,3.0,626,2.0,1.1,978,Gaming,1,1604,Mature Low Spender,Target with social media ads
59,Other,Chennai,Apple,Android,9.5,48.9,50.6,89,4.1,3362,4.3,0.9,704,Social Media,1,4066,Mature Low Spender,Target with social media ads
42,Male,Mumbai,Vivo,Android,5.2,6.6,252.8,90,5.1,2670,4.3,0.4,1109,Entertainment,1,3779,Mature Low Spender,Target with social media ads
42,Male,Hyderabad,Google Pixel,iOS,3.4,8.7,70.3,183,5.3,1011,5.0,2.4,330,Education,1,1341,Mature Low Spender,Target with social media ads
51,Other,Kolkata,Nokia,Android,7.4,10.0,52.7,43,5.1,1851,1.7,2.4,1136,Work,1,2987,Mature Low Spender,Target with social media ads
57,Other,Chennai,Vivo,iOS,1.5,49.0,182.7,68,3.8,2334,7.2,2.7,1044,Education,1,3378,Mature Low Spender,Target with social media ads
47,Female,Ahmedabad,Motorola,Android,2.1,14.7,86.5,135,6.0,2629,6.0,3.3,1568,Social Media,1,4197,Mature Low Spender,Target with social media ads
36,Other,Chennai,Nokia,iOS,2.0,3.9,109.9,22,5.0,2246,3.0,0.6,1104,Education,1,3350,Mature Low Spender,Target with social media ads
55,Female,Mumbai,Nokia,iOS,10.1,42.6,217.3,180,0.9,1737,5.4,0.4,1273,Education,1,3010,Mature Low Spender,Target with social media ads
46,Female,Pune,Google Pixel,iOS,10.4,30.3,187.7,68,3.7,1358,4.6,1.3,1520,Social Media,1,2878,Mature Low Spender,Target with social media ads
58,Other,Kolkata,Nokia,iOS,9.0,5.6,21.1,115,5.4,318,7.2,2.4,311,Work,1,629,Mature Low Spender,Target with social media ads
45,Female,Mumbai,Realme,Android,4.9,48.4,162.9,170,3.5,619,7.9,3.8,462,Entertainment,1,1081,Mature Low Spender,Target with social media ads
33,Male,Lucknow,Oppo,Android,1.7,13.0,59.9,198,5.6,1945,3.9,0.6,1069,Gaming,1,3014,Mature Low Spender,Target with social media ads
45,Female,Bangalore,OnePlus,iOS,6.8,16.5,96.1,78,3.1,3368,0.5,4.7,1976,Social Media,1,5344,Mature Low Spender,Target with social media ads
37,Other,Lucknow,Realme,iOS,7.3,41.6,20.0,86,4.8,1454,6.1,4.9,353,Work,1,1807,Mature Low Spender,Target with social media ads
47,Female,Bangalore,Motorola,iOS,3.0,4.6,46.4,32,2.2,3944,5.7,4.5,924,Education,1,4868,Mature Low Spender,Target with social media ads
55,Male,Kolkata,Vivo,iOS,1.6,38.3,253.9,156,3.5,1251,2.7,3.6,1559,Education,1,2810,Mature Low Spender,Target with social media ads
48,Other,Pune,Apple,iOS,10.1,22.1,157.6,90,4.3,873,6.8,0.4,1279,Entertainment,1,2152,Mature Low Spender,Target with social media ads
57,Male,Kolkata,Motorola,Android,1.2,20.1,171.8,24,3.0,3502,6.1,0.1,465,Entertainment,1,3967,Mature Low Spender,Target with social media ads
44,Female,Hyderabad,Nokia,Android,8.8,10.4,297.8,89,3.6,2106,7.2,3.6,583,Social Media,1,2689,Mature Low Spender,Target with social media ads
44,Other,Pune,Google Pixel,iOS,5.1,1.2,98.8,86,2.1,4041,1.8,4.4,1370,Work,1,5411,Mature Low Spender,Target with social media ads
37,Male,Hyderabad,Nokia,iOS,9.2,28.6,40.2,60,3.2,526,2.4,3.6,1293,Social Media,1,1819,Mature Low Spender,Target with social media ads
58,Other,Chennai,Vivo,iOS,7.3,29.7,127.6,20,5.7,3055,6.9,0.9,108,Social Media,1,3163,Mature Low Spender,Target with social media ads
42,Female,Jaipur,Google Pixel,Android,9.3,11.6,44.3,129,3.6,3948,3.3,2.4,177,Work,1,4125,Mature Low Spender,Target with social media ads
57,Male,Delhi,Vivo,iOS,10.9,45.2,250.8,89,2.9,3494,6.9,4.3,129,Entertainment,1,3623,Mature Low Spender,Target with social media ads
41,Female,Pune,Oppo,iOS,8.3,48.9,137.2,187,1.8,2428,4.4,2.4,695,Entertainment,1,3123,Mature Low Spender,Target with social media ads
52,Other,Hyderabad,Motorola,Android,11.5,13.6,229.4,147,3.7,3980,4.0,0.4,939,Work,1,4919,Mature Low Spender,Target with social media ads
56,Other,Hyderabad,Apple,iOS,6.8,42.7,23.5,59,4.7,3411,3.1,4.1,568,Entertainment,1,3979,Mature Low Spender,Target with social media ads
59,Other,Kolkata,Google Pixel,iOS,7.5,45.4,167.5,144,4.4,3583,5.0,2.0,1924,Entertainment,1,5507,Mature Low Spender,Target with social media ads
56,Male,Hyderabad,Nokia,Android,7.2,30.2,204.0,132,5.3,4434,3.6,0.2,663,Education,1,5097,Mature Low Spender,Target with social media ads
47,Female,Lucknow,Vivo,Android,7.3,49.9,93.7,27,2.8,4030,4.6,1.5,535,Education,1,4565,Mature Low Spender,Target with social media ads
59,Female,Hyderabad,Apple,Android,10.3,38.6,290.4,188,3.6,5832,7.0,2.5,1683,Gaming,1,7515,Mature Low Spender,Target with social media ads
42,Female,Hyderabad,Samsung,Android,10.2,3.9,249.3,102,6.0,2023,6.7,1.5,451,Work,1,2474,Mature Low Spender,Target with social media ads
41,Other,Bangalore,Samsung,Android,11.2,5.0,238.3,58,5.7,2528,7.9,4.5,729,Social Media,1,3257,Mature Low Spender,Target with social media ads
52,Other,Lucknow,Realme,iOS,5.8,3.3,182.1,27,3.3,2118,1.7,2.4,1176,Gaming,1,3294,Mature Low Spender,Target with social media ads
41,Female,Ahmedabad,Realme,Android,7.4,14.7,76.4,114,4.1,3132,7.8,3.1,671,Entertainment,1,3803,Mature Low Spender,Target with social media ads
58,Male,Jaipur,OnePlus,iOS,8.3,16.6,264.5,90,4.5,4576,4.9,3.5,1731,Gaming,1,6307,Mature Low Spender,Target with social media ads
46,Male,Jaipur,Xiaomi,Android,10.1,26.0,170.4,69,2.4,762,5.3,0.9,1670,Social Media,1,2432,Mature Low Spender,Target with social media ads
40,Female,Delhi,Realme,Android,7.8,7.9,180.3,180,4.5,2420,7.6,2.4,309,Social Media,1,2729,Mature Low Spender,Target with social media ads
49,Other,Jaipur,Apple,iOS,5.9,40.3,227.2,132,4.3,4112,5.2,2.6,1615,Entertainment,1,5727,Mature Low Spender,Target with social media ads
60,Male,Kolkata,Motorola,Android,10.2,38.2,146.7,23,4.3,4711,6.4,1.0,740,Education,1,5451,Mature Low Spender,Target with social media ads
42,Other,Hyderabad,Apple,Android,8.2,22.2,5.2,165,5.4,1729,1.3,2.5,711,Education,1,2440,Mature Low Spender,Target with social media ads
39,Female,Jaipur,Realme,Android,1.3,49.2,56.2,61,3.1,3956,7.6,2.1,1325,Social Media,1,5281,Mature Low Spender,Target with social media ads
56,Other,Mumbai,Samsung,iOS,10.2,14.6,213.7,135,5.6,5863,5.1,1.1,1607,Gaming,1,7470,Mature Low Spender,Target with social media ads
41,Male,Jaipur,Samsung,Android,10.3,11.5,229.5,152,4.2,2035,6.1,2.2,713,Education,1,2748,Mature Low Spender,Target with social media ads
44,Male,Ahmedabad,Vivo,iOS,9.9,14.5,298.8,144,5.9,922,3.1,2.7,851,Education,1,1773,Mature Low Spender,Target with social media ads
55,Male,Mumbai,Vivo,iOS,3.6,21.2,217.8,168,4.2,3943,6.4,1.5,1907,Work,1,5850,Mature Low Spender,Target with social media ads
56,Male,Pune,Apple,iOS,3.4,2.6,227.9,148,3.5,4131,6.4,0.6,1339,Entertainment,1,5470,Mature Low Spender,Target with social media ads
53,Female,Hyderabad,Realme,Android,2.5,41.1,100.2,43,5.3,4042,6.6,4.2,1460,Social Media,1,5502,Mature Low Spender,Target with social media ads
50,Male,Lucknow,Nokia,Android,2.4,48.2,161.1,32,3.5,5957,2.0,3.5,931,Social Media,1,6888,Mature Low Spender,Target with social media ads
47,Female,Delhi,Vivo,Android,4.3,48.1,97.6,92,3.4,3122,1.7,4.4,741,Entertainment,1,3863,Mature Low Spender,Target with social media ads
51,Female,Mumbai,Oppo,iOS,9.9,44.4,20.3,105,4.5,5082,7.8,2.5,131,Entertainment,1,5213,Mature Low Spender,Target with social media ads
51,Other,Chennai,Google Pixel,iOS,5.3,23.8,32.0,194,4.1,837,4.4,4.3,240,Education,1,1077,Mature Low Spender,Target with social media ads
54,Male,Mumbai,Motorola,iOS,5.2,35.3,49.9,158,3.7,1720,2.0,2.2,790,Work,1,2510,Mature Low Spender,Target with social media ads
52,Female,Jaipur,Xiaomi,Android,10.4,46.7,192.8,148,4.7,5715,6.7,2.4,1760,Social Media,1,7475,Mature Low Spender,Target with social media ads
41,Female,Mumbai,Xiaomi,iOS,2.9,7.6,21.2,17,3.3,4257,4.3,1.3,1747,Gaming,1,6004,Mature Low Spender,Target with social media ads
39,Male,Lucknow,Oppo,Android,9.2,38.4,190.8,15,4.6,2884,4.6,2.9,726,Entertainment,1,3610,Mature Low Spender,Target with social media ads
56,Female,Delhi,Oppo,iOS,5.4,27.7,220.2,54,1.3,1025,4.4,2.8,578,Work,1,1603,Mature Low Spender,Target with social media ads
60,Male,Mumbai,Oppo,Android,1.6,20.1,112.6,116,5.5,6308,5.5,1.0,1399,Gaming,1,7707,Mature Low Spender,Target with social media ads
38,Other,Bangalore,Oppo,Android,5.0,32.7,116.0,182,4.4,1595,2.0,0.7,1222,Education,1,2817,Mature Low Spender,Target with social media ads
42,Female,Ahmedabad,Samsung,iOS,6.9,27.8,239.4,149,1.7,1005,3.7,3.6,398,Education,1,1403,Mature Low Spender,Target with social media ads
58,Female,Ahmedabad,Realme,iOS,3.8,43.1,8.8,31,1.0,2226,2.4,2.0,677,Education,1,2903,Mature Low Spender,Target with social media ads
52,Other,Pune,Oppo,iOS,3.7,28.8,138.1,161,3.8,3259,7.0,2.5,379,Social Media,1,3638,Mature Low Spender,Target with social media ads
44,Female,Bangalore,Google Pixel,Android,3.8,37.1,256.1,158,3.3,2207,2.7,2.9,1880,Entertainment,1,4087,Mature Low Spender,Target with social media ads
44,Other,Ahmedabad,Motorola,Android,8.1,42.8,95.2,85,3.6,2763,5.2,4.5,1341,Social Media,1,4104,Mature Low Spender,Target with social media ads
59,Female,Kolkata,Xiaomi,iOS,4.7,38.7,58.7,90,2.4,4832,6.8,4.4,1625,Work,1,6457,Mature Low Spender,Target with social media ads
53,Female,Lucknow,Apple,iOS,10.7,10.5,83.4,92,5.3,5457,2.5,2.7,1223,Social Media,1,6680,Mature Low Spender,Target with social media ads
55,Male,Delhi,Motorola,Android,11.4,14.4,171.3,155,4.7,1066,1.7,1.9,1249,Work,1,2315,Mature Low Spender,Target with social media ads
53,Other,Jaipur,Nokia,Android,7.4,12.3,203.8,40,3.4,4287,7.5,2.8,477,Social Media,1,4764,Mature Low Spender,Target with social media ads
38,Male,Mumbai,Nokia,Android,9.3,38.8,131.7,81,5.0,3171,5.5,4.3,718,Work,1,3889,Mature Low Spender,Target with social media ads
47,Male,Jaipur,Apple,iOS,7.3,30.0,250.8,42,5.0,4446,3.3,3.1,1870,Education,1,6316,Mature Low Spender,Target with social media ads
49,Female,Kolkata,Oppo,Android,1.9,29.8,258.9,195,4.7,3326,0.5,4.1,769,Work,1,4095,Mature Low Spender,Target with social media ads
48,Male,Hyderabad,Apple,Android,11.3,26.2,33.2,200,2.8,2805,6.0,0.1,1877,Entertainment,1,4682,Mature Low Spender,Target with social media ads
45,Male,Pune,Apple,Android,8.5,30.9,6.4,165,2.5,236,3.9,3.3,1449,Social Media,1,1685,Mature Low Spender,Target with social media ads
42,Female,Chennai,Nokia,iOS,1.5,18.3,78.1,15,1.7,2107,1.4,0.9,1569,Work,1,3676,Mature Low Spender,Target with social media ads
49,Male,Kolkata,Motorola,Android,10.0,18.1,175.5,73,2.4,3803,7.1,3.1,765,Entertainment,1,4568,Mature Low Spender,Target with social media ads
37,Other,Chennai,Oppo,Android,4.1,16.7,30.9,98,3.3,630,5.3,3.8,199,Gaming,1,829,Mature Low Spender,Target with social media ads
38,Female,Chennai,Samsung,Android,6.8,32.7,191.1,174,6.0,1344,7.9,2.1,1687,Gaming,1,3031,Mature Low Spender,Target with social media ads
43,Other,Lucknow,Oppo,iOS,11.0,23.6,69.0,150,3.7,3767,1.2,4.1,578,Education,1,4345,Mature Low Spender,Target with social media ads
58,Male,Chennai,Samsung,iOS,6.1,26.0,240.5,159,4.5,6165,6.3,3.1,1734,Gaming,1,7899,Mature Low Spender,Target with social media ads
58,Other,Pune,Nokia,iOS,10.2,40.0,250.3,199,4.3,1271,1.9,0.9,525,Education,1,1796,Mature Low Spender,Target with social media ads
44,Female,Delhi,Realme,Android,8.2,6.7,256.2,163,4.4,2230,7.2,1.9,402,Work,1,2632,Mature Low Spender,Target with social media ads
50,Female,Lucknow,Vivo,iOS,11.0,29.7,218.5,141,1.8,1039,7.1,0.5,1634,Gaming,1,2673,Mature Low Spender,Target with social media ads
57,Other,Mumbai,OnePlus,Android,5.5,31.7,82.1,91,5.6,4479,3.9,3.9,817,Social Media,1,5296,Mature Low Spender,Target with social media ads
39,Other,Jaipur,Google Pixel,Android,6.7,44.8,252.2,157,3.4,4375,6.4,0.0,682,Work,1,5057,Mature Low Spender,Target with social media ads
49,Male,Kolkata,Realme,iOS,9.0,3.3,70.0,186,1.8,2780,0.6,1.4,1852,Work,1,4632,Mature Low Spender,Target with social media ads
46,Male,Pune,Google Pixel,iOS,8.8,11.3,64.6,48,4.4,357,8.0,4.8,1484,Gaming,1,1841,Mature Low Spender,Target with social media ads
44,Male,Lucknow,Xiaomi,iOS,8.8,42.3,162.5,97,5.3,3134,7.8,3.0,1448,Entertainment,1,4582,Mature Low Spender,Target with social media ads
40,Female,Chennai,Apple,iOS,4.3,47.4,64.6,126,5.9,1547,4.7,0.9,580,Work,1,2127,Mature Low Spender,Target with social media ads
59,Female,Delhi,Realme,iOS,3.2,22.5,279.5,83,0.8,432,5.8,3.9,1049,Education,1,1481,Mature Low Spender,Target with social media ads
53,Other,Lucknow,Oppo,iOS,2.0,9.3,102.2,199,2.6,4445,3.1,3.4,1282,Work,1,5727,Mature Low Spender,Target with social media ads
50,Other,Mumbai,Nokia,Android,5.3,15.1,278.8,128,5.8,3358,6.3,2.1,1537,Education,1,4895,Mature Low Spender,Target with social media ads
43,Other,Jaipur,Oppo,Android,11.9,21.5,217.3,93,3.3,1893,4.1,1.4,954,Social Media,1,2847,Mature Low Spender,Target with social media ads
42,Male,Jaipur,Xiaomi,Android,1.2,15.3,21.1,42,3.7,2897,6.5,0.1,1140,Gaming,1,4037,Mature Low Spender,Target with social media ads
37,Male,Chennai,Motorola,Android,4.6,20.5,144.5,116,5.2,373,6.3,3.7,757,Work,1,1130,Mature Low Spender,Target with social media ads
43,Other,Mumbai,OnePlus,iOS,5.3,29.4,61.4,61,3.4,158,1.4,0.3,504,Social Media,1,662,Mature Low Spender,Target with social media ads
59,Other,Delhi,OnePlus,iOS,8.1,36.3,98.7,17,3.6,2648,0.9,3.9,644,Work,1,3292,Mature Low Spender,Target with social media ads
57,Other,Ahmedabad,OnePlus,iOS,10.2,39.8,171.3,72,5.1,4147,4.8,0.6,1350,Education,1,5497,Mature Low Spender,Target with social media ads
46,Male,Pune,Apple,Android,9.9,17.4,242.1,181,5.2,1832,7.4,0.8,217,Work,1,2049,Mature Low Spender,Target with social media ads
59,Male,Jaipur,Nokia,iOS,7.1,6.4,102.0,141,2.4,5654,3.6,4.8,173,Gaming,1,5827,Mature Low Spender,Target with social media ads
50,Other,Jaipur,Apple,iOS,7.0,27.8,265.4,61,5.7,821,5.5,2.2,703,Entertainment,1,1524,Mature Low Spender,Target with social media ads
50,Female,Chennai,Nokia,iOS,3.6,3.1,84.8,162,4.7,3102,6.1,0.4,703,Education,1,3805,Mature Low Spender,Target with social media ads
51,Other,Pune,Nokia,Android,6.5,42.8,147.5,182,1.8,3369,1.2,1.0,1158,Work,1,4527,Mature Low Spender,Target with social media ads
38,Male,Hyderabad,Samsung,iOS,5.1,31.0,79.4,144,4.2,990,4.8,0.1,785,Work,1,1775,Mature Low Spender,Target with social media ads
58,Other,Lucknow,Oppo,Android,3.0,25.8,196.4,131,2.2,268,0.9,2.4,1107,Gaming,1,1375,Mature Low Spender,Target with social media ads
46,Female,Bangalore,Realme,Android,6.2,26.3,121.1,77,5.2,1629,4.9,3.8,630,Education,1,2259,Mature Low Spender,Target with social media ads
38,Other,Bangalore,Samsung,iOS,10.2,5.2,62.9,33,5.9,1419,3.0,0.5,502,Entertainment,1,1921,Mature Low Spender,Target with social media ads
57,Female,Pune,Samsung,Android,5.0,31.4,35.6,118,5.1,3772,7.3,3.2,945,Education,1,4717,Mature Low Spender,Target with social media ads
51,Other,Pune,Vivo,iOS,1.6,10.5,64.1,97,2.9,5037,4.7,3.1,343,Work,1,5380,Mature Low Spender,Target with social media ads
60,Male,Kolkata,Google Pixel,Android,5.2,5.2,32.3,84,2.7,2770,0.7,2.3,1516,Entertainment,1,4286,Mature Low Spender,Target with social media ads
60,Male,Chennai,Nokia,Android,11.4,7.9,279.3,100,2.9,5640,5.7,2.8,870,Education,1,6510,Mature Low Spender,Target with social media ads
54,Other,Chennai,Vivo,Android,7.4,8.8,276.4,150,0.9,1978,7.6,1.7,1260,Gaming,1,3238,Mature Low Spender,Target with social media ads
44,Female,Chennai,Vivo,Android,2.1,38.8,185.4,123,4.9,2117,4.0,1.4,103,Gaming,1,2220,Mature Low Spender,Target with social media ads
57,Other,Pune,OnePlus,Android,2.1,46.8,32.3,145,5.9,1919,1.3,3.0,1663,Education,1,3582,Mature Low Spender,Target with social media ads
57,Male,Lucknow,OnePlus,iOS,5.4,16.1,76.3,199,5.1,3381,1.5,4.9,671,Work,1,4052,Mature Low Spender,Target with social media ads
38,Male,Kolkata,Realme,Android,11.3,47.6,221.2,13,5.4,573,2.8,3.3,1969,Social Media,1,2542,Mature Low Spender,Target with social media ads
50,Female,Kolkata,Oppo,Android,1.4,41.3,85.6,141,5.7,2837,5.2,1.6,1123,Education,1,3960,Mature Low Spender,Target with social media ads
36,Female,Chennai,Xiaomi,iOS,10.2,14.5,27.3,159,5.5,2565,7.4,4.0,775,Education,1,3340,Mature Low Spender,Target with social media ads
56,Female,Jaipur,Xiaomi,iOS,11.4,18.9,290.7,151,3.4,1528,1.2,0.8,1593,Work,1,3121,Mature Low Spender,Target with social media ads
53,Male,Hyderabad,Google Pixel,Android,11.7,22.0,42.8,110,2.3,3340,3.1,2.7,1390,Education,1,4730,Mature Low Spender,Target with social media ads
59,Other,Chennai,Samsung,iOS,4.0,43.4,239.2,186,3.7,5034,1.4,0.4,1315,Social Media,1,6349,Mature Low Spender,Target with social media ads
58,Other,Bangalore,Nokia,iOS,5.4,9.7,282.8,29,3.2,3282,4.9,0.4,776,Gaming,1,4058,Mature Low Spender,Target with social media ads
51,Female,Jaipur,Xiaomi,iOS,10.7,6.0,224.6,141,3.9,5344,1.3,3.0,907,Social Media,1,6251,Mature Low Spender,Target with social media ads
46,Male,Kolkata,Realme,iOS,9.6,10.1,221.8,131,1.2,940,4.0,3.9,1861,Gaming,1,2801,Mature Low Spender,Target with social media ads
49,Female,Hyderabad,Vivo,iOS,7.1,18.8,154.0,44,0.7,105,5.5,3.7,421,Education,1,526,Mature Low Spender,Target with social media ads
52,Male,Bangalore,Google Pixel,Android,9.8,7.3,189.4,34,4.4,5698,3.1,0.1,1126,Social Media,1,6824,Mature Low Spender,Target with social media ads
42,Other,Chennai,Realme,iOS,1.5,6.9,150.9,97,2.9,3046,0.6,3.2,790,Work,1,3836,Mature Low Spender,Target with social media ads
35,Male,Mumbai,Motorola,Android,4.8,46.6,70.5,177,5.3,1718,5.9,1.4,1464,Social Media,1,3182,Mature Low Spender,Target with social media ads
59,Other,Pune,OnePlus,iOS,5.6,23.3,253.0,97,5.6,4809,3.9,4.7,1234,Work,1,6043,Mature Low Spender,Target with social media ads
56,Other,Delhi,Motorola,Android,11.9,48.4,286.5,134,5.7,2337,1.4,3.4,998,Work,1,3335,Mature Low Spender,Target with social media ads
52,Other,Chennai,Apple,iOS,3.5,35.9,97.2,82,5.1,4788,1.5,0.5,393,Work,1,5181,Mature Low Spender,Target with social media ads
45,Other,Pune,Oppo,Android,3.5,34.4,75.6,79,4.1,4484,2.3,0.4,823,Education,1,5307,Mature Low Spender,Target with social media ads
47,Other,Lucknow,Google Pixel,iOS,7.5,49.5,106.4,67,5.7,4018,4.6,3.1,1612,Education,1,5630,Mature Low Spender,Target with social media ads
51,Female,Jaipur,Realme,iOS,3.5,48.4,109.4,184,5.5,610,1.5,1.4,782,Entertainment,1,1392,Mature Low Spender,Target with social media ads
36,Male,Hyderabad,Google Pixel,iOS,3.3,20.9,178.8,34,5.9,483,1.2,1.8,825,Social Media,1,1308,Mature Low Spender,Target with social media ads
55,Other,Lucknow,Vivo,iOS,6.7,24.8,282.2,113,0.8,2088,1.0,3.3,1565,Work,1,3653,Mature Low Spender,Target with social media ads
58,Female,Ahmedabad,Apple,iOS,6.4,39.5,263.6,101,1.7,2125,3.9,4.8,717,Education,1,2842,Mature Low Spender,Target with social media ads
54,Male,Lucknow,Realme,Android,1.2,36.6,235.8,51,3.7,5527,7.6,2.1,961,Work,1,6488,Mature Low Spender,Target with social media ads
49,Female,Bangalore,Oppo,iOS,2.2,7.7,48.2,56,4.4,1635,4.7,3.7,961,Gaming,1,2596,Mature Low Spender,Target with social media ads
56,Male,Ahmedabad,Realme,iOS,9.7,38.0,294.5,90,4.5,5272,5.2,2.7,1290,Work,1,6562,Mature Low Spender,Target with social media ads
59,Female,Kolkata,OnePlus,Android,6.2,6.4,17.6,23,0.6,1614,1.6,3.9,1782,Work,1,3396,Mature Low Spender,Target with social media ads
36,Male,Delhi,Vivo,iOS,5.7,49.8,58.6,95,3.8,1184,1.9,0.0,1397,Gaming,1,2581,Mature Low Spender,Target with social media ads
51,Other,Pune,Samsung,iOS,3.0,28.4,240.5,153,3.6,839,6.6,4.0,485,Gaming,1,1324,Mature Low Spender,Target with social media ads
59,Male,Delhi,Oppo,Android,2.4,24.6,223.3,23,4.3,772,4.5,2.9,164,Entertainment,1,936,Mature Low Spender,Target with social media ads
50,Other,Delhi,Google Pixel,iOS,3.5,28.7,23.9,126,2.4,3857,3.7,3.1,990,Work,1,4847,Mature Low Spender,Target with social media ads
49,Female,Delhi,Samsung,Android,2.2,33.6,200.5,63,5.2,1942,3.0,3.7,490,Social Media,1,2432,Mature Low Spender,Target with social media ads
54,Male,Jaipur,OnePlus,Android,8.4,26.3,263.5,20,5.5,3487,4.4,1.2,1404,Education,1,4891,Mature Low Spender,Target with social media ads
49,Male,Jaipur,Google Pixel,iOS,1.1,15.8,104.6,86,3.3,4113,4.6,2.4,449,Entertainment,1,4562,Mature Low Spender,Target with social media ads
60,Female,Pune,Samsung,iOS,8.7,19.1,190.7,30,3.9,3120,7.3,1.6,1096,Social Media,1,4216,Mature Low Spender,Target with social media ads
48,Female,Pune,Google Pixel,iOS,12.0,31.0,27.3,14,5.1,326,4.2,3.4,633,Education,1,959,Mature Low Spender,Target with social media ads
59,Female,Pune,Google Pixel,iOS,5.6,22.4,165.8,13,2.6,2198,3.7,3.0,754,Entertainment,1,2952,Mature Low Spender,Target with social media ads
54,Female,Bangalore,Xiaomi,Android,2.4,38.8,140.4,150,3.1,1666,5.9,1.2,1417,Work,1,3083,Mature Low Spender,Target with social media ads
54,Female,Pune,Samsung,iOS,8.0,12.1,130.8,192,4.7,1557,2.7,3.6,1290,Work,1,2847,Mature Low Spender,Target with social media ads
37,Other,Mumbai,OnePlus,Android,10.9,10.4,288.4,200,5.6,1808,4.9,3.6,1250,Social Media,1,3058,Mature Low Spender,Target with social media ads
45,Other,Chennai,Samsung,Android,1.9,32.2,115.1,82,4.2,669,0.8,1.0,730,Social Media,1,1399,Mature Low Spender,Target with social media ads
41,Male,Lucknow,OnePlus,Android,9.8,18.1,178.4,126,4.9,602,4.3,1.4,1271,Education,1,1873,Mature Low Spender,Target with social media ads
59,Female,Lucknow,Oppo,Android,3.7,7.1,148.7,20,4.9,6602,3.9,1.5,1514,Gaming,1,8116,Mature Low Spender,Target with social media ads
45,Other,Hyderabad,Vivo,Android,10.0,2.6,289.5,74,4.0,1475,2.2,2.8,1476,Work,1,2951,Mature Low Spender,Target with social media ads
59,Female,Delhi,Nokia,Android,6.0,44.3,267.0,153,1.6,392,3.3,3.3,1220,Education,1,1612,Mature Low Spender,Target with social media ads
42,Other,Kolkata,Nokia,Android,8.8,18.6,101.6,171,4.0,471,7.1,0.0,1884,Social Media,1,2355,Mature Low Spender,Target with social media ads
57,Other,Delhi,Google Pixel,iOS,2.5,23.6,239.7,130,2.8,816,7.8,4.2,533,Gaming,1,1349,Mature Low Spender,Target with social media ads
58,Other,Kolkata,OnePlus,iOS,4.0,22.3,9.5,106,1.5,4693,3.3,1.2,1408,Gaming,1,6101,Mature Low Spender,Target with social media ads
53,Other,Mumbai,Apple,Android,9.8,47.4,280.0,88,1.6,3921,3.9,0.5,1969,Education,1,5890,Mature Low Spender,Target with social media ads
49,Female,Hyderabad,Nokia,Android,6.3,16.0,7.6,147,4.9,3478,2.3,1.0,1235,Entertainment,1,4713,Mature Low Spender,Target with social media ads
46,Other,Ahmedabad,Nokia,iOS,6.4,25.1,94.8,99,0.8,1789,0.8,3.5,1711,Education,1,3500,Mature Low Spender,Target with social media ads
46,Male,Pune,OnePlus,iOS,8.2,26.1,264.0,112,3.4,2433,7.5,1.7,1218,Entertainment,1,3651,Mature Low Spender,Target with social media ads
58,Male,Jaipur,Realme,Android,4.5,22.4,197.5,52,4.2,1751,2.7,0.7,287,Education,1,2038,Mature Low Spender,Target with social media ads
35,Other,Hyderabad,Xiaomi,iOS,5.0,29.5,174.7,111,5.7,728,4.9,0.8,1608,Gaming,1,2336,Mature Low Spender,Target with social media ads
59,Other,Chennai,Nokia,Android,9.9,23.8,200.9,147,3.5,5633,4.3,3.8,1872,Gaming,1,7505,Mature Low Spender,Target with social media ads
43,Female,Jaipur,Nokia,iOS,6.4,41.2,33.3,59,4.0,1386,4.2,4.2,1643,Social Media,1,3029,Mature Low Spender,Target with social media ads
48,Female,Bangalore,Realme,iOS,6.0,25.6,260.5,32,3.6,4916,1.7,1.4,1616,Gaming,1,6532,Mature Low Spender,Target with social media ads
55,Female,Lucknow,Samsung,Android,8.0,35.2,210.2,106,3.5,2967,2.2,0.8,1515,Entertainment,1,4482,Mature Low Spender,Target with social media ads
59,Other,Mumbai,Google Pixel,iOS,10.9,18.2,31.6,162,5.1,1284,2.4,1.5,1427,Work,1,2711,Mature Low Spender,Target with social media ads
60,Female,Chennai,Google Pixel,iOS,8.7,26.6,139.9,22,4.1,4679,1.1,1.3,194,Education,1,4873,Mature Low Spender,Target with social media ads
40,Other,Kolkata,Oppo,iOS,1.3,37.0,37.5,83,3.8,1061,2.4,2.5,418,Gaming,1,1479,Mature Low Spender,Target with social media ads
46,Female,Mumbai,Google Pixel,Android,4.4,13.8,286.9,168,4.3,2761,2.1,1.1,1225,Education,1,3986,Mature Low Spender,Target with social media ads
46,Other,Mumbai,Oppo,Android,4.7,13.0,97.1,90,4.6,1597,6.3,4.0,821,Education,1,2418,Mature Low Spender,Target with social media ads
60,Other,Kolkata,Nokia,Android,9.5,9.5,126.3,195,1.7,987,2.1,2.1,1398,Gaming,1,2385,Mature Low Spender,Target with social media ads
56,Male,Mumbai,OnePlus,Android,3.3,19.4,115.7,195,1.3,2637,7.1,3.7,1914,Gaming,1,4551,Mature Low Spender,Target with social media ads
35,Male,Lucknow,Apple,Android,2.1,13.4,40.2,22,4.2,2323,5.5,4.4,1065,Social Media,1,3388,Mature Low Spender,Target with social media ads
56,Male,Delhi,Motorola,iOS,11.0,34.2,184.9,133,4.1,6866,1.5,0.2,1777,Education,1,8643,Mature Low Spender,Target with social media ads
42,Female,Hyderabad,Realme,iOS,7.5,44.1,247.7,167,5.6,3607,4.9,4.2,1591,Social Media,1,5198,Mature Low Spender,Target with social media ads
46,Female,Ahmedabad,Samsung,Android,8.1,40.1,216.7,196,3.4,2220,3.9,0.5,493,Work,1,2713,Mature Low Spender,Target with social media ads
38,Other,Delhi,Vivo,iOS,2.2,39.8,218.5,71,4.1,2493,7.0,1.5,707,Gaming,1,3200,Mature Low Spender,Target with social media ads
56,Female,Bangalore,Motorola,Android,5.8,36.5,174.0,95,3.3,5257,3.8,4.8,1519,Education,1,6776,Mature Low Spender,Target with social media ads
55,Male,Ahmedabad,Motorola,iOS,6.8,39.2,200.8,160,3.2,1654,1.4,4.5,599,Entertainment,1,2253,Mature Low Spender,Target with social media ads
42,Female,Delhi,OnePlus,iOS,4.8,18.1,268.8,51,3.2,4220,4.9,2.5,1860,Gaming,1,6080,Mature Low Spender,Target with social media ads
50,Male,Chennai,Oppo,iOS,3.4,43.1,185.3,200,4.4,1280,4.4,3.0,1254,Social Media,1,2534,Mature Low Spender,Target with social media ads
40,Male,Bangalore,OnePlus,iOS,6.6,7.1,271.7,45,5.8,3065,1.0,0.2,1566,Social Media,1,4631,Mature Low Spender,Target with social media ads
53,Male,Ahmedabad,Oppo,Android,10.9,2.6,85.2,196,4.1,5449,5.8,2.0,151,Education,1,5600,Mature Low Spender,Target with social media ads
46,Female,Lucknow,Apple,Android,4.7,22.4,290.8,165,4.2,1927,1.1,4.3,1840,Social Media,1,3767,Mature Low Spender,Target with social media ads
39,Male,Ahmedabad,Google Pixel,iOS,7.7,28.3,37.6,190,2.8,939,1.6,0.8,305,Social Media,1,1244,Mature Low Spender,Target with social media ads
54,Male,Ahmedabad,Vivo,Android,11.3,9.7,54.6,117,2.5,2273,6.7,0.4,1144,Work,1,3417,Mature Low Spender,Target with social media ads
47,Female,Kolkata,Motorola,Android,7.5,38.0,195.9,164,1.8,626,5.9,1.1,1392,Entertainment,1,2018,Mature Low Spender,Target with social media ads
60,Male,Delhi,Realme,Android,6.0,23.0,289.4,156,3.7,6872,5.3,3.7,1865,Gaming,1,8737,Mature Low Spender,Target with social media ads
49,Other,Hyderabad,Nokia,Android,3.9,13.4,177.7,188,2.6,634,1.2,2.9,353,Education,1,987,Mature Low Spender,Target with social media ads
46,Other,Ahmedabad,Nokia,Android,8.3,37.4,7.1,96,5.4,3839,5.5,2.7,1681,Entertainment,1,5520,Mature Low Spender,Target with social media ads
57,Male,Ahmedabad,Apple,Android,6.9,18.0,219.9,128,4.4,468,7.7,0.2,350,Entertainment,1,818,Mature Low Spender,Target with social media ads
56,Male,Kolkata,OnePlus,iOS,7.3,38.0,110.9,23,2.4,1358,4.9,0.3,1563,Education,1,2921,Mature Low Spender,Target with social media ads
60,Female,Lucknow,Nokia,Android,5.0,12.7,204.5,47,3.8,3472,6.8,3.6,1045,Social Media,1,4517,Mature Low Spender,Target with social media ads
58,Female,Chennai,Samsung,Android,4.2,2.5,178.2,19,1.5,3115,1.5,1.0,190,Social Media,1,3305,Mature Low Spender,Target with social media ads
44,Male,Mumbai,Realme,Android,1.8,19.0,238.9,47,3.3,914,7.5,4.7,123,Gaming,1,1037,Mature Low Spender,Target with social media ads
49,Male,Bangalore,OnePlus,iOS,8.0,35.5,125.2,61,0.7,1222,1.2,1.2,991,Social Media,1,2213,Mature Low Spender,Target with social media ads
51,Other,Bangalore,Oppo,Android,5.7,34.1,101.0,171,1.6,2913,4.2,1.9,950,Work,1,3863,Mature Low Spender,Target with social media ads
54,Male,Hyderabad,Motorola,iOS,8.2,32.8,114.2,106,4.9,5171,7.2,0.4,1362,Work,1,6533,Mature Low Spender,Target with social media ads
58,Other,Chennai,Motorola,iOS,2.0,10.3,167.7,183,2.6,4119,5.6,4.2,216,Entertainment,1,4335,Mature Low Spender,Target with social media ads
44,Female,Jaipur,Samsung,iOS,8.6,15.6,32.6,29,3.5,1689,1.9,2.8,1495,Education,1,3184,Mature Low Spender,Target with social media ads
55,Other,Bangalore,Oppo,Android,7.7,33.4,103.1,82,4.3,2949,7.0,3.9,100,Work,1,3049,Mature Low Spender,Target with social media ads
38,Female,Mumbai,Oppo,iOS,4.2,36.8,298.9,141,5.9,1283,4.0,1.3,1683,Gaming,1,2966,Mature Low Spender,Target with social media ads
47,Female,Delhi,Apple,Android,5.0,47.9,262.7,120,1.5,3027,7.4,0.6,577,Social Media,1,3604,Mature Low Spender,Target with social media ads
54,Female,Mumbai,Realme,Android,10.9,43.8,48.7,48,5.1,3589,3.4,1.3,1685,Gaming,1,5274,Mature Low Spender,Target with social media ads
56,Male,Kolkata,Motorola,Android,11.3,20.7,135.0,81,1.6,4238,3.0,4.6,789,Work,1,5027,Mature Low Spender,Target with social media ads
59,Other,Hyderabad,Google Pixel,Android,4.5,7.3,214.9,187,2.0,4317,2.9,3.9,745,Work,1,5062,Mature Low Spender,Target with social media ads
55,Other,Delhi,Google Pixel,Android,11.7,2.5,73.2,145,5.0,1523,5.9,3.4,722,Education,1,2245,Mature Low Spender,Target with social media ads
51,Male,Ahmedabad,Xiaomi,iOS,4.8,12.3,217.9,131,0.8,194,5.9,4.2,146,Work,1,340,Mature Low Spender,Target with social media ads
49,Male,Bangalore,Oppo,Android,2.1,5.8,191.4,117,1.3,3049,6.6,3.2,530,Work,1,3579,Mature Low Spender,Target with social media ads
46,Male,Delhi,Motorola,Android,5.3,21.4,7.8,173,2.1,3239,2.1,3.9,328,Gaming,1,3567,Mature Low Spender,Target with social media ads
46,Male,Bangalore,Vivo,iOS,5.8,6.4,214.7,94,5.2,2558,4.8,3.7,340,Social Media,1,2898,Mature Low Spender,Target with social media ads
53,Male,Ahmedabad,Nokia,Android,1.2,13.5,114.2,171,5.2,1105,6.8,3.9,428,Work,1,1533,Mature Low Spender,Target with social media ads
55,Female,Jaipur,Nokia,Android,2.8,41.6,17.3,136,3.4,703,5.8,3.0,691,Social Media,1,1394,Mature Low Spender,Target with social media ads
54,Female,Ahmedabad,Nokia,iOS,7.5,27.7,10.7,69,2.9,110,7.8,1.2,938,Gaming,1,1048,Mature Low Spender,Target with social media ads
35,Other,Mumbai,Vivo,Android,7.6,41.7,99.0,55,4.9,1685,5.7,3.1,316,Education,1,2001,Mature Low Spender,Target with social media ads
43,Female,Pune,Oppo,iOS,5.1,8.6,204.4,32,0.7,1789,2.5,0.5,998,Entertainment,1,2787,Mature Low Spender,Target with social media ads
47,Other,Pune,Apple,Android,8.2,15.5,87.5,104,2.6,4648,3.9,0.9,403,Gaming,1,5051,Mature Low Spender,Target with social media ads
42,Other,Chennai,Vivo,Android,2.1,34.7,206.7,190,4.8,4602,1.8,0.6,1195,Gaming,1,5797,Mature Low Spender,Target with social media ads
42,Other,Mumbai,Realme,iOS,6.9,1.3,10.9,180,4.0,3838,3.8,3.7,1344,Education,1,5182,Mature Low Spender,Target with social media ads
43,Male,Jaipur,Oppo,Android,5.7,24.9,25.8,68,1.5,3217,4.3,1.2,1874,Entertainment,1,5091,Mature Low Spender,Target with social media ads
60,Male,Mumbai,Samsung,Android,5.9,30.9,127.8,114,2.4,4257,7.6,0.1,370,Gaming,1,4627,Mature Low Spender,Target with social media ads
56,Male,Mumbai,Xiaomi,iOS,2.1,8.8,31.7,32,1.2,2197,4.6,1.9,1610,Entertainment,1,3807,Mature Low Spender,Target with social media ads
38,Male,Chennai,Xiaomi,iOS,6.7,7.9,13.0,16,3.3,4219,4.3,5.0,1063,Work,1,5282,Mature Low Spender,Target with social media ads
37,Other,Lucknow,Google Pixel,Android,10.0,28.7,8.1,163,2.5,989,5.3,2.6,634,Entertainment,1,1623,Mature Low Spender,Target with social media ads
52,Female,Jaipur,Samsung,iOS,11.6,23.2,25.8,143,4.5,3880,7.8,1.2,978,Education,1,4858,Mature Low Spender,Target with social media ads
42,Male,Chennai,Nokia,Android,2.9,19.2,53.1,46,5.7,1163,5.8,2.2,1554,Social Media,1,2717,Mature Low Spender,Target with social media ads
57,Female,Lucknow,Xiaomi,iOS,3.9,17.2,132.2,127,4.6,6517,2.7,0.9,419,Gaming,1,6936,Mature Low Spender,Target with social media ads
38,Male,Ahmedabad,Google Pixel,Android,9.4,18.0,299.6,175,5.4,2661,2.5,0.2,1629,Education,1,4290,Mature Low Spender,Target with social media ads
38,Female,Mumbai,Oppo,iOS,8.3,35.3,181.8,36,3.5,1049,4.6,3.4,1033,Social Media,1,2082,Mature Low Spender,Target with social media ads
38,Male,Jaipur,Samsung,iOS,6.9,48.0,191.6,184,5.2,1087,2.6,0.4,1287,Work,1,2374,Mature Low Spender,Target with social media ads
47,Female,Jaipur,Vivo,Android,3.7,33.0,149.4,167,2.6,1163,2.6,2.8,536,Social Media,1,1699,Mature Low Spender,Target with social media ads
54,Male,Chennai,Motorola,Android,3.2,5.4,229.9,125,4.7,5545,5.1,1.1,1781,Entertainment,1,7326,Mature Low Spender,Target with social media ads
58,Female,Mumbai,Realme,Android,10.2,19.6,130.9,182,5.7,5221,4.3,0.3,1532,Social Media,1,6753,Mature Low Spender,Target with social media ads
47,Other,Lucknow,Motorola,Android,3.3,4.2,45.7,24,0.7,106,4.8,0.5,1518,Gaming,1,1624,Mature Low Spender,Target with social media ads
49,Male,Lucknow,OnePlus,iOS,5.3,13.9,158.1,100,3.1,4399,2.4,4.3,1770,Entertainment,1,6169,Mature Low Spender,Target with social media ads
55,Other,Delhi,OnePlus,Android,4.5,46.2,138.8,115,3.9,2082,7.7,0.4,320,Entertainment,1,2402,Mature Low Spender,Target with social media ads
57,Male,Jaipur,Motorola,Android,11.5,17.4,211.0,116,4.4,168,3.2,0.6,1222,Gaming,1,1390,Mature Low Spender,Target with social media ads
41,Other,Mumbai,Nokia,iOS,11.4,43.8,97.7,112,0.8,1482,4.4,2.3,907,Work,1,2389,Mature Low Spender,Target with social media ads
45,Male,Chennai,Apple,iOS,3.8,6.8,287.4,47,3.5,4404,5.1,1.3,698,Social Media,1,5102,Mature Low Spender,Target with social media ads
50,Other,Ahmedabad,Nokia,iOS,3.9,28.5,253.1,60,2.5,4103,6.0,4.3,1242,Entertainment,1,5345,Mature Low Spender,Target with social media ads
59,Male,Mumbai,Nokia,Android,1.2,32.8,162.4,29,3.5,2071,4.6,4.2,956,Education,1,3027,Mature Low Spender,Target with social media ads
50,Other,Lucknow,Apple,Android,9.0,6.3,86.3,58,4.4,484,2.2,4.9,1984,Social Media,1,2468,Mature Low Spender,Target with social media ads
44,Female,Jaipur,OnePlus,Android,11.6,31.5,168.0,196,2.1,3011,4.3,0.3,527,Gaming,1,3538,Mature Low Spender,Target with social media ads
49,Female,Delhi,Nokia,Android,6.6,24.7,131.2,140,2.5,3479,5.0,4.6,984,Education,1,4463,Mature Low Spender,Target with social media ads
56,Female,Ahmedabad,Vivo,Android,11.1,39.2,124.7,165,3.0,5743,5.5,2.1,223,Social Media,1,5966,Mature Low Spender,Target with social media ads
35,Other,Pune,Apple,iOS,7.9,9.9,134.2,85,5.0,1262,1.0,0.6,832,Social Media,1,2094,Mature Low Spender,Target with social media ads
48,Other,Delhi,Motorola,iOS,11.4,20.6,13.1,10,5.1,103,2.1,2.0,254,Social Media,1,357,Mature Low Spender,Target with social media ads
52,Female,Kolkata,Samsung,iOS,8.8,26.6,80.2,103,1.7,4217,7.7,1.7,756,Social Media,1,4973,Mature Low Spender,Target with social media ads
39,Other,Mumbai,Oppo,Android,10.5,49.1,287.4,92,4.5,4411,1.0,3.4,389,Gaming,1,4800,Mature Low Spender,Target with social media ads
60,Male,Ahmedabad,Motorola,iOS,10.1,33.7,116.0,184,4.9,1091,4.9,1.0,132,Social Media,1,1223,Mature Low Spender,Target with social media ads
58,Male,Ahmedabad,Samsung,Android,6.6,16.7,69.7,121,0.9,1864,2.0,0.1,302,Education,1,2166,Mature Low Spender,Target with social media ads
58,Female,Delhi,Apple,Android,2.1,22.7,160.3,64,3.0,2072,6.7,3.4,520,Entertainment,1,2592,Mature Low Spender,Target with social media ads
39,Female,Bangalore,Oppo,Android,1.4,32.7,221.1,107,3.2,3983,2.2,1.7,1971,Education,1,5954,Mature Low Spender,Target with social media ads
51,Male,Bangalore,Oppo,Android,7.1,10.4,98.0,149,4.1,3406,7.3,1.2,497,Work,1,3903,Mature Low Spender,Target with social media ads
50,Other,Jaipur,Vivo,Android,5.4,49.7,202.4,131,2.8,2608,4.7,1.8,704,Gaming,1,3312,Mature Low Spender,Target with social media ads
44,Other,Lucknow,Samsung,Android,11.4,27.8,249.3,151,5.6,363,2.3,2.8,1366,Education,1,1729,Mature Low Spender,Target with social media ads
36,Female,Mumbai,Samsung,iOS,4.0,15.6,28.5,160,4.8,229,2.7,3.1,1315,Work,1,1544,Mature Low Spender,Target with social media ads
50,Female,Jaipur,Apple,Android,7.0,47.0,228.0,189,0.7,949,7.6,4.6,1704,Social Media,1,2653,Mature Low Spender,Target with social media ads
52,Female,Lucknow,Samsung,Android,5.5,30.4,247.3,96,1.5,290,6.8,0.5,864,Social Media,1,1154,Mature Low Spender,Target with social media ads
41,Other,Chennai,Oppo,iOS,3.1,2.7,292.2,152,4.4,830,5.7,2.6,1549,Entertainment,1,2379,Mature Low Spender,Target with social media ads
53,Other,Lucknow,Apple,iOS,9.2,40.0,29.8,11,5.3,1355,4.1,4.8,155,Work,1,1510,Mature Low Spender,Target with social media ads
52,Male,Bangalore,Motorola,iOS,1.2,38.7,92.6,189,1.2,907,6.7,3.8,526,Gaming,1,1433,Mature Low Spender,Target with social media ads
39,Other,Jaipur,Motorola,Android,6.9,47.2,11.4,149,1.9,2002,2.1,2.3,1834,Social Media,1,3836,Mature Low Spender,Target with social media ads
60,Other,Bangalore,Motorola,iOS,6.0,33.0,31.5,69,3.3,1300,6.9,2.8,359,Gaming,1,1659,Mature Low Spender,Target with social media ads
48,Other,Delhi,Apple,Android,1.6,14.6,49.5,129,5.9,850,6.7,4.7,331,Work,1,1181,Mature Low Spender,Target with social media ads
54,Female,Kolkata,Oppo,iOS,2.4,2.1,107.4,121,3.9,1039,7.7,3.6,404,Work,1,1443,Mature Low Spender,Target with social media ads
39,Other,Pune,Apple,Android,3.3,48.3,130.5,74,5.3,2018,4.6,1.3,1534,Social Media,1,3552,Mature Low Spender,Target with social media ads
40,Male,Mumbai,Oppo,Android,6.6,47.7,245.3,96,4.8,2081,6.1,2.1,1147,Education,1,3228,Mature Low Spender,Target with social media ads
55,Male,Bangalore,Apple,iOS,6.4,49.0,244.4,60,3.3,5044,4.9,2.2,666,Entertainment,1,5710,Mature Low Spender,Target with social media ads
57,Male,Jaipur,Oppo,iOS,9.8,35.7,120.2,154,2.4,5364,4.0,2.4,1424,Work,1,6788,Mature Low Spender,Target with social media ads
60,Female,Pune,Oppo,iOS,3.3,7.0,159.7,136,4.3,7080,6.6,1.1,1109,Gaming,1,8189,Mature Low Spender,Target with social media ads
60,Male,Ahmedabad,Samsung,Android,7.9,40.3,185.5,71,2.5,943,5.4,1.2,1617,Social Media,1,2560,Mature Low Spender,Target with social media ads
40,Other,Bangalore,Google Pixel,iOS,8.3,15.2,191.7,132,4.2,4322,5.4,3.1,1862,Social Media,1,6184,Mature Low Spender,Target with social media ads
48,Female,Hyderabad,Motorola,Android,8.3,35.3,95.6,66,5.1,856,6.4,3.7,1294,Entertainment,1,2150,Mature Low Spender,Target with social media ads
60,Other,Lucknow,Realme,Android,9.9,10.5,51.6,149,3.2,2822,5.2,1.6,1263,Gaming,1,4085,Mature Low Spender,Target with social media ads
53,Female,Bangalore,Oppo,Android,4.9,14.9,64.4,43,2.5,4638,4.6,4.7,918,Social Media,1,5556,Mature Low Spender,Target with social media ads
60,Female,Bangalore,Apple,iOS,4.3,31.6,78.7,44,2.9,1907,2.3,1.0,1341,Social Media,1,3248,Mature Low Spender,Target with social media ads
43,Male,Delhi,OnePlus,Android,6.9,16.6,103.6,123,3.3,1421,5.6,1.1,964,Gaming,1,2385,Mature Low Spender,Target with social media ads
58,Other,Chennai,Apple,Android,8.7,30.7,46.6,13,5.5,494,4.8,1.2,1908,Gaming,1,2402,Mature Low Spender,Target with social media ads
43,Other,Pune,Motorola,iOS,6.8,35.5,207.4,104,4.3,2708,6.2,1.8,1572,Education,1,4280,Mature Low Spender,Target with social media ads
48,Male,Delhi,Google Pixel,iOS,6.1,16.8,190.9,53,5.8,1712,5.7,1.9,208,Social Media,1,1920,Mature Low Spender,Target with social media ads
55,Female,Lucknow,Xiaomi,iOS,3.2,32.9,177.0,60,0.9,2667,0.9,0.8,154,Social Media,1,2821,Mature Low Spender,Target with social media ads
47,Other,Hyderabad,OnePlus,iOS,4.1,1.7,143.9,149,5.9,2212,3.5,0.1,972,Education,1,3184,Mature Low Spender,Target with social media ads
41,Male,Bangalore,Oppo,Android,6.7,14.0,166.8,184,5.7,1168,7.7,3.0,1796,Education,1,2964,Mature Low Spender,Target with social media ads
60,Other,Hyderabad,Oppo,iOS,5.6,18.5,63.4,27,5.9,4786,4.7,2.8,1556,Entertainment,1,6342,Mature Low Spender,Target with social media ads
46,Male,Ahmedabad,Xiaomi,Android,4.5,23.0,243.6,110,0.5,1279,7.9,1.3,874,Gaming,1,2153,Mature Low Spender,Target with social media ads
42,Male,Ahmedabad,Samsung,iOS,7.8,22.6,86.4,111,2.7,4373,3.4,3.1,1082,Education,1,5455,Mature Low Spender,Target with social media ads
56,Other,Lucknow,Oppo,iOS,3.5,47.8,135.3,173,4.9,3482,7.9,4.0,1513,Entertainment,1,4995,Mature Low Spender,Target with social media ads
41,Other,Pune,Samsung,iOS,1.5,14.7,217.7,42,3.8,4928,2.1,2.2,137,Education,1,5065,Mature Low Spender,Target with social media ads
56,Other,Ahmedabad,Google Pixel,Android,9.2,19.3,145.6,163,2.4,1242,4.6,1.0,1162,Education,1,2404,Mature Low Spender,Target with social media ads
59,Other,Hyderabad,Samsung,Android,8.9,42.6,137.4,42,5.6,6031,6.2,0.3,1234,Work,1,7265,Mature Low Spender,Target with social media ads
49,Female,Bangalore,Oppo,Android,1.0,26.2,30.9,140,0.7,391,4.4,1.3,1742,Work,1,2133,Mature Low Spender,Target with social media ads
