Age,Gender,Location,Phone Brand,OS,Screen Time (hrs/day),Data Usage (GB/month),Calls Duration (mins/day),Number of Apps Installed,Social Media Time (hrs/day),E-commerce Spend (INR/month),Streaming Time (hrs/day),Gaming Time (hrs/day),Monthly Recharge Cost (INR),Primary Use,Cluster,Total expenditure,Cluster Name,Actionable Insight
21,Male,Jaipur,Oppo,iOS,5.4,10.6,210.6,25,4.2,6285,0.6,4.8,1749,Entertainment,2,8034,Young High Spender,Upsell premium services
44,Other,Kolkata,Apple,iOS,9.9,10.6,180.2,84,4.8,9193,7.6,0.4,168,Education,2,9361,Young High Spender,Upsell premium services
53,Male,Bangalore,Realme,iOS,10.5,1.4,33.7,137,4.5,7854,7.2,1.4,240,Education,2,8094,Young High Spender,Upsell premium services
52,Male,Bangalore,Google Pixel,Android,5.1,28.5,169.2,161,4.6,6175,4.4,4.3,1769,Work,2,7944,Young High Spender,Upsell premium services
22,Other,Kolkata,Google Pixel,Android,1.6,34.1,6.0,153,5.8,5175,5.7,2.2,805,Work,2,5980,Young High Spender,Upsell premium services
19,Male,Kolkata,Apple,iOS,5.5,2.9,212.5,129,5.6,8514,7.9,0.8,647,Education,2,9161,Young High Spender,Upsell premium services
52,Other,Delhi,Xiaomi,Android,1.5,41.0,95.5,140,5.5,8029,5.0,0.1,802,Social Media,2,8831,Young High Spender,Upsell premium services
31,Female,Ahmedabad,Nokia,iOS,10.4,41.1,32.5,171,3.5,7702,7.1,0.8,1833,Education,2,9535,Young High Spender,Upsell premium services
43,Other,Bangalore,Xiaomi,iOS,8.6,14.4,275.5,27,4.7,9544,3.6,3.4,1395,Work,2,10939,Young High Spender,Upsell premium services
16,Female,Pune,Nokia,iOS,9.0,7.1,142.9,164,4.9,6088,2.1,1.9,686,Work,2,6774,Young High Spender,Upsell premium services
34,Female,Kolkata,Apple,iOS,3.5,20.6,134.0,73,5.6,2918,3.0,1.0,329,Entertainment,2,3247,Young High Spender,Upsell premium services
41,Female,Bangalore,Samsung,iOS,8.3,19.4,194.5,25,5.8,9918,5.3,3.5,782,Education,2,10700,Young High Spender,Upsell premium services
40,Female,Kolkata,Samsung,Android,4.2,28.1,8.9,62,4.1,8932,7.3,0.8,209,Social Media,2,9141,Young High Spender,Upsell premium services
51,Female,Lucknow,Oppo,Android,11.9,47.8,21.5,68,4.3,7945,2.3,3.8,1749,Social Media,2,9694,Young High Spender,Upsell premium services
23,Other,Kolkata,Motorola,iOS,5.2,34.6,159.3,140,4.3,5816,7.8,2.8,1406,Gaming,2,7222,Young High Spender,Upsell premium services
37,Other,Pune,OnePlus,iOS,10.5,33.0,69.0,92,4.0,8284,1.3,4.1,781,Work,2,9065,Young High Spender,Upsell premium services
52,Male,Jaipur,Samsung,iOS,5.0,46.6,127.1,56,4.6,7151,4.1,2.2,554,Education,2,7705,Young High Spender,Upsell premium services
38,Male,Lucknow,Oppo,Android,1.8,49.9,87.3,95,5.2,5891,6.4,0.1,1401,Gaming,2,7292,Young High Spender,Upsell premium services
25,Male,Bangalore,Apple,iOS,1.5,25.9,24.3,62,4.5,9363,7.5,0.2,809,Entertainment,2,10172,Young High Spender,Upsell premium services
31,Female,Pune,Apple,iOS,10.9,41.1,273.4,157,4.2,9043,2.8,3.4,431,Education,2,9474,Young High Spender,Upsell premium services
39,Male,Pune,Apple,Android,8.4,46.3,175.6,180,5.6,3881,7.0,0.1,1254,Social Media,2,5135,Young High Spender,Upsell premium services
21,Male,Delhi,Apple,Android,3.6,5.5,30.6,200,4.5,5214,7.7,3.8,1129,Entertainment,2,6343,Young High Spender,Upsell premium services
40,Other,Chennai,Xiaomi,Android,5.5,42.8,50.0,142,3.6,8911,4.4,3.7,1226,Work,2,10137,Young High Spender,Upsell premium services
15,Other,Pune,Oppo,iOS,8.5,18.6,118.8,30,5.8,7615,6.8,2.5,448,Education,2,8063,Young High Spender,Upsell premium services
56,Male,Chennai,Realme,Android,5.2,3.5,6.7,101,5.5,8684,5.8,0.5,1627,Entertainment,2,10311,Young High Spender,Upsell premium services
15,Other,Jaipur,Nokia,Android,8.9,13.9,99.2,51,5.4,7174,0.7,1.7,1837,Education,2,9011,Young High Spender,Upsell premium services
25,Other,Hyderabad,OnePlus,iOS,3.7,49.5,160.5,77,4.2,9444,1.8,0.2,1268,Entertainment,2,10712,Young High Spender,Upsell premium services
23,Female,Pune,Oppo,iOS,10.1,6.1,68.8,198,5.8,3598,1.6,3.9,1054,Work,2,4652,Young High Spender,Upsell premium services
39,Female,Delhi,Apple,iOS,4.8,22.6,205.0,71,5.3,5852,3.6,3.6,1574,Work,2,7426,Young High Spender,Upsell premium services
50,Female,Delhi,Motorola,iOS,3.7,48.7,57.3,52,3.9,7916,2.7,2.1,905,Social Media,2,8821,Young High Spender,Upsell premium services
39,Female,Hyderabad,Google Pixel,iOS,7.7,6.6,118.1,39,4.9,5299,7.9,2.5,1795,Social Media,2,7094,Young High Spender,Upsell premium services
33,Male,Ahmedabad,Apple,iOS,8.2,34.4,173.0,177,5.2,8751,0.7,3.0,850,Gaming,2,9601,Young High Spender,Upsell premium services
49,Other,Lucknow,Motorola,Android,11.7,42.6,218.5,150,5.6,6184,6.3,0.6,1980,Social Media,2,8164,Young High Spender,Upsell premium services
45,Male,Mumbai,Vivo,iOS,6.7,26.1,137.5,137,4.9,8216,5.6,1.3,306,Social Media,2,8522,Young High Spender,Upsell premium services
51,Male,Delhi,Realme,iOS,1.7,26.0,80.4,33,5.7,8873,4.0,1.3,1318,Social Media,2,10191,Young High Spender,Upsell premium services
35,Female,Hyderabad,Xiaomi,iOS,7.9,33.3,50.0,90,5.8,8385,6.2,4.0,633,Work,2,9018,Young High Spender,Upsell premium services
34,Other,Mumbai,Realme,iOS,9.4,9.7,96.8,19,4.0,7564,3.2,2.1,1003,Work,2,8567,Young High Spender,Upsell premium services
29,Other,Chennai,Oppo,iOS,8.1,37.9,218.4,93,4.0,7142,5.5,0.1,157,Gaming,2,7299,Young High Spender,Upsell premium services
28,Other,Hyderabad,Samsung,Android,11.1,35.3,37.4,182,5.6,7845,3.3,2.2,1813,Social Media,2,9658,Young High Spender,Upsell premium services
28,Female,Jaipur,Samsung,iOS,7.5,20.6,205.1,188,3.7,7816,3.4,3.0,952,Social Media,2,8768,Young High Spender,Upsell premium services
50,Male,Kolkata,OnePlus,iOS,4.0,9.2,267.7,53,5.7,6357,0.7,1.2,1479,Work,2,7836,Young High Spender,Upsell premium services
38,Other,Hyderabad,Samsung,Android,5.1,18.7,67.4,147,3.3,5150,6.5,0.7,408,Social Media,2,5558,Young High Spender,Upsell premium services
33,Female,Hyderabad,Realme,Android,4.3,44.9,64.7,176,5.2,3146,2.2,0.2,1484,Work,2,4630,Young High Spender,Upsell premium services
53,Female,Pune,Google Pixel,Android,4.9,6.5,199.6,181,5.1,7676,3.3,0.6,1150,Work,2,8826,Young High Spender,Upsell premium services
31,Female,Lucknow,Apple,iOS,11.8,35.5,132.0,91,4.4,4462,0.8,2.8,858,Entertainment,2,5320,Young High Spender,Upsell premium services
41,Female,Delhi,Samsung,iOS,4.6,49.0,89.2,28,4.8,8197,6.9,4.4,1969,Social Media,2,10166,Young High Spender,Upsell premium services
23,Male,Chennai,Xiaomi,iOS,8.4,8.0,124.2,51,4.3,6406,3.1,0.1,953,Education,2,7359,Young High Spender,Upsell premium services
33,Other,Delhi,Realme,Android,8.7,7.5,258.6,42,4.6,8676,3.0,1.9,366,Gaming,2,9042,Young High Spender,Upsell premium services
23,Female,Bangalore,Xiaomi,Android,3.2,32.2,92.2,112,4.1,6328,1.9,2.0,252,Social Media,2,6580,Young High Spender,Upsell premium services
37,Male,Hyderabad,Motorola,Android,9.7,26.3,94.1,31,3.8,9853,7.8,4.9,644,Social Media,2,10497,Young High Spender,Upsell premium services
28,Other,Ahmedabad,Oppo,Android,10.1,23.4,209.2,78,5.7,5198,4.1,1.6,1712,Gaming,2,6910,Young High Spender,Upsell premium services
43,Other,Bangalore,Samsung,Android,4.8,22.0,23.9,187,3.7,8962,6.1,4.8,519,Social Media,2,9481,Young High Spender,Upsell premium services
31,Other,Mumbai,Nokia,iOS,9.5,20.0,299.1,185,5.2,4643,5.7,2.5,529,Social Media,2,5172,Young High Spender,Upsell premium services
34,Other,Pune,Oppo,iOS,11.0,16.9,80.3,56,4.7,4364,7.9,4.4,1038,Work,2,5402,Young High Spender,Upsell premium services
33,Other,Pune,Vivo,iOS,7.1,29.7,140.9,149,3.1,7909,4.7,3.9,281,Education,2,8190,Young High Spender,Upsell premium services
49,Other,Lucknow,Google Pixel,iOS,7.1,27.5,137.6,182,3.5,9288,7.2,2.5,1342,Social Media,2,10630,Young High Spender,Upsell premium services
48,Male,Pune,Realme,Android,7.0,28.3,87.1,106,5.0,6815,2.5,3.4,775,Work,2,7590,Young High Spender,Upsell premium services
58,Female,Jaipur,Apple,iOS,11.2,14.3,287.8,106,5.7,7811,7.7,3.1,363,Gaming,2,8174,Young High Spender,Upsell premium services
19,Male,Hyderabad,Oppo,Android,11.4,21.7,21.3,194,4.5,4948,4.3,0.0,1343,Social Media,2,6291,Young High Spender,Upsell premium services
26,Female,Kolkata,Motorola,iOS,2.4,19.5,284.8,134,4.8,9287,5.6,3.7,1629,Gaming,2,10916,Young High Spender,Upsell premium services
27,Other,Delhi,Xiaomi,iOS,4.3,20.1,231.5,29,5.3,6540,6.3,4.2,1416,Entertainment,2,7956,Young High Spender,Upsell premium services
24,Female,Hyderabad,Samsung,Android,10.3,47.9,271.2,175,4.8,7790,6.5,1.1,367,Education,2,8157,Young High Spender,Upsell premium services
38,Other,Jaipur,Google Pixel,Android,7.3,44.3,58.6,58,4.1,4357,7.9,2.8,1814,Social Media,2,6171,Young High Spender,Upsell premium services
24,Male,Bangalore,Vivo,iOS,8.4,34.0,295.8,58,4.7,9786,3.8,3.6,1549,Gaming,2,11335,Young High Spender,Upsell premium services
38,Other,Bangalore,Nokia,iOS,8.6,7.5,69.0,17,4.4,4190,2.9,4.6,1540,Work,2,5730,Young High Spender,Upsell premium services
42,Female,Bangalore,OnePlus,iOS,4.2,40.9,158.8,88,5.2,6211,3.9,2.4,589,Education,2,6800,Young High Spender,Upsell premium services
30,Other,Pune,Xiaomi,Android,1.3,30.2,93.6,86,4.9,9830,6.7,0.3,617,Social Media,2,10447,Young High Spender,Upsell premium services
52,Female,Hyderabad,Xiaomi,Android,3.0,39.5,65.0,126,5.8,7988,7.5,3.8,1912,Gaming,2,9900,Young High Spender,Upsell premium services
46,Male,Jaipur,Samsung,iOS,5.7,1.1,127.2,31,4.3,8198,5.1,1.3,1310,Education,2,9508,Young High Spender,Upsell premium services
45,Other,Bangalore,Samsung,iOS,2.2,13.9,221.0,16,3.9,6975,4.8,2.5,1767,Education,2,8742,Young High Spender,Upsell premium services
30,Female,Pune,Xiaomi,Android,7.4,26.6,15.7,82,4.1,9911,3.2,3.8,1026,Gaming,2,10937,Young High Spender,Upsell premium services
52,Female,Delhi,Samsung,iOS,8.2,14.1,128.6,53,4.1,7626,3.1,4.0,1477,Gaming,2,9103,Young High Spender,Upsell premium services
38,Other,Chennai,Apple,Android,10.8,16.6,54.1,53,4.1,4632,5.2,1.7,1522,Gaming,2,6154,Young High Spender,Upsell premium services
50,Female,Ahmedabad,Samsung,iOS,7.0,37.5,250.4,49,4.2,7733,7.8,1.5,1621,Social Media,2,9354,Young High Spender,Upsell premium services
46,Female,Hyderabad,Apple,Android,2.1,22.3,210.7,154,3.7,8014,1.5,2.7,984,Work,2,8998,Young High Spender,Upsell premium services
49,Female,Lucknow,Realme,iOS,1.9,22.2,127.2,12,4.6,7979,2.3,4.3,618,Gaming,2,8597,Young High Spender,Upsell premium services
36,Female,Mumbai,Samsung,iOS,6.9,18.3,255.5,63,4.8,7078,5.8,2.9,1016,Work,2,8094,Young High Spender,Upsell premium services
41,Other,Chennai,Motorola,iOS,11.3,46.3,169.2,61,5.1,6348,3.8,0.9,975,Entertainment,2,7323,Young High Spender,Upsell premium services
40,Female,Kolkata,Samsung,iOS,9.3,23.2,159.0,83,5.2,9889,1.3,2.2,931,Social Media,2,10820,Young High Spender,Upsell premium services
39,Other,Lucknow,Apple,iOS,1.9,20.2,279.8,24,4.5,6119,3.7,4.2,1185,Work,2,7304,Young High Spender,Upsell premium services
50,Female,Pune,Google Pixel,Android,5.7,49.1,252.0,166,5.9,5660,2.3,4.6,1615,Gaming,2,7275,Young High Spender,Upsell premium services
34,Male,Delhi,Motorola,Android,5.3,34.4,176.7,135,5.1,5017,5.4,4.6,625,Entertainment,2,5642,Young High Spender,Upsell premium services
35,Male,Bangalore,Oppo,iOS,10.1,10.0,248.8,136,3.6,7334,1.4,1.0,1638,Gaming,2,8972,Young High Spender,Upsell premium services
35,Male,Delhi,Motorola,Android,8.1,31.1,62.1,42,5.3,4995,5.3,0.3,221,Entertainment,2,5216,Young High Spender,Upsell premium services
17,Male,Bangalore,Google Pixel,Android,11.7,40.2,252.0,142,3.9,8459,6.5,2.1,417,Education,2,8876,Young High Spender,Upsell premium services
27,Male,Mumbai,Vivo,iOS,9.3,12.3,111.6,110,5.9,9661,5.3,1.5,1634,Work,2,11295,Young High Spender,Upsell premium services
44,Other,Chennai,Xiaomi,Android,4.0,46.0,233.3,28,5.3,7252,6.3,3.1,1371,Entertainment,2,8623,Young High Spender,Upsell premium services
38,Male,Bangalore,Samsung,iOS,4.2,33.6,15.6,193,4.3,7485,0.6,0.6,678,Social Media,2,8163,Young High Spender,Upsell premium services
35,Other,Kolkata,Nokia,Android,2.2,4.6,216.6,27,4.4,6755,4.6,4.7,1298,Education,2,8053,Young High Spender,Upsell premium services
36,Other,Chennai,Samsung,iOS,10.8,5.3,52.5,125,3.8,9878,6.6,4.1,1476,Social Media,2,11354,Young High Spender,Upsell premium services
38,Female,Jaipur,Realme,iOS,3.8,39.1,201.5,162,4.1,5268,1.0,1.7,1816,Social Media,2,7084,Young High Spender,Upsell premium services
39,Male,Pune,Google Pixel,iOS,4.3,31.7,145.2,101,3.3,9156,2.9,4.4,512,Gaming,2,9668,Young High Spender,Upsell premium services
35,Other,Kolkata,Vivo,Android,8.7,36.8,77.4,130,3.8,8845,3.5,2.0,1647,Entertainment,2,10492,Young High Spender,Upsell premium services
32,Female,Kolkata,Nokia,iOS,5.9,6.0,234.2,121,5.5,5403,0.8,2.1,631,Education,2,6034,Young High Spender,Upsell premium services
39,Female,Delhi,OnePlus,Android,11.4,17.4,29.6,66,5.1,9783,4.8,0.3,995,Entertainment,2,10778,Young High Spender,Upsell premium services
37,Female,Chennai,Google Pixel,iOS,7.8,13.2,190.0,31,5.1,7441,3.4,0.3,705,Entertainment,2,8146,Young High Spender,Upsell premium services
44,Other,Hyderabad,Nokia,Android,10.5,10.5,44.2,34,4.9,5127,3.0,4.9,1542,Education,2,6669,Young High Spender,Upsell premium services
52,Other,Hyderabad,OnePlus,iOS,5.3,18.9,179.1,83,4.0,9700,4.2,4.8,596,Social Media,2,10296,Young High Spender,Upsell premium services
59,Female,Mumbai,Realme,iOS,7.7,10.8,135.7,164,4.4,8654,1.3,1.3,1879,Education,2,10533,Young High Spender,Upsell premium services
15,Male,Delhi,Vivo,Android,7.9,14.9,286.8,133,5.7,6467,3.4,2.6,113,Education,2,6580,Young High Spender,Upsell premium services
24,Female,Bangalore,Nokia,iOS,10.7,33.8,249.8,194,4.8,7645,0.8,4.5,400,Gaming,2,8045,Young High Spender,Upsell premium services
18,Male,Ahmedabad,Vivo,iOS,11.4,7.2,206.2,134,4.4,9133,2.3,4.5,1304,Gaming,2,10437,Young High Spender,Upsell premium services
44,Male,Bangalore,Realme,Android,10.2,21.2,171.3,90,5.3,9922,1.6,0.9,1865,Social Media,2,11787,Young High Spender,Upsell premium services
25,Male,Chennai,Oppo,Android,2.2,45.7,102.4,93,3.7,8815,5.5,2.0,1228,Social Media,2,10043,Young High Spender,Upsell premium services
47,Other,Pune,Xiaomi,iOS,9.9,34.5,52.0,65,5.0,5601,2.9,2.9,219,Education,2,5820,Young High Spender,Upsell premium services
43,Other,Delhi,Vivo,Android,7.8,43.9,98.6,46,5.2,8911,1.4,1.3,206,Gaming,2,9117,Young High Spender,Upsell premium services
32,Female,Jaipur,Nokia,Android,8.6,39.2,228.2,37,3.4,6050,6.3,3.0,866,Entertainment,2,6916,Young High Spender,Upsell premium services
29,Female,Ahmedabad,Nokia,iOS,2.1,40.3,265.6,104,3.6,8464,3.1,2.5,1061,Entertainment,2,9525,Young High Spender,Upsell premium services
50,Male,Kolkata,Google Pixel,iOS,9.3,47.2,226.1,51,4.1,9106,5.3,0.3,385,Gaming,2,9491,Young High Spender,Upsell premium services
18,Female,Kolkata,Google Pixel,Android,3.2,41.1,64.8,154,4.0,5834,3.1,1.1,467,Social Media,2,6301,Young High Spender,Upsell premium services
60,Other,Chennai,Realme,iOS,10.2,17.6,237.1,136,4.6,9842,6.1,2.3,1358,Entertainment,2,11200,Young High Spender,Upsell premium services
20,Other,Delhi,Oppo,iOS,8.7,16.3,238.9,164,3.4,9468,8.0,1.2,776,Gaming,2,10244,Young High Spender,Upsell premium services
28,Female,Mumbai,Xiaomi,iOS,6.9,37.8,139.4,129,6.0,4585,6.9,5.0,1654,Entertainment,2,6239,Young High Spender,Upsell premium services
23,Male,Ahmedabad,OnePlus,Android,4.0,14.5,220.4,163,5.1,7160,3.6,4.4,406,Entertainment,2,7566,Young High Spender,Upsell premium services
45,Other,Kolkata,Motorola,Android,8.2,18.5,210.8,132,4.4,7666,5.0,4.6,465,Work,2,8131,Young High Spender,Upsell premium services
48,Male,Kolkata,Google Pixel,iOS,8.3,46.1,228.1,53,5.1,7165,6.7,1.3,440,Work,2,7605,Young High Spender,Upsell premium services
26,Other,Delhi,OnePlus,Android,3.6,7.6,189.7,33,4.9,9529,6.7,0.1,252,Work,2,9781,Young High Spender,Upsell premium services
21,Female,Kolkata,Samsung,iOS,11.3,37.4,150.9,20,4.1,8841,4.7,1.3,1715,Education,2,10556,Young High Spender,Upsell premium services
19,Other,Kolkata,Oppo,Android,2.9,17.1,222.0,145,5.3,5803,1.5,3.5,1377,Gaming,2,7180,Young High Spender,Upsell premium services
28,Other,Bangalore,Realme,Android,11.8,19.6,26.2,170,4.6,6522,6.7,4.4,1108,Education,2,7630,Young High Spender,Upsell premium services
33,Male,Delhi,Realme,iOS,9.3,14.3,228.8,157,3.7,7741,6.0,0.1,125,Education,2,7866,Young High Spender,Upsell premium services
42,Female,Delhi,Google Pixel,Android,4.8,24.1,285.2,101,5.2,6670,1.5,2.1,1495,Gaming,2,8165,Young High Spender,Upsell premium services
59,Male,Delhi,Motorola,iOS,11.6,41.0,278.4,103,5.2,7935,5.8,0.2,800,Entertainment,2,8735,Young High Spender,Upsell premium services
27,Other,Jaipur,Samsung,iOS,2.0,30.4,170.5,40,4.1,5721,0.9,4.7,1265,Gaming,2,6986,Young High Spender,Upsell premium services
56,Other,Mumbai,Xiaomi,Android,8.9,25.6,44.7,95,4.4,9059,3.9,2.3,1506,Work,2,10565,Young High Spender,Upsell premium services
56,Other,Mumbai,Xiaomi,Android,9.2,9.6,36.7,93,3.7,8156,4.8,2.0,1769,Social Media,2,9925,Young High Spender,Upsell premium services
32,Other,Delhi,Oppo,Android,1.2,32.2,258.3,167,3.7,9960,7.9,2.9,1811,Education,2,11771,Young High Spender,Upsell premium services
22,Female,Chennai,Vivo,Android,10.1,12.9,207.6,64,4.7,6478,2.8,1.3,168,Social Media,2,6646,Young High Spender,Upsell premium services
29,Female,Mumbai,Xiaomi,iOS,9.8,27.8,260.8,22,3.4,9228,5.7,0.8,780,Work,2,10008,Young High Spender,Upsell premium services
53,Male,Hyderabad,Nokia,Android,3.6,11.8,95.2,79,4.3,8643,4.5,1.1,300,Social Media,2,8943,Young High Spender,Upsell premium services
30,Female,Delhi,Motorola,Android,2.0,26.9,290.3,38,4.5,9675,5.8,4.7,1356,Entertainment,2,11031,Young High Spender,Upsell premium services
44,Other,Ahmedabad,Google Pixel,Android,3.5,12.0,109.8,29,4.1,6645,3.6,0.0,139,Work,2,6784,Young High Spender,Upsell premium services
39,Other,Hyderabad,Motorola,iOS,1.3,18.7,46.4,24,5.6,8067,5.7,4.7,1557,Gaming,2,9624,Young High Spender,Upsell premium services
25,Male,Kolkata,Apple,iOS,10.5,28.1,221.4,115,5.3,8160,4.6,4.0,716,Work,2,8876,Young High Spender,Upsell premium services
15,Other,Delhi,Oppo,Android,7.6,34.9,91.2,11,2.8,8061,6.6,3.5,156,Work,2,8217,Young High Spender,Upsell premium services
37,Other,Kolkata,Motorola,Android,5.8,14.0,140.9,91,6.0,9592,1.1,4.4,727,Education,2,10319,Young High Spender,Upsell premium services
39,Male,Jaipur,Vivo,Android,4.0,3.9,131.7,150,3.9,7356,3.9,4.5,1490,Education,2,8846,Young High Spender,Upsell premium services
37,Female,Mumbai,Oppo,iOS,8.0,17.1,33.4,166,5.7,3935,3.9,1.4,492,Work,2,4427,Young High Spender,Upsell premium services
31,Female,Jaipur,Oppo,Android,1.1,22.8,102.4,18,4.6,7450,6.8,1.9,1734,Gaming,2,9184,Young High Spender,Upsell premium services
37,Male,Ahmedabad,Vivo,iOS,3.3,40.2,107.0,64,4.2,5755,3.1,4.3,1231,Gaming,2,6986,Young High Spender,Upsell premium services
53,Female,Kolkata,Samsung,iOS,9.3,24.6,7.1,105,5.3,7792,7.0,3.6,204,Gaming,2,7996,Young High Spender,Upsell premium services
36,Male,Chennai,Xiaomi,iOS,7.7,16.0,79.7,38,4.0,8584,5.3,0.0,685,Work,2,9269,Young High Spender,Upsell premium services
46,Other,Lucknow,Realme,Android,9.2,30.3,67.2,100,5.9,8131,4.4,1.2,118,Gaming,2,8249,Young High Spender,Upsell premium services
22,Female,Bangalore,Xiaomi,Android,4.2,27.9,94.0,133,5.5,8690,7.7,3.8,1690,Education,2,10380,Young High Spender,Upsell premium services
24,Male,Kolkata,Xiaomi,iOS,12.0,48.8,55.5,183,3.0,6811,1.7,1.1,648,Entertainment,2,7459,Young High Spender,Upsell premium services
37,Male,Lucknow,Motorola,Android,8.5,34.8,244.4,56,4.6,7026,6.6,1.7,654,Social Media,2,7680,Young High Spender,Upsell premium services
37,Male,Hyderabad,Vivo,iOS,6.2,18.6,97.6,72,4.3,9819,1.8,4.4,1462,Work,2,11281,Young High Spender,Upsell premium services
48,Female,Ahmedabad,Motorola,Android,2.3,22.1,135.8,145,4.5,9126,3.5,0.0,677,Entertainment,2,9803,Young High Spender,Upsell premium services
22,Female,Pune,Samsung,Android,3.7,3.1,247.3,170,5.1,6774,2.5,0.2,473,Social Media,2,7247,Young High Spender,Upsell premium services
18,Other,Bangalore,Motorola,iOS,3.7,17.4,51.3,37,3.0,7110,5.7,3.1,905,Gaming,2,8015,Young High Spender,Upsell premium services
18,Female,Pune,Realme,iOS,11.2,49.4,89.9,46,4.8,6509,5.8,2.1,556,Social Media,2,7065,Young High Spender,Upsell premium services
20,Female,Bangalore,Nokia,Android,9.7,4.8,6.1,42,5.7,5831,6.3,1.9,1592,Education,2,7423,Young High Spender,Upsell premium services
16,Male,Hyderabad,Motorola,Android,10.4,16.0,190.3,11,3.2,9174,0.5,4.0,596,Entertainment,2,9770,Young High Spender,Upsell premium services
23,Other,Bangalore,Google Pixel,iOS,11.2,22.2,144.6,174,5.5,7485,5.7,0.3,680,Social Media,2,8165,Young High Spender,Upsell premium services
16,Other,Hyderabad,OnePlus,iOS,7.2,43.2,255.1,183,4.9,9627,5.5,2.6,139,Gaming,2,9766,Young High Spender,Upsell premium services
41,Female,Delhi,Nokia,Android,6.0,8.7,115.6,103,5.8,6298,2.3,4.5,1792,Social Media,2,8090,Young High Spender,Upsell premium services
18,Other,Lucknow,OnePlus,Android,8.8,13.1,113.9,53,5.4,4433,1.5,2.1,1786,Work,2,6219,Young High Spender,Upsell premium services
16,Male,Pune,Realme,iOS,2.3,27.1,240.0,147,6.0,8277,7.7,1.5,933,Social Media,2,9210,Young High Spender,Upsell premium services
43,Male,Chennai,Realme,iOS,10.1,14.3,31.6,119,5.8,7753,6.4,2.9,608,Education,2,8361,Young High Spender,Upsell premium services
22,Female,Bangalore,Motorola,iOS,6.5,45.1,173.9,32,4.6,6494,6.7,1.5,584,Work,2,7078,Young High Spender,Upsell premium services
35,Other,Kolkata,Motorola,Android,12.0,10.9,33.0,140,4.6,3785,3.6,1.6,1862,Gaming,2,5647,Young High Spender,Upsell premium services
46,Male,Lucknow,Google Pixel,iOS,7.3,45.4,211.0,169,4.6,7502,2.5,3.9,957,Social Media,2,8459,Young High Spender,Upsell premium services
30,Female,Lucknow,Samsung,iOS,5.1,44.4,232.4,108,4.4,6894,2.8,1.8,1409,Gaming,2,8303,Young High Spender,Upsell premium services
21,Female,Hyderabad,Nokia,Android,2.8,44.7,180.1,22,5.8,9957,4.7,0.1,1923,Work,2,11880,Young High Spender,Upsell premium services
21,Other,Pune,Google Pixel,Android,10.0,10.7,296.9,34,5.5,9470,1.5,1.4,368,Work,2,9838,Young High Spender,Upsell premium services
51,Other,Lucknow,Motorola,iOS,4.6,29.8,210.8,110,5.0,9046,1.2,0.4,264,Gaming,2,9310,Young High Spender,Upsell premium services
43,Other,Hyderabad,Realme,Android,1.9,38.2,242.3,53,5.7,8370,5.8,3.2,1174,Education,2,9544,Young High Spender,Upsell premium services
28,Other,Mumbai,Apple,iOS,6.6,35.6,138.9,72,5.8,5473,3.4,3.3,420,Education,2,5893,Young High Spender,Upsell premium services
38,Female,Bangalore,Oppo,iOS,4.5,15.7,82.1,90,4.9,6391,5.8,3.4,1503,Social Media,2,7894,Young High Spender,Upsell premium services
30,Female,Pune,Nokia,Android,9.3,38.8,49.7,171,5.7,5885,5.6,3.6,448,Work,2,6333,Young High Spender,Upsell premium services
30,Other,Jaipur,Realme,iOS,11.5,31.8,79.0,95,3.4,5524,5.0,2.5,1870,Gaming,2,7394,Young High Spender,Upsell premium services
53,Male,Chennai,Vivo,iOS,5.8,36.6,246.5,189,4.7,8596,5.7,0.3,545,Work,2,9141,Young High Spender,Upsell premium services
34,Other,Pune,Realme,Android,2.4,9.7,103.2,119,5.1,6591,2.7,1.8,1782,Work,2,8373,Young High Spender,Upsell premium services
19,Female,Kolkata,Nokia,iOS,4.0,11.1,11.1,50,5.1,9183,5.0,3.8,1306,Entertainment,2,10489,Young High Spender,Upsell premium services
32,Male,Bangalore,Xiaomi,iOS,5.6,7.2,176.8,62,5.1,5912,6.6,4.5,1307,Entertainment,2,7219,Young High Spender,Upsell premium services
31,Male,Chennai,OnePlus,Android,8.5,6.0,227.8,150,4.4,8243,5.4,1.2,709,Entertainment,2,8952,Young High Spender,Upsell premium services
19,Other,Jaipur,Nokia,Android,10.6,19.0,296.4,61,4.9,7981,3.7,3.9,1295,Social Media,2,9276,Young High Spender,Upsell premium services
22,Other,Chennai,Nokia,Android,1.1,26.5,146.3,183,3.5,7866,2.5,4.2,1656,Entertainment,2,9522,Young High Spender,Upsell premium services
47,Male,Kolkata,Xiaomi,Android,2.0,21.4,7.8,76,3.8,6246,5.6,3.0,1637,Education,2,7883,Young High Spender,Upsell premium services
22,Other,Delhi,Google Pixel,Android,2.0,35.6,69.6,39,3.6,9796,7.1,4.7,864,Gaming,2,10660,Young High Spender,Upsell premium services
54,Other,Hyderabad,Oppo,iOS,8.7,3.0,13.5,34,5.4,8115,3.0,4.0,1341,Social Media,2,9456,Young High Spender,Upsell premium services
60,Other,Ahmedabad,Nokia,Android,1.3,19.6,156.5,87,5.3,8958,3.2,1.1,628,Work,2,9586,Young High Spender,Upsell premium services
24,Other,Bangalore,Vivo,Android,1.4,1.3,158.4,31,2.9,9438,6.1,1.3,401,Work,2,9839,Young High Spender,Upsell premium services
30,Female,Jaipur,Xiaomi,iOS,6.1,25.8,162.8,52,5.7,5946,3.5,3.0,1642,Entertainment,2,7588,Young High Spender,Upsell premium services
21,Female,Hyderabad,Xiaomi,Android,11.4,46.3,94.7,173,4.4,6690,3.8,4.3,1413,Work,2,8103,Young High Spender,Upsell premium services
57,Female,Bangalore,Google Pixel,Android,5.6,30.7,147.3,173,5.3,6475,4.2,1.7,959,Social Media,2,7434,Young High Spender,Upsell premium services
16,Other,Delhi,Nokia,Android,1.1,8.3,174.0,68,5.8,5010,6.6,4.5,961,Social Media,2,5971,Young High Spender,Upsell premium services
50,Female,Bangalore,OnePlus,Android,5.0,16.9,165.9,110,3.6,7681,6.0,3.1,1594,Work,2,9275,Young High Spender,Upsell premium services
45,Male,Delhi,Apple,iOS,9.5,10.3,172.1,18,5.9,4508,4.7,4.6,103,Entertainment,2,4611,Young High Spender,Upsell premium services
36,Male,Pune,Samsung,Android,11.1,13.5,211.7,47,4.6,4996,5.6,3.1,1082,Gaming,2,6078,Young High Spender,Upsell premium services
22,Other,Ahmedabad,Realme,iOS,7.3,19.4,64.8,39,4.9,7700,1.1,3.6,596,Education,2,8296,Young High Spender,Upsell premium services
19,Other,Ahmedabad,Nokia,iOS,7.8,27.1,179.2,133,5.9,8399,1.9,1.4,627,Gaming,2,9026,Young High Spender,Upsell premium services
58,Female,Hyderabad,OnePlus,iOS,10.5,26.2,224.3,102,4.7,7617,7.4,1.5,1108,Work,2,8725,Young High Spender,Upsell premium services
44,Female,Delhi,Oppo,Android,2.8,1.5,29.4,42,5.3,9490,1.9,0.9,967,Entertainment,2,10457,Young High Spender,Upsell premium services
27,Female,Delhi,Nokia,Android,6.9,23.4,66.6,90,3.5,6766,2.2,1.0,1064,Social Media,2,7830,Young High Spender,Upsell premium services
59,Male,Lucknow,Apple,iOS,6.5,21.6,218.5,119,5.5,8732,0.7,3.9,1037,Education,2,9769,Young High Spender,Upsell premium services
38,Female,Mumbai,Realme,iOS,10.4,12.7,119.5,112,5.8,6584,1.7,0.3,529,Entertainment,2,7113,Young High Spender,Upsell premium services
43,Male,Kolkata,Motorola,Android,10.0,17.5,212.1,120,5.2,8462,5.9,2.2,463,Entertainment,2,8925,Young High Spender,Upsell premium services
41,Male,Bangalore,Motorola,Android,6.4,46.2,211.3,33,5.9,5010,7.3,2.8,784,Education,2,5794,Young High Spender,Upsell premium services
22,Male,Delhi,Apple,Android,3.1,33.8,12.3,13,3.9,5957,0.7,4.1,1956,Work,2,7913,Young High Spender,Upsell premium services
33,Male,Bangalore,Google Pixel,iOS,6.1,19.2,282.5,17,4.9,9280,5.9,3.4,1853,Entertainment,2,11133,Young High Spender,Upsell premium services
60,Female,Ahmedabad,Motorola,iOS,11.1,48.6,192.2,136,4.1,7941,2.6,1.3,1770,Social Media,2,9711,Young High Spender,Upsell premium services
24,Other,Chennai,Samsung,Android,8.9,14.6,290.4,78,6.0,4309,4.4,3.4,1362,Work,2,5671,Young High Spender,Upsell premium services
43,Male,Jaipur,Vivo,iOS,11.9,1.9,28.0,54,4.6,9860,6.6,4.9,1066,Work,2,10926,Young High Spender,Upsell premium services
32,Other,Bangalore,Apple,Android,11.4,41.6,20.2,200,4.2,6800,3.5,0.5,1240,Education,2,8040,Young High Spender,Upsell premium services
33,Other,Mumbai,Motorola,iOS,2.7,33.3,12.0,123,5.5,2840,3.3,2.1,572,Entertainment,2,3412,Young High Spender,Upsell premium services
50,Other,Mumbai,Motorola,Android,7.2,1.7,8.8,144,4.7,9135,6.5,0.1,1002,Social Media,2,10137,Young High Spender,Upsell premium services
39,Male,Delhi,Realme,Android,7.0,38.9,5.3,155,4.0,8092,4.5,3.5,609,Education,2,8701,Young High Spender,Upsell premium services
46,Male,Ahmedabad,Samsung,Android,9.7,17.6,48.2,17,3.7,8327,3.0,0.5,1327,Work,2,9654,Young High Spender,Upsell premium services
31,Other,Bangalore,Samsung,Android,4.8,29.8,210.8,55,4.7,5112,2.2,3.4,1156,Work,2,6268,Young High Spender,Upsell premium services
48,Other,Mumbai,Motorola,iOS,2.9,33.8,127.6,168,4.7,5825,1.4,1.3,981,Work,2,6806,Young High Spender,Upsell premium services
20,Other,Jaipur,Xiaomi,Android,11.5,20.7,16.7,57,5.2,7179,6.4,1.0,1306,Work,2,8485,Young High Spender,Upsell premium services
37,Male,Hyderabad,Nokia,iOS,5.9,17.5,223.7,85,4.0,6624,4.1,0.4,589,Education,2,7213,Young High Spender,Upsell premium services
18,Male,Lucknow,Google Pixel,Android,5.3,48.4,109.2,91,3.9,9638,1.7,2.5,1830,Social Media,2,11468,Young High Spender,Upsell premium services
25,Female,Jaipur,Samsung,iOS,1.3,39.7,178.9,59,4.9,8044,7.1,1.1,1931,Work,2,9975,Young High Spender,Upsell premium services
29,Female,Delhi,Oppo,Android,1.7,29.2,151.9,179,4.4,7862,3.7,1.3,576,Social Media,2,8438,Young High Spender,Upsell premium services
50,Female,Chennai,OnePlus,Android,2.4,46.1,75.9,46,5.1,6907,3.6,3.4,1800,Education,2,8707,Young High Spender,Upsell premium services
37,Male,Chennai,Apple,Android,10.3,14.9,117.3,59,5.0,9876,5.0,1.8,1657,Social Media,2,11533,Young High Spender,Upsell premium services
28,Other,Hyderabad,OnePlus,Android,10.2,23.2,6.4,128,5.3,3886,7.6,0.4,966,Work,2,4852,Young High Spender,Upsell premium services
50,Other,Mumbai,Motorola,iOS,4.8,46.0,95.0,192,4.7,6180,5.8,2.4,233,Education,2,6413,Young High Spender,Upsell premium services
41,Male,Hyderabad,Xiaomi,Android,10.5,17.4,90.8,60,3.5,8615,8.0,1.7,387,Gaming,2,9002,Young High Spender,Upsell premium services
15,Other,Mumbai,Motorola,Android,4.2,17.3,286.7,198,4.3,9613,2.7,3.0,1989,Entertainment,2,11602,Young High Spender,Upsell premium services
45,Female,Mumbai,Motorola,iOS,5.0,33.6,189.2,37,4.6,5455,1.9,4.0,1328,Entertainment,2,6783,Young High Spender,Upsell premium services
38,Male,Jaipur,Google Pixel,Android,10.0,42.6,187.6,22,5.0,9556,7.2,4.2,1508,Gaming,2,11064,Young High Spender,Upsell premium services
26,Other,Ahmedabad,Nokia,iOS,2.7,7.5,27.0,157,3.7,7433,2.7,3.4,691,Entertainment,2,8124,Young High Spender,Upsell premium services
33,Female,Ahmedabad,Vivo,iOS,11.9,40.9,213.7,115,6.0,8707,6.7,3.8,479,Education,2,9186,Young High Spender,Upsell premium services
17,Female,Jaipur,Vivo,iOS,1.4,12.7,143.6,35,5.3,8130,3.1,4.9,133,Gaming,2,8263,Young High Spender,Upsell premium services
34,Female,Lucknow,Nokia,Android,10.8,30.2,259.7,149,5.8,2961,2.7,4.2,858,Social Media,2,3819,Young High Spender,Upsell premium services
54,Other,Jaipur,Realme,Android,1.8,29.7,88.9,51,4.0,8727,1.3,4.1,381,Social Media,2,9108,Young High Spender,Upsell premium services
25,Other,Ahmedabad,Xiaomi,iOS,3.2,23.8,255.3,15,5.6,8416,7.5,1.9,497,Gaming,2,8913,Young High Spender,Upsell premium services
39,Male,Hyderabad,Motorola,iOS,7.7,7.9,266.0,74,4.7,8067,4.8,4.5,152,Gaming,2,8219,Young High Spender,Upsell premium services
29,Female,Lucknow,Realme,Android,3.7,41.7,277.1,91,5.4,4814,5.1,0.5,1690,Entertainment,2,6504,Young High Spender,Upsell premium services
27,Female,Chennai,Xiaomi,Android,4.9,5.3,25.2,88,5.9,5452,7.2,2.4,980,Gaming,2,6432,Young High Spender,Upsell premium services
25,Male,Hyderabad,Realme,iOS,11.1,27.7,202.5,64,4.7,6823,2.7,1.0,1523,Education,2,8346,Young High Spender,Upsell premium services
38,Female,Hyderabad,Samsung,iOS,10.5,24.5,72.5,25,6.0,9280,1.4,2.7,1636,Entertainment,2,10916,Young High Spender,Upsell premium services
26,Other,Ahmedabad,OnePlus,iOS,3.4,19.0,159.8,140,5.6,4606,2.8,2.1,328,Social Media,2,4934,Young High Spender,Upsell premium services
24,Female,Pune,Motorola,Android,2.9,19.5,289.9,43,5.6,9437,6.5,3.5,656,Social Media,2,10093,Young High Spender,Upsell premium services
45,Male,Jaipur,Motorola,iOS,6.7,40.3,136.5,89,6.0,4755,1.7,1.9,1535,Entertainment,2,6290,Young High Spender,Upsell premium services
29,Male,Mumbai,Oppo,Android,10.3,44.6,112.7,34,3.3,8241,3.4,3.5,886,Entertainment,2,9127,Young High Spender,Upsell premium services
50,Other,Bangalore,Vivo,Android,2.2,39.7,278.6,178,5.3,8732,6.1,3.7,1220,Entertainment,2,9952,Young High Spender,Upsell premium services
37,Other,Mumbai,Nokia,Android,6.9,18.7,114.9,10,3.8,9076,0.9,1.4,1997,Gaming,2,11073,Young High Spender,Upsell premium services
44,Female,Lucknow,Nokia,Android,10.1,37.2,97.7,51,4.6,7651,7.8,4.6,1234,Gaming,2,8885,Young High Spender,Upsell premium services
16,Male,Jaipur,Vivo,Android,3.8,34.7,16.7,96,4.9,7984,4.3,2.6,1774,Education,2,9758,Young High Spender,Upsell premium services
45,Male,Jaipur,Samsung,Android,2.4,14.9,294.8,145,4.5,7011,0.7,4.6,316,Gaming,2,7327,Young High Spender,Upsell premium services
34,Female,Kolkata,OnePlus,iOS,3.5,27.6,297.6,68,5.0,9088,7.7,3.9,1562,Social Media,2,10650,Young High Spender,Upsell premium services
29,Male,Ahmedabad,Realme,Android,7.9,3.8,99.5,73,4.4,7933,6.0,1.5,149,Education,2,8082,Young High Spender,Upsell premium services
46,Male,Chennai,Xiaomi,Android,4.9,24.1,142.2,114,5.2,8315,4.2,3.8,1550,Education,2,9865,Young High Spender,Upsell premium services
24,Male,Pune,Vivo,Android,7.2,13.2,177.9,33,2.9,7961,5.7,0.8,495,Education,2,8456,Young High Spender,Upsell premium services
33,Male,Chennai,Realme,iOS,5.7,23.7,17.3,193,5.6,6318,7.0,4.7,1235,Education,2,7553,Young High Spender,Upsell premium services
47,Female,Bangalore,Oppo,Android,1.5,2.3,260.2,17,5.4,7086,3.4,3.3,656,Work,2,7742,Young High Spender,Upsell premium services
52,Other,Chennai,Vivo,iOS,8.7,12.5,261.5,192,4.2,9874,2.4,4.5,1196,Entertainment,2,11070,Young High Spender,Upsell premium services
36,Female,Jaipur,Motorola,Android,10.6,28.5,66.1,15,5.0,8774,6.7,0.8,1165,Work,2,9939,Young High Spender,Upsell premium services
37,Other,Chennai,Samsung,iOS,9.6,16.8,117.7,98,3.4,8824,3.1,3.2,1200,Social Media,2,10024,Young High Spender,Upsell premium services
15,Female,Hyderabad,Samsung,iOS,3.7,41.8,221.7,93,5.6,6212,7.2,2.9,1903,Entertainment,2,8115,Young High Spender,Upsell premium services
30,Other,Chennai,Vivo,iOS,6.6,32.6,168.3,160,3.3,7805,7.0,4.8,1997,Education,2,9802,Young High Spender,Upsell premium services
55,Male,Hyderabad,Realme,Android,10.3,28.4,31.2,101,5.8,8959,5.0,2.1,1567,Work,2,10526,Young High Spender,Upsell premium services
28,Other,Jaipur,Xiaomi,iOS,7.8,29.7,84.8,118,5.7,9845,3.4,0.8,1837,Entertainment,2,11682,Young High Spender,Upsell premium services
24,Other,Delhi,Oppo,iOS,7.0,40.1,185.9,50,4.1,9990,4.0,3.8,1066,Education,2,11056,Young High Spender,Upsell premium services
20,Male,Kolkata,Motorola,iOS,7.1,16.7,173.8,193,4.9,5764,0.7,1.2,298,Gaming,2,6062,Young High Spender,Upsell premium services
23,Other,Jaipur,OnePlus,iOS,8.6,34.4,29.7,86,5.6,5497,1.2,3.5,164,Work,2,5661,Young High Spender,Upsell premium services
35,Male,Lucknow,Realme,Android,6.1,19.9,193.9,135,3.6,8034,3.6,0.7,612,Education,2,8646,Young High Spender,Upsell premium services
43,Other,Delhi,Realme,iOS,11.1,33.5,29.4,198,5.0,9919,3.7,2.8,1017,Work,2,10936,Young High Spender,Upsell premium services
41,Male,Delhi,Apple,iOS,1.3,36.6,36.1,34,4.5,8476,3.3,1.5,669,Entertainment,2,9145,Young High Spender,Upsell premium services
40,Female,Delhi,Realme,iOS,1.1,5.3,27.3,95,5.4,8540,6.6,2.3,608,Entertainment,2,9148,Young High Spender,Upsell premium services
30,Female,Pune,Oppo,Android,11.2,3.4,167.5,40,5.1,6167,2.1,0.4,512,Education,2,6679,Young High Spender,Upsell premium services
29,Other,Ahmedabad,Vivo,iOS,9.9,42.2,71.3,95,5.5,5833,0.8,4.2,706,Entertainment,2,6539,Young High Spender,Upsell premium services
16,Male,Pune,Vivo,iOS,11.2,38.9,178.8,52,4.6,8471,3.2,1.0,683,Education,2,9154,Young High Spender,Upsell premium services
36,Male,Jaipur,Vivo,Android,8.4,15.8,45.7,29,3.1,5634,1.9,2.6,131,Education,2,5765,Young High Spender,Upsell premium services
28,Other,Hyderabad,Xiaomi,iOS,7.1,12.6,197.0,172,4.7,6014,4.5,1.6,1853,Education,2,7867,Young High Spender,Upsell premium services
17,Other,Kolkata,OnePlus,Android,4.3,11.0,120.0,26,5.3,7380,3.7,3.6,1128,Entertainment,2,8508,Young High Spender,Upsell premium services
50,Male,Lucknow,Apple,iOS,8.1,12.0,254.8,47,4.5,8138,0.9,4.2,1218,Social Media,2,9356,Young High Spender,Upsell premium services
28,Female,Ahmedabad,Xiaomi,Android,8.6,25.3,15.3,65,3.4,7280,4.5,3.9,1169,Work,2,8449,Young High Spender,Upsell premium services
17,Male,Pune,Nokia,iOS,10.7,47.5,120.0,114,5.5,7712,5.4,2.0,1687,Work,2,9399,Young High Spender,Upsell premium services
36,Other,Pune,Motorola,Android,8.1,25.0,227.2,173,3.9,7729,0.8,3.1,113,Gaming,2,7842,Young High Spender,Upsell premium services
35,Male,Lucknow,Vivo,iOS,9.0,16.0,54.6,108,5.5,7903,7.1,0.7,279,Education,2,8182,Young High Spender,Upsell premium services
33,Male,Ahmedabad,Vivo,iOS,4.8,48.7,110.6,148,3.8,7754,5.2,4.6,1627,Entertainment,2,9381,Young High Spender,Upsell premium services
35,Other,Chennai,Oppo,Android,5.6,17.2,143.9,188,4.9,4689,1.3,1.6,416,Education,2,5105,Young High Spender,Upsell premium services
43,Female,Mumbai,Oppo,iOS,7.9,34.6,223.1,155,4.6,8004,4.9,0.1,1894,Entertainment,2,9898,Young High Spender,Upsell premium services
47,Other,Kolkata,Google Pixel,Android,9.5,49.8,14.5,90,3.5,7240,6.3,1.5,898,Education,2,8138,Young High Spender,Upsell premium services
25,Other,Mumbai,OnePlus,Android,8.4,9.6,175.6,55,5.8,5166,7.5,2.7,1949,Gaming,2,7115,Young High Spender,Upsell premium services
39,Other,Jaipur,Apple,Android,7.4,38.2,187.7,188,4.7,9485,7.3,0.3,1199,Education,2,10684,Young High Spender,Upsell premium services
28,Female,Kolkata,Motorola,iOS,9.4,22.5,121.0,133,4.8,9199,5.1,2.9,1067,Social Media,2,10266,Young High Spender,Upsell premium services
42,Male,Bangalore,Nokia,Android,5.2,33.4,105.0,116,4.1,7755,5.9,1.9,659,Entertainment,2,8414,Young High Spender,Upsell premium services
29,Female,Mumbai,Realme,Android,7.2,23.2,68.5,170,5.9,2605,1.4,1.4,739,Education,2,3344,Young High Spender,Upsell premium services
26,Male,Pune,Apple,Android,4.0,25.8,84.7,154,3.5,5906,1.1,2.5,1802,Gaming,2,7708,Young High Spender,Upsell premium services
24,Female,Hyderabad,Xiaomi,Android,3.5,40.2,180.7,34,3.1,9217,3.6,2.5,792,Gaming,2,10009,Young High Spender,Upsell premium services
50,Male,Kolkata,OnePlus,Android,7.0,15.7,34.1,30,5.8,5121,7.2,2.3,1322,Entertainment,2,6443,Young High Spender,Upsell premium services
20,Female,Ahmedabad,Xiaomi,iOS,4.4,49.3,57.2,40,4.4,8490,2.6,0.9,1012,Gaming,2,9502,Young High Spender,Upsell premium services
38,Female,Pune,OnePlus,iOS,2.6,13.0,50.6,53,4.1,7181,1.2,1.0,474,Gaming,2,7655,Young High Spender,Upsell premium services
48,Other,Chennai,Samsung,iOS,7.7,12.6,112.3,53,5.6,8745,3.1,0.1,308,Work,2,9053,Young High Spender,Upsell premium services
46,Male,Delhi,Google Pixel,iOS,11.3,15.7,66.8,62,4.5,6381,1.9,4.7,1302,Gaming,2,7683,Young High Spender,Upsell premium services
32,Male,Lucknow,Motorola,iOS,4.3,28.8,282.2,127,5.2,9062,8.0,3.4,1889,Education,2,10951,Young High Spender,Upsell premium services
50,Male,Delhi,Apple,iOS,9.9,23.6,28.7,163,3.6,9913,5.9,4.0,1793,Work,2,11706,Young High Spender,Upsell premium services
20,Other,Delhi,Xiaomi,iOS,8.4,27.8,202.9,24,4.0,7174,2.6,5.0,249,Education,2,7423,Young High Spender,Upsell premium services
57,Other,Lucknow,Google Pixel,iOS,6.5,37.8,176.1,148,4.0,7497,5.9,4.2,736,Work,2,8233,Young High Spender,Upsell premium services
38,Other,Delhi,Samsung,iOS,6.5,11.8,205.3,41,5.4,8821,7.8,0.7,671,Gaming,2,9492,Young High Spender,Upsell premium services
31,Male,Mumbai,Samsung,iOS,2.7,48.3,282.5,181,5.0,6426,5.9,4.0,598,Entertainment,2,7024,Young High Spender,Upsell premium services
16,Female,Chennai,Samsung,Android,6.8,35.4,224.9,147,5.1,6898,0.9,1.1,1203,Entertainment,2,8101,Young High Spender,Upsell premium services
21,Other,Bangalore,Nokia,iOS,2.2,2.1,221.1,60,5.6,5750,2.0,4.3,1843,Entertainment,2,7593,Young High Spender,Upsell premium services
16,Other,Lucknow,Motorola,Android,5.5,20.8,18.9,145,3.3,9636,1.9,0.4,489,Education,2,10125,Young High Spender,Upsell premium services
47,Other,Mumbai,Google Pixel,Android,11.1,16.1,204.5,37,3.8,6135,4.8,3.0,1383,Gaming,2,7518,Young High Spender,Upsell premium services
38,Other,Pune,Nokia,Android,9.3,10.3,247.8,99,5.4,8228,0.9,4.2,1364,Education,2,9592,Young High Spender,Upsell premium services
29,Male,Lucknow,Google Pixel,iOS,9.8,8.5,161.2,187,5.3,8304,2.2,3.6,1728,Entertainment,2,10032,Young High Spender,Upsell premium services
49,Male,Mumbai,Apple,Android,9.7,29.8,228.8,172,5.3,9513,4.0,4.9,1588,Gaming,2,11101,Young High Spender,Upsell premium services
42,Male,Pune,Vivo,iOS,2.5,37.8,81.3,43,5.6,9129,6.3,1.5,1960,Work,2,11089,Young High Spender,Upsell premium services
15,Female,Ahmedabad,Realme,iOS,8.1,20.2,17.3,69,3.3,9858,3.6,1.3,1724,Entertainment,2,11582,Young High Spender,Upsell premium services
33,Female,Hyderabad,Xiaomi,iOS,7.6,32.7,62.9,77,3.9,7152,7.7,0.1,1137,Social Media,2,8289,Young High Spender,Upsell premium services
46,Female,Delhi,Samsung,Android,4.5,41.3,85.0,53,5.9,7426,0.5,1.0,337,Work,2,7763,Young High Spender,Upsell premium services
35,Other,Mumbai,Motorola,Android,1.6,43.1,138.9,145,5.5,4459,2.1,2.3,1932,Work,2,6391,Young High Spender,Upsell premium services
19,Male,Mumbai,Vivo,iOS,7.7,22.6,270.5,50,3.2,7902,1.6,2.4,1763,Work,2,9665,Young High Spender,Upsell premium services
19,Other,Chennai,Samsung,Android,6.3,48.2,114.0,173,4.1,6804,5.1,0.5,1600,Social Media,2,8404,Young High Spender,Upsell premium services
60,Female,Jaipur,Apple,iOS,2.9,10.7,196.5,132,4.9,8693,5.3,0.1,969,Entertainment,2,9662,Young High Spender,Upsell premium services
41,Female,Kolkata,Nokia,iOS,1.7,18.6,255.7,88,3.5,8315,1.4,1.5,954,Social Media,2,9269,Young High Spender,Upsell premium services
54,Male,Ahmedabad,OnePlus,iOS,3.9,41.0,155.3,190,3.9,8097,7.1,4.3,793,Social Media,2,8890,Young High Spender,Upsell premium services
32,Male,Hyderabad,Google Pixel,Android,8.4,29.2,81.1,140,3.8,4964,4.8,3.6,1629,Social Media,2,6593,Young High Spender,Upsell premium services
42,Male,Jaipur,Nokia,Android,12.0,20.7,99.6,80,4.1,5529,4.3,3.8,102,Social Media,2,5631,Young High Spender,Upsell premium services
19,Other,Jaipur,Xiaomi,iOS,8.3,37.7,28.2,129,4.2,5994,4.0,3.7,404,Social Media,2,6398,Young High Spender,Upsell premium services
16,Other,Hyderabad,Google Pixel,iOS,10.8,28.8,210.3,26,4.8,6539,4.3,4.8,267,Work,2,6806,Young High Spender,Upsell premium services
34,Other,Bangalore,Oppo,iOS,6.9,14.4,86.6,199,5.7,9959,3.7,3.2,614,Gaming,2,10573,Young High Spender,Upsell premium services
17,Male,Delhi,OnePlus,Android,11.1,3.0,214.9,76,5.0,6248,0.6,3.1,1396,Entertainment,2,7644,Young High Spender,Upsell premium services
29,Male,Bangalore,Vivo,Android,3.8,22.8,285.7,121,5.3,8469,2.3,1.3,1367,Work,2,9836,Young High Spender,Upsell premium services
40,Female,Kolkata,Samsung,Android,7.1,13.4,145.1,60,4.6,8166,7.8,0.7,1855,Work,2,10021,Young High Spender,Upsell premium services
41,Male,Delhi,Samsung,iOS,6.7,1.5,128.0,116,5.6,7815,4.4,3.1,124,Education,2,7939,Young High Spender,Upsell premium services
57,Male,Mumbai,Apple,iOS,9.0,27.3,121.5,169,4.8,7478,3.3,4.9,1689,Entertainment,2,9167,Young High Spender,Upsell premium services
40,Male,Chennai,Vivo,Android,8.4,8.7,112.8,150,3.7,7732,1.7,3.2,1903,Gaming,2,9635,Young High Spender,Upsell premium services
20,Other,Chennai,Realme,Android,11.2,28.0,298.2,138,5.0,7177,3.7,4.3,1446,Social Media,2,8623,Young High Spender,Upsell premium services
17,Other,Pune,OnePlus,iOS,11.0,8.0,53.0,178,3.7,7811,4.5,1.8,716,Social Media,2,8527,Young High Spender,Upsell premium services
60,Other,Jaipur,Apple,Android,2.4,15.7,24.8,183,5.8,6741,1.6,3.1,1320,Gaming,2,8061,Young High Spender,Upsell premium services
40,Male,Ahmedabad,Samsung,Android,3.2,9.6,279.7,71,4.4,6935,2.3,3.6,922,Work,2,7857,Young High Spender,Upsell premium services
31,Other,Chennai,Oppo,Android,11.4,41.5,124.4,51,5.2,6923,2.6,4.3,1267,Education,2,8190,Young High Spender,Upsell premium services
16,Male,Ahmedabad,OnePlus,iOS,5.7,47.3,244.3,31,3.8,9774,5.5,0.9,130,Gaming,2,9904,Young High Spender,Upsell premium services
25,Other,Chennai,Motorola,iOS,1.1,30.2,200.7,69,4.2,9206,5.6,1.3,867,Social Media,2,10073,Young High Spender,Upsell premium services
36,Other,Bangalore,Apple,iOS,8.5,47.9,24.0,145,5.0,6588,7.4,3.8,913,Gaming,2,7501,Young High Spender,Upsell premium services
34,Female,Delhi,Realme,iOS,8.3,33.1,153.9,29,4.2,6722,3.0,3.7,954,Gaming,2,7676,Young High Spender,Upsell premium services
41,Female,Jaipur,Xiaomi,iOS,6.6,37.4,215.9,102,5.9,9454,5.9,1.2,1665,Social Media,2,11119,Young High Spender,Upsell premium services
24,Other,Hyderabad,Xiaomi,iOS,2.4,16.0,284.6,198,6.0,9680,1.0,4.0,1917,Work,2,11597,Young High Spender,Upsell premium services
45,Male,Pune,Samsung,Android,9.9,12.8,188.2,132,4.0,8431,4.9,3.1,1431,Education,2,9862,Young High Spender,Upsell premium services
47,Male,Hyderabad,Nokia,iOS,1.5,2.6,213.7,30,4.3,7565,2.6,2.7,492,Social Media,2,8057,Young High Spender,Upsell premium services
43,Other,Kolkata,Xiaomi,Android,10.3,49.4,216.5,14,4.3,7914,1.5,2.1,751,Gaming,2,8665,Young High Spender,Upsell premium services
35,Other,Jaipur,Samsung,Android,1.6,30.8,164.8,174,4.3,6751,1.9,0.0,1325,Social Media,2,8076,Young High Spender,Upsell premium services
19,Female,Chennai,Samsung,iOS,9.8,7.7,43.8,197,4.9,9109,1.6,0.3,120,Education,2,9229,Young High Spender,Upsell premium services
51,Male,Jaipur,Motorola,iOS,6.6,11.2,122.7,198,5.2,5911,3.9,3.7,641,Work,2,6552,Young High Spender,Upsell premium services
25,Other,Kolkata,Oppo,Android,8.6,47.9,225.2,112,4.0,8266,7.0,4.6,1358,Social Media,2,9624,Young High Spender,Upsell premium services
58,Other,Delhi,Samsung,iOS,9.5,14.5,292.1,34,5.4,7745,1.2,1.1,1396,Gaming,2,9141,Young High Spender,Upsell premium services
44,Male,Bangalore,OnePlus,iOS,2.4,22.0,181.1,102,5.0,4865,6.6,2.1,1990,Social Media,2,6855,Young High Spender,Upsell premium services
21,Male,Jaipur,Oppo,iOS,11.4,10.2,56.9,19,4.2,5769,4.3,1.5,579,Education,2,6348,Young High Spender,Upsell premium services
59,Female,Hyderabad,Vivo,Android,6.4,38.2,113.0,53,4.6,7659,7.7,1.1,529,Education,2,8188,Young High Spender,Upsell premium services
32,Male,Delhi,Vivo,iOS,7.7,38.2,89.3,119,6.0,6514,5.9,3.1,1617,Gaming,2,8131,Young High Spender,Upsell premium services
57,Male,Ahmedabad,Google Pixel,iOS,2.4,17.8,194.4,161,4.2,9319,3.6,3.8,1246,Entertainment,2,10565,Young High Spender,Upsell premium services
16,Female,Chennai,Xiaomi,Android,9.6,46.6,51.5,55,4.9,5234,5.7,0.7,1644,Entertainment,2,6878,Young High Spender,Upsell premium services
50,Male,Kolkata,Motorola,Android,7.4,27.2,239.5,197,5.7,9912,3.7,1.3,306,Entertainment,2,10218,Young High Spender,Upsell premium services
25,Male,Ahmedabad,Vivo,iOS,1.2,13.5,156.4,51,5.2,7454,6.8,0.7,1260,Social Media,2,8714,Young High Spender,Upsell premium services
60,Male,Delhi,Nokia,iOS,11.6,10.2,120.6,188,5.8,9624,5.1,4.9,1253,Work,2,10877,Young High Spender,Upsell premium services
56,Female,Jaipur,Nokia,iOS,1.9,19.1,210.8,37,4.4,9197,0.6,3.2,1480,Education,2,10677,Young High Spender,Upsell premium services
25,Other,Ahmedabad,Xiaomi,iOS,5.1,49.6,234.1,88,5.7,6863,7.2,1.2,873,Education,2,7736,Young High Spender,Upsell premium services
35,Male,Kolkata,Motorola,iOS,4.9,49.6,221.1,35,5.4,4745,7.8,3.0,1265,Education,2,6010,Young High Spender,Upsell premium services
25,Other,Delhi,Realme,iOS,9.8,37.4,47.9,196,5.2,9970,4.6,3.9,1563,Entertainment,2,11533,Young High Spender,Upsell premium services
54,Female,Pune,OnePlus,iOS,11.8,48.1,254.6,135,4.3,9314,3.4,1.5,296,Social Media,2,9610,Young High Spender,Upsell premium services
18,Other,Delhi,Oppo,Android,3.5,13.0,71.3,150,3.8,9144,2.7,1.2,110,Entertainment,2,9254,Young High Spender,Upsell premium services
53,Other,Hyderabad,Vivo,Android,4.6,3.0,51.7,19,5.0,9004,3.9,4.9,696,Gaming,2,9700,Young High Spender,Upsell premium services
40,Other,Chennai,Google Pixel,iOS,5.7,1.3,42.5,146,4.6,9186,5.4,4.7,1150,Gaming,2,10336,Young High Spender,Upsell premium services
28,Other,Pune,Xiaomi,iOS,2.6,41.6,252.2,101,5.0,9816,3.9,3.9,478,Social Media,2,10294,Young High Spender,Upsell premium services
30,Male,Hyderabad,Xiaomi,iOS,7.3,23.4,197.4,33,3.9,8815,5.9,4.8,1247,Work,2,10062,Young High Spender,Upsell premium services
28,Male,Pune,Google Pixel,Android,7.3,47.6,256.8,164,4.8,8297,3.6,0.1,235,Entertainment,2,8532,Young High Spender,Upsell premium services
53,Female,Lucknow,Samsung,iOS,5.8,12.7,287.5,133,5.2,8204,2.4,2.7,484,Education,2,8688,Young High Spender,Upsell premium services
52,Male,Pune,Nokia,Android,1.0,14.0,183.0,115,4.4,6699,4.1,1.6,509,Social Media,2,7208,Young High Spender,Upsell premium services
23,Other,Delhi,Nokia,Android,7.6,45.3,201.1,18,5.7,8382,2.0,3.5,1600,Social Media,2,9982,Young High Spender,Upsell premium services
16,Other,Jaipur,Nokia,Android,8.8,21.0,84.5,17,5.1,8405,4.3,3.6,1372,Gaming,2,9777,Young High Spender,Upsell premium services
36,Female,Chennai,Vivo,Android,9.2,15.1,114.8,40,3.5,7755,5.2,4.6,1884,Work,2,9639,Young High Spender,Upsell premium services
45,Male,Chennai,Apple,iOS,5.0,13.1,77.6,14,4.8,9556,5.7,1.7,1242,Social Media,2,10798,Young High Spender,Upsell premium services
51,Other,Hyderabad,Nokia,iOS,10.3,27.2,189.9,71,5.3,6320,1.2,3.4,1984,Social Media,2,8304,Young High Spender,Upsell premium services
16,Male,Hyderabad,Motorola,Android,9.1,1.7,71.9,13,4.9,7689,1.1,3.8,1265,Education,2,8954,Young High Spender,Upsell premium services
22,Female,Delhi,Motorola,Android,7.5,8.9,25.0,117,6.0,5697,0.6,2.7,1192,Education,2,6889,Young High Spender,Upsell premium services
40,Male,Chennai,Samsung,Android,5.3,20.7,133.7,116,5.7,8539,4.8,0.9,895,Entertainment,2,9434,Young High Spender,Upsell premium services
35,Female,Hyderabad,Motorola,iOS,10.1,25.7,154.1,132,3.3,5735,0.9,0.5,1765,Social Media,2,7500,Young High Spender,Upsell premium services
31,Male,Bangalore,Realme,Android,8.2,41.3,192.2,137,3.5,5858,3.4,2.2,632,Entertainment,2,6490,Young High Spender,Upsell premium services
42,Female,Pune,Xiaomi,Android,3.1,17.4,268.6,126,5.1,7766,2.4,0.1,1911,Entertainment,2,9677,Young High Spender,Upsell premium services
43,Other,Bangalore,Motorola,Android,2.3,34.9,123.2,51,5.0,4495,4.3,2.4,846,Entertainment,2,5341,Young High Spender,Upsell premium services
17,Male,Delhi,Xiaomi,Android,4.8,9.7,86.4,10,3.0,7977,2.7,1.3,872,Entertainment,2,8849,Young High Spender,Upsell premium services
43,Female,Pune,Xiaomi,iOS,4.4,9.5,82.6,123,5.9,5381,1.5,1.8,395,Entertainment,2,5776,Young High Spender,Upsell premium services
50,Other,Bangalore,OnePlus,iOS,5.0,43.5,62.3,29,5.7,6297,1.7,2.6,827,Social Media,2,7124,Young High Spender,Upsell premium services
24,Female,Kolkata,Google Pixel,Android,9.2,11.4,236.9,121,5.8,3819,5.7,1.3,1214,Social Media,2,5033,Young High Spender,Upsell premium services
52,Other,Pune,Realme,Android,1.5,21.5,248.0,78,6.0,6207,7.7,3.9,179,Entertainment,2,6386,Young High Spender,Upsell premium services
26,Other,Kolkata,Xiaomi,iOS,6.1,24.5,28.3,98,4.3,6521,0.8,1.0,709,Work,2,7230,Young High Spender,Upsell premium services
15,Other,Ahmedabad,Oppo,iOS,8.8,43.2,69.0,168,2.9,9761,3.4,2.7,216,Entertainment,2,9977,Young High Spender,Upsell premium services
37,Other,Lucknow,Samsung,Android,1.5,12.6,276.8,99,5.6,8809,5.4,1.1,1767,Education,2,10576,Young High Spender,Upsell premium services
19,Other,Chennai,Vivo,iOS,7.9,30.3,23.3,64,5.4,4143,2.1,3.6,1442,Entertainment,2,5585,Young High Spender,Upsell premium services
40,Other,Hyderabad,Motorola,Android,10.0,26.0,215.2,22,4.8,8268,7.6,1.6,1818,Work,2,10086,Young High Spender,Upsell premium services
34,Other,Bangalore,OnePlus,Android,7.9,45.6,6.1,42,3.7,8314,7.8,3.0,1482,Work,2,9796,Young High Spender,Upsell premium services
55,Female,Mumbai,Samsung,iOS,5.9,4.1,29.2,84,4.6,9030,6.2,0.3,1974,Work,2,11004,Young High Spender,Upsell premium services
20,Other,Chennai,OnePlus,Android,8.7,12.5,106.3,143,3.0,8348,7.0,0.4,1254,Entertainment,2,9602,Young High Spender,Upsell premium services
36,Female,Delhi,Apple,iOS,10.0,10.0,234.8,167,5.6,3529,5.5,1.6,1085,Education,2,4614,Young High Spender,Upsell premium services
43,Other,Jaipur,OnePlus,iOS,11.0,20.5,88.3,19,3.7,5938,2.6,3.1,481,Entertainment,2,6419,Young High Spender,Upsell premium services
55,Male,Lucknow,OnePlus,Android,9.6,30.0,71.2,36,4.6,7240,0.6,1.3,457,Social Media,2,7697,Young High Spender,Upsell premium services
22,Male,Kolkata,OnePlus,iOS,6.8,26.7,41.5,22,5.7,5640,4.8,2.3,1335,Gaming,2,6975,Young High Spender,Upsell premium services
36,Male,Mumbai,Nokia,iOS,8.2,29.8,7.7,11,5.3,6578,5.2,1.3,114,Social Media,2,6692,Young High Spender,Upsell premium services
31,Other,Pune,Realme,iOS,7.8,38.7,203.2,80,5.7,4237,2.7,1.2,1331,Work,2,5568,Young High Spender,Upsell premium services
26,Female,Ahmedabad,Realme,iOS,9.6,26.6,114.7,191,5.9,8485,4.9,4.6,881,Entertainment,2,9366,Young High Spender,Upsell premium services
35,Female,Mumbai,Apple,iOS,10.2,7.3,203.1,30,3.5,7141,3.6,0.5,1642,Entertainment,2,8783,Young High Spender,Upsell premium services
32,Male,Hyderabad,Xiaomi,Android,10.0,37.8,107.5,122,5.4,5273,1.6,1.6,1445,Social Media,2,6718,Young High Spender,Upsell premium services
46,Male,Jaipur,Xiaomi,Android,9.9,17.5,136.8,87,4.9,7895,4.0,4.6,440,Social Media,2,8335,Young High Spender,Upsell premium services
26,Male,Hyderabad,Oppo,iOS,2.1,38.3,85.3,160,5.0,5997,2.4,0.4,1755,Education,2,7752,Young High Spender,Upsell premium services
31,Female,Delhi,Oppo,Android,4.0,7.7,19.8,45,5.7,6221,0.9,0.7,1990,Gaming,2,8211,Young High Spender,Upsell premium services
19,Male,Lucknow,Google Pixel,Android,11.0,44.6,260.9,46,5.2,7108,4.8,3.0,461,Entertainment,2,7569,Young High Spender,Upsell premium services
60,Other,Lucknow,Nokia,iOS,1.8,22.6,189.4,144,5.4,9210,6.4,0.3,2000,Social Media,2,11210,Young High Spender,Upsell premium services
56,Male,Mumbai,Oppo,Android,6.2,43.2,92.6,107,4.9,9797,6.6,4.1,149,Entertainment,2,9946,Young High Spender,Upsell premium services
37,Male,Jaipur,Xiaomi,iOS,9.0,31.3,59.1,189,3.8,5985,0.8,3.2,1670,Gaming,2,7655,Young High Spender,Upsell premium services
44,Other,Hyderabad,Nokia,Android,5.0,39.0,151.2,40,5.3,7026,5.7,3.0,648,Entertainment,2,7674,Young High Spender,Upsell premium services
50,Female,Ahmedabad,Motorola,iOS,2.3,40.6,161.8,157,4.9,8769,0.9,2.2,281,Gaming,2,9050,Young High Spender,Upsell premium services
24,Female,Hyderabad,Oppo,iOS,5.4,39.4,185.0,182,5.8,7550,3.1,4.5,739,Work,2,8289,Young High Spender,Upsell premium services
57,Male,Chennai,Apple,Android,3.0,24.7,119.8,40,4.4,7836,4.0,0.7,173,Entertainment,2,8009,Young High Spender,Upsell premium services
18,Male,Ahmedabad,Motorola,Android,8.1,25.0,62.3,95,3.2,7959,7.3,2.6,779,Education,2,8738,Young High Spender,Upsell premium services
27,Other,Jaipur,Apple,iOS,1.6,47.3,299.0,85,3.8,7243,1.0,0.5,298,Education,2,7541,Young High Spender,Upsell premium services
31,Male,Ahmedabad,Samsung,Android,5.1,15.4,183.8,56,3.7,8932,6.1,4.0,1234,Work,2,10166,Young High Spender,Upsell premium services
45,Female,Hyderabad,Oppo,Android,1.7,16.1,96.6,45,5.8,7737,7.8,3.4,1141,Education,2,8878,Young High Spender,Upsell premium services
60,Female,Jaipur,Realme,Android,5.7,43.9,174.1,10,5.8,7555,6.0,0.4,259,Gaming,2,7814,Young High Spender,Upsell premium services
28,Other,Mumbai,Realme,Android,5.3,28.3,152.9,50,5.2,5574,4.5,1.7,1091,Education,2,6665,Young High Spender,Upsell premium services
40,Male,Hyderabad,Xiaomi,iOS,3.8,33.2,202.9,178,5.7,4921,0.7,1.9,383,Social Media,2,5304,Young High Spender,Upsell premium services
26,Female,Hyderabad,OnePlus,iOS,2.5,12.7,202.7,67,3.8,9230,6.8,4.1,195,Work,2,9425,Young High Spender,Upsell premium services
36,Female,Jaipur,Xiaomi,iOS,11.3,27.9,231.2,30,4.7,6420,6.0,4.3,1588,Work,2,8008,Young High Spender,Upsell premium services
31,Female,Ahmedabad,Apple,iOS,10.9,18.3,91.7,124,3.7,9538,5.0,4.2,1900,Education,2,11438,Young High Spender,Upsell premium services
56,Female,Delhi,Google Pixel,iOS,6.3,43.1,261.0,192,5.0,9489,8.0,1.6,1803,Entertainment,2,11292,Young High Spender,Upsell premium services
46,Female,Hyderabad,OnePlus,Android,2.7,7.1,266.7,33,5.8,4945,2.5,1.9,295,Social Media,2,5240,Young High Spender,Upsell premium services
22,Other,Ahmedabad,Xiaomi,iOS,4.1,27.8,185.3,120,3.4,8135,1.4,1.2,169,Education,2,8304,Young High Spender,Upsell premium services
47,Male,Jaipur,Nokia,iOS,10.5,42.0,105.9,12,4.7,6275,0.5,3.4,293,Gaming,2,6568,Young High Spender,Upsell premium services
32,Female,Kolkata,OnePlus,iOS,10.1,18.7,256.2,24,4.1,8467,2.9,3.4,1937,Gaming,2,10404,Young High Spender,Upsell premium services
25,Female,Kolkata,Samsung,iOS,9.2,5.3,27.2,147,4.9,4810,3.5,1.8,1577,Education,2,6387,Young High Spender,Upsell premium services
39,Male,Pune,Apple,iOS,11.6,28.5,63.4,108,4.8,7268,7.6,4.9,1674,Education,2,8942,Young High Spender,Upsell premium services
32,Other,Kolkata,OnePlus,iOS,5.5,21.9,173.6,88,5.1,6445,3.6,5.0,1339,Social Media,2,7784,Young High Spender,Upsell premium services
22,Male,Delhi,Oppo,Android,1.2,41.3,203.4,88,5.4,7980,6.5,4.7,1764,Social Media,2,9744,Young High Spender,Upsell premium services
19,Female,Mumbai,Samsung,iOS,4.1,22.0,13.4,190,4.2,7075,6.9,0.0,402,Education,2,7477,Young High Spender,Upsell premium services
38,Female,Delhi,OnePlus,Android,7.6,12.3,52.2,51,5.4,7824,2.1,1.4,1777,Work,2,9601,Young High Spender,Upsell premium services
19,Female,Lucknow,Nokia,Android,10.4,19.1,228.7,61,4.9,8254,5.4,2.8,1041,Education,2,9295,Young High Spender,Upsell premium services
41,Male,Jaipur,Nokia,iOS,2.7,26.4,125.7,72,3.7,8515,7.3,2.8,514,Work,2,9029,Young High Spender,Upsell premium services
40,Male,Mumbai,Apple,iOS,6.0,28.9,124.7,183,5.1,8179,4.0,0.7,1676,Social Media,2,9855,Young High Spender,Upsell premium services
46,Female,Lucknow,OnePlus,iOS,4.1,45.1,115.9,147,5.3,8954,1.2,2.2,465,Gaming,2,9419,Young High Spender,Upsell premium services
18,Female,Lucknow,Apple,iOS,3.3,35.3,297.9,157,5.1,5587,3.0,4.6,1155,Entertainment,2,6742,Young High Spender,Upsell premium services
26,Female,Kolkata,Vivo,iOS,1.6,20.7,183.3,173,4.5,6950,0.5,1.6,1388,Work,2,8338,Young High Spender,Upsell premium services
48,Other,Pune,Nokia,iOS,7.4,25.7,143.8,120,4.1,7668,3.0,2.4,1196,Education,2,8864,Young High Spender,Upsell premium services
33,Female,Ahmedabad,Realme,iOS,10.8,3.5,189.9,167,4.8,6361,0.5,4.5,688,Social Media,2,7049,Young High Spender,Upsell premium services
31,Male,Ahmedabad,Samsung,iOS,5.9,1.8,63.8,76,3.1,9713,7.2,4.0,702,Work,2,10415,Young High Spender,Upsell premium services
31,Other,Delhi,Vivo,Android,6.5,16.3,163.7,97,3.6,7177,6.3,0.7,1375,Social Media,2,8552,Young High Spender,Upsell premium services
23,Female,Mumbai,Motorola,iOS,9.6,41.3,73.6,110,3.8,7327,4.6,0.3,1696,Work,2,9023,Young High Spender,Upsell premium services
15,Other,Pune,Oppo,iOS,5.1,14.4,183.8,193,5.7,6716,1.7,4.6,1501,Work,2,8217,Young High Spender,Upsell premium services
51,Male,Delhi,Xiaomi,Android,7.5,41.3,163.6,25,5.9,7940,7.0,4.8,883,Entertainment,2,8823,Young High Spender,Upsell premium services
25,Female,Pune,Apple,Android,4.9,37.8,135.2,177,5.8,7689,2.1,3.4,1960,Work,2,9649,Young High Spender,Upsell premium services
18,Other,Jaipur,Nokia,iOS,8.8,43.4,46.2,64,5.2,7991,1.0,2.0,1848,Education,2,9839,Young High Spender,Upsell premium services
45,Male,Bangalore,Vivo,Android,7.0,16.9,101.1,162,4.2,6801,3.1,0.2,621,Education,2,7422,Young High Spender,Upsell premium services
30,Other,Bangalore,Samsung,Android,4.5,40.6,105.8,80,5.1,9782,7.1,2.2,811,Education,2,10593,Young High Spender,Upsell premium services
40,Male,Chennai,Realme,iOS,10.7,7.9,266.8,48,4.4,7826,3.8,0.1,164,Gaming,2,7990,Young High Spender,Upsell premium services
32,Other,Jaipur,Oppo,iOS,2.8,30.6,197.0,163,5.3,4894,4.7,3.6,1725,Gaming,2,6619,Young High Spender,Upsell premium services
33,Other,Jaipur,Motorola,Android,11.0,40.1,193.4,50,5.9,2750,3.8,2.8,1340,Entertainment,2,4090,Young High Spender,Upsell premium services
45,Other,Delhi,Nokia,iOS,8.5,37.0,215.9,150,4.2,7445,6.7,2.4,1097,Work,2,8542,Young High Spender,Upsell premium services
42,Male,Hyderabad,OnePlus,iOS,7.1,22.7,28.8,84,6.0,9762,1.3,2.2,954,Gaming,2,10716,Young High Spender,Upsell premium services
23,Male,Jaipur,Samsung,Android,2.9,27.6,297.6,57,5.5,7063,6.0,0.3,821,Education,2,7884,Young High Spender,Upsell premium services
47,Female,Delhi,OnePlus,iOS,10.2,2.1,114.1,150,4.8,7796,2.7,3.6,1136,Work,2,8932,Young High Spender,Upsell premium services
57,Other,Pune,Apple,Android,2.1,25.7,101.9,39,5.1,7800,3.4,4.1,209,Entertainment,2,8009,Young High Spender,Upsell premium services
28,Other,Lucknow,Realme,iOS,1.4,30.4,294.0,182,3.3,7133,4.8,1.5,1547,Education,2,8680,Young High Spender,Upsell premium services
55,Female,Hyderabad,Google Pixel,Android,8.1,33.6,173.8,190,5.8,8153,7.7,4.5,1962,Work,2,10115,Young High Spender,Upsell premium services
34,Female,Pune,Vivo,iOS,4.2,38.6,41.3,183,3.6,6915,0.8,0.3,1319,Work,2,8234,Young High Spender,Upsell premium services
34,Male,Mumbai,Samsung,iOS,7.7,1.4,147.3,68,4.4,5295,7.7,4.1,258,Gaming,2,5553,Young High Spender,Upsell premium services
56,Male,Ahmedabad,Samsung,Android,1.8,20.6,48.3,142,5.9,9107,3.8,1.3,969,Education,2,10076,Young High Spender,Upsell premium services
36,Female,Pune,Nokia,iOS,1.3,32.0,87.0,192,5.1,8272,5.7,4.3,888,Entertainment,2,9160,Young High Spender,Upsell premium services
23,Male,Hyderabad,OnePlus,iOS,8.8,29.5,233.8,75,5.5,8458,4.8,0.8,713,Social Media,2,9171,Young High Spender,Upsell premium services
49,Female,Chennai,Apple,Android,4.2,10.8,59.8,143,5.7,8495,5.8,1.3,1566,Education,2,10061,Young High Spender,Upsell premium services
55,Female,Pune,Samsung,iOS,11.5,4.1,87.9,56,4.6,9942,4.6,2.0,673,Social Media,2,10615,Young High Spender,Upsell premium services
23,Other,Chennai,Realme,Android,10.3,42.0,83.4,130,5.6,9410,1.0,4.6,163,Entertainment,2,9573,Young High Spender,Upsell premium services
36,Female,Hyderabad,Motorola,iOS,11.5,11.8,124.2,169,5.7,9603,4.0,2.6,835,Entertainment,2,10438,Young High Spender,Upsell premium services
39,Other,Delhi,OnePlus,iOS,9.7,26.3,109.8,103,5.7,7423,0.9,3.8,852,Gaming,2,8275,Young High Spender,Upsell premium services
29,Female,Mumbai,Oppo,iOS,9.4,16.4,237.4,193,3.5,8221,6.7,4.9,656,Work,2,8877,Young High Spender,Upsell premium services
30,Female,Chennai,Nokia,iOS,11.1,6.0,116.6,194,3.3,8850,6.4,2.5,1193,Education,2,10043,Young High Spender,Upsell premium services
60,Other,Kolkata,Samsung,Android,4.1,41.6,281.4,19,5.5,8097,1.9,1.9,488,Education,2,8585,Young High Spender,Upsell premium services
42,Female,Hyderabad,OnePlus,Android,2.6,49.1,232.0,50,3.9,9695,2.4,0.3,1579,Gaming,2,11274,Young High Spender,Upsell premium services
30,Other,Pune,Xiaomi,iOS,3.3,31.8,277.1,103,3.2,9201,2.2,4.3,1199,Gaming,2,10400,Young High Spender,Upsell premium services
38,Other,Delhi,Samsung,Android,2.1,3.1,81.1,17,3.5,9696,6.5,0.3,1961,Entertainment,2,11657,Young High Spender,Upsell premium services
44,Other,Lucknow,Realme,iOS,2.5,23.8,184.1,163,5.5,8868,0.8,3.2,1924,Entertainment,2,10792,Young High Spender,Upsell premium services
26,Other,Chennai,Motorola,iOS,10.7,22.5,252.0,122,3.7,9841,1.3,2.8,1193,Work,2,11034,Young High Spender,Upsell premium services
34,Male,Pune,Vivo,iOS,2.0,3.0,120.5,161,3.2,6103,3.6,1.0,939,Gaming,2,7042,Young High Spender,Upsell premium services
41,Male,Delhi,Vivo,iOS,9.6,15.8,164.9,131,4.0,7818,5.8,3.5,296,Social Media,2,8114,Young High Spender,Upsell premium services
51,Other,Bangalore,OnePlus,iOS,8.6,40.3,167.5,88,5.8,6249,4.1,1.5,1509,Gaming,2,7758,Young High Spender,Upsell premium services
38,Female,Lucknow,OnePlus,Android,1.3,5.4,165.8,190,5.1,7771,2.8,4.5,1181,Entertainment,2,8952,Young High Spender,Upsell premium services
55,Female,Pune,Nokia,iOS,1.5,14.2,76.8,124,5.8,8380,4.4,2.0,478,Education,2,8858,Young High Spender,Upsell premium services
33,Female,Mumbai,Vivo,Android,4.3,11.1,103.4,170,5.8,4527,6.2,0.5,1112,Gaming,2,5639,Young High Spender,Upsell premium services
43,Female,Hyderabad,Nokia,Android,10.9,41.7,245.0,152,3.5,9816,5.3,3.2,475,Education,2,10291,Young High Spender,Upsell premium services
29,Female,Chennai,Nokia,Android,10.6,38.6,252.5,83,4.6,9852,1.5,4.9,232,Work,2,10084,Young High Spender,Upsell premium services
16,Male,Jaipur,Vivo,Android,10.5,44.1,148.6,188,5.8,5487,5.0,0.3,966,Education,2,6453,Young High Spender,Upsell premium services
30,Female,Pune,Google Pixel,Android,10.9,17.5,47.3,88,2.9,5941,6.1,3.5,752,Entertainment,2,6693,Young High Spender,Upsell premium services
22,Male,Lucknow,OnePlus,iOS,3.2,24.6,104.9,35,5.9,8087,1.8,4.2,306,Education,2,8393,Young High Spender,Upsell premium services
24,Other,Ahmedabad,Realme,iOS,3.7,37.7,178.4,33,4.5,8549,4.7,1.0,860,Social Media,2,9409,Young High Spender,Upsell premium services
19,Female,Bangalore,Vivo,iOS,5.2,11.4,73.9,22,5.1,9059,5.1,4.7,303,Gaming,2,9362,Young High Spender,Upsell premium services
47,Female,Ahmedabad,Oppo,Android,9.7,6.6,73.4,53,4.1,7645,2.6,2.8,429,Work,2,8074,Young High Spender,Upsell premium services
27,Other,Chennai,Google Pixel,iOS,10.6,13.5,125.5,132,4.0,8634,1.8,0.4,1467,Entertainment,2,10101,Young High Spender,Upsell premium services
54,Female,Delhi,Nokia,Android,9.2,24.4,174.6,160,5.9,8883,2.4,3.8,1311,Entertainment,2,10194,Young High Spender,Upsell premium services
38,Female,Ahmedabad,OnePlus,Android,1.8,6.5,110.1,114,4.2,8721,2.8,1.8,387,Work,2,9108,Young High Spender,Upsell premium services
41,Male,Mumbai,Xiaomi,Android,6.1,25.4,190.6,183,5.9,5831,6.9,4.5,1864,Education,2,7695,Young High Spender,Upsell premium services
30,Male,Lucknow,Realme,Android,6.6,9.2,121.2,187,5.7,3591,6.6,3.1,1696,Gaming,2,5287,Young High Spender,Upsell premium services
45,Female,Hyderabad,Apple,iOS,4.2,33.8,180.4,65,4.6,7114,6.2,1.2,651,Social Media,2,7765,Young High Spender,Upsell premium services
15,Male,Bangalore,Xiaomi,Android,9.2,17.6,190.2,161,4.5,7967,5.8,0.6,161,Education,2,8128,Young High Spender,Upsell premium services
16,Other,Ahmedabad,Apple,Android,2.6,36.7,262.2,117,4.9,6051,3.0,3.2,1246,Education,2,7297,Young High Spender,Upsell premium services
19,Female,Kolkata,Google Pixel,Android,11.0,11.5,130.7,122,3.7,8876,3.9,1.3,575,Entertainment,2,9451,Young High Spender,Upsell premium services
55,Male,Mumbai,Vivo,Android,10.9,25.9,53.4,112,5.0,6463,0.8,3.1,1128,Social Media,2,7591,Young High Spender,Upsell premium services
49,Female,Bangalore,Nokia,Android,11.7,6.2,12.8,123,5.3,7151,7.0,0.6,1611,Social Media,2,8762,Young High Spender,Upsell premium services
42,Female,Bangalore,Oppo,Android,1.6,1.1,275.7,60,3.6,8353,7.2,2.2,209,Work,2,8562,Young High Spender,Upsell premium services
29,Other,Ahmedabad,Nokia,Android,3.8,8.8,51.5,59,5.2,6059,4.6,2.3,1622,Education,2,7681,Young High Spender,Upsell premium services
46,Male,Chennai,Samsung,Android,10.6,9.3,144.6,23,4.6,6209,3.3,3.8,1970,Education,2,8179,Young High Spender,Upsell premium services
34,Other,Jaipur,Realme,Android,3.0,36.9,92.4,102,3.1,5658,2.2,1.1,301,Gaming,2,5959,Young High Spender,Upsell premium services
41,Male,Bangalore,Realme,Android,2.8,13.8,12.1,103,3.9,5892,6.8,0.3,187,Education,2,6079,Young High Spender,Upsell premium services
46,Other,Pune,Apple,Android,10.6,18.9,15.2,63,3.4,8330,2.6,2.0,661,Entertainment,2,8991,Young High Spender,Upsell premium services
20,Female,Kolkata,Vivo,Android,9.0,4.0,122.2,48,3.8,7226,5.0,4.4,1406,Gaming,2,8632,Young High Spender,Upsell premium services
43,Male,Hyderabad,Xiaomi,Android,12.0,37.8,167.5,123,4.3,7181,4.4,1.5,1774,Gaming,2,8955,Young High Spender,Upsell premium services
25,Female,Delhi,Motorola,iOS,5.2,31.8,283.7,177,5.9,4566,5.8,0.3,290,Social Media,2,4856,Young High Spender,Upsell premium services
40,Male,Kolkata,Apple,iOS,1.5,28.4,57.7,42,3.2,9486,7.9,2.7,1694,Work,2,11180,Young High Spender,Upsell premium services
43,Other,Ahmedabad,Vivo,iOS,7.4,21.1,225.2,166,4.5,6071,7.7,2.4,126,Education,2,6197,Young High Spender,Upsell premium services
40,Female,Pune,Nokia,Android,3.9,19.8,154.9,64,4.7,6367,7.7,0.4,1776,Work,2,8143,Young High Spender,Upsell premium services
28,Male,Chennai,Oppo,iOS,4.0,13.6,238.1,118,3.5,8394,2.9,2.3,1541,Gaming,2,9935,Young High Spender,Upsell premium services
26,Male,Jaipur,Realme,Android,10.9,11.8,256.3,107,4.4,6465,1.9,2.9,1744,Entertainment,2,8209,Young High Spender,Upsell premium services
22,Other,Lucknow,Xiaomi,Android,3.0,7.6,171.4,138,3.5,8552,1.1,2.5,1586,Entertainment,2,10138,Young High Spender,Upsell premium services
47,Female,Jaipur,Vivo,iOS,6.0,31.7,120.6,150,3.7,9609,5.9,0.4,1755,Work,2,11364,Young High Spender,Upsell premium services
40,Female,Lucknow,Samsung,iOS,6.9,16.3,267.7,110,3.8,6550,4.5,3.6,898,Entertainment,2,7448,Young High Spender,Upsell premium services
19,Other,Hyderabad,Apple,Android,4.7,18.6,94.1,48,3.6,7023,5.9,1.6,1319,Entertainment,2,8342,Young High Spender,Upsell premium services
37,Other,Ahmedabad,Nokia,iOS,5.1,21.5,35.0,73,5.7,5071,4.6,0.4,1334,Gaming,2,6405,Young High Spender,Upsell premium services
21,Other,Lucknow,Realme,Android,11.3,7.7,164.0,54,5.2,9982,6.0,1.3,1095,Social Media,2,11077,Young High Spender,Upsell premium services
25,Other,Bangalore,Google Pixel,iOS,3.6,29.2,237.4,195,4.1,8060,1.9,2.5,1592,Social Media,2,9652,Young High Spender,Upsell premium services
29,Male,Ahmedabad,Oppo,iOS,6.8,46.9,189.8,175,4.3,8022,4.8,3.2,1789,Social Media,2,9811,Young High Spender,Upsell premium services
31,Other,Pune,Nokia,Android,2.6,10.5,37.5,110,3.6,5548,2.4,2.0,147,Education,2,5695,Young High Spender,Upsell premium services
43,Male,Jaipur,OnePlus,iOS,3.3,12.9,247.0,43,4.7,5459,7.8,3.6,1470,Social Media,2,6929,Young High Spender,Upsell premium services
28,Other,Pune,Samsung,Android,6.2,34.8,72.9,55,4.8,4778,2.8,1.1,1070,Education,2,5848,Young High Spender,Upsell premium services
25,Male,Chennai,Motorola,iOS,5.4,44.9,44.7,155,4.9,5899,3.7,3.8,698,Education,2,6597,Young High Spender,Upsell premium services
26,Other,Kolkata,Apple,iOS,6.2,41.7,268.6,148,5.1,8491,1.0,0.4,1228,Work,2,9719,Young High Spender,Upsell premium services
18,Female,Kolkata,Realme,iOS,7.7,11.2,109.8,110,4.4,6328,7.4,0.6,554,Education,2,6882,Young High Spender,Upsell premium services
23,Male,Kolkata,Realme,Android,2.9,23.5,70.2,114,5.8,8322,7.9,4.5,1362,Entertainment,2,9684,Young High Spender,Upsell premium services
24,Other,Kolkata,OnePlus,Android,6.8,46.1,27.0,155,4.8,6608,7.3,0.6,1243,Work,2,7851,Young High Spender,Upsell premium services
38,Other,Lucknow,Apple,Android,6.6,28.0,57.3,121,5.5,4461,7.9,1.1,109,Work,2,4570,Young High Spender,Upsell premium services
34,Male,Delhi,Motorola,iOS,1.5,39.4,237.0,17,4.1,5494,2.4,1.9,1412,Social Media,2,6906,Young High Spender,Upsell premium services
25,Female,Bangalore,Realme,iOS,2.4,26.8,53.0,56,4.3,7507,6.3,3.5,544,Education,2,8051,Young High Spender,Upsell premium services
20,Male,Jaipur,Realme,Android,3.9,40.7,233.3,163,4.0,7940,4.7,0.3,1861,Social Media,2,9801,Young High Spender,Upsell premium services
20,Other,Delhi,Motorola,Android,3.2,32.6,11.6,175,5.2,5848,2.1,4.8,237,Work,2,6085,Young High Spender,Upsell premium services
38,Male,Jaipur,Vivo,iOS,10.3,7.0,258.0,149,5.7,9018,0.9,4.0,843,Gaming,2,9861,Young High Spender,Upsell premium services
25,Female,Kolkata,Nokia,Android,11.0,35.9,47.8,63,3.0,9774,2.5,2.1,1767,Gaming,2,11541,Young High Spender,Upsell premium services
49,Female,Chennai,Motorola,iOS,9.8,1.6,78.0,177,3.5,6825,6.1,1.4,1909,Work,2,8734,Young High Spender,Upsell premium services
42,Female,Ahmedabad,Xiaomi,iOS,3.0,37.6,37.2,53,3.4,9369,1.5,0.8,1143,Social Media,2,10512,Young High Spender,Upsell premium services
50,Female,Lucknow,Xiaomi,iOS,8.1,37.8,167.7,15,4.9,7026,6.8,4.2,899,Gaming,2,7925,Young High Spender,Upsell premium services
47,Female,Kolkata,Google Pixel,Android,2.0,34.9,50.4,152,3.7,9127,3.0,3.5,1110,Gaming,2,10237,Young High Spender,Upsell premium services
37,Male,Pune,Realme,iOS,5.9,15.8,138.5,182,3.2,6816,1.3,0.2,1998,Work,2,8814,Young High Spender,Upsell premium services
49,Male,Jaipur,Nokia,iOS,2.6,22.6,15.7,28,3.5,9262,4.9,3.1,1568,Gaming,2,10830,Young High Spender,Upsell premium services
15,Female,Jaipur,Vivo,iOS,11.9,20.4,49.1,89,3.8,7117,2.1,0.1,1937,Entertainment,2,9054,Young High Spender,Upsell premium services
37,Other,Delhi,Apple,iOS,2.1,6.2,204.4,16,4.8,4428,4.9,2.5,1538,Social Media,2,5966,Young High Spender,Upsell premium services
22,Male,Mumbai,Nokia,iOS,11.9,19.3,35.4,94,2.8,8722,3.6,3.9,1019,Entertainment,2,9741,Young High Spender,Upsell premium services
53,Female,Lucknow,Samsung,Android,6.6,35.1,241.1,30,5.8,8453,5.1,1.7,1904,Entertainment,2,10357,Young High Spender,Upsell premium services
33,Other,Lucknow,Xiaomi,Android,9.1,38.6,134.4,130,5.3,8697,7.5,1.8,1763,Gaming,2,10460,Young High Spender,Upsell premium services
23,Other,Hyderabad,Vivo,iOS,5.4,33.9,55.4,110,4.4,8703,3.7,1.6,458,Entertainment,2,9161,Young High Spender,Upsell premium services
50,Other,Mumbai,Oppo,iOS,4.5,38.4,125.0,48,4.0,8449,0.6,4.5,498,Social Media,2,8947,Young High Spender,Upsell premium services
30,Male,Bangalore,Xiaomi,Android,8.8,34.2,96.5,93,5.8,8202,3.0,3.2,1528,Work,2,9730,Young High Spender,Upsell premium services
20,Other,Pune,Nokia,iOS,1.1,16.6,22.4,31,5.2,9346,6.1,1.2,1293,Gaming,2,10639,Young High Spender,Upsell premium services
17,Female,Pune,OnePlus,Android,6.3,5.3,100.3,33,2.7,8937,7.4,0.5,1091,Entertainment,2,10028,Young High Spender,Upsell premium services
29,Male,Hyderabad,Xiaomi,iOS,1.1,19.6,208.7,139,3.8,6282,2.0,2.0,141,Social Media,2,6423,Young High Spender,Upsell premium services
19,Female,Chennai,Google Pixel,Android,4.9,21.8,139.7,68,4.0,9703,6.1,3.7,1440,Social Media,2,11143,Young High Spender,Upsell premium services
24,Female,Delhi,Vivo,iOS,4.7,42.5,47.2,197,4.5,5102,1.6,2.0,1187,Social Media,2,6289,Young High Spender,Upsell premium services
31,Female,Kolkata,Vivo,Android,6.1,21.0,69.8,90,3.6,8989,0.9,3.6,1703,Work,2,10692,Young High Spender,Upsell premium services
51,Male,Bangalore,Nokia,Android,3.6,1.9,98.2,34,5.8,8310,1.9,2.2,1792,Entertainment,2,10102,Young High Spender,Upsell premium services
58,Male,Chennai,Vivo,Android,6.9,38.5,158.3,179,5.3,9680,2.0,0.1,1699,Work,2,11379,Young High Spender,Upsell premium services
53,Other,Pune,Apple,Android,10.2,14.6,95.4,19,4.7,6360,1.2,0.9,1825,Gaming,2,8185,Young High Spender,Upsell premium services
43,Other,Ahmedabad,Motorola,iOS,7.4,20.9,285.2,36,5.6,5592,0.6,2.5,594,Social Media,2,6186,Young High Spender,Upsell premium services
38,Other,Chennai,Realme,iOS,3.2,26.1,183.7,179,3.6,7378,3.4,4.0,1794,Work,2,9172,Young High Spender,Upsell premium services
57,Other,Hyderabad,Motorola,iOS,2.1,10.1,138.1,196,5.5,8813,0.5,3.8,1435,Education,2,10248,Young High Spender,Upsell premium services
33,Female,Mumbai,Nokia,iOS,6.4,45.0,294.8,161,3.5,9575,4.6,1.0,291,Gaming,2,9866,Young High Spender,Upsell premium services
47,Female,Kolkata,Oppo,Android,3.5,20.6,10.6,64,3.9,8307,1.0,1.2,113,Social Media,2,8420,Young High Spender,Upsell premium services
52,Other,Chennai,Apple,Android,5.0,22.8,132.5,147,4.3,6816,3.4,3.6,1694,Gaming,2,8510,Young High Spender,Upsell premium services
45,Male,Lucknow,Google Pixel,Android,4.9,29.1,38.0,73,4.9,8941,5.1,3.0,489,Work,2,9430,Young High Spender,Upsell premium services
30,Male,Ahmedabad,OnePlus,Android,10.8,15.5,36.2,173,5.8,3461,5.7,0.6,1783,Education,2,5244,Young High Spender,Upsell premium services
21,Female,Chennai,Oppo,Android,7.2,38.8,38.6,156,5.9,3407,7.6,1.9,1769,Education,2,5176,Young High Spender,Upsell premium services
21,Female,Lucknow,Oppo,Android,7.0,40.9,205.5,200,5.2,5014,2.6,4.1,1739,Entertainment,2,6753,Young High Spender,Upsell premium services
28,Male,Bangalore,Oppo,Android,8.4,27.0,14.2,30,4.8,7249,3.8,4.7,1117,Gaming,2,8366,Young High Spender,Upsell premium services
27,Other,Chennai,Xiaomi,iOS,4.1,24.3,11.2,38,5.0,9493,7.0,5.0,315,Education,2,9808,Young High Spender,Upsell premium services
27,Female,Bangalore,Xiaomi,Android,11.0,38.5,53.4,144,5.2,3651,4.9,0.4,740,Education,2,4391,Young High Spender,Upsell premium services
29,Male,Chennai,Vivo,Android,4.9,13.4,82.9,73,4.3,5441,4.3,0.4,1784,Social Media,2,7225,Young High Spender,Upsell premium services
21,Male,Jaipur,Apple,iOS,9.2,40.3,137.7,195,3.1,9029,7.0,1.7,881,Education,2,9910,Young High Spender,Upsell premium services
42,Other,Ahmedabad,Realme,iOS,3.1,19.8,136.6,152,3.7,5869,2.8,3.7,893,Work,2,6762,Young High Spender,Upsell premium services
16,Female,Hyderabad,Samsung,Android,8.8,43.5,7.1,137,2.9,9608,2.7,4.4,456,Work,2,10064,Young High Spender,Upsell premium services
24,Male,Hyderabad,Motorola,Android,12.0,33.8,123.8,80,3.5,6610,4.2,2.8,765,Social Media,2,7375,Young High Spender,Upsell premium services
16,Male,Chennai,Xiaomi,Android,6.3,3.6,243.1,14,4.4,6346,1.9,4.2,1411,Social Media,2,7757,Young High Spender,Upsell premium services
28,Female,Chennai,Samsung,iOS,10.5,2.0,31.4,152,5.4,6066,2.1,3.0,417,Social Media,2,6483,Young High Spender,Upsell premium services
34,Other,Kolkata,Realme,iOS,1.9,35.8,146.7,145,5.5,9556,2.7,4.0,547,Work,2,10103,Young High Spender,Upsell premium services
34,Other,Jaipur,Oppo,iOS,5.6,24.2,284.9,143,4.6,5683,1.5,5.0,431,Entertainment,2,6114,Young High Spender,Upsell premium services
21,Male,Jaipur,Motorola,iOS,8.7,32.6,192.0,182,5.7,8179,2.1,0.4,1256,Work,2,9435,Young High Spender,Upsell premium services
36,Other,Jaipur,Nokia,iOS,11.5,44.8,263.3,74,4.8,8870,3.2,4.2,1074,Entertainment,2,9944,Young High Spender,Upsell premium services
36,Other,Chennai,Apple,iOS,8.4,42.1,134.1,187,4.7,7660,5.6,1.6,201,Education,2,7861,Young High Spender,Upsell premium services
29,Other,Kolkata,Realme,iOS,7.8,31.7,18.3,166,5.2,9789,2.8,5.0,1551,Entertainment,2,11340,Young High Spender,Upsell premium services
46,Female,Delhi,Realme,Android,7.2,11.0,31.8,149,5.3,7420,7.1,1.1,650,Gaming,2,8070,Young High Spender,Upsell premium services
31,Male,Delhi,Nokia,iOS,3.5,16.1,95.9,125,3.8,8549,7.0,2.2,324,Gaming,2,8873,Young High Spender,Upsell premium services
42,Female,Hyderabad,Motorola,iOS,4.9,17.4,18.8,195,5.9,7393,7.7,2.1,1762,Work,2,9155,Young High Spender,Upsell premium services
23,Other,Mumbai,Samsung,iOS,6.0,23.9,51.3,194,4.4,7626,4.7,1.1,1507,Gaming,2,9133,Young High Spender,Upsell premium services
15,Female,Delhi,Samsung,Android,10.9,7.5,122.5,147,3.6,8171,5.0,1.7,800,Education,2,8971,Young High Spender,Upsell premium services
25,Female,Pune,Nokia,Android,7.4,8.4,185.0,57,4.7,6174,1.8,2.8,1685,Education,2,7859,Young High Spender,Upsell premium services
31,Other,Pune,Nokia,iOS,3.8,36.9,143.0,143,3.3,7367,5.0,1.9,152,Gaming,2,7519,Young High Spender,Upsell premium services
38,Other,Kolkata,Vivo,Android,6.9,22.9,109.8,79,3.8,6371,3.7,1.3,1760,Work,2,8131,Young High Spender,Upsell premium services
39,Male,Ahmedabad,Xiaomi,Android,7.6,44.6,9.8,106,4.7,6719,7.0,1.7,430,Social Media,2,7149,Young High Spender,Upsell premium services
40,Male,Chennai,Apple,iOS,6.4,40.7,28.7,97,5.6,8576,2.6,4.9,1961,Education,2,10537,Young High Spender,Upsell premium services
24,Male,Ahmedabad,Apple,iOS,2.1,23.0,137.5,49,4.3,7768,2.3,2.8,575,Work,2,8343,Young High Spender,Upsell premium services
47,Female,Chennai,Samsung,Android,1.3,10.7,101.0,87,5.7,9988,4.8,4.9,647,Entertainment,2,10635,Young High Spender,Upsell premium services
45,Male,Mumbai,Google Pixel,iOS,8.4,4.7,15.9,60,5.7,6107,7.5,4.6,443,Entertainment,2,6550,Young High Spender,Upsell premium services
25,Female,Hyderabad,Apple,iOS,3.6,10.3,146.0,52,4.9,9298,4.6,2.6,1004,Gaming,2,10302,Young High Spender,Upsell premium services
38,Male,Delhi,Vivo,iOS,2.0,41.4,225.5,139,5.0,7478,3.2,1.3,460,Entertainment,2,7938,Young High Spender,Upsell premium services
47,Female,Bangalore,Samsung,Android,11.3,17.3,148.0,103,5.6,9981,1.2,4.3,784,Entertainment,2,10765,Young High Spender,Upsell premium services
23,Other,Hyderabad,Vivo,iOS,2.7,10.5,277.0,182,6.0,5849,5.3,4.3,1939,Education,2,7788,Young High Spender,Upsell premium services
33,Male,Delhi,Samsung,iOS,10.2,33.7,62.6,175,5.2,9327,0.8,2.5,623,Social Media,2,9950,Young High Spender,Upsell premium services
53,Female,Bangalore,Nokia,Android,2.4,18.9,39.1,43,5.3,9506,6.6,3.6,1109,Entertainment,2,10615,Young High Spender,Upsell premium services
41,Male,Kolkata,Apple,iOS,8.6,9.7,147.0,139,5.7,8771,4.5,0.9,356,Education,2,9127,Young High Spender,Upsell premium services
21,Male,Hyderabad,Google Pixel,Android,5.8,17.7,163.1,181,5.6,5691,1.4,1.8,216,Entertainment,2,5907,Young High Spender,Upsell premium services
28,Female,Mumbai,Samsung,iOS,5.1,9.8,158.5,113,6.0,6630,1.8,2.0,1866,Education,2,8496,Young High Spender,Upsell premium services
35,Male,Ahmedabad,OnePlus,Android,6.3,43.5,114.8,25,3.9,6308,7.2,3.5,1045,Work,2,7353,Young High Spender,Upsell premium services
44,Male,Mumbai,Realme,iOS,1.9,47.9,40.1,33,4.4,7603,4.0,4.3,1767,Social Media,2,9370,Young High Spender,Upsell premium services
28,Male,Pune,OnePlus,iOS,11.2,10.4,11.2,169,3.9,5297,1.2,1.7,312,Entertainment,2,5609,Young High Spender,Upsell premium services
44,Other,Pune,Vivo,Android,7.6,27.2,289.9,185,4.0,8148,5.0,4.9,455,Entertainment,2,8603,Young High Spender,Upsell premium services
47,Female,Bangalore,Motorola,iOS,8.0,10.4,51.8,126,4.3,8848,1.7,1.5,677,Entertainment,2,9525,Young High Spender,Upsell premium services
35,Male,Mumbai,Apple,Android,1.1,35.1,124.0,108,4.2,6858,4.6,2.4,484,Gaming,2,7342,Young High Spender,Upsell premium services
22,Male,Lucknow,Xiaomi,Android,11.1,43.4,12.1,113,5.7,8297,5.2,3.7,1761,Gaming,2,10058,Young High Spender,Upsell premium services
19,Other,Ahmedabad,Motorola,iOS,5.9,42.5,259.6,66,5.9,7391,4.7,3.5,1269,Gaming,2,8660,Young High Spender,Upsell premium services
29,Male,Lucknow,OnePlus,Android,3.6,38.2,85.2,180,5.3,9085,3.6,2.3,551,Social Media,2,9636,Young High Spender,Upsell premium services
27,Female,Kolkata,OnePlus,Android,1.9,19.1,207.5,133,5.3,4391,1.6,2.7,945,Social Media,2,5336,Young High Spender,Upsell premium services
40,Other,Hyderabad,Xiaomi,Android,6.6,5.7,6.7,143,5.8,7721,2.0,1.6,1401,Gaming,2,9122,Young High Spender,Upsell premium services
36,Male,Jaipur,Google Pixel,Android,11.3,19.0,248.6,163,6.0,8463,6.1,2.0,1711,Entertainment,2,10174,Young High Spender,Upsell premium services
43,Other,Jaipur,Oppo,iOS,2.3,10.3,150.6,31,4.2,7760,4.0,3.7,275,Work,2,8035,Young High Spender,Upsell premium services
39,Female,Mumbai,Google Pixel,iOS,2.3,49.4,53.1,140,4.3,8766,7.6,2.1,1726,Education,2,10492,Young High Spender,Upsell premium services
18,Male,Lucknow,Google Pixel,Android,8.7,44.9,227.1,152,5.4,7126,3.4,0.2,607,Entertainment,2,7733,Young High Spender,Upsell premium services
40,Male,Jaipur,Realme,Android,1.9,22.7,164.3,74,3.8,5135,1.6,3.9,1156,Social Media,2,6291,Young High Spender,Upsell premium services
60,Male,Ahmedabad,Oppo,Android,5.4,17.1,107.8,104,4.3,9653,3.2,2.4,1536,Gaming,2,11189,Young High Spender,Upsell premium services
25,Female,Ahmedabad,Realme,Android,9.5,5.1,163.1,32,5.7,6666,2.7,1.4,1205,Social Media,2,7871,Young High Spender,Upsell premium services
21,Other,Bangalore,Realme,Android,10.1,31.9,142.7,60,5.9,7111,6.2,3.0,696,Gaming,2,7807,Young High Spender,Upsell premium services
15,Male,Bangalore,Realme,iOS,5.1,49.5,82.6,198,5.3,7616,0.7,2.1,1328,Education,2,8944,Young High Spender,Upsell premium services
55,Female,Ahmedabad,Samsung,Android,1.4,22.7,120.8,101,4.7,7808,5.6,1.3,1997,Education,2,9805,Young High Spender,Upsell premium services
43,Male,Kolkata,Nokia,iOS,3.8,4.8,85.4,176,4.1,8112,4.2,0.4,586,Social Media,2,8698,Young High Spender,Upsell premium services
30,Female,Delhi,Realme,iOS,8.5,22.9,23.2,111,5.8,4110,3.1,0.3,662,Entertainment,2,4772,Young High Spender,Upsell premium services
48,Male,Jaipur,Samsung,Android,6.7,14.8,282.4,197,5.2,9534,6.9,1.7,845,Entertainment,2,10379,Young High Spender,Upsell premium services
18,Female,Ahmedabad,Vivo,Android,9.6,38.8,172.7,181,5.1,5031,4.9,2.4,1808,Entertainment,2,6839,Young High Spender,Upsell premium services
36,Female,Mumbai,Apple,iOS,9.4,43.8,95.3,58,4.7,6531,5.9,3.6,1733,Social Media,2,8264,Young High Spender,Upsell premium services
26,Other,Lucknow,Google Pixel,Android,7.7,15.3,169.7,103,4.3,7241,1.4,0.9,1135,Gaming,2,8376,Young High Spender,Upsell premium services
28,Other,Bangalore,Motorola,iOS,1.3,41.2,244.3,99,4.3,6569,3.9,2.7,455,Education,2,7024,Young High Spender,Upsell premium services
46,Other,Chennai,Apple,Android,8.0,35.5,239.4,164,6.0,5982,7.9,0.1,870,Education,2,6852,Young High Spender,Upsell premium services
39,Female,Mumbai,Google Pixel,iOS,8.7,33.2,137.7,69,4.8,9314,4.4,2.2,1876,Work,2,11190,Young High Spender,Upsell premium services
24,Male,Mumbai,Samsung,Android,3.6,47.1,75.2,170,4.3,7442,2.4,5.0,209,Social Media,2,7651,Young High Spender,Upsell premium services
53,Male,Delhi,Oppo,iOS,8.6,26.0,75.5,61,5.9,8203,7.1,0.4,1769,Gaming,2,9972,Young High Spender,Upsell premium services
25,Other,Chennai,Motorola,Android,7.9,4.0,210.2,91,4.8,5148,7.5,1.2,1655,Work,2,6803,Young High Spender,Upsell premium services
28,Other,Bangalore,Vivo,Android,1.2,19.5,124.0,82,4.0,9884,2.8,1.3,1499,Entertainment,2,11383,Young High Spender,Upsell premium services
58,Male,Hyderabad,Google Pixel,iOS,11.8,21.0,49.4,72,5.1,7503,7.6,1.7,1078,Social Media,2,8581,Young High Spender,Upsell premium services
27,Female,Mumbai,Oppo,Android,8.7,35.4,48.8,150,5.7,3908,4.7,1.2,1833,Entertainment,2,5741,Young High Spender,Upsell premium services
39,Female,Kolkata,Realme,iOS,10.1,7.4,106.7,185,3.6,8039,5.4,0.9,102,Entertainment,2,8141,Young High Spender,Upsell premium services
18,Female,Delhi,Motorola,Android,3.9,24.5,185.5,36,5.8,4517,6.2,2.5,1981,Social Media,2,6498,Young High Spender,Upsell premium services
56,Male,Lucknow,Vivo,iOS,4.8,49.0,86.8,68,4.0,7933,1.4,2.2,1539,Gaming,2,9472,Young High Spender,Upsell premium services
32,Male,Jaipur,Nokia,Android,4.2,20.6,152.6,30,3.6,6750,7.0,1.9,801,Gaming,2,7551,Young High Spender,Upsell premium services
23,Female,Kolkata,Apple,Android,9.5,36.4,63.0,140,5.9,3439,7.6,2.7,223,Social Media,2,3662,Young High Spender,Upsell premium services
15,Male,Jaipur,Nokia,iOS,8.0,25.8,225.8,98,5.2,7607,7.6,3.8,533,Social Media,2,8140,Young High Spender,Upsell premium services
34,Male,Pune,Nokia,Android,6.9,17.0,232.5,162,4.8,6197,7.4,0.7,1320,Entertainment,2,7517,Young High Spender,Upsell premium services
30,Female,Ahmedabad,Google Pixel,Android,4.9,29.4,7.9,23,5.7,3574,4.8,2.6,485,Social Media,2,4059,Young High Spender,Upsell premium services
55,Other,Bangalore,Samsung,iOS,11.3,9.6,55.5,194,5.9,9915,1.9,0.7,1281,Work,2,11196,Young High Spender,Upsell premium services
15,Other,Mumbai,Realme,Android,11.8,49.9,11.8,156,5.2,4494,7.0,2.6,1900,Education,2,6394,Young High Spender,Upsell premium services
29,Other,Kolkata,Oppo,Android,9.5,33.6,279.9,103,4.9,4535,4.3,0.8,1991,Gaming,2,6526,Young High Spender,Upsell premium services
23,Male,Jaipur,OnePlus,iOS,9.6,39.0,184.9,162,4.5,6168,5.9,3.8,1681,Entertainment,2,7849,Young High Spender,Upsell premium services
46,Male,Kolkata,Apple,iOS,1.6,25.9,19.1,163,4.7,9518,6.0,1.1,1621,Social Media,2,11139,Young High Spender,Upsell premium services
28,Male,Jaipur,Xiaomi,Android,2.1,45.9,212.5,75,5.5,8414,6.6,3.4,387,Gaming,2,8801,Young High Spender,Upsell premium services
22,Female,Delhi,OnePlus,Android,4.5,28.2,211.6,197,4.6,8282,6.6,4.9,1043,Work,2,9325,Young High Spender,Upsell premium services
31,Other,Ahmedabad,Oppo,Android,2.1,26.9,230.8,124,3.8,7919,2.0,2.1,850,Entertainment,2,8769,Young High Spender,Upsell premium services
26,Other,Chennai,Realme,iOS,1.1,42.5,172.3,49,5.8,4881,1.6,3.7,205,Entertainment,2,5086,Young High Spender,Upsell premium services
31,Female,Hyderabad,Apple,iOS,4.0,6.0,22.2,86,5.8,7520,6.6,3.2,531,Entertainment,2,8051,Young High Spender,Upsell premium services
40,Other,Pune,Apple,iOS,2.8,2.7,69.0,34,3.3,7909,5.0,0.5,481,Gaming,2,8390,Young High Spender,Upsell premium services
27,Male,Pune,Realme,iOS,10.2,36.4,57.3,39,4.7,6550,6.2,4.3,1437,Work,2,7987,Young High Spender,Upsell premium services
48,Female,Chennai,Google Pixel,Android,6.4,34.5,44.5,162,4.2,8670,2.3,4.3,1471,Work,2,10141,Young High Spender,Upsell premium services
16,Other,Pune,Realme,iOS,4.3,46.2,115.0,50,5.9,4193,7.0,2.0,1423,Education,2,5616,Young High Spender,Upsell premium services
51,Other,Mumbai,Vivo,iOS,1.7,33.5,108.7,147,5.7,6384,6.4,0.2,1481,Entertainment,2,7865,Young High Spender,Upsell premium services
30,Other,Mumbai,Google Pixel,iOS,2.3,46.1,160.7,149,5.9,6518,5.1,2.4,753,Education,2,7271,Young High Spender,Upsell premium services
33,Other,Chennai,Apple,Android,8.6,22.3,277.0,43,5.4,9857,3.9,0.2,831,Entertainment,2,10688,Young High Spender,Upsell premium services
39,Male,Hyderabad,Google Pixel,iOS,5.6,2.1,210.3,26,4.6,4419,7.3,4.3,854,Education,2,5273,Young High Spender,Upsell premium services
38,Other,Jaipur,OnePlus,Android,11.8,14.5,29.7,164,3.8,8232,7.1,1.1,703,Education,2,8935,Young High Spender,Upsell premium services
29,Other,Mumbai,Xiaomi,Android,1.5,38.6,209.6,190,4.7,7902,1.6,4.9,655,Entertainment,2,8557,Young High Spender,Upsell premium services
32,Other,Chennai,Vivo,Android,7.9,44.8,41.7,113,5.0,7051,3.4,1.2,1668,Social Media,2,8719,Young High Spender,Upsell premium services
50,Male,Mumbai,Samsung,Android,11.0,8.2,192.0,149,5.7,9798,7.9,3.4,1039,Entertainment,2,10837,Young High Spender,Upsell premium services
43,Other,Jaipur,Apple,Android,10.7,40.2,88.3,196,5.4,5615,5.4,2.2,1757,Gaming,2,7372,Young High Spender,Upsell premium services
29,Other,Delhi,Oppo,Android,6.0,21.2,8.2,152,5.2,5173,1.7,0.4,1139,Education,2,6312,Young High Spender,Upsell premium services
35,Male,Kolkata,Google Pixel,Android,3.9,24.5,65.9,91,5.7,6418,1.4,1.2,1774,Education,2,8192,Young High Spender,Upsell premium services
39,Male,Bangalore,Apple,Android,9.1,37.3,81.0,85,4.9,6716,6.1,1.3,443,Entertainment,2,7159,Young High Spender,Upsell premium services
18,Other,Kolkata,Realme,iOS,1.2,32.5,251.1,66,4.8,5772,7.8,2.7,1183,Gaming,2,6955,Young High Spender,Upsell premium services
30,Other,Ahmedabad,Realme,iOS,10.5,1.2,95.4,98,4.3,9025,4.9,1.0,506,Work,2,9531,Young High Spender,Upsell premium services
36,Female,Kolkata,Google Pixel,iOS,3.8,34.7,45.1,35,3.8,9189,5.6,3.6,1132,Social Media,2,10321,Young High Spender,Upsell premium services
33,Female,Jaipur,Xiaomi,iOS,11.8,33.7,109.2,142,3.2,5880,6.3,4.6,1558,Gaming,2,7438,Young High Spender,Upsell premium services
38,Male,Mumbai,OnePlus,iOS,3.6,22.3,64.6,30,5.1,8872,5.9,3.1,1565,Entertainment,2,10437,Young High Spender,Upsell premium services
31,Other,Chennai,Realme,Android,9.4,41.2,39.9,171,3.5,9826,2.8,0.4,1438,Entertainment,2,11264,Young High Spender,Upsell premium services
39,Other,Hyderabad,OnePlus,iOS,8.8,17.1,49.6,120,3.9,6042,2.2,2.2,1949,Entertainment,2,7991,Young High Spender,Upsell premium services
49,Male,Chennai,Oppo,Android,5.4,16.3,65.0,29,5.6,8366,1.3,4.8,1883,Gaming,2,10249,Young High Spender,Upsell premium services
34,Female,Mumbai,Oppo,Android,11.6,31.7,124.0,44,5.6,8268,3.3,3.1,659,Social Media,2,8927,Young High Spender,Upsell premium services
33,Male,Lucknow,Apple,Android,3.1,43.8,238.3,50,5.9,7708,7.1,3.6,1545,Work,2,9253,Young High Spender,Upsell premium services
26,Male,Kolkata,Nokia,Android,9.2,5.1,120.3,85,4.2,5799,4.0,3.6,570,Work,2,6369,Young High Spender,Upsell premium services
41,Female,Ahmedabad,Realme,Android,3.8,12.5,196.3,176,4.1,8590,1.8,0.0,412,Education,2,9002,Young High Spender,Upsell premium services
16,Male,Pune,Nokia,iOS,5.0,13.9,53.4,176,2.7,9375,3.6,3.3,1481,Social Media,2,10856,Young High Spender,Upsell premium services
20,Other,Ahmedabad,Motorola,iOS,10.3,26.7,210.1,62,2.9,9114,7.7,2.6,525,Entertainment,2,9639,Young High Spender,Upsell premium services
24,Female,Lucknow,Samsung,Android,1.5,32.2,90.0,179,5.4,4334,2.7,3.8,860,Social Media,2,5194,Young High Spender,Upsell premium services
42,Other,Delhi,Realme,Android,1.2,20.3,279.9,177,5.0,5897,7.7,1.0,326,Gaming,2,6223,Young High Spender,Upsell premium services
30,Other,Jaipur,Realme,iOS,10.7,17.2,151.2,113,5.8,9097,4.4,3.4,1475,Entertainment,2,10572,Young High Spender,Upsell premium services
51,Female,Jaipur,OnePlus,iOS,8.3,27.2,218.7,136,4.3,6890,5.1,0.3,289,Entertainment,2,7179,Young High Spender,Upsell premium services
32,Other,Hyderabad,Apple,Android,1.9,22.4,163.2,47,5.3,3500,3.4,2.8,772,Entertainment,2,4272,Young High Spender,Upsell premium services
42,Female,Bangalore,OnePlus,Android,2.8,33.7,207.0,24,4.2,6770,5.2,0.8,1026,Entertainment,2,7796,Young High Spender,Upsell premium services
22,Female,Pune,Motorola,iOS,8.1,12.0,276.9,137,5.0,9475,5.5,2.6,967,Gaming,2,10442,Young High Spender,Upsell premium services
41,Other,Jaipur,Nokia,Android,2.3,24.8,88.5,193,4.2,9226,3.5,3.7,142,Gaming,2,9368,Young High Spender,Upsell premium services
41,Other,Lucknow,Xiaomi,Android,1.1,23.5,179.1,57,4.9,9825,6.6,0.9,1836,Work,2,11661,Young High Spender,Upsell premium services
57,Male,Jaipur,Xiaomi,iOS,8.7,20.7,163.1,46,5.1,7601,4.7,0.1,288,Social Media,2,7889,Young High Spender,Upsell premium services
34,Female,Mumbai,Xiaomi,Android,8.4,10.8,152.1,96,4.7,6602,7.2,4.2,1090,Work,2,7692,Young High Spender,Upsell premium services
21,Female,Delhi,OnePlus,Android,5.0,9.8,264.6,27,5.5,9222,1.6,4.1,1268,Entertainment,2,10490,Young High Spender,Upsell premium services
23,Female,Jaipur,Realme,Android,11.4,31.2,229.0,167,3.1,8019,7.0,1.1,1360,Entertainment,2,9379,Young High Spender,Upsell premium services
17,Female,Ahmedabad,Xiaomi,Android,2.7,46.5,114.3,91,5.2,7500,3.8,2.8,1952,Entertainment,2,9452,Young High Spender,Upsell premium services
23,Male,Ahmedabad,Samsung,iOS,3.2,33.7,17.4,177,5.5,4975,3.4,0.5,748,Social Media,2,5723,Young High Spender,Upsell premium services
25,Female,Chennai,Samsung,iOS,3.2,2.5,265.5,184,5.8,7675,3.6,4.3,1379,Work,2,9054,Young High Spender,Upsell premium services
28,Other,Jaipur,Vivo,Android,2.1,41.2,293.6,58,3.9,6549,1.8,1.6,1300,Gaming,2,7849,Young High Spender,Upsell premium services
32,Female,Lucknow,Apple,iOS,1.3,37.9,150.9,43,5.2,8582,0.9,3.0,1703,Social Media,2,10285,Young High Spender,Upsell premium services
27,Male,Jaipur,Vivo,iOS,8.2,1.2,276.3,179,5.7,9115,3.7,1.2,698,Education,2,9813,Young High Spender,Upsell premium services
34,Other,Kolkata,Motorola,iOS,3.8,43.3,226.9,31,4.5,5675,0.5,4.3,1277,Education,2,6952,Young High Spender,Upsell premium services
57,Male,Ahmedabad,Vivo,iOS,8.2,9.6,216.8,20,5.5,9694,6.8,3.7,492,Social Media,2,10186,Young High Spender,Upsell premium services
53,Male,Mumbai,Realme,Android,6.0,15.5,6.3,116,3.5,8709,2.7,3.1,1337,Social Media,2,10046,Young High Spender,Upsell premium services
38,Female,Bangalore,Realme,Android,3.6,13.9,254.4,30,3.6,9760,3.1,1.0,1837,Social Media,2,11597,Young High Spender,Upsell premium services
45,Male,Hyderabad,Vivo,iOS,11.7,43.6,10.0,100,5.1,8291,4.5,1.4,1132,Work,2,9423,Young High Spender,Upsell premium services
23,Female,Kolkata,Nokia,Android,5.7,27.5,43.4,114,5.3,4125,7.8,2.1,1745,Education,2,5870,Young High Spender,Upsell premium services
45,Other,Chennai,Apple,iOS,3.3,36.7,99.3,127,4.5,5693,6.3,0.3,1667,Gaming,2,7360,Young High Spender,Upsell premium services
53,Male,Bangalore,Motorola,iOS,11.0,40.1,246.3,27,3.8,8098,7.8,4.3,1498,Gaming,2,9596,Young High Spender,Upsell premium services
26,Female,Lucknow,Vivo,iOS,7.6,11.8,140.7,189,5.8,4752,7.5,3.7,593,Gaming,2,5345,Young High Spender,Upsell premium services
39,Other,Pune,Nokia,iOS,3.0,44.2,137.5,154,4.8,5762,2.5,1.9,698,Social Media,2,6460,Young High Spender,Upsell premium services
38,Male,Kolkata,Xiaomi,iOS,7.9,12.3,292.8,137,4.7,8527,4.5,5.0,1234,Social Media,2,9761,Young High Spender,Upsell premium services
17,Female,Chennai,Samsung,Android,1.2,28.2,104.6,32,3.4,8452,2.5,4.8,1034,Gaming,2,9486,Young High Spender,Upsell premium services
53,Male,Kolkata,Nokia,iOS,4.6,14.5,51.7,80,5.8,9291,4.7,3.6,1230,Education,2,10521,Young High Spender,Upsell premium services
34,Male,Kolkata,Vivo,Android,5.9,15.4,95.3,117,3.2,9224,8.0,0.9,190,Work,2,9414,Young High Spender,Upsell premium services
35,Other,Ahmedabad,Samsung,Android,7.9,47.3,59.9,30,3.9,4264,2.1,3.6,1908,Social Media,2,6172,Young High Spender,Upsell premium services
20,Other,Pune,Realme,iOS,7.6,34.7,35.3,80,5.3,5193,0.7,1.4,1993,Education,2,7186,Young High Spender,Upsell premium services
23,Female,Kolkata,Google Pixel,iOS,6.8,3.2,15.1,123,5.7,4733,2.6,2.1,1892,Work,2,6625,Young High Spender,Upsell premium services
54,Other,Bangalore,Motorola,Android,8.0,45.3,214.2,197,4.0,8257,5.4,3.9,1545,Education,2,9802,Young High Spender,Upsell premium services
52,Male,Hyderabad,Vivo,Android,5.3,26.0,101.6,81,5.7,6714,7.6,4.6,279,Education,2,6993,Young High Spender,Upsell premium services
33,Female,Pune,Vivo,Android,9.7,46.2,21.5,49,4.9,8137,6.0,0.3,1513,Gaming,2,9650,Young High Spender,Upsell premium services
47,Female,Chennai,Nokia,iOS,11.6,36.5,144.4,51,5.1,8892,2.3,2.2,1083,Gaming,2,9975,Young High Spender,Upsell premium services
41,Male,Mumbai,Vivo,iOS,9.0,6.4,154.6,66,5.0,8263,1.9,4.0,1943,Education,2,10206,Young High Spender,Upsell premium services
35,Other,Delhi,OnePlus,iOS,3.6,2.9,89.2,102,5.9,6392,7.8,2.9,182,Work,2,6574,Young High Spender,Upsell premium services
33,Male,Bangalore,Realme,iOS,3.6,33.9,125.8,149,5.1,7178,3.9,0.2,1305,Social Media,2,8483,Young High Spender,Upsell premium services
16,Male,Hyderabad,Oppo,Android,10.9,21.2,98.7,74,2.7,8488,5.8,3.9,1696,Education,2,10184,Young High Spender,Upsell premium services
28,Other,Mumbai,Vivo,iOS,11.2,48.2,128.9,59,3.9,6876,0.7,4.7,522,Education,2,7398,Young High Spender,Upsell premium services
37,Male,Lucknow,Google Pixel,iOS,6.9,42.4,113.2,43,4.4,8138,4.4,2.6,1728,Gaming,2,9866,Young High Spender,Upsell premium services
51,Female,Lucknow,Apple,iOS,5.5,48.5,197.5,72,5.5,6523,4.8,4.7,1825,Entertainment,2,8348,Young High Spender,Upsell premium services
53,Female,Mumbai,Motorola,iOS,8.6,27.1,28.4,31,4.8,7957,5.6,2.1,1141,Gaming,2,9098,Young High Spender,Upsell premium services
51,Other,Mumbai,Nokia,iOS,8.0,35.9,110.6,102,4.3,7166,2.2,2.1,821,Entertainment,2,7987,Young High Spender,Upsell premium services
24,Other,Pune,Realme,Android,9.9,49.2,113.7,147,3.5,6761,7.9,2.7,781,Work,2,7542,Young High Spender,Upsell premium services
38,Male,Pune,Realme,iOS,1.1,9.1,217.8,20,5.5,6782,4.8,4.0,868,Gaming,2,7650,Young High Spender,Upsell premium services
34,Other,Hyderabad,Vivo,iOS,8.0,20.6,76.8,116,5.2,3440,0.8,3.6,1930,Work,2,5370,Young High Spender,Upsell premium services
23,Female,Delhi,Apple,Android,8.0,15.8,65.5,89,4.6,6692,0.8,1.0,904,Work,2,7596,Young High Spender,Upsell premium services
42,Female,Ahmedabad,Xiaomi,iOS,2.4,46.2,100.2,120,5.1,7955,1.6,4.6,1225,Social Media,2,9180,Young High Spender,Upsell premium services
44,Female,Bangalore,Oppo,iOS,1.8,44.0,108.4,92,4.7,9678,4.1,0.7,1312,Work,2,10990,Young High Spender,Upsell premium services
48,Other,Bangalore,Realme,iOS,8.1,15.0,267.0,116,4.6,8176,5.4,3.8,1846,Work,2,10022,Young High Spender,Upsell premium services
52,Male,Chennai,Xiaomi,Android,11.1,6.4,283.0,22,4.9,7107,2.5,0.3,851,Social Media,2,7958,Young High Spender,Upsell premium services
28,Male,Delhi,Google Pixel,iOS,3.2,18.9,215.0,108,4.9,9498,5.8,0.2,520,Gaming,2,10018,Young High Spender,Upsell premium services
28,Other,Jaipur,Apple,iOS,5.7,1.2,39.3,171,5.0,9186,6.8,3.2,1308,Entertainment,2,10494,Young High Spender,Upsell premium services
18,Female,Chennai,Apple,Android,4.8,48.3,78.3,50,4.7,8922,2.8,2.4,1366,Gaming,2,10288,Young High Spender,Upsell premium services
20,Other,Lucknow,Samsung,iOS,3.9,47.4,251.4,112,5.4,7496,5.3,3.4,151,Social Media,2,7647,Young High Spender,Upsell premium services
22,Female,Bangalore,Vivo,iOS,11.4,21.5,291.6,185,4.1,8773,5.7,3.7,1079,Gaming,2,9852,Young High Spender,Upsell premium services
22,Other,Chennai,Google Pixel,Android,2.0,35.5,189.3,74,5.0,7405,7.7,4.3,273,Education,2,7678,Young High Spender,Upsell premium services
17,Male,Mumbai,Google Pixel,iOS,8.6,31.5,66.2,32,5.3,5340,7.5,1.4,1289,Education,2,6629,Young High Spender,Upsell premium services
24,Male,Pune,Realme,iOS,10.2,17.2,64.8,20,5.2,4135,2.3,1.4,194,Gaming,2,4329,Young High Spender,Upsell premium services
36,Male,Delhi,Nokia,Android,10.6,42.8,93.8,182,5.6,8911,5.6,0.2,1322,Entertainment,2,10233,Young High Spender,Upsell premium services
31,Male,Bangalore,OnePlus,Android,7.9,2.9,92.6,79,5.0,3601,6.7,3.3,115,Entertainment,2,3716,Young High Spender,Upsell premium services
53,Other,Mumbai,Apple,Android,5.5,39.1,49.2,197,5.9,6111,6.2,4.7,1163,Work,2,7274,Young High Spender,Upsell premium services
32,Other,Pune,Motorola,Android,3.4,34.1,277.4,153,4.9,8698,3.7,1.6,151,Entertainment,2,8849,Young High Spender,Upsell premium services
31,Male,Delhi,Nokia,iOS,11.6,44.0,187.4,88,5.2,9372,5.8,0.1,222,Social Media,2,9594,Young High Spender,Upsell premium services
37,Female,Hyderabad,Oppo,Android,8.0,20.7,174.3,56,5.0,9158,2.8,3.8,387,Education,2,9545,Young High Spender,Upsell premium services
42,Female,Mumbai,Motorola,iOS,2.4,20.6,230.4,150,5.6,8193,1.3,2.9,204,Entertainment,2,8397,Young High Spender,Upsell premium services
29,Other,Jaipur,Apple,iOS,11.6,13.3,32.5,143,5.5,7041,2.7,0.7,517,Entertainment,2,7558,Young High Spender,Upsell premium services
29,Other,Chennai,Samsung,Android,3.1,46.7,183.8,163,3.5,8651,2.0,2.1,1759,Work,2,10410,Young High Spender,Upsell premium services
38,Other,Delhi,Nokia,Android,9.3,11.0,241.5,26,5.4,7843,3.0,2.8,1339,Education,2,9182,Young High Spender,Upsell premium services
53,Other,Hyderabad,OnePlus,iOS,2.1,28.7,146.0,23,5.9,7573,1.6,0.0,990,Gaming,2,8563,Young High Spender,Upsell premium services
16,Female,Ahmedabad,Google Pixel,Android,10.6,13.4,83.5,145,4.0,9815,6.5,4.7,1394,Education,2,11209,Young High Spender,Upsell premium services
27,Female,Pune,OnePlus,Android,10.8,49.7,5.2,66,5.2,4203,4.0,3.4,1973,Gaming,2,6176,Young High Spender,Upsell premium services
55,Other,Delhi,Motorola,iOS,1.8,37.7,98.2,74,5.6,8634,6.4,3.6,111,Education,2,8745,Young High Spender,Upsell premium services
37,Female,Delhi,Samsung,Android,11.7,16.1,37.4,122,3.6,7511,6.4,1.8,307,Education,2,7818,Young High Spender,Upsell premium services
41,Other,Chennai,Apple,Android,9.6,24.4,80.7,27,4.1,9005,4.5,0.2,1487,Education,2,10492,Young High Spender,Upsell premium services
16,Other,Lucknow,Vivo,Android,6.6,19.4,143.8,44,3.5,8497,7.0,2.6,1662,Entertainment,2,10159,Young High Spender,Upsell premium services
17,Female,Chennai,Oppo,Android,4.6,37.1,138.2,147,3.6,9251,0.9,1.7,961,Social Media,2,10212,Young High Spender,Upsell premium services
46,Female,Bangalore,Vivo,iOS,5.9,43.9,92.4,117,4.6,6798,6.9,2.0,647,Entertainment,2,7445,Young High Spender,Upsell premium services
52,Other,Ahmedabad,Apple,Android,2.5,31.8,267.3,127,5.8,9318,5.5,2.0,1495,Work,2,10813,Young High Spender,Upsell premium services
46,Female,Pune,Apple,iOS,5.9,20.6,145.1,140,4.3,7413,7.7,2.5,1895,Gaming,2,9308,Young High Spender,Upsell premium services
20,Female,Kolkata,Oppo,iOS,10.4,4.1,12.5,185,3.7,7057,3.2,1.9,1704,Gaming,2,8761,Young High Spender,Upsell premium services
33,Other,Kolkata,Realme,iOS,11.3,21.9,197.3,62,3.2,7802,7.7,4.6,1013,Entertainment,2,8815,Young High Spender,Upsell premium services
40,Other,Mumbai,Apple,Android,3.5,13.8,12.6,94,5.0,7567,2.6,0.7,1307,Social Media,2,8874,Young High Spender,Upsell premium services
36,Female,Ahmedabad,Nokia,iOS,7.6,15.4,32.8,54,4.2,6612,2.2,2.3,1251,Work,2,7863,Young High Spender,Upsell premium services
54,Male,Bangalore,OnePlus,Android,10.6,27.8,127.7,114,4.5,8003,2.8,1.7,1470,Work,2,9473,Young High Spender,Upsell premium services
42,Male,Mumbai,Realme,iOS,8.2,40.5,66.5,61,4.5,8269,4.5,1.4,763,Gaming,2,9032,Young High Spender,Upsell premium services
39,Other,Bangalore,Apple,Android,7.1,6.5,144.2,13,4.4,4771,2.0,0.5,1475,Social Media,2,6246,Young High Spender,Upsell premium services
37,Male,Pune,OnePlus,iOS,1.2,30.0,81.5,170,5.1,6556,1.7,2.9,474,Entertainment,2,7030,Young High Spender,Upsell premium services
32,Male,Pune,Vivo,Android,9.1,28.2,71.2,52,5.9,2585,2.2,3.1,892,Work,2,3477,Young High Spender,Upsell premium services
29,Female,Chennai,Nokia,iOS,11.0,36.4,212.6,45,4.0,7900,1.2,4.5,1011,Work,2,8911,Young High Spender,Upsell premium services
39,Male,Hyderabad,Xiaomi,iOS,9.3,30.1,55.0,92,5.1,6467,0.8,1.2,889,Social Media,2,7356,Young High Spender,Upsell premium services
29,Male,Hyderabad,OnePlus,Android,8.7,47.4,30.8,175,4.6,7460,5.1,4.1,1028,Gaming,2,8488,Young High Spender,Upsell premium services
47,Other,Hyderabad,Nokia,Android,2.6,6.1,79.1,185,4.2,9806,7.4,0.3,476,Education,2,10282,Young High Spender,Upsell premium services
51,Other,Jaipur,Apple,Android,5.2,45.8,251.2,73,5.0,9410,5.5,3.5,878,Education,2,10288,Young High Spender,Upsell premium services
37,Female,Kolkata,Nokia,Android,2.6,42.0,124.3,151,4.5,6041,0.9,3.3,605,Entertainment,2,6646,Young High Spender,Upsell premium services
15,Other,Ahmedabad,Xiaomi,Android,2.8,3.3,254.6,20,5.7,9296,6.5,2.1,1029,Education,2,10325,Young High Spender,Upsell premium services
21,Male,Mumbai,OnePlus,Android,9.1,6.0,85.3,30,4.9,6345,4.6,1.1,1904,Social Media,2,8249,Young High Spender,Upsell premium services
56,Female,Delhi,Oppo,Android,11.2,19.7,218.2,109,4.5,8748,0.7,4.1,1476,Work,2,10224,Young High Spender,Upsell premium services
19,Male,Pune,Apple,Android,1.8,43.2,154.1,65,4.4,5685,6.6,0.8,639,Work,2,6324,Young High Spender,Upsell premium services
17,Other,Chennai,Vivo,iOS,9.3,44.4,136.2,29,3.3,8812,6.9,2.5,863,Social Media,2,9675,Young High Spender,Upsell premium services
36,Female,Pune,Apple,Android,5.3,5.7,295.1,132,5.2,5209,6.0,4.3,526,Entertainment,2,5735,Young High Spender,Upsell premium services
49,Other,Pune,Realme,iOS,4.0,26.3,68.6,86,5.9,8674,3.6,2.3,1976,Social Media,2,10650,Young High Spender,Upsell premium services
28,Female,Ahmedabad,Motorola,Android,4.8,4.0,28.5,74,5.0,7296,5.5,1.4,1761,Entertainment,2,9057,Young High Spender,Upsell premium services
48,Other,Delhi,Xiaomi,Android,6.3,26.8,18.4,21,5.8,5158,0.6,4.7,1776,Social Media,2,6934,Young High Spender,Upsell premium services
20,Other,Bangalore,Xiaomi,Android,2.9,32.7,269.5,189,5.2,6841,7.0,3.8,1060,Social Media,2,7901,Young High Spender,Upsell premium services
30,Other,Jaipur,OnePlus,Android,9.1,5.3,56.0,75,5.2,8656,3.4,0.4,745,Gaming,2,9401,Young High Spender,Upsell premium services
21,Male,Kolkata,Apple,iOS,4.2,4.3,231.5,79,5.7,7369,2.1,4.7,1044,Social Media,2,8413,Young High Spender,Upsell premium services
38,Male,Lucknow,Vivo,iOS,2.5,22.2,52.4,178,3.6,4905,5.0,2.1,1437,Gaming,2,6342,Young High Spender,Upsell premium services
28,Female,Chennai,Motorola,Android,2.2,13.1,117.4,68,5.7,3309,3.9,2.4,928,Entertainment,2,4237,Young High Spender,Upsell premium services
40,Male,Hyderabad,Xiaomi,Android,8.0,15.4,194.4,79,4.2,9848,5.0,2.0,1234,Gaming,2,11082,Young High Spender,Upsell premium services
24,Female,Pune,Nokia,Android,5.4,33.2,221.4,57,4.5,7545,7.2,1.5,1113,Gaming,2,8658,Young High Spender,Upsell premium services
17,Female,Delhi,Apple,iOS,9.0,5.0,28.9,56,5.9,7105,1.7,3.3,1205,Work,2,8310,Young High Spender,Upsell premium services
42,Other,Bangalore,Motorola,Android,9.8,47.3,243.7,27,3.5,8971,4.1,0.9,1935,Entertainment,2,10906,Young High Spender,Upsell premium services
44,Female,Chennai,Xiaomi,iOS,1.5,29.6,288.6,66,4.5,8761,4.2,2.7,1576,Education,2,10337,Young High Spender,Upsell premium services
50,Female,Lucknow,Samsung,iOS,10.9,8.5,114.5,122,5.4,5620,2.8,0.1,996,Social Media,2,6616,Young High Spender,Upsell premium services
51,Male,Delhi,Google Pixel,Android,5.6,44.2,125.0,150,5.4,9278,5.1,1.1,1083,Education,2,10361,Young High Spender,Upsell premium services
32,Male,Hyderabad,OnePlus,iOS,8.0,10.4,251.5,13,5.8,8537,7.8,1.8,1956,Gaming,2,10493,Young High Spender,Upsell premium services
35,Male,Lucknow,Apple,iOS,1.0,22.4,205.6,29,5.6,9326,1.7,2.2,1746,Education,2,11072,Young High Spender,Upsell premium services
38,Female,Lucknow,Vivo,iOS,7.8,10.2,6.8,165,3.8,5364,4.3,2.9,318,Work,2,5682,Young High Spender,Upsell premium services
23,Other,Pune,Motorola,iOS,5.3,27.3,127.4,128,5.4,8959,0.7,4.2,1530,Entertainment,2,10489,Young High Spender,Upsell premium services
54,Female,Kolkata,Nokia,Android,1.4,17.6,79.7,160,4.3,7265,0.9,2.1,694,Social Media,2,7959,Young High Spender,Upsell premium services
50,Male,Delhi,Motorola,Android,2.6,44.3,297.4,150,5.5,8605,6.0,3.5,1472,Entertainment,2,10077,Young High Spender,Upsell premium services
29,Male,Hyderabad,Apple,iOS,1.6,48.6,57.3,15,4.0,8625,0.8,0.4,709,Work,2,9334,Young High Spender,Upsell premium services
22,Female,Chennai,Xiaomi,iOS,2.2,12.7,237.5,69,3.4,7207,6.8,2.1,805,Education,2,8012,Young High Spender,Upsell premium services
50,Female,Delhi,Nokia,iOS,6.3,20.9,245.4,176,3.8,8909,5.6,0.6,501,Gaming,2,9410,Young High Spender,Upsell premium services
39,Female,Bangalore,Samsung,iOS,10.5,13.1,203.8,102,4.9,9031,7.3,2.5,365,Social Media,2,9396,Young High Spender,Upsell premium services
40,Female,Bangalore,Vivo,Android,8.7,20.3,234.2,113,3.5,5715,5.5,4.5,1589,Work,2,7304,Young High Spender,Upsell premium services
31,Male,Kolkata,Xiaomi,Android,10.4,19.3,126.4,80,5.1,9684,4.1,4.9,1766,Work,2,11450,Young High Spender,Upsell premium services
48,Other,Lucknow,Xiaomi,iOS,10.6,3.6,174.6,173,5.9,9456,3.8,3.0,651,Entertainment,2,10107,Young High Spender,Upsell premium services
22,Other,Lucknow,Motorola,Android,7.2,24.9,163.6,93,5.7,9695,5.2,3.1,654,Gaming,2,10349,Young High Spender,Upsell premium services
39,Female,Jaipur,Vivo,iOS,8.2,11.2,102.4,36,4.5,9566,3.0,4.0,109,Social Media,2,9675,Young High Spender,Upsell premium services
49,Other,Ahmedabad,Realme,Android,11.5,1.6,74.9,148,5.8,8496,7.0,3.7,314,Work,2,8810,Young High Spender,Upsell premium services
18,Male,Delhi,Oppo,iOS,3.3,28.9,73.2,179,3.6,7444,6.9,0.9,612,Entertainment,2,8056,Young High Spender,Upsell premium services
49,Other,Delhi,Nokia,iOS,9.0,5.3,219.9,34,5.7,7127,0.9,3.0,931,Gaming,2,8058,Young High Spender,Upsell premium services
19,Female,Delhi,Xiaomi,Android,3.4,42.6,49.6,99,3.5,9312,4.9,1.0,426,Gaming,2,9738,Young High Spender,Upsell premium services
18,Other,Chennai,Motorola,iOS,1.2,8.6,48.8,173,4.2,6259,0.6,3.3,1258,Gaming,2,7517,Young High Spender,Upsell premium services
26,Other,Ahmedabad,Apple,Android,10.8,39.9,111.9,122,5.7,7666,4.5,3.6,992,Social Media,2,8658,Young High Spender,Upsell premium services
25,Other,Kolkata,Motorola,Android,2.8,6.0,176.6,146,5.8,3910,2.1,1.7,1205,Education,2,5115,Young High Spender,Upsell premium services
17,Male,Mumbai,OnePlus,iOS,8.8,41.8,166.8,77,3.3,9655,0.7,3.2,2000,Entertainment,2,11655,Young High Spender,Upsell premium services
29,Male,Hyderabad,Realme,Android,2.0,49.8,196.0,89,4.7,7131,5.9,2.5,1391,Entertainment,2,8522,Young High Spender,Upsell premium services
19,Female,Ahmedabad,Nokia,Android,8.5,43.8,243.0,11,4.4,9023,5.4,1.6,473,Gaming,2,9496,Young High Spender,Upsell premium services
33,Male,Pune,Realme,Android,10.7,49.8,146.9,57,5.4,8361,1.1,3.0,1283,Gaming,2,9644,Young High Spender,Upsell premium services
57,Female,Pune,Motorola,Android,7.0,18.8,280.4,42,4.6,8547,3.2,1.2,889,Social Media,2,9436,Young High Spender,Upsell premium services
51,Male,Pune,Nokia,iOS,1.7,19.0,6.2,94,5.9,7687,5.1,2.0,1252,Work,2,8939,Young High Spender,Upsell premium services
31,Other,Bangalore,Nokia,Android,9.9,38.9,247.9,154,4.0,5295,7.7,4.6,1552,Work,2,6847,Young High Spender,Upsell premium services
49,Female,Mumbai,Nokia,iOS,1.8,34.5,85.3,93,5.9,6747,0.9,3.3,425,Social Media,2,7172,Young High Spender,Upsell premium services
31,Female,Chennai,Google Pixel,iOS,11.7,13.1,247.0,43,4.2,9911,2.9,0.3,1599,Gaming,2,11510,Young High Spender,Upsell premium services
55,Other,Hyderabad,Vivo,iOS,5.5,44.1,218.9,91,5.8,6128,2.8,2.8,1893,Education,2,8021,Young High Spender,Upsell premium services
15,Female,Jaipur,Nokia,iOS,5.4,34.3,267.6,38,3.7,9354,2.5,4.4,1217,Social Media,2,10571,Young High Spender,Upsell premium services
32,Other,Ahmedabad,Apple,Android,9.2,33.6,34.0,31,5.3,5824,5.1,1.2,1428,Education,2,7252,Young High Spender,Upsell premium services
42,Male,Chennai,Google Pixel,Android,1.6,28.0,225.1,111,5.5,5250,5.8,4.6,1086,Social Media,2,6336,Young High Spender,Upsell premium services
37,Male,Lucknow,Realme,iOS,7.2,37.2,23.8,19,4.9,3767,7.7,4.1,536,Education,2,4303,Young High Spender,Upsell premium services
52,Female,Pune,Oppo,iOS,4.8,15.6,89.9,151,4.1,7934,5.2,0.9,1908,Work,2,9842,Young High Spender,Upsell premium services
26,Female,Jaipur,Vivo,Android,5.1,37.9,242.5,135,4.2,7094,3.8,0.8,552,Entertainment,2,7646,Young High Spender,Upsell premium services
22,Other,Hyderabad,Oppo,Android,10.2,25.4,263.7,103,3.6,6764,1.3,3.6,471,Social Media,2,7235,Young High Spender,Upsell premium services
16,Male,Ahmedabad,Vivo,Android,10.4,32.9,295.2,177,4.9,6475,5.4,2.9,1349,Social Media,2,7824,Young High Spender,Upsell premium services
31,Other,Bangalore,Nokia,Android,4.2,28.4,269.8,180,5.5,9136,6.2,1.9,295,Gaming,2,9431,Young High Spender,Upsell premium services
41,Female,Ahmedabad,Google Pixel,Android,1.5,12.0,128.6,198,5.6,5623,3.3,3.6,1943,Work,2,7566,Young High Spender,Upsell premium services
27,Male,Ahmedabad,Realme,iOS,8.5,46.9,79.1,179,5.5,4640,1.6,0.6,995,Education,2,5635,Young High Spender,Upsell premium services
24,Other,Kolkata,OnePlus,Android,11.9,29.3,187.1,146,4.6,9521,7.5,4.2,280,Work,2,9801,Young High Spender,Upsell premium services
57,Other,Hyderabad,Nokia,Android,11.8,42.5,247.9,68,4.2,8450,3.6,0.4,841,Education,2,9291,Young High Spender,Upsell premium services
25,Other,Kolkata,Apple,iOS,2.4,40.4,22.0,116,2.8,8235,5.0,3.8,181,Work,2,8416,Young High Spender,Upsell premium services
23,Female,Delhi,OnePlus,iOS,8.9,46.5,188.8,90,5.2,6728,5.8,1.2,1897,Education,2,8625,Young High Spender,Upsell premium services
29,Other,Ahmedabad,OnePlus,iOS,9.3,32.8,61.3,124,5.5,5945,5.6,1.8,241,Gaming,2,6186,Young High Spender,Upsell premium services
59,Other,Bangalore,Vivo,Android,4.3,37.1,5.7,167,4.9,7924,2.6,4.3,1014,Work,2,8938,Young High Spender,Upsell premium services
28,Male,Ahmedabad,Nokia,Android,6.1,16.1,177.2,24,5.1,7142,1.9,2.9,615,Entertainment,2,7757,Young High Spender,Upsell premium services
33,Male,Bangalore,Apple,Android,1.3,12.1,15.7,103,5.6,4941,2.7,1.0,1535,Gaming,2,6476,Young High Spender,Upsell premium services
30,Other,Delhi,Apple,Android,8.3,46.8,35.5,187,3.8,9938,5.8,1.4,1950,Entertainment,2,11888,Young High Spender,Upsell premium services
37,Female,Mumbai,Apple,Android,7.5,13.4,171.4,175,3.4,8089,6.9,1.1,1709,Education,2,9798,Young High Spender,Upsell premium services
29,Female,Pune,Samsung,iOS,4.2,49.3,196.1,30,4.9,9265,4.8,1.3,1520,Work,2,10785,Young High Spender,Upsell premium services
56,Other,Mumbai,Realme,Android,2.5,16.6,158.6,39,5.7,8387,0.5,0.2,1179,Work,2,9566,Young High Spender,Upsell premium services
25,Female,Lucknow,Oppo,iOS,10.3,35.1,84.1,167,3.8,6713,4.8,1.5,1076,Social Media,2,7789,Young High Spender,Upsell premium services
50,Male,Jaipur,Vivo,Android,10.7,13.2,112.8,140,5.9,4907,2.2,0.9,786,Social Media,2,5693,Young High Spender,Upsell premium services
24,Female,Jaipur,Vivo,iOS,9.3,4.3,33.5,115,4.8,5627,4.3,0.8,1910,Social Media,2,7537,Young High Spender,Upsell premium services
19,Male,Delhi,Oppo,Android,11.4,28.3,137.4,80,4.0,7477,1.4,4.6,410,Education,2,7887,Young High Spender,Upsell premium services
57,Other,Kolkata,Vivo,iOS,2.4,6.5,256.8,67,4.6,7356,1.0,4.6,1663,Education,2,9019,Young High Spender,Upsell premium services
19,Male,Pune,Xiaomi,Android,10.7,1.0,92.4,69,4.8,5870,6.1,1.7,342,Gaming,2,6212,Young High Spender,Upsell premium services
48,Female,Hyderabad,OnePlus,Android,4.9,43.5,201.2,98,3.8,6386,1.4,4.8,145,Work,2,6531,Young High Spender,Upsell premium services
19,Male,Lucknow,Vivo,Android,5.2,34.1,23.9,35,5.7,3818,4.9,1.5,1621,Education,2,5439,Young High Spender,Upsell premium services
54,Male,Pune,Xiaomi,Android,9.4,17.9,40.1,19,4.2,7507,6.1,0.0,615,Gaming,2,8122,Young High Spender,Upsell premium services
32,Other,Hyderabad,Realme,Android,4.9,31.2,88.7,69,4.9,5807,1.9,0.7,522,Gaming,2,6329,Young High Spender,Upsell premium services
16,Female,Delhi,Motorola,Android,11.5,30.1,94.4,45,5.2,9623,0.6,3.5,302,Social Media,2,9925,Young High Spender,Upsell premium services
22,Other,Ahmedabad,Motorola,Android,7.3,36.9,113.5,116,5.0,8575,6.0,2.3,1435,Social Media,2,10010,Young High Spender,Upsell premium services
45,Other,Ahmedabad,Google Pixel,Android,4.7,47.9,116.1,74,5.5,7342,2.2,1.2,235,Education,2,7577,Young High Spender,Upsell premium services
27,Other,Mumbai,Xiaomi,Android,1.9,26.7,121.4,40,5.1,5782,1.1,1.0,951,Gaming,2,6733,Young High Spender,Upsell premium services
37,Other,Bangalore,Oppo,iOS,11.8,47.7,106.8,84,4.4,4838,4.4,2.4,223,Entertainment,2,5061,Young High Spender,Upsell premium services
44,Male,Bangalore,Xiaomi,Android,4.9,32.6,247.9,178,4.1,8872,2.6,2.4,1616,Gaming,2,10488,Young High Spender,Upsell premium services
17,Male,Chennai,Xiaomi,iOS,5.1,24.7,247.3,88,5.8,9407,7.2,1.2,922,Work,2,10329,Young High Spender,Upsell premium services
47,Male,Jaipur,Samsung,Android,4.4,29.7,273.5,61,3.9,8053,6.3,1.2,797,Work,2,8850,Young High Spender,Upsell premium services
29,Other,Bangalore,Nokia,Android,8.5,7.1,133.6,150,5.4,3333,1.5,1.0,376,Gaming,2,3709,Young High Spender,Upsell premium services
21,Male,Kolkata,Samsung,iOS,5.4,2.0,75.1,199,5.6,7208,7.4,4.4,730,Gaming,2,7938,Young High Spender,Upsell premium services
40,Male,Ahmedabad,Samsung,Android,8.5,43.4,107.4,71,5.7,8890,2.3,0.5,176,Entertainment,2,9066,Young High Spender,Upsell premium services
39,Male,Delhi,Vivo,iOS,11.8,8.5,187.6,60,4.1,8575,7.3,3.5,1453,Work,2,10028,Young High Spender,Upsell premium services
52,Male,Bangalore,OnePlus,Android,2.4,40.8,132.9,98,5.5,8303,3.8,2.7,1039,Social Media,2,9342,Young High Spender,Upsell premium services
23,Female,Mumbai,Xiaomi,Android,7.5,40.6,263.3,81,3.5,9190,2.1,0.2,1331,Education,2,10521,Young High Spender,Upsell premium services
18,Female,Chennai,Realme,Android,11.3,26.8,232.2,80,5.3,6707,2.7,2.8,166,Gaming,2,6873,Young High Spender,Upsell premium services
45,Other,Delhi,Oppo,Android,7.8,17.2,162.6,38,4.4,7431,4.5,1.7,1961,Education,2,9392,Young High Spender,Upsell premium services
39,Female,Kolkata,Xiaomi,Android,10.7,41.9,223.0,65,4.7,4382,3.8,3.3,913,Entertainment,2,5295,Young High Spender,Upsell premium services
27,Other,Ahmedabad,OnePlus,Android,4.7,45.3,18.9,175,5.3,5294,2.0,1.4,1394,Gaming,2,6688,Young High Spender,Upsell premium services
26,Other,Bangalore,Samsung,iOS,5.0,40.5,124.5,178,5.2,9348,3.3,1.4,1305,Education,2,10653,Young High Spender,Upsell premium services
23,Female,Pune,Xiaomi,iOS,11.5,2.8,251.6,50,3.0,7428,2.1,1.6,368,Entertainment,2,7796,Young High Spender,Upsell premium services
58,Other,Kolkata,Apple,iOS,9.0,28.3,56.6,43,5.2,7827,4.8,2.3,837,Work,2,8664,Young High Spender,Upsell premium services
23,Male,Chennai,Motorola,iOS,1.0,28.6,157.9,42,3.4,7483,5.8,4.7,1075,Entertainment,2,8558,Young High Spender,Upsell premium services
25,Female,Jaipur,Samsung,Android,2.1,36.5,114.0,159,5.4,8249,1.2,0.7,1634,Work,2,9883,Young High Spender,Upsell premium services
31,Other,Lucknow,Vivo,Android,9.1,41.5,51.4,140,4.9,6799,7.8,3.5,869,Gaming,2,7668,Young High Spender,Upsell premium services
42,Female,Jaipur,Oppo,iOS,10.2,33.7,274.3,134,5.1,6986,7.9,4.8,311,Gaming,2,7297,Young High Spender,Upsell premium services
34,Female,Ahmedabad,Motorola,Android,1.1,35.1,211.2,162,4.1,9641,3.1,1.7,473,Education,2,10114,Young High Spender,Upsell premium services
28,Male,Pune,Motorola,Android,4.9,11.4,29.3,34,4.5,5722,6.9,3.5,954,Work,2,6676,Young High Spender,Upsell premium services
22,Female,Pune,Apple,iOS,11.8,17.8,38.1,83,4.0,6625,3.2,0.5,1005,Entertainment,2,7630,Young High Spender,Upsell premium services
26,Female,Lucknow,Samsung,Android,9.0,19.4,136.1,16,4.0,5477,0.9,2.8,501,Social Media,2,5978,Young High Spender,Upsell premium services
40,Female,Chennai,Xiaomi,iOS,11.6,5.6,107.3,199,4.9,6140,4.6,4.4,1371,Entertainment,2,7511,Young High Spender,Upsell premium services
29,Female,Pune,Nokia,iOS,8.2,33.5,29.3,132,4.4,7352,0.9,3.9,1031,Entertainment,2,8383,Young High Spender,Upsell premium services
35,Male,Delhi,Apple,Android,4.1,4.8,204.1,37,4.3,9006,6.9,2.9,647,Education,2,9653,Young High Spender,Upsell premium services
24,Female,Chennai,Vivo,iOS,7.7,5.9,61.9,39,4.3,9177,7.3,0.9,1529,Social Media,2,10706,Young High Spender,Upsell premium services
36,Other,Ahmedabad,Google Pixel,iOS,6.3,49.3,227.4,110,4.5,4847,5.6,4.5,1492,Work,2,6339,Young High Spender,Upsell premium services
34,Male,Hyderabad,Vivo,Android,2.0,24.9,192.5,163,4.6,5028,1.5,3.1,997,Education,2,6025,Young High Spender,Upsell premium services
41,Male,Mumbai,Xiaomi,iOS,3.2,13.0,285.2,95,3.9,8261,6.0,2.8,218,Social Media,2,8479,Young High Spender,Upsell premium services
37,Other,Pune,Apple,iOS,7.2,37.5,51.7,96,4.9,8726,2.7,2.9,1100,Work,2,9826,Young High Spender,Upsell premium services
56,Female,Kolkata,Vivo,Android,9.2,45.5,196.2,22,5.6,8991,6.7,2.9,576,Education,2,9567,Young High Spender,Upsell premium services
51,Female,Chennai,Vivo,Android,1.3,2.6,233.4,43,3.9,9717,1.4,3.0,502,Gaming,2,10219,Young High Spender,Upsell premium services
36,Female,Jaipur,Google Pixel,iOS,4.2,21.1,18.2,140,5.6,5070,0.8,1.8,505,Gaming,2,5575,Young High Spender,Upsell premium services
45,Female,Delhi,Oppo,Android,3.5,32.1,160.5,27,4.5,9521,4.1,0.3,335,Work,2,9856,Young High Spender,Upsell premium services
21,Female,Delhi,Xiaomi,iOS,2.9,2.8,14.6,44,4.3,8350,5.1,4.7,1602,Entertainment,2,9952,Young High Spender,Upsell premium services
36,Other,Mumbai,Samsung,iOS,8.5,25.7,221.4,36,5.3,8920,6.9,1.6,950,Social Media,2,9870,Young High Spender,Upsell premium services
39,Other,Lucknow,Apple,Android,7.5,23.3,82.9,127,4.7,9640,1.8,3.6,1574,Social Media,2,11214,Young High Spender,Upsell premium services
26,Other,Lucknow,Vivo,iOS,5.8,22.5,145.6,77,3.8,7864,6.0,0.6,1520,Social Media,2,9384,Young High Spender,Upsell premium services
57,Female,Pune,Google Pixel,iOS,6.8,24.3,77.8,125,5.9,9981,7.5,0.4,183,Gaming,2,10164,Young High Spender,Upsell premium services
17,Other,Mumbai,Vivo,Android,2.1,19.1,180.9,136,6.0,4044,1.4,3.0,1732,Work,2,5776,Young High Spender,Upsell premium services
37,Female,Ahmedabad,Realme,iOS,4.9,20.4,26.2,63,5.3,8834,2.3,4.9,205,Gaming,2,9039,Young High Spender,Upsell premium services
31,Female,Kolkata,Vivo,Android,1.9,24.3,288.2,158,4.8,9367,6.4,1.0,1659,Entertainment,2,11026,Young High Spender,Upsell premium services
59,Male,Jaipur,Google Pixel,iOS,7.6,13.6,218.6,54,4.0,9588,1.6,2.4,1679,Work,2,11267,Young High Spender,Upsell premium services
34,Female,Jaipur,OnePlus,iOS,8.6,24.0,51.5,72,4.3,4228,3.6,4.1,783,Education,2,5011,Young High Spender,Upsell premium services
41,Other,Delhi,Realme,Android,8.1,5.0,224.1,179,6.0,8085,6.6,0.2,1794,Social Media,2,9879,Young High Spender,Upsell premium services
50,Other,Delhi,Xiaomi,iOS,7.8,46.3,280.6,138,4.9,8203,3.9,3.4,398,Gaming,2,8601,Young High Spender,Upsell premium services
49,Female,Kolkata,Apple,iOS,1.7,34.1,226.3,141,4.5,8246,1.8,2.0,852,Entertainment,2,9098,Young High Spender,Upsell premium services
31,Other,Mumbai,OnePlus,iOS,8.9,9.1,167.8,72,4.8,5086,2.2,3.5,796,Social Media,2,5882,Young High Spender,Upsell premium services
34,Male,Bangalore,Xiaomi,Android,11.3,13.1,94.8,181,4.9,4618,6.3,2.8,148,Work,2,4766,Young High Spender,Upsell premium services
31,Other,Delhi,Google Pixel,iOS,11.5,8.6,46.9,67,5.5,9033,4.0,2.9,1100,Work,2,10133,Young High Spender,Upsell premium services
43,Female,Kolkata,Apple,iOS,8.5,32.2,283.9,63,3.9,7585,1.8,3.0,1616,Gaming,2,9201,Young High Spender,Upsell premium services
23,Other,Lucknow,Vivo,iOS,9.2,1.3,214.3,89,5.5,7523,2.9,3.1,942,Social Media,2,8465,Young High Spender,Upsell premium services
58,Male,Bangalore,Nokia,iOS,9.4,4.1,6.9,45,3.8,9296,1.8,4.1,351,Work,2,9647,Young High Spender,Upsell premium services
45,Male,Jaipur,Apple,Android,9.0,11.2,269.5,155,5.9,8283,1.8,1.9,363,Gaming,2,8646,Young High Spender,Upsell premium services
40,Other,Pune,OnePlus,Android,3.9,6.6,154.5,153,4.4,7474,7.8,1.7,1949,Gaming,2,9423,Young High Spender,Upsell premium services
33,Male,Lucknow,Motorola,Android,5.8,40.6,65.6,114,5.6,5257,3.6,1.5,169,Entertainment,2,5426,Young High Spender,Upsell premium services
32,Male,Bangalore,Vivo,Android,3.0,39.7,125.1,50,4.2,7253,3.9,1.3,1986,Social Media,2,9239,Young High Spender,Upsell premium services
23,Male,Pune,Motorola,iOS,5.2,7.9,131.2,123,5.2,8710,5.0,0.3,1390,Gaming,2,10100,Young High Spender,Upsell premium services
19,Other,Chennai,Apple,Android,11.7,11.8,189.6,90,3.7,8531,5.4,4.6,282,Work,2,8813,Young High Spender,Upsell premium services
38,Male,Ahmedabad,Oppo,iOS,10.7,20.3,26.2,74,4.7,6349,2.9,0.2,908,Work,2,7257,Young High Spender,Upsell premium services
25,Female,Bangalore,OnePlus,iOS,6.6,45.8,140.5,183,2.9,7438,6.3,0.0,1111,Education,2,8549,Young High Spender,Upsell premium services
32,Female,Hyderabad,Apple,iOS,7.0,14.3,97.2,168,3.9,5202,1.6,0.9,1191,Education,2,6393,Young High Spender,Upsell premium services
50,Female,Jaipur,Motorola,Android,4.3,16.2,256.6,183,4.1,8710,0.8,3.9,1252,Entertainment,2,9962,Young High Spender,Upsell premium services
35,Female,Chennai,Samsung,iOS,8.6,2.3,238.4,115,4.8,7368,5.5,2.2,313,Gaming,2,7681,Young High Spender,Upsell premium services
28,Female,Jaipur,OnePlus,iOS,8.1,3.0,86.2,172,5.3,9878,3.4,3.2,1675,Work,2,11553,Young High Spender,Upsell premium services
30,Female,Chennai,Motorola,Android,3.6,13.5,234.7,35,5.4,7561,5.0,0.8,1116,Education,2,8677,Young High Spender,Upsell premium services
60,Female,Bangalore,Google Pixel,iOS,4.8,14.8,139.1,40,5.7,6538,1.2,2.7,1572,Work,2,8110,Young High Spender,Upsell premium services
42,Female,Delhi,Oppo,iOS,2.2,25.1,122.0,67,4.0,8395,2.1,3.7,1008,Education,2,9403,Young High Spender,Upsell premium services
46,Other,Kolkata,Apple,iOS,2.2,5.9,67.8,160,5.3,8815,3.9,4.4,859,Social Media,2,9674,Young High Spender,Upsell premium services
22,Male,Pune,Xiaomi,Android,6.6,14.3,74.0,196,5.7,8755,6.2,0.4,1154,Work,2,9909,Young High Spender,Upsell premium services
15,Female,Hyderabad,Vivo,Android,1.5,16.6,78.9,42,4.8,5215,1.8,2.8,680,Entertainment,2,5895,Young High Spender,Upsell premium services
46,Female,Pune,Oppo,iOS,4.9,45.0,118.2,109,4.7,8768,6.0,0.9,661,Education,2,9429,Young High Spender,Upsell premium services
25,Female,Hyderabad,Samsung,Android,11.5,15.8,163.8,15,4.1,7746,1.6,1.7,1783,Work,2,9529,Young High Spender,Upsell premium services
51,Male,Ahmedabad,Motorola,Android,7.7,48.1,105.4,47,3.8,7748,3.7,4.7,112,Social Media,2,7860,Young High Spender,Upsell premium services
44,Other,Mumbai,Samsung,Android,2.8,4.3,80.3,21,5.1,8322,4.8,2.6,933,Entertainment,2,9255,Young High Spender,Upsell premium services
32,Male,Lucknow,Realme,iOS,11.9,44.8,11.0,96,5.2,6588,2.1,0.7,352,Entertainment,2,6940,Young High Spender,Upsell premium services
24,Other,Chennai,Realme,iOS,8.3,27.0,266.3,200,4.6,8725,7.3,0.6,1534,Education,2,10259,Young High Spender,Upsell premium services
27,Other,Delhi,Realme,iOS,6.5,9.1,117.2,39,5.3,4366,5.9,1.4,1849,Work,2,6215,Young High Spender,Upsell premium services
53,Other,Jaipur,Oppo,Android,7.4,15.1,42.4,100,5.6,8696,2.1,0.3,1948,Entertainment,2,10644,Young High Spender,Upsell premium services
24,Other,Kolkata,Vivo,Android,3.3,26.6,47.0,108,4.1,9293,1.9,1.1,336,Education,2,9629,Young High Spender,Upsell premium services
55,Other,Bangalore,OnePlus,Android,11.1,43.1,104.5,177,5.9,8048,1.8,3.0,1855,Work,2,9903,Young High Spender,Upsell premium services
33,Other,Kolkata,Samsung,Android,9.7,49.9,211.6,183,5.5,5751,6.4,0.9,339,Gaming,2,6090,Young High Spender,Upsell premium services
50,Male,Bangalore,Oppo,iOS,8.0,32.4,293.1,33,4.3,8611,6.3,4.7,1615,Work,2,10226,Young High Spender,Upsell premium services
21,Male,Chennai,Oppo,iOS,8.0,25.3,71.2,66,4.7,9692,4.4,3.0,475,Education,2,10167,Young High Spender,Upsell premium services
44,Male,Delhi,Samsung,Android,3.9,21.4,59.0,61,5.8,9349,6.3,2.9,251,Gaming,2,9600,Young High Spender,Upsell premium services
22,Female,Delhi,Samsung,Android,10.4,10.0,158.3,90,5.3,5633,7.3,4.8,1221,Social Media,2,6854,Young High Spender,Upsell premium services
15,Other,Lucknow,Google Pixel,Android,10.1,49.9,259.9,129,4.6,9515,7.3,3.4,387,Gaming,2,9902,Young High Spender,Upsell premium services
36,Other,Lucknow,Google Pixel,iOS,4.2,15.3,133.4,151,4.5,5395,3.8,3.4,1791,Gaming,2,7186,Young High Spender,Upsell premium services
15,Other,Chennai,Apple,Android,4.7,29.1,265.7,34,5.4,6315,3.4,1.0,1519,Social Media,2,7834,Young High Spender,Upsell premium services
29,Female,Bangalore,Xiaomi,Android,3.0,8.6,201.3,13,5.4,9361,6.1,3.6,665,Education,2,10026,Young High Spender,Upsell premium services
30,Other,Ahmedabad,Nokia,iOS,6.3,34.4,274.8,126,5.3,4079,2.1,0.2,830,Education,2,4909,Young High Spender,Upsell premium services
37,Male,Kolkata,Xiaomi,Android,11.9,31.1,55.8,22,5.1,8004,7.8,4.0,715,Education,2,8719,Young High Spender,Upsell premium services
28,Male,Chennai,Nokia,Android,6.2,33.3,294.9,119,5.9,5775,7.0,3.6,1337,Work,2,7112,Young High Spender,Upsell premium services
42,Female,Ahmedabad,Google Pixel,iOS,5.6,20.9,219.4,66,5.7,4789,3.8,3.5,1594,Work,2,6383,Young High Spender,Upsell premium services
49,Female,Jaipur,OnePlus,Android,11.1,28.2,256.3,169,4.5,6680,3.9,2.8,1662,Gaming,2,8342,Young High Spender,Upsell premium services
41,Other,Delhi,Oppo,Android,8.2,35.2,52.3,86,3.9,9078,1.3,2.6,1075,Social Media,2,10153,Young High Spender,Upsell premium services
19,Female,Bangalore,Realme,iOS,11.3,28.5,87.7,145,5.8,3971,4.3,1.7,1096,Work,2,5067,Young High Spender,Upsell premium services
60,Female,Jaipur,Realme,Android,7.5,38.4,34.8,18,5.3,7087,6.3,1.1,976,Entertainment,2,8063,Young High Spender,Upsell premium services
57,Female,Mumbai,Realme,Android,2.3,38.1,95.9,141,4.7,6906,1.6,1.5,369,Entertainment,2,7275,Young High Spender,Upsell premium services
60,Female,Kolkata,OnePlus,iOS,9.0,22.2,124.4,71,4.8,7769,6.9,4.3,313,Education,2,8082,Young High Spender,Upsell premium services
50,Female,Pune,Oppo,iOS,5.2,36.7,103.4,20,5.5,9666,0.9,1.5,561,Work,2,10227,Young High Spender,Upsell premium services
54,Female,Pune,OnePlus,iOS,9.2,48.3,45.1,100,5.6,5571,5.1,4.9,1301,Work,2,6872,Young High Spender,Upsell premium services
42,Male,Chennai,Realme,iOS,9.8,14.5,138.7,167,5.3,8655,1.7,5.0,724,Social Media,2,9379,Young High Spender,Upsell premium services
27,Female,Jaipur,Apple,iOS,6.7,1.7,208.9,107,3.3,8332,5.5,3.2,294,Social Media,2,8626,Young High Spender,Upsell premium services
25,Other,Jaipur,OnePlus,iOS,4.9,8.0,299.0,113,4.1,7327,5.2,3.2,1244,Education,2,8571,Young High Spender,Upsell premium services
40,Male,Hyderabad,Xiaomi,Android,8.5,2.6,82.9,103,4.2,9146,0.9,4.3,1062,Gaming,2,10208,Young High Spender,Upsell premium services
17,Female,Ahmedabad,Vivo,Android,11.1,36.4,119.0,166,5.4,8631,3.2,0.5,1922,Social Media,2,10553,Young High Spender,Upsell premium services
22,Male,Bangalore,Samsung,iOS,5.2,25.3,26.1,168,5.1,4758,7.2,3.3,1174,Work,2,5932,Young High Spender,Upsell premium services
51,Female,Mumbai,Nokia,Android,10.4,48.0,155.7,187,4.1,9353,1.3,1.3,1369,Social Media,2,10722,Young High Spender,Upsell premium services
38,Female,Mumbai,Google Pixel,Android,5.4,46.5,51.1,174,4.0,6673,4.7,2.0,630,Social Media,2,7303,Young High Spender,Upsell premium services
34,Other,Kolkata,Oppo,Android,9.3,28.0,106.8,27,5.6,3043,3.8,3.0,1051,Entertainment,2,4094,Young High Spender,Upsell premium services
27,Female,Mumbai,Nokia,iOS,4.4,30.7,254.2,191,5.1,8746,4.5,3.8,853,Education,2,9599,Young High Spender,Upsell premium services
39,Female,Mumbai,Google Pixel,Android,5.6,27.9,114.4,73,4.0,5691,1.1,3.9,785,Social Media,2,6476,Young High Spender,Upsell premium services
21,Male,Delhi,Nokia,Android,9.7,1.7,33.4,176,5.4,8894,3.9,2.1,231,Entertainment,2,9125,Young High Spender,Upsell premium services
22,Male,Mumbai,Vivo,Android,7.4,39.8,65.8,168,5.1,5142,5.8,3.5,350,Entertainment,2,5492,Young High Spender,Upsell premium services
52,Male,Hyderabad,Xiaomi,Android,6.9,40.7,20.8,49,4.8,8440,2.9,1.5,434,Social Media,2,8874,Young High Spender,Upsell premium services
34,Male,Jaipur,OnePlus,iOS,6.1,15.7,299.9,123,4.5,7805,1.9,0.6,1349,Gaming,2,9154,Young High Spender,Upsell premium services
43,Male,Bangalore,Realme,Android,8.8,43.3,121.2,111,4.8,6272,3.8,4.1,656,Gaming,2,6928,Young High Spender,Upsell premium services
19,Female,Kolkata,Oppo,Android,4.3,24.4,282.9,60,4.0,9256,1.5,1.0,912,Education,2,10168,Young High Spender,Upsell premium services
29,Female,Kolkata,OnePlus,Android,2.4,48.9,257.8,106,4.4,6392,5.7,0.9,1682,Work,2,8074,Young High Spender,Upsell premium services
26,Male,Hyderabad,Google Pixel,Android,1.7,27.3,180.2,189,3.2,9624,5.0,4.1,1781,Work,2,11405,Young High Spender,Upsell premium services
18,Female,Ahmedabad,Motorola,iOS,5.4,4.9,56.5,153,5.9,4111,1.6,0.7,1987,Work,2,6098,Young High Spender,Upsell premium services
27,Male,Pune,Motorola,iOS,10.8,12.7,102.9,93,4.2,7234,0.9,4.4,1530,Gaming,2,8764,Young High Spender,Upsell premium services
31,Male,Jaipur,OnePlus,Android,11.2,29.2,18.8,116,4.9,8590,5.5,3.9,1942,Gaming,2,10532,Young High Spender,Upsell premium services
21,Other,Mumbai,Oppo,Android,7.7,35.6,10.7,158,5.9,3299,8.0,2.3,213,Entertainment,2,3512,Young High Spender,Upsell premium services
15,Male,Delhi,Realme,iOS,9.9,19.9,173.2,65,5.3,9692,1.1,3.3,1068,Gaming,2,10760,Young High Spender,Upsell premium services
53,Female,Kolkata,Motorola,Android,5.1,45.7,249.8,79,4.6,6762,4.3,0.4,160,Work,2,6922,Young High Spender,Upsell premium services
24,Male,Hyderabad,OnePlus,iOS,7.1,40.1,50.7,184,5.8,6184,1.0,2.8,1501,Education,2,7685,Young High Spender,Upsell premium services
41,Female,Jaipur,Xiaomi,iOS,9.8,42.9,295.4,134,5.3,9325,6.4,5.0,1216,Entertainment,2,10541,Young High Spender,Upsell premium services
48,Female,Bangalore,Samsung,iOS,7.5,23.8,227.3,167,4.4,8373,7.6,0.8,1164,Gaming,2,9537,Young High Spender,Upsell premium services
26,Male,Delhi,Samsung,Android,8.5,46.9,47.9,56,4.9,3878,2.9,2.7,488,Entertainment,2,4366,Young High Spender,Upsell premium services
54,Other,Chennai,Oppo,iOS,8.7,17.2,110.7,108,5.1,8240,2.9,2.0,1207,Gaming,2,9447,Young High Spender,Upsell premium services
28,Female,Ahmedabad,OnePlus,Android,11.1,29.7,16.0,18,5.1,5749,6.1,0.6,1818,Education,2,7567,Young High Spender,Upsell premium services
23,Male,Bangalore,Nokia,Android,9.1,11.8,111.3,45,5.6,9202,5.4,1.9,1939,Entertainment,2,11141,Young High Spender,Upsell premium services
48,Female,Mumbai,Vivo,iOS,2.9,46.4,61.2,92,5.6,9916,7.7,0.1,723,Work,2,10639,Young High Spender,Upsell premium services
42,Male,Pune,Xiaomi,Android,9.4,49.3,121.4,38,5.3,7972,6.6,0.6,900,Education,2,8872,Young High Spender,Upsell premium services
18,Other,Lucknow,Motorola,Android,4.5,4.2,234.8,159,5.8,9199,4.1,1.1,1550,Education,2,10749,Young High Spender,Upsell premium services
47,Other,Hyderabad,Samsung,Android,3.5,47.2,224.9,193,5.7,5748,7.5,3.2,1503,Education,2,7251,Young High Spender,Upsell premium services
26,Other,Ahmedabad,Google Pixel,iOS,5.0,44.3,247.8,152,5.7,8906,6.9,3.6,1396,Social Media,2,10302,Young High Spender,Upsell premium services
20,Male,Delhi,Google Pixel,Android,10.3,21.2,125.6,148,4.9,5490,7.0,4.3,746,Social Media,2,6236,Young High Spender,Upsell premium services
25,Male,Pune,Vivo,iOS,8.1,43.2,7.2,42,3.3,5807,1.2,2.1,334,Gaming,2,6141,Young High Spender,Upsell premium services
19,Female,Mumbai,Nokia,iOS,4.5,17.3,228.8,87,5.9,4358,5.6,3.2,1299,Social Media,2,5657,Young High Spender,Upsell premium services
52,Female,Kolkata,Vivo,Android,3.5,44.3,215.7,68,5.1,7070,2.1,0.4,562,Entertainment,2,7632,Young High Spender,Upsell premium services
34,Female,Ahmedabad,Samsung,Android,3.6,48.5,113.9,19,4.2,4795,6.0,2.8,1575,Entertainment,2,6370,Young High Spender,Upsell premium services
24,Female,Bangalore,Apple,Android,5.5,39.7,203.5,34,5.0,7766,0.7,2.6,162,Education,2,7928,Young High Spender,Upsell premium services
56,Male,Hyderabad,Google Pixel,Android,10.0,39.5,105.5,59,5.0,6566,3.9,0.9,1999,Gaming,2,8565,Young High Spender,Upsell premium services
49,Male,Kolkata,Samsung,iOS,6.3,37.4,289.2,166,5.8,9374,3.0,1.8,1252,Entertainment,2,10626,Young High Spender,Upsell premium services
26,Other,Jaipur,Oppo,iOS,5.7,25.8,238.0,175,4.6,5960,4.7,2.3,1287,Social Media,2,7247,Young High Spender,Upsell premium services
36,Male,Chennai,Motorola,Android,5.0,31.4,147.3,135,4.0,7735,4.2,2.6,1455,Entertainment,2,9190,Young High Spender,Upsell premium services
25,Male,Chennai,Motorola,iOS,9.1,38.7,280.3,200,5.0,9609,5.5,3.2,1837,Work,2,11446,Young High Spender,Upsell premium services
41,Other,Kolkata,OnePlus,Android,3.6,45.1,257.0,153,5.5,5858,3.2,0.2,351,Education,2,6209,Young High Spender,Upsell premium services
33,Female,Mumbai,OnePlus,Android,12.0,25.0,147.1,68,4.9,9904,4.7,1.6,1221,Work,2,11125,Young High Spender,Upsell premium services
41,Other,Bangalore,Oppo,iOS,4.1,8.4,23.5,128,6.0,6473,2.9,1.3,1135,Education,2,7608,Young High Spender,Upsell premium services
46,Male,Delhi,Nokia,iOS,1.6,46.5,33.4,90,4.4,9722,7.4,3.8,577,Entertainment,2,10299,Young High Spender,Upsell premium services
55,Other,Hyderabad,Apple,iOS,6.7,49.7,261.7,149,4.2,8348,2.0,2.4,1581,Education,2,9929,Young High Spender,Upsell premium services
52,Male,Jaipur,Vivo,Android,11.9,14.6,70.4,164,4.4,7198,7.6,3.6,1382,Work,2,8580,Young High Spender,Upsell premium services
15,Male,Jaipur,Nokia,Android,2.5,6.8,269.9,183,4.2,7777,6.1,0.8,1628,Social Media,2,9405,Young High Spender,Upsell premium services
19,Other,Ahmedabad,Oppo,Android,8.4,35.5,167.9,83,5.5,7569,2.1,3.1,589,Gaming,2,8158,Young High Spender,Upsell premium services
56,Other,Chennai,Motorola,iOS,6.8,29.2,219.5,82,4.8,8703,1.4,3.7,1294,Education,2,9997,Young High Spender,Upsell premium services
36,Female,Bangalore,Oppo,iOS,3.7,31.6,82.5,14,5.7,5004,5.7,0.9,1131,Entertainment,2,6135,Young High Spender,Upsell premium services
40,Female,Delhi,Apple,Android,1.6,36.0,49.9,139,5.7,3900,1.4,0.9,550,Social Media,2,4450,Young High Spender,Upsell premium services
15,Male,Kolkata,Realme,iOS,8.6,30.9,72.4,135,3.5,9039,1.2,4.9,609,Education,2,9648,Young High Spender,Upsell premium services
51,Female,Hyderabad,Realme,Android,9.8,11.1,89.7,158,5.0,8860,0.7,1.0,448,Gaming,2,9308,Young High Spender,Upsell premium services
20,Other,Bangalore,Motorola,iOS,5.1,14.7,67.2,111,4.7,8779,2.0,2.4,1634,Education,2,10413,Young High Spender,Upsell premium services
43,Female,Ahmedabad,Vivo,iOS,1.0,1.9,253.2,59,5.1,8005,3.7,1.0,822,Work,2,8827,Young High Spender,Upsell premium services
35,Other,Delhi,Google Pixel,Android,9.9,23.5,252.2,88,3.6,7771,5.9,4.3,736,Entertainment,2,8507,Young High Spender,Upsell premium services
36,Other,Ahmedabad,Realme,Android,2.9,29.3,296.7,11,5.0,9377,5.4,0.6,552,Social Media,2,9929,Young High Spender,Upsell premium services
17,Male,Ahmedabad,Xiaomi,iOS,7.2,29.4,79.1,146,3.3,8537,1.0,3.8,506,Entertainment,2,9043,Young High Spender,Upsell premium services
29,Other,Lucknow,Motorola,Android,9.6,9.7,237.8,152,5.9,8169,4.9,2.2,1340,Gaming,2,9509,Young High Spender,Upsell premium services
34,Other,Jaipur,Nokia,iOS,2.1,9.6,137.6,160,4.3,9374,1.4,3.5,636,Gaming,2,10010,Young High Spender,Upsell premium services
42,Other,Kolkata,OnePlus,Android,4.3,13.6,292.5,92,3.8,9020,2.4,2.7,1965,Gaming,2,10985,Young High Spender,Upsell premium services
57,Female,Chennai,Google Pixel,Android,6.6,5.0,225.2,16,5.7,7702,6.8,3.6,1941,Entertainment,2,9643,Young High Spender,Upsell premium services
50,Male,Jaipur,Apple,Android,4.1,11.8,207.8,155,4.4,7478,6.0,3.7,1898,Education,2,9376,Young High Spender,Upsell premium services
38,Other,Jaipur,Vivo,Android,11.9,14.9,120.3,56,5.2,7974,1.8,2.0,619,Education,2,8593,Young High Spender,Upsell premium services
32,Male,Kolkata,Samsung,Android,1.8,3.8,173.4,82,4.9,8600,7.7,0.8,1927,Gaming,2,10527,Young High Spender,Upsell premium services
50,Male,Kolkata,Samsung,Android,6.9,43.1,23.3,170,5.1,9989,8.0,1.9,1019,Work,2,11008,Young High Spender,Upsell premium services
30,Female,Bangalore,Motorola,iOS,4.7,49.6,225.3,79,5.9,5960,2.5,1.7,1422,Education,2,7382,Young High Spender,Upsell premium services
42,Male,Delhi,Apple,iOS,8.6,12.1,52.1,62,4.3,8124,5.6,3.3,1287,Entertainment,2,9411,Young High Spender,Upsell premium services
48,Male,Ahmedabad,Google Pixel,Android,10.7,35.5,9.6,103,3.5,9515,2.2,4.5,1332,Entertainment,2,10847,Young High Spender,Upsell premium services
25,Female,Delhi,Oppo,iOS,4.9,23.4,274.2,83,4.1,7254,3.0,2.8,654,Work,2,7908,Young High Spender,Upsell premium services
41,Other,Ahmedabad,Google Pixel,Android,5.9,18.6,259.9,80,4.5,9081,7.5,2.1,1890,Gaming,2,10971,Young High Spender,Upsell premium services
28,Other,Hyderabad,Motorola,iOS,9.5,31.2,17.4,27,2.9,7587,3.9,4.8,338,Entertainment,2,7925,Young High Spender,Upsell premium services
26,Female,Hyderabad,Nokia,iOS,7.0,38.1,263.2,24,5.7,4876,6.5,1.1,1047,Gaming,2,5923,Young High Spender,Upsell premium services
54,Female,Pune,Motorola,iOS,2.0,49.3,12.8,44,4.4,7408,1.4,2.2,519,Social Media,2,7927,Young High Spender,Upsell premium services
42,Female,Chennai,Google Pixel,Android,1.8,12.3,89.8,37,5.2,9095,7.0,1.9,1445,Education,2,10540,Young High Spender,Upsell premium services
38,Female,Ahmedabad,Oppo,Android,1.8,2.9,118.2,110,4.9,8533,2.8,1.6,1448,Social Media,2,9981,Young High Spender,Upsell premium services
19,Other,Hyderabad,Apple,iOS,5.1,9.6,131.8,174,5.1,5751,4.4,2.7,585,Social Media,2,6336,Young High Spender,Upsell premium services
57,Male,Ahmedabad,OnePlus,iOS,10.0,33.9,70.4,20,4.8,8127,7.5,2.5,1006,Gaming,2,9133,Young High Spender,Upsell premium services
52,Other,Lucknow,Google Pixel,Android,9.8,8.7,140.0,99,5.9,6068,3.4,3.3,1227,Social Media,2,7295,Young High Spender,Upsell premium services
42,Male,Lucknow,Motorola,Android,9.6,26.4,126.6,46,4.9,7471,5.7,2.8,1501,Education,2,8972,Young High Spender,Upsell premium services
40,Other,Chennai,Samsung,iOS,8.3,43.5,107.6,49,4.5,5164,0.9,1.6,255,Gaming,2,5419,Young High Spender,Upsell premium services
39,Other,Delhi,Xiaomi,iOS,10.6,21.5,161.9,199,5.9,4407,2.8,2.9,1951,Work,2,6358,Young High Spender,Upsell premium services
24,Male,Bangalore,Google Pixel,iOS,11.1,9.7,49.8,109,5.9,9964,2.5,3.8,744,Work,2,10708,Young High Spender,Upsell premium services
34,Male,Chennai,Xiaomi,iOS,8.1,41.8,79.6,168,4.8,4139,0.9,4.4,236,Gaming,2,4375,Young High Spender,Upsell premium services
50,Male,Kolkata,Nokia,iOS,3.8,25.4,6.8,144,4.3,5865,3.5,1.8,678,Education,2,6543,Young High Spender,Upsell premium services
43,Female,Lucknow,Motorola,iOS,11.2,32.6,215.9,12,5.7,8543,4.4,4.7,1803,Social Media,2,10346,Young High Spender,Upsell premium services
35,Male,Ahmedabad,Realme,Android,9.2,31.3,95.6,28,4.9,3891,0.7,4.6,421,Entertainment,2,4312,Young High Spender,Upsell premium services
29,Female,Kolkata,Oppo,iOS,2.2,22.1,168.1,179,5.9,5909,5.1,1.3,1958,Work,2,7867,Young High Spender,Upsell premium services
41,Female,Pune,Samsung,iOS,9.1,43.9,76.0,22,4.7,6522,2.0,3.0,1815,Education,2,8337,Young High Spender,Upsell premium services
41,Female,Mumbai,OnePlus,iOS,9.2,8.8,111.6,159,4.4,4868,2.8,0.2,1375,Entertainment,2,6243,Young High Spender,Upsell premium services
17,Other,Jaipur,Nokia,iOS,7.6,4.5,207.3,101,4.4,8847,1.8,3.6,375,Entertainment,2,9222,Young High Spender,Upsell premium services
28,Female,Chennai,Nokia,iOS,8.2,32.7,58.0,131,5.9,9699,1.9,2.5,1996,Education,2,11695,Young High Spender,Upsell premium services
46,Female,Pune,Vivo,Android,2.7,22.6,192.3,80,4.2,5758,6.0,0.8,1110,Social Media,2,6868,Young High Spender,Upsell premium services
56,Female,Lucknow,Apple,iOS,1.6,1.7,95.5,177,4.4,7838,6.3,3.5,1475,Gaming,2,9313,Young High Spender,Upsell premium services
32,Male,Kolkata,Oppo,Android,10.4,46.7,238.2,145,5.7,5379,3.7,4.1,1942,Entertainment,2,7321,Young High Spender,Upsell premium services
20,Female,Chennai,Motorola,iOS,1.0,7.8,269.3,25,5.4,7305,6.3,2.0,1251,Education,2,8556,Young High Spender,Upsell premium services
38,Male,Ahmedabad,Vivo,Android,10.7,2.2,132.0,105,3.8,8952,3.9,2.6,425,Gaming,2,9377,Young High Spender,Upsell premium services
31,Other,Lucknow,OnePlus,Android,3.5,7.2,76.7,84,5.1,5342,6.1,0.7,417,Social Media,2,5759,Young High Spender,Upsell premium services
17,Other,Bangalore,Nokia,iOS,1.1,43.3,148.2,79,4.8,5578,6.1,1.6,1073,Entertainment,2,6651,Young High Spender,Upsell premium services
25,Other,Kolkata,Vivo,Android,3.2,3.0,191.4,80,5.2,4301,6.1,0.7,503,Work,2,4804,Young High Spender,Upsell premium services
20,Other,Bangalore,OnePlus,iOS,9.7,36.3,219.3,176,5.8,4519,2.9,1.4,1752,Gaming,2,6271,Young High Spender,Upsell premium services
56,Female,Mumbai,Apple,iOS,5.4,1.3,259.1,181,5.9,7108,2.1,4.4,552,Gaming,2,7660,Young High Spender,Upsell premium services
19,Other,Pune,Xiaomi,Android,10.8,26.1,249.7,60,4.7,6077,6.7,4.8,1467,Entertainment,2,7544,Young High Spender,Upsell premium services
55,Other,Hyderabad,Apple,iOS,11.8,16.6,254.0,110,5.6,7685,1.7,3.3,1209,Social Media,2,8894,Young High Spender,Upsell premium services
40,Male,Lucknow,Samsung,Android,10.7,21.3,192.0,144,4.0,8960,7.2,4.7,393,Gaming,2,9353,Young High Spender,Upsell premium services
42,Other,Bangalore,Xiaomi,iOS,11.2,38.0,135.0,135,6.0,7358,5.8,1.2,1649,Entertainment,2,9007,Young High Spender,Upsell premium services
45,Male,Chennai,OnePlus,iOS,11.8,40.3,267.6,87,6.0,5682,2.6,0.9,281,Education,2,5963,Young High Spender,Upsell premium services
49,Female,Delhi,Realme,iOS,2.0,28.6,146.3,143,5.4,7358,7.5,2.0,1681,Education,2,9039,Young High Spender,Upsell premium services
30,Female,Chennai,Vivo,iOS,7.6,20.8,171.3,125,4.5,7594,6.3,0.9,1906,Education,2,9500,Young High Spender,Upsell premium services
42,Male,Kolkata,Vivo,Android,8.5,46.8,294.3,165,3.9,7897,4.3,0.3,1137,Work,2,9034,Young High Spender,Upsell premium services
37,Other,Lucknow,Oppo,iOS,6.7,18.3,116.5,25,4.8,6871,7.5,0.8,666,Gaming,2,7537,Young High Spender,Upsell premium services
32,Female,Ahmedabad,Xiaomi,iOS,11.0,37.8,203.4,159,4.3,9819,1.1,3.3,1215,Entertainment,2,11034,Young High Spender,Upsell premium services
45,Female,Chennai,Nokia,Android,6.7,13.7,276.9,24,3.8,7230,7.3,1.1,221,Education,2,7451,Young High Spender,Upsell premium services
41,Male,Bangalore,Motorola,Android,6.9,37.2,207.3,36,3.9,8504,2.7,3.8,1940,Work,2,10444,Young High Spender,Upsell premium services
44,Female,Hyderabad,Samsung,iOS,9.2,47.9,23.9,64,4.3,9711,5.5,1.8,1468,Social Media,2,11179,Young High Spender,Upsell premium services
26,Other,Kolkata,Vivo,iOS,9.9,35.3,180.5,70,5.2,4485,0.6,1.8,765,Gaming,2,5250,Young High Spender,Upsell premium services
44,Other,Kolkata,Nokia,iOS,4.2,4.8,248.6,174,5.7,8296,4.3,1.2,1190,Social Media,2,9486,Young High Spender,Upsell premium services
50,Other,Ahmedabad,Motorola,Android,2.3,13.2,236.2,88,5.7,8245,6.6,2.3,299,Education,2,8544,Young High Spender,Upsell premium services
41,Female,Pune,Samsung,iOS,10.3,48.3,281.6,15,4.9,9642,4.5,0.3,756,Education,2,10398,Young High Spender,Upsell premium services
24,Female,Ahmedabad,Xiaomi,iOS,8.1,48.0,72.0,182,2.9,8038,1.6,4.3,1147,Education,2,9185,Young High Spender,Upsell premium services
26,Other,Pune,Vivo,Android,6.1,45.8,91.3,78,4.6,5832,3.0,4.9,794,Gaming,2,6626,Young High Spender,Upsell premium services
32,Female,Delhi,Samsung,Android,1.9,10.1,254.1,179,3.7,7293,6.7,3.2,1724,Entertainment,2,9017,Young High Spender,Upsell premium services
33,Other,Pune,Apple,iOS,10.2,49.2,60.5,114,3.7,7320,3.2,1.5,1972,Work,2,9292,Young High Spender,Upsell premium services
32,Other,Chennai,Google Pixel,iOS,5.2,5.4,243.5,90,5.3,9715,6.7,3.9,921,Social Media,2,10636,Young High Spender,Upsell premium services
22,Male,Hyderabad,OnePlus,Android,6.2,21.1,156.7,28,4.5,9092,4.0,3.5,961,Social Media,2,10053,Young High Spender,Upsell premium services
33,Male,Jaipur,Nokia,iOS,4.4,11.5,209.1,96,3.3,6884,7.1,4.9,1088,Education,2,7972,Young High Spender,Upsell premium services
50,Female,Jaipur,Google Pixel,iOS,6.6,8.0,202.1,160,3.8,7450,0.8,0.7,136,Entertainment,2,7586,Young High Spender,Upsell premium services
46,Male,Mumbai,OnePlus,iOS,10.6,17.6,210.3,82,3.6,6732,4.5,1.4,1897,Entertainment,2,8629,Young High Spender,Upsell premium services
29,Male,Lucknow,Google Pixel,Android,6.2,25.9,197.2,118,3.9,5452,4.9,3.2,1454,Social Media,2,6906,Young High Spender,Upsell premium services
25,Female,Chennai,Google Pixel,iOS,9.4,43.8,14.5,51,4.1,5019,0.5,3.7,505,Education,2,5524,Young High Spender,Upsell premium services
25,Other,Ahmedabad,Nokia,Android,8.3,16.9,273.5,168,4.6,8863,7.7,2.4,357,Gaming,2,9220,Young High Spender,Upsell premium services
22,Other,Hyderabad,Apple,Android,9.3,23.8,14.7,103,5.0,9391,1.3,0.5,1139,Social Media,2,10530,Young High Spender,Upsell premium services
33,Other,Chennai,Motorola,iOS,1.5,27.2,114.3,53,4.0,4625,7.1,4.8,1076,Gaming,2,5701,Young High Spender,Upsell premium services
57,Male,Pune,Oppo,iOS,3.8,18.3,129.9,55,5.3,7334,3.0,0.9,1793,Work,2,9127,Young High Spender,Upsell premium services
23,Female,Ahmedabad,OnePlus,Android,5.5,4.6,108.1,128,5.1,8590,5.9,1.9,319,Entertainment,2,8909,Young High Spender,Upsell premium services
27,Other,Ahmedabad,Oppo,Android,6.0,32.3,252.2,193,4.2,8424,3.1,3.2,822,Education,2,9246,Young High Spender,Upsell premium services
36,Other,Chennai,OnePlus,iOS,7.3,45.1,171.8,178,3.4,7863,3.1,2.4,1505,Work,2,9368,Young High Spender,Upsell premium services
42,Male,Lucknow,Motorola,iOS,6.6,4.8,128.6,70,4.7,9186,5.9,2.7,1749,Gaming,2,10935,Young High Spender,Upsell premium services
36,Female,Lucknow,OnePlus,iOS,4.3,15.0,67.1,161,4.5,5303,5.2,0.5,1337,Social Media,2,6640,Young High Spender,Upsell premium services
16,Female,Ahmedabad,Oppo,iOS,8.1,42.3,50.7,65,5.8,8622,3.0,0.6,1463,Entertainment,2,10085,Young High Spender,Upsell premium services
55,Female,Jaipur,Samsung,iOS,9.9,11.6,203.1,200,5.9,6985,5.6,0.9,697,Education,2,7682,Young High Spender,Upsell premium services
31,Other,Hyderabad,Vivo,iOS,6.2,29.4,93.3,190,4.1,7131,3.5,1.7,900,Entertainment,2,8031,Young High Spender,Upsell premium services
58,Male,Pune,Apple,iOS,8.3,16.0,284.7,76,5.6,6613,6.2,3.3,973,Education,2,7586,Young High Spender,Upsell premium services
24,Male,Bangalore,Realme,iOS,3.5,14.6,90.8,111,3.0,9367,4.8,0.9,1481,Work,2,10848,Young High Spender,Upsell premium services
23,Other,Bangalore,Xiaomi,Android,11.9,29.3,227.9,186,3.7,9531,4.7,2.3,933,Gaming,2,10464,Young High Spender,Upsell premium services
18,Female,Jaipur,OnePlus,iOS,10.8,23.2,244.5,17,4.9,7930,0.9,1.3,1255,Education,2,9185,Young High Spender,Upsell premium services
32,Other,Ahmedabad,Samsung,Android,6.9,7.0,12.0,165,3.4,7976,3.9,0.8,823,Work,2,8799,Young High Spender,Upsell premium services
33,Other,Mumbai,Nokia,Android,11.9,19.1,153.1,187,3.8,5120,2.8,4.3,996,Entertainment,2,6116,Young High Spender,Upsell premium services
32,Other,Pune,Nokia,Android,2.1,34.8,55.6,38,4.4,5991,3.5,3.4,470,Education,2,6461,Young High Spender,Upsell premium services
41,Male,Kolkata,OnePlus,Android,9.8,35.7,66.6,36,3.6,7571,5.3,4.7,242,Gaming,2,7813,Young High Spender,Upsell premium services
46,Other,Ahmedabad,Realme,Android,7.4,39.7,161.7,24,5.8,4762,7.0,4.4,864,Entertainment,2,5626,Young High Spender,Upsell premium services
33,Other,Ahmedabad,Google Pixel,Android,4.4,33.6,211.7,19,3.8,6358,1.9,3.2,1268,Education,2,7626,Young High Spender,Upsell premium services
48,Other,Pune,Xiaomi,Android,10.3,21.6,29.2,35,5.1,8864,5.1,1.9,1886,Work,2,10750,Young High Spender,Upsell premium services
48,Female,Lucknow,OnePlus,iOS,10.2,7.3,119.4,84,5.5,5255,2.1,4.0,1164,Work,2,6419,Young High Spender,Upsell premium services
40,Male,Chennai,Vivo,Android,6.3,47.5,69.9,178,3.5,6928,5.5,2.2,1952,Entertainment,2,8880,Young High Spender,Upsell premium services
31,Female,Lucknow,Apple,Android,7.7,33.9,102.5,15,3.5,7288,6.9,0.1,613,Social Media,2,7901,Young High Spender,Upsell premium services
33,Male,Ahmedabad,Oppo,Android,10.5,34.6,184.9,191,3.6,9620,3.8,0.2,423,Social Media,2,10043,Young High Spender,Upsell premium services
29,Female,Hyderabad,Oppo,Android,6.4,42.5,71.9,178,3.5,6833,5.3,0.7,815,Education,2,7648,Young High Spender,Upsell premium services
50,Other,Pune,OnePlus,iOS,6.3,15.8,87.2,188,4.5,6562,5.8,4.9,1611,Education,2,8173,Young High Spender,Upsell premium services
22,Other,Lucknow,Xiaomi,iOS,8.4,14.9,99.9,188,2.8,8430,4.7,3.9,1183,Entertainment,2,9613,Young High Spender,Upsell premium services
46,Other,Delhi,Vivo,iOS,5.0,17.3,71.7,156,5.0,9828,3.5,0.7,340,Gaming,2,10168,Young High Spender,Upsell premium services
35,Male,Kolkata,Oppo,iOS,11.5,19.1,168.5,176,5.8,5187,1.9,3.7,155,Work,2,5342,Young High Spender,Upsell premium services
35,Male,Lucknow,Nokia,Android,7.1,4.0,161.8,140,4.3,7444,3.8,1.3,1330,Gaming,2,8774,Young High Spender,Upsell premium services
33,Female,Kolkata,Motorola,iOS,6.8,21.7,293.8,110,4.3,7122,4.0,4.5,160,Gaming,2,7282,Young High Spender,Upsell premium services
38,Other,Pune,OnePlus,Android,8.5,28.9,80.7,114,4.7,8044,3.4,1.2,1357,Education,2,9401,Young High Spender,Upsell premium services
34,Female,Bangalore,OnePlus,iOS,4.1,42.7,256.0,39,5.0,8258,2.8,1.3,817,Entertainment,2,9075,Young High Spender,Upsell premium services
18,Other,Chennai,Xiaomi,Android,4.6,18.1,87.7,87,3.4,7687,5.8,2.8,1487,Work,2,9174,Young High Spender,Upsell premium services
28,Other,Chennai,Oppo,Android,2.4,23.4,231.9,95,5.1,6786,3.5,3.4,1962,Social Media,2,8748,Young High Spender,Upsell premium services
48,Other,Pune,Nokia,Android,6.8,32.3,166.5,56,4.2,7577,3.9,0.2,1231,Gaming,2,8808,Young High Spender,Upsell premium services
25,Female,Kolkata,OnePlus,iOS,2.7,22.5,166.0,191,5.4,7481,5.7,4.2,613,Education,2,8094,Young High Spender,Upsell premium services
20,Male,Bangalore,Apple,Android,9.3,8.2,180.8,199,5.7,8358,1.8,4.3,1267,Work,2,9625,Young High Spender,Upsell premium services
20,Other,Pune,OnePlus,Android,7.6,20.0,47.7,68,4.2,9416,5.8,3.4,1549,Entertainment,2,10965,Young High Spender,Upsell premium services
24,Male,Kolkata,Oppo,Android,6.1,24.4,205.6,83,5.6,9422,3.8,1.9,714,Work,2,10136,Young High Spender,Upsell premium services
39,Female,Bangalore,Google Pixel,iOS,3.1,28.7,66.7,89,5.3,6030,4.0,1.4,1676,Work,2,7706,Young High Spender,Upsell premium services
46,Other,Bangalore,Realme,Android,7.3,41.6,282.3,200,5.8,8260,4.6,0.3,1754,Education,2,10014,Young High Spender,Upsell premium services
49,Female,Ahmedabad,Xiaomi,Android,6.4,22.3,173.6,46,4.6,8461,0.9,1.5,822,Social Media,2,9283,Young High Spender,Upsell premium services
24,Other,Lucknow,Xiaomi,iOS,6.1,14.9,230.5,61,5.6,5498,1.2,1.4,1536,Education,2,7034,Young High Spender,Upsell premium services
30,Male,Jaipur,Xiaomi,iOS,9.8,44.4,124.7,161,3.8,8225,4.4,2.7,757,Education,2,8982,Young High Spender,Upsell premium services
41,Female,Jaipur,Motorola,Android,4.2,25.7,269.9,176,4.4,7024,4.9,1.9,850,Gaming,2,7874,Young High Spender,Upsell premium services
19,Other,Ahmedabad,Samsung,iOS,4.8,41.5,59.9,91,4.2,8459,1.3,0.7,398,Work,2,8857,Young High Spender,Upsell premium services
47,Other,Hyderabad,Nokia,iOS,4.4,6.9,121.3,94,5.9,9795,7.6,0.4,883,Work,2,10678,Young High Spender,Upsell premium services
26,Male,Bangalore,Nokia,Android,4.1,39.6,178.8,106,4.0,8366,7.8,2.7,261,Gaming,2,8627,Young High Spender,Upsell premium services
19,Male,Bangalore,Google Pixel,iOS,9.1,2.0,121.3,186,2.8,7620,4.7,3.7,1910,Gaming,2,9530,Young High Spender,Upsell premium services
36,Female,Mumbai,Google Pixel,iOS,11.3,26.3,188.3,156,4.7,5401,4.7,2.5,207,Work,2,5608,Young High Spender,Upsell premium services
19,Male,Delhi,Samsung,Android,8.1,4.6,172.1,50,3.4,8014,4.0,3.7,561,Gaming,2,8575,Young High Spender,Upsell premium services
24,Other,Lucknow,Apple,Android,7.3,1.2,67.7,86,4.9,8177,8.0,2.1,1408,Gaming,2,9585,Young High Spender,Upsell premium services
28,Male,Bangalore,Samsung,iOS,3.3,21.0,185.4,150,5.4,8820,4.9,4.3,1425,Work,2,10245,Young High Spender,Upsell premium services
27,Other,Chennai,Oppo,Android,10.4,12.3,19.8,20,5.3,3416,2.4,2.9,254,Entertainment,2,3670,Young High Spender,Upsell premium services
39,Other,Kolkata,Google Pixel,Android,7.3,22.5,95.0,104,3.7,7971,5.2,2.0,1224,Education,2,9195,Young High Spender,Upsell premium services
54,Other,Hyderabad,OnePlus,iOS,2.2,17.0,45.1,134,5.6,6142,4.2,0.7,1028,Work,2,7170,Young High Spender,Upsell premium services
55,Male,Lucknow,Google Pixel,Android,6.6,3.9,87.2,39,5.7,7865,5.6,4.0,1345,Education,2,9210,Young High Spender,Upsell premium services
40,Other,Lucknow,Google Pixel,Android,8.0,7.6,44.7,194,4.8,4996,5.7,1.0,1098,Education,2,6094,Young High Spender,Upsell premium services
26,Female,Chennai,Oppo,iOS,8.6,19.1,194.2,17,5.2,4776,2.4,4.9,704,Entertainment,2,5480,Young High Spender,Upsell premium services
29,Other,Kolkata,Apple,iOS,4.3,31.7,176.0,11,4.9,9781,7.7,1.7,1112,Education,2,10893,Young High Spender,Upsell premium services
45,Male,Mumbai,Samsung,Android,6.8,15.1,122.1,47,4.8,5158,2.4,3.6,1907,Social Media,2,7065,Young High Spender,Upsell premium services
33,Female,Chennai,Xiaomi,Android,6.0,5.9,141.3,56,5.8,9831,4.5,3.9,1787,Social Media,2,11618,Young High Spender,Upsell premium services
24,Female,Pune,Google Pixel,iOS,6.0,27.4,100.3,182,5.5,5566,1.7,0.7,349,Work,2,5915,Young High Spender,Upsell premium services
52,Other,Lucknow,Realme,Android,8.8,15.6,206.7,164,3.9,8460,4.7,1.9,798,Social Media,2,9258,Young High Spender,Upsell premium services
24,Male,Bangalore,Samsung,Android,8.1,21.2,102.0,188,5.0,6756,2.3,4.3,883,Entertainment,2,7639,Young High Spender,Upsell premium services
16,Female,Chennai,Google Pixel,Android,9.6,36.4,226.7,169,5.8,4807,6.7,3.6,1087,Education,2,5894,Young High Spender,Upsell premium services
54,Other,Jaipur,Motorola,iOS,2.9,19.6,204.6,68,5.9,7084,7.1,2.8,1473,Social Media,2,8557,Young High Spender,Upsell premium services
36,Other,Hyderabad,Apple,iOS,7.7,45.5,73.5,53,4.0,9723,1.2,0.7,1882,Entertainment,2,11605,Young High Spender,Upsell premium services
29,Other,Hyderabad,OnePlus,Android,2.0,33.8,16.5,179,3.9,7499,2.7,0.7,433,Entertainment,2,7932,Young High Spender,Upsell premium services
24,Other,Kolkata,OnePlus,iOS,5.4,24.7,66.0,198,3.6,7672,2.3,0.5,1664,Education,2,9336,Young High Spender,Upsell premium services
40,Female,Mumbai,Google Pixel,iOS,3.4,29.0,37.6,161,4.9,8584,7.9,1.3,559,Gaming,2,9143,Young High Spender,Upsell premium services
24,Male,Delhi,Vivo,Android,8.2,21.6,285.4,96,5.2,5627,7.5,4.2,497,Gaming,2,6124,Young High Spender,Upsell premium services
20,Other,Lucknow,Realme,iOS,3.4,46.8,177.2,34,5.3,5648,6.3,4.6,284,Entertainment,2,5932,Young High Spender,Upsell premium services
20,Male,Bangalore,Nokia,iOS,8.0,34.3,164.8,84,5.5,8012,5.8,0.8,405,Entertainment,2,8417,Young High Spender,Upsell premium services
20,Other,Jaipur,Realme,Android,11.1,16.9,181.0,195,5.5,5099,5.9,3.5,2000,Social Media,2,7099,Young High Spender,Upsell premium services
36,Male,Lucknow,Vivo,Android,8.0,48.5,62.5,114,5.6,5109,3.9,4.6,1258,Gaming,2,6367,Young High Spender,Upsell premium services
50,Other,Kolkata,Nokia,Android,4.6,10.1,164.9,166,5.3,8666,2.2,1.2,119,Work,2,8785,Young High Spender,Upsell premium services
43,Male,Pune,OnePlus,iOS,11.8,9.6,60.0,151,4.4,6260,1.6,2.8,461,Gaming,2,6721,Young High Spender,Upsell premium services
35,Male,Ahmedabad,Xiaomi,Android,5.7,19.0,111.5,55,5.6,6765,4.3,3.0,344,Social Media,2,7109,Young High Spender,Upsell premium services
24,Other,Kolkata,Motorola,Android,3.0,37.4,136.0,36,4.7,9775,1.0,3.1,1560,Work,2,11335,Young High Spender,Upsell premium services
39,Male,Hyderabad,OnePlus,Android,11.2,43.6,96.6,153,5.3,9938,7.6,3.6,1539,Gaming,2,11477,Young High Spender,Upsell premium services
28,Male,Ahmedabad,Xiaomi,iOS,8.6,2.8,53.6,50,4.3,4940,7.6,0.8,132,Work,2,5072,Young High Spender,Upsell premium services
28,Female,Jaipur,OnePlus,Android,3.6,11.1,91.5,72,5.3,4864,1.7,0.8,1976,Social Media,2,6840,Young High Spender,Upsell premium services
42,Male,Pune,Oppo,Android,3.2,26.5,239.5,200,4.9,5931,1.9,2.6,1379,Social Media,2,7310,Young High Spender,Upsell premium services
58,Female,Pune,Nokia,iOS,8.6,29.0,287.0,175,5.4,7248,5.8,1.3,1098,Work,2,8346,Young High Spender,Upsell premium services
16,Male,Jaipur,Nokia,iOS,10.7,48.7,289.8,18,5.0,6870,1.3,3.6,1676,Entertainment,2,8546,Young High Spender,Upsell premium services
52,Male,Mumbai,Motorola,Android,3.6,4.5,101.6,50,4.0,9296,4.5,4.2,233,Entertainment,2,9529,Young High Spender,Upsell premium services
59,Other,Chennai,OnePlus,iOS,5.0,10.7,102.7,192,5.7,9931,3.8,1.9,1261,Entertainment,2,11192,Young High Spender,Upsell premium services
36,Female,Jaipur,Motorola,iOS,2.0,41.7,57.8,96,5.8,8256,3.3,0.1,1228,Gaming,2,9484,Young High Spender,Upsell premium services
53,Male,Ahmedabad,Samsung,Android,2.8,40.1,91.7,92,5.2,9435,4.9,0.6,1093,Gaming,2,10528,Young High Spender,Upsell premium services
28,Other,Pune,OnePlus,iOS,1.8,21.0,143.6,189,5.0,8743,7.6,3.2,1404,Social Media,2,10147,Young High Spender,Upsell premium services
29,Male,Lucknow,Samsung,iOS,11.3,41.6,62.2,79,3.7,5408,0.6,4.7,1231,Education,2,6639,Young High Spender,Upsell premium services
40,Male,Lucknow,Nokia,Android,8.6,33.4,227.8,175,5.6,6388,6.8,2.8,300,Social Media,2,6688,Young High Spender,Upsell premium services
28,Male,Jaipur,Vivo,iOS,11.2,17.8,259.5,98,4.8,7873,1.9,3.9,1771,Social Media,2,9644,Young High Spender,Upsell premium services
47,Male,Bangalore,Google Pixel,Android,1.1,17.6,118.8,142,5.9,7322,0.7,3.1,950,Gaming,2,8272,Young High Spender,Upsell premium services
31,Female,Ahmedabad,Oppo,iOS,9.5,36.1,261.5,31,5.9,5970,7.3,0.9,600,Entertainment,2,6570,Young High Spender,Upsell premium services
20,Female,Ahmedabad,Google Pixel,iOS,1.6,48.4,234.8,142,5.9,4799,5.8,4.2,270,Entertainment,2,5069,Young High Spender,Upsell premium services
30,Other,Hyderabad,Vivo,iOS,9.9,31.2,137.7,166,4.8,6792,3.7,4.7,141,Gaming,2,6933,Young High Spender,Upsell premium services
30,Other,Bangalore,Nokia,iOS,2.2,46.1,102.3,141,3.8,8630,7.5,1.8,441,Entertainment,2,9071,Young High Spender,Upsell premium services
21,Other,Kolkata,Samsung,Android,11.3,40.8,174.8,72,3.1,7565,3.1,1.5,1469,Entertainment,2,9034,Young High Spender,Upsell premium services
16,Male,Chennai,OnePlus,iOS,9.4,12.1,150.1,22,4.0,7042,3.7,3.6,934,Gaming,2,7976,Young High Spender,Upsell premium services
36,Female,Ahmedabad,Oppo,iOS,11.0,13.4,228.5,16,4.0,7165,2.7,0.3,1745,Gaming,2,8910,Young High Spender,Upsell premium services
27,Female,Hyderabad,Apple,Android,3.1,15.5,157.0,90,5.2,4515,1.8,3.9,1785,Education,2,6300,Young High Spender,Upsell premium services
32,Female,Delhi,Nokia,Android,1.3,42.7,293.0,185,6.0,6995,6.5,2.1,621,Education,2,7616,Young High Spender,Upsell premium services
21,Male,Delhi,Oppo,iOS,12.0,24.8,205.6,23,4.0,6152,5.1,4.0,1834,Work,2,7986,Young High Spender,Upsell premium services
50,Male,Ahmedabad,Realme,iOS,2.3,27.4,6.5,43,4.8,8808,1.8,4.9,794,Social Media,2,9602,Young High Spender,Upsell premium services
45,Male,Mumbai,Samsung,Android,8.1,37.0,74.0,88,3.7,7606,5.7,2.9,243,Social Media,2,7849,Young High Spender,Upsell premium services
27,Female,Ahmedabad,Apple,Android,1.3,41.6,97.1,85,5.4,6377,0.9,3.0,779,Entertainment,2,7156,Young High Spender,Upsell premium services
20,Male,Chennai,Realme,iOS,10.2,23.0,284.7,20,5.0,9666,0.7,4.5,1908,Gaming,2,11574,Young High Spender,Upsell premium services
24,Other,Hyderabad,Xiaomi,Android,5.9,33.0,119.0,123,5.3,8968,7.4,0.7,1844,Social Media,2,10812,Young High Spender,Upsell premium services
30,Male,Bangalore,Samsung,Android,5.5,17.9,23.8,80,3.3,7697,4.4,2.9,769,Work,2,8466,Young High Spender,Upsell premium services
15,Other,Pune,Samsung,Android,1.5,29.2,170.4,51,4.1,8734,4.7,3.8,881,Education,2,9615,Young High Spender,Upsell premium services
22,Male,Kolkata,Google Pixel,iOS,8.5,49.3,64.5,168,5.1,5325,0.9,1.7,1709,Gaming,2,7034,Young High Spender,Upsell premium services
52,Other,Ahmedabad,Apple,Android,1.8,8.9,160.6,162,4.8,9690,6.3,0.4,1817,Gaming,2,11507,Young High Spender,Upsell premium services
53,Female,Lucknow,Samsung,iOS,11.5,13.2,215.4,61,4.5,7385,2.3,1.7,1756,Entertainment,2,9141,Young High Spender,Upsell premium services
46,Other,Ahmedabad,Samsung,Android,5.6,34.9,49.9,88,4.2,5739,7.7,1.9,1068,Education,2,6807,Young High Spender,Upsell premium services
24,Female,Bangalore,Realme,iOS,4.6,44.8,48.8,26,6.0,3542,4.7,0.0,151,Gaming,2,3693,Young High Spender,Upsell premium services
48,Female,Bangalore,OnePlus,iOS,3.6,47.6,74.8,52,5.7,9171,2.6,0.2,1798,Education,2,10969,Young High Spender,Upsell premium services
28,Male,Pune,Xiaomi,Android,1.4,9.6,223.2,185,3.8,7357,7.5,3.3,1609,Work,2,8966,Young High Spender,Upsell premium services
52,Female,Lucknow,Xiaomi,iOS,3.3,36.5,175.6,198,5.9,7984,6.5,3.2,476,Gaming,2,8460,Young High Spender,Upsell premium services
20,Female,Delhi,Realme,iOS,6.9,50.0,274.7,76,4.2,9289,6.7,3.0,716,Work,2,10005,Young High Spender,Upsell premium services
21,Female,Mumbai,Oppo,iOS,3.1,38.5,151.5,153,5.9,8163,6.5,2.8,897,Entertainment,2,9060,Young High Spender,Upsell premium services
22,Male,Hyderabad,Samsung,Android,9.6,16.8,172.1,35,5.7,6404,3.3,2.2,1924,Education,2,8328,Young High Spender,Upsell premium services
50,Male,Hyderabad,Nokia,iOS,8.5,33.1,7.8,104,4.8,8729,2.6,0.3,176,Gaming,2,8905,Young High Spender,Upsell premium services
51,Male,Bangalore,Realme,Android,6.9,26.3,256.1,33,5.6,5484,1.8,3.8,442,Entertainment,2,5926,Young High Spender,Upsell premium services
33,Female,Delhi,Vivo,iOS,2.6,2.4,7.0,27,5.6,2975,4.5,3.7,1239,Education,2,4214,Young High Spender,Upsell premium services
21,Female,Lucknow,Realme,iOS,7.2,4.8,52.7,74,5.3,4308,6.0,3.1,521,Entertainment,2,4829,Young High Spender,Upsell premium services
27,Female,Lucknow,Oppo,iOS,6.7,46.4,287.5,189,5.8,4727,6.1,1.5,183,Gaming,2,4910,Young High Spender,Upsell premium services
40,Other,Pune,OnePlus,iOS,5.7,44.3,85.8,92,4.1,9084,0.7,2.6,908,Social Media,2,9992,Young High Spender,Upsell premium services
48,Other,Jaipur,Realme,Android,4.3,25.6,157.3,181,3.7,9376,6.3,2.5,1654,Work,2,11030,Young High Spender,Upsell premium services
39,Male,Jaipur,Motorola,Android,10.3,34.2,92.6,59,3.6,7373,0.5,0.7,1206,Education,2,8579,Young High Spender,Upsell premium services
34,Male,Jaipur,Samsung,iOS,2.3,48.0,270.1,148,3.9,5713,0.9,0.5,406,Entertainment,2,6119,Young High Spender,Upsell premium services
32,Male,Mumbai,OnePlus,iOS,4.2,46.7,156.6,22,4.4,4704,6.7,0.9,1233,Entertainment,2,5937,Young High Spender,Upsell premium services
29,Other,Lucknow,Xiaomi,iOS,8.4,1.2,265.1,138,5.9,8269,1.6,1.3,566,Entertainment,2,8835,Young High Spender,Upsell premium services
25,Female,Lucknow,Vivo,Android,5.6,10.4,31.9,109,3.9,6840,1.7,4.3,1221,Entertainment,2,8061,Young High Spender,Upsell premium services
37,Other,Chennai,OnePlus,Android,9.3,40.8,81.9,42,5.7,5957,0.8,1.3,1758,Social Media,2,7715,Young High Spender,Upsell premium services
42,Male,Kolkata,Apple,iOS,7.3,36.3,48.5,56,5.4,7005,3.2,1.3,849,Education,2,7854,Young High Spender,Upsell premium services
15,Other,Lucknow,Oppo,Android,3.4,38.4,17.1,130,5.7,4867,3.5,0.0,112,Education,2,4979,Young High Spender,Upsell premium services
55,Male,Bangalore,Nokia,Android,10.7,32.4,56.8,12,3.9,7998,3.6,4.3,514,Gaming,2,8512,Young High Spender,Upsell premium services
30,Other,Pune,Xiaomi,iOS,9.6,39.9,8.9,117,5.0,5868,7.1,2.0,352,Entertainment,2,6220,Young High Spender,Upsell premium services
41,Male,Chennai,Samsung,iOS,6.9,36.1,167.9,133,4.2,9306,4.0,0.3,1390,Social Media,2,10696,Young High Spender,Upsell premium services
56,Male,Kolkata,OnePlus,Android,2.4,8.5,231.4,11,5.7,7006,3.9,3.3,1219,Social Media,2,8225,Young High Spender,Upsell premium services
35,Other,Pune,Google Pixel,iOS,3.6,38.0,197.8,41,5.8,6073,2.6,0.3,303,Work,2,6376,Young High Spender,Upsell premium services
31,Other,Chennai,Vivo,iOS,6.7,19.2,83.4,82,4.4,6697,5.8,1.1,1900,Education,2,8597,Young High Spender,Upsell premium services
40,Female,Chennai,Apple,iOS,1.4,5.4,197.8,18,3.8,9572,2.6,3.3,1535,Work,2,11107,Young High Spender,Upsell premium services
54,Female,Pune,Realme,iOS,4.9,4.2,132.2,18,3.7,9589,5.3,2.9,1113,Work,2,10702,Young High Spender,Upsell premium services
45,Female,Pune,Vivo,iOS,8.3,26.2,286.1,40,3.9,8686,2.5,4.9,1370,Social Media,2,10056,Young High Spender,Upsell premium services
36,Female,Mumbai,OnePlus,Android,7.0,30.3,8.9,36,3.8,5788,5.6,1.0,1738,Social Media,2,7526,Young High Spender,Upsell premium services
28,Male,Kolkata,Google Pixel,iOS,2.8,16.5,262.0,109,5.3,7286,3.8,0.6,561,Social Media,2,7847,Young High Spender,Upsell premium services
41,Other,Bangalore,Samsung,iOS,9.4,25.8,180.9,162,5.8,5170,1.8,4.1,1046,Education,2,6216,Young High Spender,Upsell premium services
48,Female,Hyderabad,Oppo,iOS,8.3,28.2,294.3,40,5.6,9278,3.9,3.7,1077,Entertainment,2,10355,Young High Spender,Upsell premium services
40,Male,Bangalore,Oppo,Android,9.3,44.0,67.4,112,4.6,9340,3.8,2.4,1590,Entertainment,2,10930,Young High Spender,Upsell premium services
28,Male,Ahmedabad,Oppo,Android,3.1,4.1,61.7,183,5.9,4466,2.4,3.7,313,Work,2,4779,Young High Spender,Upsell premium services
35,Other,Delhi,Oppo,iOS,11.7,24.3,130.9,92,4.6,9903,1.0,2.1,1458,Work,2,11361,Young High Spender,Upsell premium services
32,Female,Lucknow,Samsung,Android,4.6,36.0,264.3,192,3.3,6244,2.6,2.2,1190,Work,2,7434,Young High Spender,Upsell premium services
40,Male,Jaipur,Oppo,Android,7.3,14.2,170.1,54,5.7,6062,4.6,3.1,1986,Entertainment,2,8048,Young High Spender,Upsell premium services
35,Other,Hyderabad,Vivo,iOS,4.9,11.3,123.5,73,5.3,7781,6.5,4.5,1721,Gaming,2,9502,Young High Spender,Upsell premium services
25,Female,Ahmedabad,Google Pixel,iOS,11.4,35.3,110.3,88,3.8,6172,1.1,2.7,1158,Entertainment,2,7330,Young High Spender,Upsell premium services
45,Female,Hyderabad,Apple,iOS,8.1,8.6,84.2,54,4.8,7252,1.0,2.5,921,Social Media,2,8173,Young High Spender,Upsell premium services
18,Male,Kolkata,Xiaomi,Android,4.4,35.1,289.4,186,5.9,8804,1.6,1.5,778,Work,2,9582,Young High Spender,Upsell premium services
28,Female,Lucknow,Nokia,Android,6.0,45.4,78.7,199,2.9,9747,2.8,0.1,1472,Social Media,2,11219,Young High Spender,Upsell premium services
25,Other,Kolkata,Oppo,iOS,6.4,31.5,133.5,33,3.5,6876,3.8,1.7,133,Social Media,2,7009,Young High Spender,Upsell premium services
57,Female,Mumbai,Motorola,iOS,9.9,40.2,66.7,172,3.8,8135,3.9,2.0,483,Education,2,8618,Young High Spender,Upsell premium services
24,Female,Kolkata,Apple,Android,3.8,39.5,231.2,165,4.1,7540,0.6,1.8,303,Entertainment,2,7843,Young High Spender,Upsell premium services
21,Male,Pune,Google Pixel,Android,7.3,44.5,265.4,180,5.6,4774,2.9,4.3,1077,Gaming,2,5851,Young High Spender,Upsell premium services
29,Female,Delhi,Google Pixel,iOS,3.1,46.4,22.3,67,4.3,9228,4.7,0.7,1662,Entertainment,2,10890,Young High Spender,Upsell premium services
46,Other,Pune,Samsung,Android,8.9,14.9,246.2,34,4.1,8936,2.7,0.4,953,Work,2,9889,Young High Spender,Upsell premium services
51,Female,Hyderabad,Samsung,iOS,5.0,36.4,65.2,85,4.9,9191,2.3,1.7,1010,Entertainment,2,10201,Young High Spender,Upsell premium services
55,Male,Jaipur,Xiaomi,iOS,5.4,36.3,176.2,73,4.7,9325,4.2,4.9,1251,Education,2,10576,Young High Spender,Upsell premium services
46,Female,Hyderabad,Xiaomi,Android,8.5,27.6,45.4,65,4.9,8146,4.0,3.4,1231,Social Media,2,9377,Young High Spender,Upsell premium services
56,Other,Jaipur,Oppo,iOS,3.9,45.3,273.7,200,4.9,9619,2.5,0.6,1829,Education,2,11448,Young High Spender,Upsell premium services
36,Female,Lucknow,Nokia,iOS,6.9,6.4,111.3,31,3.7,6872,4.7,1.0,1371,Work,2,8243,Young High Spender,Upsell premium services
41,Female,Lucknow,Samsung,Android,10.0,16.6,40.2,159,3.9,5687,7.8,1.4,653,Social Media,2,6340,Young High Spender,Upsell premium services
50,Female,Pune,Google Pixel,Android,5.8,40.7,64.7,123,4.3,6461,4.5,1.5,1946,Social Media,2,8407,Young High Spender,Upsell premium services
52,Male,Delhi,Google Pixel,Android,11.0,31.9,142.6,138,4.3,7594,1.7,3.9,393,Work,2,7987,Young High Spender,Upsell premium services
29,Female,Jaipur,Xiaomi,Android,11.3,11.7,184.8,126,3.9,9610,0.5,1.4,533,Gaming,2,10143,Young High Spender,Upsell premium services
47,Female,Chennai,Motorola,Android,3.3,18.9,27.4,93,5.6,5498,4.8,2.5,1093,Entertainment,2,6591,Young High Spender,Upsell premium services
16,Other,Jaipur,Google Pixel,iOS,6.3,31.3,210.2,166,3.4,9195,7.5,2.5,1516,Gaming,2,10711,Young High Spender,Upsell premium services
21,Female,Ahmedabad,Nokia,Android,9.1,32.9,210.8,143,4.5,7829,3.2,4.8,313,Entertainment,2,8142,Young High Spender,Upsell premium services
44,Female,Jaipur,Samsung,Android,4.6,20.1,143.3,134,5.8,5964,6.0,3.5,475,Social Media,2,6439,Young High Spender,Upsell premium services
28,Female,Chennai,OnePlus,iOS,8.8,37.7,282.7,25,4.3,8411,4.7,3.8,1497,Gaming,2,9908,Young High Spender,Upsell premium services
36,Female,Delhi,Apple,iOS,1.2,28.1,6.3,97,4.9,4711,6.5,3.6,574,Education,2,5285,Young High Spender,Upsell premium services
30,Male,Pune,Nokia,Android,4.8,21.0,40.6,188,5.1,8244,6.1,4.9,886,Gaming,2,9130,Young High Spender,Upsell premium services
53,Other,Chennai,OnePlus,Android,8.6,22.5,78.0,23,4.1,9386,2.7,2.9,1521,Social Media,2,10907,Young High Spender,Upsell premium services
23,Female,Lucknow,Nokia,iOS,5.2,11.3,120.8,58,3.5,9724,3.7,2.5,469,Gaming,2,10193,Young High Spender,Upsell premium services
32,Male,Ahmedabad,Xiaomi,Android,7.0,15.1,122.6,168,4.2,7814,5.2,4.6,221,Education,2,8035,Young High Spender,Upsell premium services
23,Female,Kolkata,Samsung,Android,11.9,32.5,205.4,15,3.0,7544,3.0,0.3,507,Work,2,8051,Young High Spender,Upsell premium services
54,Female,Jaipur,OnePlus,iOS,2.0,3.3,230.7,87,4.8,8927,6.6,1.6,1943,Entertainment,2,10870,Young High Spender,Upsell premium services
53,Other,Bangalore,Nokia,iOS,6.6,35.0,210.8,116,5.0,8288,3.3,2.9,1931,Social Media,2,10219,Young High Spender,Upsell premium services
52,Other,Chennai,Apple,iOS,4.1,46.3,221.6,173,5.8,6556,6.5,4.0,1038,Gaming,2,7594,Young High Spender,Upsell premium services
15,Other,Ahmedabad,Samsung,iOS,3.0,26.4,179.8,200,5.9,4993,7.7,3.3,1670,Social Media,2,6663,Young High Spender,Upsell premium services
17,Female,Delhi,Vivo,Android,4.4,31.4,55.8,106,5.1,9547,1.3,4.1,616,Education,2,10163,Young High Spender,Upsell premium services
33,Female,Hyderabad,Xiaomi,iOS,2.6,40.3,15.1,89,5.4,8151,1.9,3.3,1897,Education,2,10048,Young High Spender,Upsell premium services
23,Other,Pune,Vivo,Android,3.0,26.9,55.5,192,5.1,7625,6.8,2.7,414,Entertainment,2,8039,Young High Spender,Upsell premium services
46,Other,Kolkata,Apple,Android,9.1,46.0,211.5,63,5.9,5106,7.1,2.3,418,Gaming,2,5524,Young High Spender,Upsell premium services
18,Female,Ahmedabad,Motorola,Android,7.1,7.5,105.7,13,4.7,9852,2.9,2.8,1581,Gaming,2,11433,Young High Spender,Upsell premium services
54,Female,Delhi,Google Pixel,iOS,7.3,23.3,204.7,163,4.8,9512,2.4,3.4,1422,Work,2,10934,Young High Spender,Upsell premium services
42,Other,Jaipur,Nokia,Android,11.7,38.7,297.0,77,4.4,8650,2.1,0.3,652,Work,2,9302,Young High Spender,Upsell premium services
58,Other,Bangalore,Xiaomi,iOS,5.3,15.1,252.3,181,5.2,7060,5.4,4.1,1777,Work,2,8837,Young High Spender,Upsell premium services
45,Female,Jaipur,Xiaomi,iOS,11.5,48.7,34.6,67,4.9,9029,4.7,1.9,365,Entertainment,2,9394,Young High Spender,Upsell premium services
41,Other,Pune,Oppo,iOS,11.5,33.4,75.0,14,5.0,8619,0.9,3.9,514,Social Media,2,9133,Young High Spender,Upsell premium services
33,Female,Hyderabad,Xiaomi,Android,4.1,34.5,196.0,66,5.1,6205,6.9,1.2,542,Social Media,2,6747,Young High Spender,Upsell premium services
33,Female,Chennai,Apple,iOS,6.4,8.7,85.8,43,3.2,5454,2.5,0.2,1849,Work,2,7303,Young High Spender,Upsell premium services
17,Male,Mumbai,Samsung,Android,10.5,40.5,275.3,181,4.8,7869,7.3,2.6,1500,Education,2,9369,Young High Spender,Upsell premium services
49,Male,Delhi,Vivo,iOS,6.7,9.8,187.6,134,5.8,9828,4.2,1.8,1468,Social Media,2,11296,Young High Spender,Upsell premium services
33,Other,Jaipur,Nokia,iOS,8.3,23.9,16.7,26,3.8,9983,4.6,3.6,253,Work,2,10236,Young High Spender,Upsell premium services
41,Female,Jaipur,Google Pixel,iOS,4.0,38.3,192.3,170,3.6,9853,6.7,3.5,561,Social Media,2,10414,Young High Spender,Upsell premium services
42,Male,Mumbai,Google Pixel,iOS,8.5,1.4,24.1,117,6.0,5597,0.5,0.9,506,Gaming,2,6103,Young High Spender,Upsell premium services
25,Other,Bangalore,Google Pixel,Android,5.2,48.0,101.1,197,5.9,7265,7.6,4.9,881,Education,2,8146,Young High Spender,Upsell premium services
19,Female,Bangalore,Motorola,Android,3.4,12.5,68.6,135,3.6,7156,5.2,1.5,1509,Gaming,2,8665,Young High Spender,Upsell premium services
31,Other,Lucknow,Xiaomi,Android,5.5,34.3,22.8,20,3.7,8933,1.4,0.7,979,Social Media,2,9912,Young High Spender,Upsell premium services
51,Other,Kolkata,Apple,iOS,2.9,46.8,184.5,157,5.2,5949,7.9,1.3,1020,Social Media,2,6969,Young High Spender,Upsell premium services
36,Other,Hyderabad,Oppo,Android,8.4,34.1,159.4,56,4.1,6442,1.2,1.2,175,Social Media,2,6617,Young High Spender,Upsell premium services
36,Female,Kolkata,Xiaomi,Android,10.2,46.2,290.4,46,3.7,5975,4.1,0.3,1137,Work,2,7112,Young High Spender,Upsell premium services
33,Male,Bangalore,Nokia,iOS,5.1,27.1,139.1,48,3.3,7374,5.4,4.5,996,Entertainment,2,8370,Young High Spender,Upsell premium services
46,Female,Pune,Google Pixel,Android,6.6,6.5,269.1,186,3.8,8466,4.0,4.2,1163,Gaming,2,9629,Young High Spender,Upsell premium services
36,Female,Hyderabad,Apple,Android,1.5,26.4,38.3,172,3.7,8616,6.7,1.6,505,Education,2,9121,Young High Spender,Upsell premium services
38,Female,Chennai,Realme,iOS,2.1,39.1,45.8,190,5.0,5259,2.3,4.1,1650,Education,2,6909,Young High Spender,Upsell premium services
39,Other,Bangalore,Google Pixel,iOS,9.0,38.9,299.6,175,5.7,5099,6.8,3.7,327,Education,2,5426,Young High Spender,Upsell premium services
43,Male,Hyderabad,Google Pixel,iOS,6.7,37.4,14.3,180,3.3,7593,5.1,4.4,1661,Entertainment,2,9254,Young High Spender,Upsell premium services
24,Male,Bangalore,Xiaomi,Android,11.3,30.3,190.0,171,5.1,9804,2.8,0.1,315,Work,2,10119,Young High Spender,Upsell premium services
43,Other,Lucknow,Oppo,Android,2.8,23.8,285.5,88,4.7,5730,2.3,2.7,995,Gaming,2,6725,Young High Spender,Upsell premium services
34,Male,Delhi,OnePlus,iOS,1.8,5.2,238.3,18,5.7,8794,4.8,0.4,391,Education,2,9185,Young High Spender,Upsell premium services
44,Male,Delhi,Motorola,iOS,3.7,29.3,278.2,139,5.9,6677,3.2,0.7,754,Entertainment,2,7431,Young High Spender,Upsell premium services
46,Male,Bangalore,OnePlus,Android,3.9,3.5,57.5,35,3.6,7813,5.1,1.8,1700,Gaming,2,9513,Young High Spender,Upsell premium services
46,Other,Delhi,Vivo,Android,1.7,44.9,104.5,111,4.8,5048,5.8,0.1,1156,Gaming,2,6204,Young High Spender,Upsell premium services
16,Male,Bangalore,Apple,iOS,7.7,9.6,27.4,45,3.5,9033,7.6,0.0,1689,Work,2,10722,Young High Spender,Upsell premium services
47,Male,Kolkata,Xiaomi,Android,7.5,35.1,24.0,163,4.6,9680,3.7,3.9,1261,Entertainment,2,10941,Young High Spender,Upsell premium services
39,Female,Ahmedabad,Samsung,Android,6.7,16.7,161.0,41,3.7,5537,6.1,1.7,1399,Education,2,6936,Young High Spender,Upsell premium services
50,Other,Pune,Oppo,iOS,7.7,4.0,292.1,54,4.9,8180,5.2,4.1,193,Work,2,8373,Young High Spender,Upsell premium services
43,Male,Jaipur,Vivo,Android,8.6,46.6,227.0,56,5.4,8317,0.8,1.9,1509,Social Media,2,9826,Young High Spender,Upsell premium services
39,Other,Pune,Xiaomi,Android,8.0,15.8,62.8,98,3.2,7736,6.1,4.0,1970,Gaming,2,9706,Young High Spender,Upsell premium services
49,Male,Mumbai,OnePlus,iOS,12.0,25.8,74.4,108,4.8,9255,5.0,1.9,788,Social Media,2,10043,Young High Spender,Upsell premium services
27,Female,Pune,OnePlus,Android,9.1,7.5,232.4,154,5.8,9266,1.9,0.1,1482,Entertainment,2,10748,Young High Spender,Upsell premium services
60,Female,Kolkata,Nokia,iOS,5.4,14.4,162.0,100,4.2,8323,3.8,4.4,1983,Work,2,10306,Young High Spender,Upsell premium services
30,Other,Pune,OnePlus,Android,8.5,49.7,297.2,72,3.8,8558,3.7,1.5,1792,Work,2,10350,Young High Spender,Upsell premium services
19,Other,Bangalore,Xiaomi,iOS,1.2,43.3,252.3,35,3.1,8985,4.5,0.1,937,Work,2,9922,Young High Spender,Upsell premium services
45,Other,Mumbai,Nokia,iOS,4.0,36.4,244.2,50,5.5,6710,2.7,1.0,306,Education,2,7016,Young High Spender,Upsell premium services
38,Female,Jaipur,Vivo,iOS,7.7,41.7,159.3,103,4.5,8189,7.2,3.0,1062,Education,2,9251,Young High Spender,Upsell premium services
54,Female,Lucknow,Apple,iOS,5.0,7.8,47.4,16,5.5,8943,0.9,1.4,484,Gaming,2,9427,Young High Spender,Upsell premium services
29,Female,Bangalore,Xiaomi,Android,5.7,22.4,200.6,194,6.0,7787,7.5,4.3,1148,Social Media,2,8935,Young High Spender,Upsell premium services
24,Other,Mumbai,Samsung,Android,1.2,7.2,248.9,183,5.9,8968,4.5,4.2,975,Work,2,9943,Young High Spender,Upsell premium services
18,Female,Jaipur,Oppo,iOS,3.8,28.3,208.2,114,5.9,6299,7.3,1.1,1420,Work,2,7719,Young High Spender,Upsell premium services
59,Other,Lucknow,Motorola,Android,10.8,2.9,50.1,177,4.2,8504,7.8,4.2,1774,Entertainment,2,10278,Young High Spender,Upsell premium services
29,Female,Lucknow,Vivo,Android,9.6,49.1,288.1,80,4.4,8573,3.5,4.8,983,Entertainment,2,9556,Young High Spender,Upsell premium services
51,Male,Ahmedabad,Motorola,Android,5.7,19.5,215.5,100,3.8,9629,3.8,4.9,134,Entertainment,2,9763,Young High Spender,Upsell premium services
36,Male,Lucknow,Motorola,Android,8.8,1.1,167.3,117,5.4,8020,0.9,0.3,1791,Education,2,9811,Young High Spender,Upsell premium services
16,Female,Lucknow,Vivo,iOS,8.5,10.7,139.3,58,5.7,8261,7.5,3.6,768,Social Media,2,9029,Young High Spender,Upsell premium services
15,Other,Kolkata,Oppo,iOS,10.8,39.6,70.6,141,5.9,7669,2.9,3.6,577,Gaming,2,8246,Young High Spender,Upsell premium services
21,Other,Lucknow,Apple,Android,8.6,30.0,280.5,138,3.0,8961,5.7,1.2,1017,Work,2,9978,Young High Spender,Upsell premium services
39,Other,Kolkata,Samsung,iOS,8.1,15.8,255.9,102,4.3,4702,5.0,4.5,381,Education,2,5083,Young High Spender,Upsell premium services
58,Other,Jaipur,Realme,iOS,9.8,48.8,178.9,169,5.2,9223,5.6,0.7,1011,Entertainment,2,10234,Young High Spender,Upsell premium services
17,Male,Bangalore,Apple,iOS,6.5,12.8,222.8,104,5.3,9247,2.0,4.4,1718,Education,2,10965,Young High Spender,Upsell premium services
47,Other,Lucknow,Realme,Android,9.7,40.8,82.4,159,5.7,5980,6.9,1.8,1536,Work,2,7516,Young High Spender,Upsell premium services
23,Female,Lucknow,Realme,Android,3.0,43.7,133.9,127,5.6,8383,7.5,0.2,951,Entertainment,2,9334,Young High Spender,Upsell premium services
32,Male,Pune,Vivo,Android,10.6,36.1,33.2,12,4.0,4912,7.3,1.0,1335,Entertainment,2,6247,Young High Spender,Upsell premium services
47,Female,Pune,Oppo,iOS,11.9,36.8,255.1,101,3.7,6883,4.5,0.6,411,Social Media,2,7294,Young High Spender,Upsell premium services
33,Female,Kolkata,Nokia,iOS,5.2,10.8,193.9,188,3.6,6484,6.9,2.3,1451,Education,2,7935,Young High Spender,Upsell premium services
35,Female,Delhi,OnePlus,Android,10.8,1.9,84.5,103,3.3,9754,2.6,1.2,714,Gaming,2,10468,Young High Spender,Upsell premium services
29,Male,Delhi,Motorola,iOS,10.0,49.4,39.6,144,5.0,5627,6.3,4.8,1605,Entertainment,2,7232,Young High Spender,Upsell premium services
32,Female,Ahmedabad,Xiaomi,iOS,4.3,14.2,75.3,136,6.0,8281,0.6,0.1,1898,Education,2,10179,Young High Spender,Upsell premium services
18,Female,Pune,Xiaomi,Android,10.2,47.7,266.4,85,3.1,9296,0.6,2.4,1345,Entertainment,2,10641,Young High Spender,Upsell premium services
27,Male,Hyderabad,Apple,Android,6.2,22.0,11.4,23,5.8,6165,4.0,1.7,1286,Entertainment,2,7451,Young High Spender,Upsell premium services
33,Female,Ahmedabad,Xiaomi,Android,10.2,22.9,52.6,40,5.8,9061,6.6,3.9,1586,Work,2,10647,Young High Spender,Upsell premium services
26,Male,Delhi,Motorola,Android,7.8,43.0,11.3,97,5.5,8156,0.7,4.6,1985,Social Media,2,10141,Young High Spender,Upsell premium services
37,Male,Mumbai,Google Pixel,Android,5.0,18.7,128.7,83,5.4,8376,6.0,1.5,858,Entertainment,2,9234,Young High Spender,Upsell premium services
28,Male,Jaipur,Nokia,Android,5.7,37.5,161.1,160,4.8,6815,6.9,4.3,801,Entertainment,2,7616,Young High Spender,Upsell premium services
32,Female,Lucknow,Samsung,Android,3.6,12.2,25.6,122,3.1,5467,1.5,1.0,1423,Work,2,6890,Young High Spender,Upsell premium services
38,Other,Pune,Vivo,iOS,6.8,38.1,195.8,153,3.9,5017,3.2,4.6,1291,Entertainment,2,6308,Young High Spender,Upsell premium services
50,Other,Pune,Motorola,Android,10.5,12.0,212.5,64,5.6,8968,5.5,1.9,1411,Education,2,10379,Young High Spender,Upsell premium services
44,Male,Kolkata,Nokia,Android,2.7,16.8,148.2,94,3.7,9500,5.0,2.3,1971,Social Media,2,11471,Young High Spender,Upsell premium services
27,Other,Hyderabad,Motorola,Android,8.9,40.7,58.9,139,5.7,6543,4.1,4.1,138,Entertainment,2,6681,Young High Spender,Upsell premium services
54,Female,Jaipur,Apple,iOS,4.1,45.5,101.0,99,5.2,9579,5.6,3.2,1331,Work,2,10910,Young High Spender,Upsell premium services
24,Male,Bangalore,OnePlus,Android,8.2,38.7,56.3,126,2.8,9653,1.3,0.2,658,Work,2,10311,Young High Spender,Upsell premium services
28,Other,Jaipur,Oppo,Android,7.7,21.1,279.1,47,4.1,7578,6.5,0.4,1679,Gaming,2,9257,Young High Spender,Upsell premium services
32,Female,Pune,Realme,iOS,3.6,47.5,263.2,176,3.8,6172,6.9,4.0,1989,Gaming,2,8161,Young High Spender,Upsell premium services
27,Other,Hyderabad,Motorola,iOS,5.0,8.8,292.3,142,5.6,8008,4.6,3.4,1924,Entertainment,2,9932,Young High Spender,Upsell premium services
27,Other,Delhi,Vivo,Android,2.0,17.6,32.4,179,4.7,5736,7.4,4.6,1094,Social Media,2,6830,Young High Spender,Upsell premium services
35,Other,Bangalore,Apple,Android,3.2,49.9,94.0,88,4.4,4366,3.5,2.1,854,Gaming,2,5220,Young High Spender,Upsell premium services
30,Male,Jaipur,Samsung,Android,9.3,5.9,33.2,106,4.2,6997,0.8,1.0,1518,Work,2,8515,Young High Spender,Upsell premium services
37,Male,Chennai,Apple,Android,9.1,13.6,100.2,47,5.8,9922,3.5,1.0,121,Education,2,10043,Young High Spender,Upsell premium services
45,Female,Ahmedabad,Samsung,Android,6.4,47.0,72.9,136,4.0,8595,3.0,3.7,1235,Work,2,9830,Young High Spender,Upsell premium services
24,Other,Ahmedabad,Vivo,iOS,1.4,3.7,243.2,187,3.0,8030,0.8,3.2,1062,Gaming,2,9092,Young High Spender,Upsell premium services
23,Female,Ahmedabad,OnePlus,iOS,5.0,7.2,269.1,27,5.9,5166,7.6,0.6,1373,Work,2,6539,Young High Spender,Upsell premium services
50,Female,Ahmedabad,Realme,Android,11.8,11.2,101.3,63,5.6,9921,5.5,2.1,1703,Education,2,11624,Young High Spender,Upsell premium services
50,Male,Ahmedabad,Realme,iOS,11.5,42.3,57.5,99,3.6,9470,1.4,4.5,1708,Education,2,11178,Young High Spender,Upsell premium services
34,Male,Hyderabad,Oppo,Android,1.5,23.7,283.3,40,4.6,7496,5.2,3.4,808,Social Media,2,8304,Young High Spender,Upsell premium services
42,Female,Chennai,Apple,Android,1.9,24.5,207.2,173,4.1,9030,2.4,0.2,936,Education,2,9966,Young High Spender,Upsell premium services
18,Male,Mumbai,Apple,iOS,4.5,37.1,31.0,53,5.6,7606,2.2,1.4,1604,Gaming,2,9210,Young High Spender,Upsell premium services
40,Male,Hyderabad,Google Pixel,iOS,1.8,35.3,251.6,20,3.6,8192,4.5,2.8,1075,Education,2,9267,Young High Spender,Upsell premium services
36,Female,Ahmedabad,Google Pixel,Android,6.4,17.2,82.3,189,5.6,4149,3.7,1.9,1429,Social Media,2,5578,Young High Spender,Upsell premium services
39,Male,Kolkata,OnePlus,Android,7.5,25.4,66.8,145,4.3,6495,0.7,4.3,809,Entertainment,2,7304,Young High Spender,Upsell premium services
57,Other,Chennai,Apple,iOS,9.0,10.2,71.1,177,4.9,7766,0.6,4.1,275,Entertainment,2,8041,Young High Spender,Upsell premium services
33,Other,Lucknow,Motorola,iOS,8.6,7.0,177.7,93,4.7,4948,3.6,4.3,1928,Work,2,6876,Young High Spender,Upsell premium services
42,Other,Bangalore,Realme,iOS,1.4,2.0,15.6,48,5.0,7877,0.7,2.7,1904,Gaming,2,9781,Young High Spender,Upsell premium services
18,Male,Pune,Motorola,Android,8.7,25.2,177.9,196,5.3,8736,7.1,4.5,1559,Entertainment,2,10295,Young High Spender,Upsell premium services
30,Other,Ahmedabad,Realme,Android,10.6,19.7,120.4,53,5.5,9661,1.4,0.0,545,Gaming,2,10206,Young High Spender,Upsell premium services
30,Other,Lucknow,OnePlus,iOS,9.2,26.9,107.0,75,5.6,9832,2.9,1.6,1049,Social Media,2,10881,Young High Spender,Upsell premium services
19,Other,Bangalore,Xiaomi,Android,4.4,13.1,144.3,49,3.7,9285,0.5,3.8,703,Gaming,2,9988,Young High Spender,Upsell premium services
33,Female,Pune,Google Pixel,Android,1.6,6.3,216.4,36,5.4,4510,6.5,0.5,1850,Work,2,6360,Young High Spender,Upsell premium services
46,Male,Jaipur,Vivo,iOS,8.4,48.5,132.9,86,4.7,8483,7.8,2.2,829,Education,2,9312,Young High Spender,Upsell premium services
16,Other,Jaipur,Apple,Android,1.8,28.3,157.5,75,5.8,4416,2.8,4.9,374,Education,2,4790,Young High Spender,Upsell premium services
19,Male,Ahmedabad,Google Pixel,Android,8.2,8.0,207.4,149,3.1,9272,6.4,0.9,983,Social Media,2,10255,Young High Spender,Upsell premium services
50,Male,Mumbai,Apple,iOS,4.1,31.3,49.2,29,6.0,8760,3.8,4.3,666,Education,2,9426,Young High Spender,Upsell premium services
31,Other,Pune,Apple,Android,10.0,32.1,106.1,99,5.5,9921,7.0,2.6,413,Social Media,2,10334,Young High Spender,Upsell premium services
52,Other,Hyderabad,Google Pixel,iOS,9.7,46.3,272.4,119,5.1,9019,5.0,4.2,508,Social Media,2,9527,Young High Spender,Upsell premium services
48,Female,Bangalore,Apple,Android,11.8,37.2,294.5,173,5.9,8455,5.0,4.9,616,Social Media,2,9071,Young High Spender,Upsell premium services
31,Female,Hyderabad,Oppo,Android,11.5,32.9,83.5,156,3.8,9148,2.9,2.8,362,Gaming,2,9510,Young High Spender,Upsell premium services
26,Other,Ahmedabad,Vivo,iOS,3.1,38.4,132.6,116,4.3,8376,2.7,4.7,1813,Entertainment,2,10189,Young High Spender,Upsell premium services
36,Other,Pune,OnePlus,Android,3.0,24.6,162.3,58,5.1,6177,3.7,3.8,1750,Education,2,7927,Young High Spender,Upsell premium services
17,Male,Ahmedabad,Nokia,iOS,3.1,7.2,172.4,102,3.8,9814,3.2,1.3,1793,Social Media,2,11607,Young High Spender,Upsell premium services
31,Other,Ahmedabad,Xiaomi,Android,8.0,43.4,79.4,194,3.7,9009,6.0,4.4,1178,Gaming,2,10187,Young High Spender,Upsell premium services
50,Female,Jaipur,Apple,Android,2.1,22.8,229.0,85,4.4,9401,4.7,1.3,1117,Education,2,10518,Young High Spender,Upsell premium services
57,Other,Pune,Xiaomi,iOS,10.1,3.7,279.8,140,4.4,8498,7.2,3.0,1474,Work,2,9972,Young High Spender,Upsell premium services
17,Female,Kolkata,Vivo,Android,2.6,5.5,161.5,98,5.7,4291,5.0,2.5,1063,Work,2,5354,Young High Spender,Upsell premium services
34,Male,Jaipur,Google Pixel,iOS,8.0,38.3,191.6,136,3.5,8718,1.7,2.3,526,Entertainment,2,9244,Young High Spender,Upsell premium services
36,Male,Mumbai,Realme,iOS,2.2,45.2,270.7,28,3.4,9186,1.3,2.4,649,Work,2,9835,Young High Spender,Upsell premium services
55,Female,Pune,Realme,iOS,8.5,36.6,67.4,111,3.6,9355,7.0,4.9,859,Entertainment,2,10214,Young High Spender,Upsell premium services
19,Male,Delhi,Realme,iOS,10.8,4.2,142.6,63,4.8,6460,4.6,1.3,1040,Gaming,2,7500,Young High Spender,Upsell premium services
23,Other,Kolkata,Motorola,iOS,7.1,27.1,194.6,120,5.3,9852,7.7,1.4,1393,Gaming,2,11245,Young High Spender,Upsell premium services
28,Female,Chennai,Samsung,iOS,9.0,45.7,16.5,14,3.5,9584,6.5,0.3,1091,Gaming,2,10675,Young High Spender,Upsell premium services
39,Male,Pune,OnePlus,iOS,3.6,33.9,63.9,28,6.0,9148,6.0,2.5,1736,Education,2,10884,Young High Spender,Upsell premium services
43,Female,Bangalore,Nokia,iOS,3.0,6.9,104.2,129,4.1,8390,5.2,4.6,1727,Work,2,10117,Young High Spender,Upsell premium services
56,Other,Bangalore,Google Pixel,Android,6.9,11.1,22.8,56,4.4,7497,4.7,1.2,1866,Education,2,9363,Young High Spender,Upsell premium services
30,Male,Delhi,Vivo,Android,2.8,7.0,182.6,113,3.8,6670,5.0,1.4,1226,Work,2,7896,Young High Spender,Upsell premium services
16,Other,Pune,OnePlus,Android,4.1,6.5,74.1,168,3.2,8772,5.8,2.7,1611,Work,2,10383,Young High Spender,Upsell premium services
42,Male,Bangalore,Vivo,Android,5.7,16.1,69.4,43,4.1,7987,6.7,2.0,383,Education,2,8370,Young High Spender,Upsell premium services
21,Other,Bangalore,Xiaomi,iOS,10.0,15.6,51.9,125,4.7,8418,3.6,3.0,643,Entertainment,2,9061,Young High Spender,Upsell premium services
55,Female,Pune,Oppo,iOS,9.0,23.5,155.0,142,4.2,7630,7.0,1.2,1264,Work,2,8894,Young High Spender,Upsell premium services
51,Female,Lucknow,Realme,iOS,4.8,24.3,286.5,140,4.2,7862,6.7,0.0,808,Social Media,2,8670,Young High Spender,Upsell premium services
39,Other,Ahmedabad,OnePlus,Android,8.9,39.2,51.3,125,5.7,8546,4.3,1.1,1174,Gaming,2,9720,Young High Spender,Upsell premium services
55,Other,Bangalore,Google Pixel,Android,2.1,4.3,168.0,191,5.1,9756,1.1,2.0,831,Gaming,2,10587,Young High Spender,Upsell premium services
47,Male,Lucknow,Motorola,Android,1.1,28.6,44.4,28,4.6,5459,2.6,0.3,1952,Social Media,2,7411,Young High Spender,Upsell premium services
40,Male,Kolkata,Google Pixel,iOS,5.4,19.4,20.5,29,3.3,6677,2.0,3.8,613,Gaming,2,7290,Young High Spender,Upsell premium services
20,Other,Ahmedabad,Apple,Android,6.1,44.2,195.2,101,3.0,9863,1.9,4.5,209,Education,2,10072,Young High Spender,Upsell premium services
39,Male,Mumbai,Apple,iOS,7.4,45.4,56.6,186,5.5,6880,0.6,0.2,557,Work,2,7437,Young High Spender,Upsell premium services
47,Other,Mumbai,Realme,iOS,7.1,42.0,243.1,127,3.7,7567,5.3,0.4,756,Entertainment,2,8323,Young High Spender,Upsell premium services
17,Male,Hyderabad,Google Pixel,Android,11.5,35.3,149.8,149,4.5,7052,5.7,0.9,1793,Work,2,8845,Young High Spender,Upsell premium services
53,Male,Bangalore,Apple,Android,5.3,27.3,232.3,118,4.5,8267,6.6,3.6,1628,Work,2,9895,Young High Spender,Upsell premium services
60,Male,Ahmedabad,Vivo,iOS,3.3,30.2,143.1,19,4.5,7741,7.1,2.7,1777,Social Media,2,9518,Young High Spender,Upsell premium services
42,Male,Kolkata,Vivo,Android,3.7,26.4,234.6,45,5.9,6552,5.1,0.4,418,Gaming,2,6970,Young High Spender,Upsell premium services
55,Female,Kolkata,Vivo,Android,4.5,41.9,30.3,194,5.0,8954,4.0,3.9,1414,Entertainment,2,10368,Young High Spender,Upsell premium services
29,Female,Mumbai,Xiaomi,Android,8.4,43.7,83.9,122,2.9,6887,3.9,0.6,421,Entertainment,2,7308,Young High Spender,Upsell premium services
49,Male,Ahmedabad,Google Pixel,Android,8.0,46.9,32.1,162,5.1,6090,6.4,0.7,717,Social Media,2,6807,Young High Spender,Upsell premium services
52,Female,Lucknow,Nokia,iOS,5.6,17.2,266.2,37,4.6,6539,3.4,4.6,353,Entertainment,2,6892,Young High Spender,Upsell premium services
19,Other,Ahmedabad,Nokia,Android,4.1,34.8,51.5,46,5.9,3416,5.7,2.6,242,Entertainment,2,3658,Young High Spender,Upsell premium services
19,Female,Chennai,Nokia,iOS,9.1,7.8,232.5,91,5.4,9554,4.1,1.9,274,Entertainment,2,9828,Young High Spender,Upsell premium services
46,Other,Hyderabad,Xiaomi,iOS,10.1,35.2,163.0,79,4.9,9818,3.2,0.3,925,Entertainment,2,10743,Young High Spender,Upsell premium services
20,Female,Pune,Realme,iOS,7.3,26.0,33.8,131,4.2,5544,0.9,2.0,395,Education,2,5939,Young High Spender,Upsell premium services
49,Female,Delhi,Vivo,iOS,6.4,7.6,152.0,162,4.6,7056,7.4,1.8,1182,Work,2,8238,Young High Spender,Upsell premium services
43,Female,Hyderabad,Apple,iOS,2.4,3.1,84.8,14,4.5,9321,3.6,3.9,1114,Entertainment,2,10435,Young High Spender,Upsell premium services
40,Female,Jaipur,OnePlus,iOS,6.8,39.6,32.3,116,5.9,8058,5.7,2.0,1667,Work,2,9725,Young High Spender,Upsell premium services
30,Female,Ahmedabad,OnePlus,Android,6.6,32.7,276.6,141,4.6,8277,2.9,2.6,976,Work,2,9253,Young High Spender,Upsell premium services
21,Other,Chennai,Oppo,iOS,8.7,16.2,98.4,28,2.9,9309,7.3,0.8,812,Gaming,2,10121,Young High Spender,Upsell premium services
31,Other,Kolkata,Apple,Android,1.1,2.9,200.1,136,4.8,9875,5.1,4.8,1733,Entertainment,2,11608,Young High Spender,Upsell premium services
28,Male,Mumbai,Nokia,Android,8.9,33.8,246.5,140,3.3,7558,5.2,5.0,1375,Education,2,8933,Young High Spender,Upsell premium services
23,Other,Chennai,Realme,iOS,8.3,36.7,44.7,128,5.7,4059,4.5,3.6,1311,Education,2,5370,Young High Spender,Upsell premium services
26,Female,Chennai,Apple,iOS,2.6,17.3,293.5,94,5.5,8162,6.2,2.5,1168,Gaming,2,9330,Young High Spender,Upsell premium services
56,Other,Jaipur,Samsung,iOS,1.7,48.3,49.9,87,5.7,9113,3.9,3.0,188,Education,2,9301,Young High Spender,Upsell premium services
25,Male,Pune,Xiaomi,Android,7.2,41.5,249.0,59,3.8,6198,5.8,0.7,1602,Social Media,2,7800,Young High Spender,Upsell premium services
42,Female,Jaipur,OnePlus,Android,3.6,23.8,185.0,152,4.8,7352,1.0,3.3,757,Education,2,8109,Young High Spender,Upsell premium services
23,Male,Mumbai,Samsung,Android,3.3,6.5,192.5,39,4.9,5821,4.1,3.6,1782,Gaming,2,7603,Young High Spender,Upsell premium services
53,Other,Hyderabad,Oppo,Android,9.1,41.9,176.2,34,3.7,9432,4.2,0.7,436,Work,2,9868,Young High Spender,Upsell premium services
44,Male,Ahmedabad,Oppo,Android,2.8,8.6,232.5,77,5.9,4942,3.4,2.6,944,Education,2,5886,Young High Spender,Upsell premium services
18,Other,Ahmedabad,Apple,Android,2.6,18.5,45.3,168,3.1,7940,4.9,1.4,661,Entertainment,2,8601,Young High Spender,Upsell premium services
55,Other,Lucknow,Samsung,Android,4.5,29.6,172.8,63,4.4,8996,6.9,1.0,1338,Work,2,10334,Young High Spender,Upsell premium services
22,Other,Pune,Oppo,iOS,6.1,21.4,167.6,107,4.2,7587,1.2,1.3,886,Social Media,2,8473,Young High Spender,Upsell premium services
43,Other,Jaipur,Xiaomi,Android,2.0,29.7,159.7,176,4.2,7317,3.7,2.9,932,Entertainment,2,8249,Young High Spender,Upsell premium services
33,Other,Lucknow,Oppo,Android,1.5,40.5,285.0,113,4.6,7325,6.3,2.2,343,Education,2,7668,Young High Spender,Upsell premium services
25,Male,Bangalore,Samsung,iOS,10.0,16.7,98.8,191,3.1,8458,5.6,2.1,407,Gaming,2,8865,Young High Spender,Upsell premium services
56,Female,Delhi,Xiaomi,iOS,9.4,46.6,122.5,72,5.3,9939,5.5,4.9,1289,Gaming,2,11228,Young High Spender,Upsell premium services
57,Female,Ahmedabad,Motorola,Android,3.0,16.7,27.8,157,3.7,9911,5.0,2.6,1676,Gaming,2,11587,Young High Spender,Upsell premium services
54,Other,Jaipur,Google Pixel,Android,3.4,15.7,296.5,97,5.9,8407,5.3,2.5,609,Education,2,9016,Young High Spender,Upsell premium services
37,Other,Ahmedabad,Realme,iOS,7.8,41.0,281.7,82,5.9,8301,5.6,1.8,1337,Education,2,9638,Young High Spender,Upsell premium services
31,Female,Lucknow,Xiaomi,iOS,8.9,14.3,10.8,51,4.0,8394,2.0,3.0,1080,Social Media,2,9474,Young High Spender,Upsell premium services
60,Other,Bangalore,Samsung,Android,6.3,3.7,162.0,138,4.9,9025,3.6,4.3,1087,Entertainment,2,10112,Young High Spender,Upsell premium services
28,Male,Bangalore,Oppo,Android,2.1,7.6,82.7,32,3.7,7936,5.1,4.7,853,Education,2,8789,Young High Spender,Upsell premium services
32,Male,Mumbai,Google Pixel,Android,5.2,46.2,120.4,121,4.7,8232,3.7,3.1,398,Social Media,2,8630,Young High Spender,Upsell premium services
36,Female,Ahmedabad,Oppo,iOS,8.1,44.7,26.4,168,4.4,6669,2.0,1.6,1455,Education,2,8124,Young High Spender,Upsell premium services
38,Male,Pune,Nokia,iOS,8.9,34.7,82.6,17,3.9,5769,5.3,0.9,1605,Education,2,7374,Young High Spender,Upsell premium services
46,Male,Hyderabad,Vivo,Android,4.8,40.6,243.9,20,4.4,5706,8.0,0.5,846,Entertainment,2,6552,Young High Spender,Upsell premium services
28,Male,Kolkata,Nokia,Android,2.8,20.4,29.6,19,2.8,8871,7.7,2.4,904,Gaming,2,9775,Young High Spender,Upsell premium services
46,Female,Hyderabad,Motorola,Android,11.4,2.6,79.3,157,3.9,6847,0.5,4.9,1606,Gaming,2,8453,Young High Spender,Upsell premium services
47,Other,Mumbai,Xiaomi,iOS,6.0,6.3,16.0,34,3.8,9196,4.3,1.4,219,Education,2,9415,Young High Spender,Upsell premium services
26,Other,Mumbai,Google Pixel,Android,5.9,12.8,214.7,40,5.1,8388,7.4,4.9,854,Social Media,2,9242,Young High Spender,Upsell premium services
35,Female,Chennai,Xiaomi,Android,2.7,9.0,119.1,54,5.7,6541,4.5,2.1,1949,Work,2,8490,Young High Spender,Upsell premium services
30,Female,Hyderabad,Motorola,iOS,8.8,1.2,5.9,78,5.0,5433,6.2,2.2,1944,Entertainment,2,7377,Young High Spender,Upsell premium services
22,Male,Mumbai,Apple,iOS,3.3,18.7,95.2,177,4.0,6250,5.4,3.6,1619,Social Media,2,7869,Young High Spender,Upsell premium services
54,Other,Mumbai,Vivo,Android,8.4,36.3,155.3,79,4.6,7473,2.8,4.3,311,Social Media,2,7784,Young High Spender,Upsell premium services
36,Male,Jaipur,Realme,Android,7.3,49.7,217.1,185,5.5,6653,6.0,4.8,1114,Social Media,2,7767,Young High Spender,Upsell premium services
48,Other,Ahmedabad,Xiaomi,Android,5.5,36.0,293.8,156,5.4,9420,3.0,2.3,634,Gaming,2,10054,Young High Spender,Upsell premium services
24,Male,Chennai,Realme,iOS,9.6,24.9,69.4,78,5.2,8064,5.7,3.0,756,Entertainment,2,8820,Young High Spender,Upsell premium services
38,Female,Mumbai,Apple,Android,9.9,34.0,119.8,159,5.9,7458,4.0,4.7,1617,Work,2,9075,Young High Spender,Upsell premium services
33,Female,Lucknow,Realme,iOS,6.3,7.1,28.1,66,5.7,8760,4.1,0.3,1347,Gaming,2,10107,Young High Spender,Upsell premium services
45,Male,Jaipur,Motorola,iOS,8.8,40.7,218.7,21,4.5,9680,1.3,4.7,948,Gaming,2,10628,Young High Spender,Upsell premium services
42,Female,Chennai,OnePlus,iOS,5.5,33.0,127.0,14,5.3,7436,2.5,1.6,666,Work,2,8102,Young High Spender,Upsell premium services
36,Female,Lucknow,Nokia,iOS,9.6,41.6,13.7,174,5.5,6189,0.8,0.1,1353,Work,2,7542,Young High Spender,Upsell premium services
33,Male,Kolkata,Apple,Android,8.9,4.0,266.0,91,5.7,4377,1.0,3.5,1568,Gaming,2,5945,Young High Spender,Upsell premium services
32,Female,Chennai,Samsung,iOS,3.0,8.3,142.3,22,5.7,7561,4.8,0.4,451,Social Media,2,8012,Young High Spender,Upsell premium services
54,Female,Lucknow,Apple,Android,8.9,42.3,14.8,95,4.8,9368,1.7,4.3,1691,Education,2,11059,Young High Spender,Upsell premium services
33,Other,Jaipur,Oppo,iOS,1.1,2.7,144.0,153,3.2,8650,5.7,2.9,1979,Education,2,10629,Young High Spender,Upsell premium services
18,Other,Hyderabad,Samsung,iOS,12.0,31.0,29.4,63,4.2,9682,1.3,2.6,585,Education,2,10267,Young High Spender,Upsell premium services
44,Male,Hyderabad,Nokia,Android,9.2,13.3,144.9,53,4.3,9623,5.3,3.0,506,Education,2,10129,Young High Spender,Upsell premium services
29,Other,Pune,Realme,Android,7.3,32.6,157.0,112,5.5,6582,5.1,2.8,1412,Gaming,2,7994,Young High Spender,Upsell premium services
16,Male,Chennai,Realme,iOS,10.8,19.3,190.4,121,4.1,9080,6.2,3.5,1622,Entertainment,2,10702,Young High Spender,Upsell premium services
49,Female,Jaipur,Motorola,Android,9.6,30.6,223.1,27,5.4,7411,3.2,4.9,905,Work,2,8316,Young High Spender,Upsell premium services
37,Female,Bangalore,Realme,iOS,5.3,18.6,284.3,65,5.8,4315,5.2,3.0,1082,Education,2,5397,Young High Spender,Upsell premium services
39,Female,Jaipur,OnePlus,Android,7.7,6.1,263.6,176,6.0,7010,3.0,4.5,1943,Education,2,8953,Young High Spender,Upsell premium services
30,Female,Kolkata,Google Pixel,iOS,7.5,9.5,31.4,18,4.3,9105,3.6,5.0,352,Entertainment,2,9457,Young High Spender,Upsell premium services
39,Female,Delhi,Google Pixel,iOS,8.8,16.3,45.6,153,5.3,8708,6.2,3.5,866,Gaming,2,9574,Young High Spender,Upsell premium services
35,Female,Chennai,Apple,Android,5.1,2.0,65.2,55,4.2,7612,1.0,3.2,114,Gaming,2,7726,Young High Spender,Upsell premium services
35,Male,Hyderabad,Samsung,iOS,2.4,49.6,189.2,131,4.7,9666,2.9,4.8,1221,Social Media,2,10887,Young High Spender,Upsell premium services
41,Other,Kolkata,Vivo,Android,3.4,34.3,138.9,83,5.3,8886,5.1,2.7,1821,Entertainment,2,10707,Young High Spender,Upsell premium services
58,Other,Delhi,Realme,iOS,5.8,1.8,298.2,119,5.6,9074,2.9,4.7,732,Gaming,2,9806,Young High Spender,Upsell premium services
57,Other,Mumbai,Nokia,Android,10.0,12.2,147.1,105,5.3,9523,6.4,3.1,1939,Entertainment,2,11462,Young High Spender,Upsell premium services
46,Other,Pune,Realme,iOS,11.3,5.3,278.6,173,4.5,9415,3.6,0.3,1812,Social Media,2,11227,Young High Spender,Upsell premium services
40,Male,Kolkata,Realme,Android,8.9,3.3,29.0,156,4.5,7071,4.3,0.6,769,Education,2,7840,Young High Spender,Upsell premium services
43,Male,Mumbai,Motorola,iOS,6.6,26.9,231.2,60,5.9,7372,5.1,4.9,285,Education,2,7657,Young High Spender,Upsell premium services
28,Other,Lucknow,Google Pixel,iOS,10.5,37.8,256.7,155,4.7,7477,1.6,1.1,791,Education,2,8268,Young High Spender,Upsell premium services
19,Female,Bangalore,Google Pixel,Android,5.9,12.9,243.0,27,3.9,9135,6.7,3.4,1255,Gaming,2,10390,Young High Spender,Upsell premium services
22,Other,Lucknow,Oppo,iOS,5.7,9.0,178.3,91,3.6,6415,2.7,2.6,1017,Entertainment,2,7432,Young High Spender,Upsell premium services
48,Female,Hyderabad,OnePlus,Android,3.1,1.4,36.4,192,3.9,6386,2.9,4.8,1588,Entertainment,2,7974,Young High Spender,Upsell premium services
41,Other,Hyderabad,Oppo,Android,8.6,46.6,80.9,165,5.7,8444,1.0,3.0,670,Gaming,2,9114,Young High Spender,Upsell premium services
37,Female,Delhi,Nokia,iOS,10.1,9.5,154.3,10,4.1,4684,4.0,4.7,1259,Education,2,5943,Young High Spender,Upsell premium services
46,Other,Delhi,Nokia,iOS,8.0,9.0,284.9,29,5.6,4921,1.7,1.6,1389,Work,2,6310,Young High Spender,Upsell premium services
24,Other,Lucknow,Vivo,Android,8.8,32.3,222.7,164,5.2,7455,7.6,0.8,822,Gaming,2,8277,Young High Spender,Upsell premium services
17,Other,Delhi,Apple,Android,9.4,19.9,88.8,180,4.1,7646,3.2,3.3,1772,Work,2,9418,Young High Spender,Upsell premium services
29,Female,Pune,Realme,Android,7.9,48.0,119.8,39,5.0,9873,7.1,1.0,1279,Entertainment,2,11152,Young High Spender,Upsell premium services
31,Female,Ahmedabad,Google Pixel,iOS,1.5,18.3,111.5,106,4.3,5221,4.6,4.0,142,Gaming,2,5363,Young High Spender,Upsell premium services
30,Female,Pune,Nokia,Android,8.7,19.4,204.0,176,4.7,9777,3.3,0.2,1263,Entertainment,2,11040,Young High Spender,Upsell premium services
53,Other,Chennai,Apple,iOS,4.6,15.7,14.1,115,4.1,8207,4.9,4.7,891,Work,2,9098,Young High Spender,Upsell premium services
33,Female,Pune,Nokia,iOS,5.8,41.6,251.5,45,5.3,6002,5.9,2.3,333,Work,2,6335,Young High Spender,Upsell premium services
18,Other,Lucknow,Apple,iOS,7.0,31.2,173.8,197,5.1,6956,0.8,1.9,1052,Gaming,2,8008,Young High Spender,Upsell premium services
32,Male,Lucknow,Xiaomi,Android,3.6,23.2,280.5,60,5.7,5272,3.9,4.6,1197,Gaming,2,6469,Young High Spender,Upsell premium services
34,Female,Chennai,Xiaomi,Android,4.7,46.4,100.8,69,5.3,6407,1.1,3.5,1542,Education,2,7949,Young High Spender,Upsell premium services
27,Female,Delhi,Motorola,iOS,3.0,11.9,264.2,171,3.4,7975,7.7,4.0,489,Education,2,8464,Young High Spender,Upsell premium services
45,Female,Pune,OnePlus,Android,7.7,48.7,284.1,86,5.7,8309,3.0,3.7,1540,Entertainment,2,9849,Young High Spender,Upsell premium services
20,Other,Jaipur,OnePlus,Android,3.6,42.7,105.7,130,4.4,9431,6.4,1.7,907,Social Media,2,10338,Young High Spender,Upsell premium services
18,Female,Pune,Oppo,Android,7.8,45.4,268.9,164,4.2,6794,4.1,4.3,966,Entertainment,2,7760,Young High Spender,Upsell premium services
39,Other,Jaipur,Google Pixel,Android,3.6,26.8,208.1,90,3.8,6645,3.7,3.2,110,Social Media,2,6755,Young High Spender,Upsell premium services
52,Female,Ahmedabad,Motorola,Android,5.7,2.1,184.8,158,5.0,8563,1.4,4.8,250,Gaming,2,8813,Young High Spender,Upsell premium services
34,Female,Pune,Samsung,Android,8.3,48.6,258.1,192,4.5,6135,1.9,1.8,735,Gaming,2,6870,Young High Spender,Upsell premium services
30,Female,Pune,Vivo,Android,3.5,40.2,287.3,82,4.5,7013,0.7,0.5,1145,Work,2,8158,Young High Spender,Upsell premium services
36,Female,Hyderabad,Realme,iOS,3.9,17.4,74.9,70,4.0,8402,1.2,0.6,582,Gaming,2,8984,Young High Spender,Upsell premium services
18,Male,Bangalore,Nokia,iOS,7.4,34.2,139.6,134,4.3,6946,2.9,0.3,797,Education,2,7743,Young High Spender,Upsell premium services
42,Male,Ahmedabad,Xiaomi,Android,6.2,36.2,5.0,45,4.9,9497,4.5,0.7,1670,Entertainment,2,11167,Young High Spender,Upsell premium services
42,Male,Kolkata,Motorola,iOS,1.3,32.3,89.7,189,6.0,7346,2.9,0.4,1192,Entertainment,2,8538,Young High Spender,Upsell premium services
30,Male,Bangalore,Realme,Android,7.5,45.6,108.5,143,5.5,9577,3.3,3.5,388,Entertainment,2,9965,Young High Spender,Upsell premium services
18,Female,Lucknow,Xiaomi,Android,2.5,34.2,207.7,187,5.7,6285,3.0,2.5,1508,Gaming,2,7793,Young High Spender,Upsell premium services
23,Other,Delhi,Apple,iOS,6.5,8.9,281.6,26,5.7,8318,3.7,1.1,282,Social Media,2,8600,Young High Spender,Upsell premium services
49,Other,Delhi,Apple,Android,6.3,17.6,273.8,115,4.7,8647,1.5,1.8,1914,Education,2,10561,Young High Spender,Upsell premium services
48,Other,Kolkata,Samsung,iOS,11.8,35.2,125.2,150,6.0,6355,6.6,2.7,1537,Entertainment,2,7892,Young High Spender,Upsell premium services
44,Male,Mumbai,Google Pixel,iOS,8.3,47.9,138.6,83,5.0,6882,3.5,1.7,631,Education,2,7513,Young High Spender,Upsell premium services
19,Other,Lucknow,Realme,iOS,10.1,30.2,68.5,156,3.4,7016,2.8,3.2,1279,Education,2,8295,Young High Spender,Upsell premium services
43,Other,Ahmedabad,Nokia,Android,9.7,15.0,205.6,61,5.2,6406,1.5,1.5,1657,Gaming,2,8063,Young High Spender,Upsell premium services
31,Male,Jaipur,Vivo,Android,11.8,17.4,198.7,92,4.4,8131,0.7,3.7,577,Work,2,8708,Young High Spender,Upsell premium services
45,Female,Hyderabad,Vivo,Android,2.8,37.6,36.1,179,5.9,8472,1.5,3.1,237,Education,2,8709,Young High Spender,Upsell premium services
47,Other,Lucknow,Nokia,iOS,3.4,13.9,30.5,57,4.8,5636,6.4,0.0,442,Education,2,6078,Young High Spender,Upsell premium services
19,Female,Kolkata,Vivo,iOS,3.6,44.0,62.6,127,5.7,5992,1.2,4.1,1882,Gaming,2,7874,Young High Spender,Upsell premium services
49,Male,Jaipur,Google Pixel,Android,6.4,13.7,225.5,82,5.7,6808,1.4,0.2,360,Social Media,2,7168,Young High Spender,Upsell premium services
17,Female,Jaipur,Vivo,iOS,7.3,33.3,182.0,128,4.4,9361,5.7,0.6,1346,Gaming,2,10707,Young High Spender,Upsell premium services
57,Male,Mumbai,Vivo,iOS,4.7,32.4,102.1,55,5.6,6436,3.9,1.8,1739,Social Media,2,8175,Young High Spender,Upsell premium services
40,Other,Ahmedabad,Motorola,Android,2.9,35.1,173.3,48,5.8,4727,6.6,2.0,1996,Work,2,6723,Young High Spender,Upsell premium services
15,Female,Lucknow,Xiaomi,Android,11.9,36.4,207.0,200,4.0,8536,2.6,1.6,1584,Education,2,10120,Young High Spender,Upsell premium services
20,Female,Chennai,Google Pixel,Android,6.5,24.1,14.3,82,2.6,7326,3.9,2.1,1061,Entertainment,2,8387,Young High Spender,Upsell premium services
58,Male,Chennai,OnePlus,Android,8.8,46.0,276.5,15,4.4,9334,5.3,0.1,1288,Education,2,10622,Young High Spender,Upsell premium services
59,Other,Bangalore,Motorola,Android,5.8,13.5,172.0,10,5.9,7781,5.8,2.3,1787,Social Media,2,9568,Young High Spender,Upsell premium services
58,Female,Chennai,Google Pixel,Android,5.1,39.4,205.9,117,5.8,8676,7.9,1.7,849,Gaming,2,9525,Young High Spender,Upsell premium services
23,Female,Chennai,Google Pixel,Android,4.2,12.0,201.4,142,5.4,5007,7.7,2.2,295,Entertainment,2,5302,Young High Spender,Upsell premium services
27,Female,Chennai,Oppo,iOS,3.7,17.7,27.5,66,3.2,8557,7.5,4.0,1806,Education,2,10363,Young High Spender,Upsell premium services
25,Female,Pune,Apple,iOS,3.8,39.6,123.7,59,4.5,9945,7.7,3.6,1140,Social Media,2,11085,Young High Spender,Upsell premium services
31,Female,Lucknow,Motorola,iOS,5.2,7.7,162.4,58,4.4,6063,5.2,3.0,273,Education,2,6336,Young High Spender,Upsell premium services
31,Male,Chennai,Realme,Android,3.0,25.9,224.8,110,4.6,5426,7.3,1.4,121,Gaming,2,5547,Young High Spender,Upsell premium services
28,Other,Chennai,Apple,iOS,8.7,8.5,183.6,15,3.5,9613,2.9,0.4,906,Gaming,2,10519,Young High Spender,Upsell premium services
38,Other,Pune,Vivo,iOS,7.0,49.6,199.9,186,5.9,7883,6.0,1.6,1192,Gaming,2,9075,Young High Spender,Upsell premium services
28,Other,Hyderabad,Motorola,Android,2.0,6.9,19.4,148,5.8,2735,3.2,3.5,614,Gaming,2,3349,Young High Spender,Upsell premium services
54,Other,Kolkata,Nokia,Android,7.0,24.1,200.9,69,5.3,8619,7.1,2.9,705,Education,2,9324,Young High Spender,Upsell premium services
54,Female,Ahmedabad,OnePlus,Android,5.3,39.5,137.8,21,3.7,7335,4.5,1.3,1817,Work,2,9152,Young High Spender,Upsell premium services
20,Other,Bangalore,Google Pixel,Android,8.9,32.1,100.4,13,4.2,7459,2.1,1.8,1953,Social Media,2,9412,Young High Spender,Upsell premium services
50,Female,Delhi,Oppo,iOS,11.8,30.1,65.6,158,4.5,6580,7.5,4.3,840,Work,2,7420,Young High Spender,Upsell premium services
34,Female,Delhi,Apple,Android,9.8,1.9,251.8,85,3.5,6922,2.7,0.1,1845,Gaming,2,8767,Young High Spender,Upsell premium services
28,Female,Kolkata,OnePlus,iOS,9.4,37.8,105.5,171,5.6,6303,6.1,0.3,408,Social Media,2,6711,Young High Spender,Upsell premium services
25,Other,Lucknow,OnePlus,iOS,3.7,9.8,119.9,15,5.5,8634,1.1,1.8,663,Work,2,9297,Young High Spender,Upsell premium services
53,Other,Jaipur,Realme,iOS,3.4,21.0,179.5,194,4.9,9703,5.6,4.4,623,Entertainment,2,10326,Young High Spender,Upsell premium services
46,Female,Lucknow,Vivo,Android,1.9,4.8,272.7,193,5.1,9907,7.6,0.9,1038,Entertainment,2,10945,Young High Spender,Upsell premium services
35,Female,Kolkata,Vivo,iOS,4.8,38.3,46.1,39,4.0,8278,3.8,0.3,114,Education,2,8392,Young High Spender,Upsell premium services
56,Other,Chennai,Samsung,iOS,8.2,4.5,46.0,139,5.1,7230,2.5,0.3,428,Work,2,7658,Young High Spender,Upsell premium services
20,Other,Bangalore,Nokia,iOS,4.5,43.3,224.2,169,5.9,4289,1.9,4.5,1142,Work,2,5431,Young High Spender,Upsell premium services
26,Male,Hyderabad,Vivo,iOS,6.5,38.0,54.0,58,5.1,9351,5.4,2.0,1898,Entertainment,2,11249,Young High Spender,Upsell premium services
41,Female,Mumbai,Vivo,Android,9.0,9.1,62.7,63,4.2,5082,7.8,2.1,345,Education,2,5427,Young High Spender,Upsell premium services
22,Female,Mumbai,Google Pixel,iOS,3.5,15.6,127.2,91,4.3,7266,5.1,1.3,770,Gaming,2,8036,Young High Spender,Upsell premium services
47,Other,Mumbai,OnePlus,iOS,3.2,20.8,134.8,132,3.9,6412,3.9,2.3,442,Gaming,2,6854,Young High Spender,Upsell premium services
25,Male,Chennai,Vivo,Android,4.4,23.4,100.2,170,4.5,5328,0.8,0.5,1499,Social Media,2,6827,Young High Spender,Upsell premium services
18,Other,Ahmedabad,Samsung,iOS,10.8,29.3,131.2,84,4.9,9323,0.8,2.1,1947,Education,2,11270,Young High Spender,Upsell premium services
20,Female,Ahmedabad,Vivo,iOS,2.4,22.3,212.4,175,4.8,5614,4.4,1.6,1263,Entertainment,2,6877,Young High Spender,Upsell premium services
33,Male,Jaipur,Realme,Android,5.0,11.4,131.7,64,3.6,6166,4.2,1.4,519,Education,2,6685,Young High Spender,Upsell premium services
42,Male,Lucknow,Vivo,iOS,4.5,49.2,173.9,85,4.5,5740,6.4,4.2,1981,Social Media,2,7721,Young High Spender,Upsell premium services
30,Male,Mumbai,Vivo,Android,11.2,49.7,148.5,158,4.4,9780,5.0,3.5,1439,Entertainment,2,11219,Young High Spender,Upsell premium services
41,Female,Lucknow,Realme,Android,5.3,4.8,35.9,191,5.9,6483,3.2,2.0,1199,Social Media,2,7682,Young High Spender,Upsell premium services
15,Other,Bangalore,Xiaomi,Android,9.2,18.8,105.2,35,5.3,7442,2.1,2.5,927,Social Media,2,8369,Young High Spender,Upsell premium services
15,Other,Chennai,Google Pixel,iOS,5.2,47.5,182.7,183,5.4,9905,3.3,0.2,971,Work,2,10876,Young High Spender,Upsell premium services
15,Other,Jaipur,Google Pixel,iOS,10.9,44.7,29.9,171,2.8,8409,6.7,2.1,1577,Social Media,2,9986,Young High Spender,Upsell premium services
60,Female,Chennai,Oppo,Android,4.2,3.8,207.5,116,4.6,8368,6.3,3.4,1646,Social Media,2,10014,Young High Spender,Upsell premium services
37,Other,Lucknow,Google Pixel,iOS,4.5,30.5,14.8,21,3.1,7314,5.4,1.8,1974,Entertainment,2,9288,Young High Spender,Upsell premium services
59,Other,Bangalore,Realme,Android,10.1,5.6,21.4,42,3.8,8107,1.0,2.7,1731,Work,2,9838,Young High Spender,Upsell premium services
40,Male,Mumbai,Google Pixel,iOS,1.7,35.3,98.0,170,4.7,6427,2.6,4.3,1938,Gaming,2,8365,Young High Spender,Upsell premium services
45,Female,Jaipur,Realme,Android,1.4,32.5,76.5,133,5.5,9783,0.8,0.8,876,Gaming,2,10659,Young High Spender,Upsell premium services
27,Female,Mumbai,Apple,iOS,1.6,40.8,190.8,112,5.3,9593,7.9,0.4,868,Entertainment,2,10461,Young High Spender,Upsell premium services
34,Other,Jaipur,Apple,iOS,11.3,42.4,29.9,124,5.8,7432,5.1,0.7,1928,Gaming,2,9360,Young High Spender,Upsell premium services
36,Female,Lucknow,Realme,iOS,7.4,2.9,13.1,182,6.0,7059,3.9,0.4,1150,Work,2,8209,Young High Spender,Upsell premium services
53,Other,Ahmedabad,Realme,Android,9.0,37.0,258.5,57,6.0,7275,3.2,0.9,1751,Gaming,2,9026,Young High Spender,Upsell premium services
38,Other,Lucknow,Xiaomi,iOS,5.4,31.4,249.4,200,5.4,5429,1.2,1.4,819,Work,2,6248,Young High Spender,Upsell premium services
42,Female,Chennai,Xiaomi,iOS,1.5,18.2,271.9,103,5.9,9187,5.1,2.4,697,Work,2,9884,Young High Spender,Upsell premium services
17,Male,Ahmedabad,Samsung,Android,8.4,47.0,9.2,102,4.3,8347,1.1,3.4,1373,Gaming,2,9720,Young High Spender,Upsell premium services
23,Female,Bangalore,Oppo,iOS,2.9,6.3,163.3,160,5.7,5380,2.4,2.8,908,Gaming,2,6288,Young High Spender,Upsell premium services
57,Other,Delhi,Oppo,iOS,5.7,49.5,271.8,32,5.0,9973,1.5,0.9,908,Work,2,10881,Young High Spender,Upsell premium services
38,Female,Jaipur,Google Pixel,iOS,5.0,37.8,90.6,168,5.2,6558,1.4,3.5,1577,Entertainment,2,8135,Young High Spender,Upsell premium services
34,Other,Hyderabad,OnePlus,Android,7.3,3.2,11.2,26,4.1,7745,4.5,2.6,280,Gaming,2,8025,Young High Spender,Upsell premium services
28,Other,Chennai,Apple,Android,3.1,20.9,155.3,104,3.2,9248,1.7,2.1,1791,Gaming,2,11039,Young High Spender,Upsell premium services
47,Male,Jaipur,Xiaomi,Android,3.1,5.2,57.3,64,4.1,9283,7.6,3.5,289,Work,2,9572,Young High Spender,Upsell premium services
36,Female,Kolkata,Vivo,iOS,7.8,26.3,110.8,167,5.0,5505,6.6,1.8,656,Entertainment,2,6161,Young High Spender,Upsell premium services
20,Female,Mumbai,OnePlus,iOS,5.8,44.3,46.2,159,5.7,9801,4.4,3.4,512,Work,2,10313,Young High Spender,Upsell premium services
35,Male,Mumbai,Oppo,Android,2.1,6.8,122.9,137,3.2,8179,7.1,3.4,1818,Entertainment,2,9997,Young High Spender,Upsell premium services
46,Other,Jaipur,Vivo,iOS,9.7,13.1,251.6,123,5.1,8895,2.9,1.0,1742,Entertainment,2,10637,Young High Spender,Upsell premium services
32,Other,Hyderabad,Oppo,iOS,10.9,5.7,55.0,24,5.8,4911,6.3,2.7,279,Social Media,2,5190,Young High Spender,Upsell premium services
16,Female,Chennai,Samsung,Android,10.6,16.3,251.1,172,4.8,6169,1.1,1.0,1415,Work,2,7584,Young High Spender,Upsell premium services
32,Other,Ahmedabad,Oppo,Android,4.7,22.2,41.1,34,5.0,8788,4.5,0.0,1669,Education,2,10457,Young High Spender,Upsell premium services
46,Male,Bangalore,Xiaomi,Android,7.0,36.3,279.1,99,4.8,9833,3.3,3.6,246,Entertainment,2,10079,Young High Spender,Upsell premium services
44,Female,Hyderabad,Realme,Android,11.4,47.2,27.6,144,3.5,9124,2.0,2.1,1474,Work,2,10598,Young High Spender,Upsell premium services
37,Other,Ahmedabad,Oppo,iOS,8.3,11.4,144.5,133,5.2,4630,6.8,3.6,1048,Work,2,5678,Young High Spender,Upsell premium services
54,Other,Chennai,Xiaomi,iOS,2.5,44.1,17.7,53,4.3,9644,3.3,0.7,1653,Gaming,2,11297,Young High Spender,Upsell premium services
16,Other,Bangalore,Nokia,Android,2.2,37.8,31.1,90,3.6,7040,3.1,3.1,577,Entertainment,2,7617,Young High Spender,Upsell premium services
31,Female,Pune,Apple,Android,7.3,27.0,67.2,30,4.3,9484,2.3,4.5,165,Education,2,9649,Young High Spender,Upsell premium services
41,Other,Chennai,Apple,Android,6.7,6.3,260.8,161,4.5,7231,2.4,2.3,562,Education,2,7793,Young High Spender,Upsell premium services
26,Female,Lucknow,Motorola,Android,6.2,11.6,116.3,82,4.1,8579,1.0,2.4,533,Entertainment,2,9112,Young High Spender,Upsell premium services
27,Other,Mumbai,OnePlus,iOS,4.4,9.5,245.5,67,3.6,8531,2.8,2.9,1201,Social Media,2,9732,Young High Spender,Upsell premium services
46,Other,Chennai,Motorola,iOS,1.6,43.8,293.4,95,5.9,9056,6.6,3.8,272,Entertainment,2,9328,Young High Spender,Upsell premium services
34,Male,Bangalore,Nokia,iOS,9.3,30.6,287.8,199,4.6,4793,2.3,4.5,567,Entertainment,2,5360,Young High Spender,Upsell premium services
17,Female,Kolkata,Vivo,Android,8.2,5.3,107.2,61,3.7,8207,7.2,0.6,1769,Social Media,2,9976,Young High Spender,Upsell premium services
35,Male,Ahmedabad,Samsung,iOS,8.4,8.0,134.2,43,3.7,7927,5.5,4.1,731,Entertainment,2,8658,Young High Spender,Upsell premium services
32,Female,Pune,Nokia,Android,7.8,46.4,294.6,154,5.6,5386,3.0,4.8,1587,Work,2,6973,Young High Spender,Upsell premium services
37,Male,Ahmedabad,Motorola,Android,2.8,14.2,258.0,61,5.1,6580,7.8,2.9,996,Entertainment,2,7576,Young High Spender,Upsell premium services
39,Male,Jaipur,Motorola,Android,11.4,48.2,283.8,131,5.2,8996,4.5,1.7,541,Education,2,9537,Young High Spender,Upsell premium services
22,Female,Pune,Samsung,iOS,4.2,21.3,283.7,126,3.8,9336,8.0,4.4,1101,Social Media,2,10437,Young High Spender,Upsell premium services
15,Other,Ahmedabad,Vivo,Android,6.3,16.2,162.9,131,5.4,9152,6.1,1.4,1281,Gaming,2,10433,Young High Spender,Upsell premium services
58,Male,Jaipur,Vivo,iOS,3.9,37.8,60.5,95,4.5,9326,7.7,3.0,1912,Gaming,2,11238,Young High Spender,Upsell premium services
31,Other,Bangalore,Vivo,Android,4.1,21.0,78.2,190,4.4,4147,7.2,2.1,1398,Gaming,2,5545,Young High Spender,Upsell premium services
47,Male,Lucknow,Realme,Android,2.4,17.9,36.6,83,5.7,7136,7.5,2.2,1341,Work,2,8477,Young High Spender,Upsell premium services
30,Other,Kolkata,Oppo,iOS,3.4,26.8,261.5,132,3.7,6685,7.4,1.4,1087,Social Media,2,7772,Young High Spender,Upsell premium services
33,Other,Lucknow,Samsung,iOS,8.5,39.4,25.9,24,5.7,8625,3.8,2.8,390,Entertainment,2,9015,Young High Spender,Upsell premium services
30,Other,Kolkata,Apple,Android,5.5,42.0,58.6,71,4.3,4806,3.6,0.8,1720,Work,2,6526,Young High Spender,Upsell premium services
18,Male,Chennai,Samsung,Android,2.6,25.2,40.7,171,5.7,5195,7.1,0.9,280,Education,2,5475,Young High Spender,Upsell premium services
53,Female,Jaipur,Realme,iOS,4.6,34.5,55.1,49,3.7,7589,0.5,0.0,1375,Entertainment,2,8964,Young High Spender,Upsell premium services
30,Female,Chennai,Oppo,Android,1.0,5.9,69.6,134,4.6,5250,6.4,0.9,1090,Social Media,2,6340,Young High Spender,Upsell premium services
36,Female,Kolkata,Nokia,Android,4.1,36.1,134.7,50,5.9,4561,3.5,4.2,1061,Gaming,2,5622,Young High Spender,Upsell premium services
15,Male,Kolkata,Apple,iOS,11.5,26.1,141.8,31,5.1,7880,7.6,2.7,677,Gaming,2,8557,Young High Spender,Upsell premium services
15,Other,Jaipur,Google Pixel,Android,11.4,9.7,242.8,117,5.6,5106,2.8,3.4,1454,Entertainment,2,6560,Young High Spender,Upsell premium services
35,Female,Hyderabad,Vivo,Android,9.6,6.2,41.8,78,3.4,5052,4.9,3.8,325,Entertainment,2,5377,Young High Spender,Upsell premium services
45,Male,Lucknow,OnePlus,Android,2.6,8.3,82.8,127,5.1,9070,6.1,4.3,1102,Education,2,10172,Young High Spender,Upsell premium services
32,Female,Jaipur,Xiaomi,Android,1.1,45.4,199.6,90,4.9,6109,1.6,0.4,972,Entertainment,2,7081,Young High Spender,Upsell premium services
42,Other,Pune,Xiaomi,iOS,9.6,24.8,30.9,77,3.4,6593,7.5,3.2,116,Social Media,2,6709,Young High Spender,Upsell premium services
49,Other,Hyderabad,Xiaomi,Android,3.6,49.5,282.9,22,5.2,7371,2.8,3.9,1830,Education,2,9201,Young High Spender,Upsell premium services
48,Male,Delhi,Xiaomi,iOS,3.3,20.3,158.0,20,3.7,8056,4.1,0.2,788,Social Media,2,8844,Young High Spender,Upsell premium services
30,Male,Mumbai,OnePlus,iOS,7.7,5.7,137.9,129,3.3,5791,0.8,4.6,1429,Education,2,7220,Young High Spender,Upsell premium services
57,Male,Hyderabad,Samsung,iOS,6.8,15.2,43.8,69,4.4,9175,3.1,0.6,710,Entertainment,2,9885,Young High Spender,Upsell premium services
17,Female,Kolkata,Motorola,iOS,7.3,15.5,58.1,44,2.7,9766,2.9,0.9,319,Social Media,2,10085,Young High Spender,Upsell premium services
44,Male,Kolkata,Google Pixel,Android,10.3,30.3,211.3,131,5.4,7494,7.9,1.9,1552,Entertainment,2,9046,Young High Spender,Upsell premium services
37,Other,Hyderabad,Motorola,iOS,3.1,35.5,239.2,15,5.4,9206,4.8,4.2,1719,Gaming,2,10925,Young High Spender,Upsell premium services
27,Male,Chennai,Oppo,iOS,1.4,47.0,100.3,153,4.9,8936,7.0,2.4,1061,Gaming,2,9997,Young High Spender,Upsell premium services
43,Female,Jaipur,Oppo,iOS,2.3,14.9,36.9,191,4.7,9582,6.4,4.4,176,Entertainment,2,9758,Young High Spender,Upsell premium services
50,Other,Hyderabad,OnePlus,Android,3.7,46.8,144.9,25,5.1,7733,7.2,4.7,1402,Work,2,9135,Young High Spender,Upsell premium services
29,Female,Mumbai,OnePlus,iOS,11.7,23.6,240.5,123,3.9,6447,3.5,1.5,434,Work,2,6881,Young High Spender,Upsell premium services
31,Female,Bangalore,Realme,iOS,7.1,4.0,205.5,171,5.8,7875,3.9,0.9,138,Work,2,8013,Young High Spender,Upsell premium services
21,Female,Hyderabad,Google Pixel,Android,3.7,30.4,93.1,104,5.3,7588,4.6,1.0,1652,Work,2,9240,Young High Spender,Upsell premium services
39,Male,Bangalore,Motorola,Android,2.7,18.8,232.6,200,4.8,8708,1.1,0.7,651,Social Media,2,9359,Young High Spender,Upsell premium services
17,Male,Bangalore,Vivo,Android,8.4,14.1,125.1,134,3.7,6928,6.7,4.0,1873,Work,2,8801,Young High Spender,Upsell premium services
40,Other,Kolkata,Apple,iOS,10.7,12.4,183.9,70,5.5,8837,4.5,3.8,731,Social Media,2,9568,Young High Spender,Upsell premium services
32,Other,Lucknow,Apple,iOS,6.1,6.2,9.1,69,4.4,9861,5.6,2.3,1502,Work,2,11363,Young High Spender,Upsell premium services
20,Female,Bangalore,Motorola,Android,9.5,12.6,169.8,176,3.4,9535,3.6,3.3,1996,Entertainment,2,11531,Young High Spender,Upsell premium services
20,Male,Kolkata,Realme,iOS,9.3,41.0,35.4,179,3.8,6534,3.5,1.8,1764,Education,2,8298,Young High Spender,Upsell premium services
49,Other,Kolkata,Apple,Android,2.3,16.5,292.6,136,5.3,5874,4.4,1.8,941,Social Media,2,6815,Young High Spender,Upsell premium services
31,Male,Kolkata,Nokia,iOS,8.0,4.8,228.9,76,5.7,8280,4.3,4.4,212,Entertainment,2,8492,Young High Spender,Upsell premium services
33,Other,Lucknow,Google Pixel,Android,9.2,27.3,11.7,31,4.1,8856,4.5,3.9,240,Education,2,9096,Young High Spender,Upsell premium services
59,Other,Bangalore,Motorola,iOS,11.8,13.7,207.0,41,5.7,7816,3.0,1.1,234,Work,2,8050,Young High Spender,Upsell premium services
34,Female,Mumbai,Motorola,Android,9.9,15.1,120.8,168,3.3,5825,4.9,3.0,1311,Work,2,7136,Young High Spender,Upsell premium services
59,Other,Jaipur,Apple,Android,10.7,29.7,61.7,101,5.1,7760,3.9,0.7,535,Education,2,8295,Young High Spender,Upsell premium services
15,Male,Mumbai,Samsung,Android,9.3,23.5,53.3,151,4.4,8762,7.5,3.3,1097,Social Media,2,9859,Young High Spender,Upsell premium services
34,Female,Kolkata,Vivo,Android,2.4,25.1,114.3,170,5.4,4126,5.9,1.6,1547,Entertainment,2,5673,Young High Spender,Upsell premium services
34,Female,Lucknow,Vivo,Android,9.3,44.6,188.7,163,6.0,3647,1.6,1.2,1140,Social Media,2,4787,Young High Spender,Upsell premium services
27,Other,Kolkata,Apple,iOS,3.6,10.6,12.8,61,4.5,8098,6.9,1.6,1446,Entertainment,2,9544,Young High Spender,Upsell premium services
21,Other,Kolkata,Vivo,Android,1.5,32.2,104.4,99,4.7,9912,0.9,1.6,925,Entertainment,2,10837,Young High Spender,Upsell premium services
39,Other,Hyderabad,OnePlus,Android,8.9,44.4,127.3,178,4.0,8294,1.2,1.6,349,Work,2,8643,Young High Spender,Upsell premium services
32,Female,Lucknow,Vivo,Android,11.5,40.2,34.5,42,3.1,5539,5.8,3.4,1117,Work,2,6656,Young High Spender,Upsell premium services
18,Male,Kolkata,Vivo,iOS,6.3,37.4,122.0,148,2.8,9067,3.6,1.8,1894,Work,2,10961,Young High Spender,Upsell premium services
34,Male,Jaipur,Samsung,Android,7.0,6.3,248.3,187,3.6,6936,1.0,0.6,1595,Gaming,2,8531,Young High Spender,Upsell premium services
26,Male,Pune,Xiaomi,Android,3.4,13.5,36.0,81,3.7,8341,2.8,0.9,456,Social Media,2,8797,Young High Spender,Upsell premium services
59,Male,Kolkata,OnePlus,iOS,4.2,20.8,147.6,120,4.4,8620,5.3,3.1,890,Social Media,2,9510,Young High Spender,Upsell premium services
42,Other,Lucknow,Vivo,Android,7.8,7.5,264.9,19,4.0,7129,5.4,4.9,1293,Entertainment,2,8422,Young High Spender,Upsell premium services
29,Other,Bangalore,Realme,Android,8.4,33.1,67.1,31,5.7,8605,3.7,0.2,552,Gaming,2,9157,Young High Spender,Upsell premium services
41,Female,Chennai,Samsung,Android,3.4,12.8,103.7,182,5.7,4056,7.5,2.2,297,Entertainment,2,4353,Young High Spender,Upsell premium services
38,Male,Bangalore,Nokia,Android,10.5,6.4,190.9,132,4.8,9915,1.7,3.3,801,Gaming,2,10716,Young High Spender,Upsell premium services
43,Male,Bangalore,Oppo,Android,5.7,31.6,12.6,77,5.1,8148,7.6,2.3,467,Work,2,8615,Young High Spender,Upsell premium services
48,Other,Ahmedabad,Oppo,iOS,5.4,35.0,249.5,39,4.7,6732,2.7,0.6,1956,Gaming,2,8688,Young High Spender,Upsell premium services
15,Female,Jaipur,Realme,Android,1.7,30.0,142.0,163,5.5,5573,3.9,1.5,687,Gaming,2,6260,Young High Spender,Upsell premium services
52,Female,Delhi,Google Pixel,Android,3.3,36.5,66.9,114,5.3,5690,6.3,4.0,1396,Social Media,2,7086,Young High Spender,Upsell premium services
18,Female,Mumbai,Realme,iOS,4.2,5.1,221.4,24,5.0,9985,2.3,3.4,1599,Social Media,2,11584,Young High Spender,Upsell premium services
22,Female,Hyderabad,Motorola,Android,6.7,27.0,113.1,81,4.8,7776,3.8,4.3,1140,Entertainment,2,8916,Young High Spender,Upsell premium services
55,Male,Lucknow,Nokia,iOS,7.0,41.3,45.0,14,4.5,9544,4.6,5.0,220,Entertainment,2,9764,Young High Spender,Upsell premium services
56,Other,Chennai,Google Pixel,iOS,6.7,39.9,186.9,194,5.9,7247,2.6,2.7,464,Gaming,2,7711,Young High Spender,Upsell premium services
44,Male,Delhi,Realme,iOS,8.1,40.3,245.6,188,4.6,5601,6.7,1.3,1592,Education,2,7193,Young High Spender,Upsell premium services
36,Other,Hyderabad,Xiaomi,Android,2.7,44.2,18.9,54,3.4,8540,1.7,0.8,785,Education,2,9325,Young High Spender,Upsell premium services
44,Female,Hyderabad,Oppo,Android,4.2,38.9,80.5,178,4.2,5270,3.5,1.6,1897,Work,2,7167,Young High Spender,Upsell premium services
30,Other,Hyderabad,Google Pixel,iOS,2.7,34.5,39.5,140,5.9,2255,3.6,3.7,953,Entertainment,2,3208,Young High Spender,Upsell premium services
23,Male,Hyderabad,Apple,iOS,7.7,7.8,277.0,168,3.5,9860,0.7,1.4,838,Gaming,2,10698,Young High Spender,Upsell premium services
46,Female,Jaipur,Oppo,iOS,4.7,41.8,286.5,27,5.3,9705,2.9,0.2,183,Social Media,2,9888,Young High Spender,Upsell premium services
44,Male,Delhi,Apple,Android,7.8,6.0,157.3,159,5.6,7011,3.2,3.2,129,Education,2,7140,Young High Spender,Upsell premium services
21,Male,Hyderabad,OnePlus,Android,9.1,25.2,26.6,98,4.8,7561,4.6,2.6,1972,Work,2,9533,Young High Spender,Upsell premium services
18,Female,Lucknow,Oppo,iOS,5.1,24.6,214.4,154,4.5,7352,4.1,2.2,1107,Gaming,2,8459,Young High Spender,Upsell premium services
32,Female,Pune,Xiaomi,Android,4.5,27.1,102.8,123,4.6,9103,2.5,4.3,1997,Gaming,2,11100,Young High Spender,Upsell premium services
26,Female,Pune,Nokia,Android,2.5,17.9,200.1,29,5.9,5884,7.9,3.6,159,Work,2,6043,Young High Spender,Upsell premium services
30,Other,Pune,Realme,Android,6.8,30.2,146.4,88,4.6,8626,3.6,1.8,1573,Entertainment,2,10199,Young High Spender,Upsell premium services
32,Other,Delhi,Motorola,iOS,4.7,47.3,265.3,75,4.5,9496,3.5,1.6,1045,Education,2,10541,Young High Spender,Upsell premium services
51,Male,Kolkata,Oppo,Android,5.3,48.1,56.6,194,5.5,7110,2.4,4.7,1170,Gaming,2,8280,Young High Spender,Upsell premium services
48,Other,Jaipur,OnePlus,iOS,7.6,46.3,213.9,181,4.3,9414,7.4,3.2,875,Work,2,10289,Young High Spender,Upsell premium services
35,Other,Bangalore,Vivo,iOS,6.0,49.9,47.6,160,4.6,7834,4.1,0.6,1818,Education,2,9652,Young High Spender,Upsell premium services
25,Male,Hyderabad,Motorola,Android,6.5,2.2,186.3,150,3.6,8668,1.4,3.1,1829,Social Media,2,10497,Young High Spender,Upsell premium services
18,Other,Bangalore,Vivo,iOS,2.5,2.1,18.7,156,4.6,8990,6.6,0.1,1539,Gaming,2,10529,Young High Spender,Upsell premium services
26,Male,Chennai,Motorola,iOS,10.5,5.0,151.8,15,4.8,6939,3.2,5.0,827,Social Media,2,7766,Young High Spender,Upsell premium services
47,Female,Bangalore,OnePlus,Android,9.9,35.2,255.2,99,5.8,5006,6.4,1.5,315,Gaming,2,5321,Young High Spender,Upsell premium services
29,Other,Bangalore,Vivo,iOS,2.0,48.5,174.3,28,5.3,4214,7.4,3.8,1922,Entertainment,2,6136,Young High Spender,Upsell premium services
39,Male,Bangalore,Google Pixel,iOS,1.7,30.1,133.1,177,4.8,6162,2.5,4.3,1195,Gaming,2,7357,Young High Spender,Upsell premium services
40,Other,Hyderabad,Nokia,iOS,8.5,47.5,51.1,178,3.3,9683,4.2,4.4,1667,Entertainment,2,11350,Young High Spender,Upsell premium services
19,Female,Pune,Vivo,Android,5.7,15.9,172.2,18,5.3,9625,5.5,0.4,1052,Education,2,10677,Young High Spender,Upsell premium services
46,Female,Lucknow,Apple,Android,4.1,27.4,198.0,105,4.9,9718,0.7,0.2,1591,Social Media,2,11309,Young High Spender,Upsell premium services
38,Male,Mumbai,Xiaomi,iOS,3.8,26.4,273.4,187,4.4,4709,2.5,3.0,1239,Gaming,2,5948,Young High Spender,Upsell premium services
24,Male,Pune,Apple,Android,5.7,27.1,196.0,115,4.7,5738,5.4,1.8,1669,Entertainment,2,7407,Young High Spender,Upsell premium services
34,Other,Hyderabad,Oppo,Android,11.8,5.5,179.0,78,4.9,3750,7.8,0.6,1960,Social Media,2,5710,Young High Spender,Upsell premium services
43,Other,Mumbai,Apple,Android,9.2,12.1,205.9,67,5.5,4264,3.4,1.5,1765,Social Media,2,6029,Young High Spender,Upsell premium services
47,Female,Pune,Realme,Android,1.5,28.7,46.0,82,4.5,8409,3.7,4.8,1947,Entertainment,2,10356,Young High Spender,Upsell premium services
44,Male,Lucknow,OnePlus,iOS,9.7,45.8,92.2,91,5.3,8346,2.7,3.2,1160,Social Media,2,9506,Young High Spender,Upsell premium services
30,Male,Pune,Oppo,iOS,9.7,8.2,146.4,184,5.0,4894,7.2,1.2,1683,Work,2,6577,Young High Spender,Upsell premium services
25,Female,Chennai,Xiaomi,Android,2.3,6.7,201.1,135,4.9,6887,4.4,4.6,911,Education,2,7798,Young High Spender,Upsell premium services
40,Other,Hyderabad,OnePlus,iOS,6.0,14.9,55.0,91,4.4,9551,6.1,3.7,1073,Education,2,10624,Young High Spender,Upsell premium services
47,Other,Delhi,OnePlus,Android,8.2,4.7,241.9,79,4.7,9540,6.4,2.3,253,Social Media,2,9793,Young High Spender,Upsell premium services
39,Male,Pune,Xiaomi,Android,11.5,29.4,202.7,21,5.4,4760,5.0,2.5,1480,Entertainment,2,6240,Young High Spender,Upsell premium services
15,Other,Mumbai,Nokia,Android,7.1,22.4,42.4,75,2.4,9857,7.6,3.2,1614,Gaming,2,11471,Young High Spender,Upsell premium services
18,Female,Ahmedabad,Xiaomi,iOS,2.8,47.2,144.7,45,4.4,7591,6.1,1.4,1176,Gaming,2,8767,Young High Spender,Upsell premium services
34,Male,Mumbai,Motorola,Android,8.5,18.1,17.8,64,3.5,8666,4.9,0.4,1839,Gaming,2,10505,Young High Spender,Upsell premium services
34,Male,Jaipur,Nokia,Android,4.2,15.9,297.4,56,5.5,9159,5.1,4.4,105,Work,2,9264,Young High Spender,Upsell premium services
41,Other,Kolkata,Apple,Android,6.8,27.6,220.0,82,4.4,5410,4.6,3.5,776,Entertainment,2,6186,Young High Spender,Upsell premium services
26,Female,Hyderabad,Apple,Android,2.7,38.6,118.1,81,4.2,9124,4.5,3.7,1321,Social Media,2,10445,Young High Spender,Upsell premium services
26,Male,Ahmedabad,Motorola,Android,9.7,10.9,294.0,93,5.0,7955,0.9,0.7,1710,Gaming,2,9665,Young High Spender,Upsell premium services
39,Other,Jaipur,Vivo,Android,3.0,6.2,165.4,162,3.4,9204,7.5,1.3,1829,Entertainment,2,11033,Young High Spender,Upsell premium services
57,Other,Lucknow,Motorola,Android,2.4,37.9,149.5,126,5.0,9939,6.8,1.0,1181,Work,2,11120,Young High Spender,Upsell premium services
34,Female,Chennai,Google Pixel,Android,2.6,4.1,155.2,33,5.0,4771,3.1,3.0,1357,Gaming,2,6128,Young High Spender,Upsell premium services
48,Female,Kolkata,Nokia,iOS,3.9,36.9,21.2,52,5.1,9535,7.4,2.5,1632,Social Media,2,11167,Young High Spender,Upsell premium services
15,Male,Chennai,Realme,Android,5.8,14.8,109.8,85,2.9,8023,7.7,3.1,1674,Gaming,2,9697,Young High Spender,Upsell premium services
29,Female,Kolkata,Nokia,iOS,11.3,2.5,123.7,162,3.0,8643,2.9,3.5,795,Entertainment,2,9438,Young High Spender,Upsell premium services
24,Female,Delhi,Nokia,Android,8.5,36.8,174.5,147,5.8,8121,2.9,2.6,1374,Social Media,2,9495,Young High Spender,Upsell premium services
36,Female,Mumbai,Xiaomi,iOS,2.8,21.9,5.1,160,5.8,6772,5.7,2.0,717,Gaming,2,7489,Young High Spender,Upsell premium services
37,Male,Delhi,Nokia,iOS,1.2,49.6,277.7,93,4.9,9161,5.9,2.2,704,Education,2,9865,Young High Spender,Upsell premium services
48,Male,Jaipur,Xiaomi,iOS,5.8,19.0,27.3,193,4.0,9967,5.3,3.9,1289,Work,2,11256,Young High Spender,Upsell premium services
29,Female,Kolkata,OnePlus,iOS,2.3,28.7,187.3,169,5.6,8690,6.6,2.7,1453,Work,2,10143,Young High Spender,Upsell premium services
49,Male,Hyderabad,Motorola,iOS,4.4,4.1,264.9,20,5.6,5680,1.8,3.1,1899,Social Media,2,7579,Young High Spender,Upsell premium services
58,Female,Delhi,Xiaomi,Android,9.8,24.7,129.9,51,4.8,7139,7.5,3.7,1110,Gaming,2,8249,Young High Spender,Upsell premium services
34,Male,Lucknow,Xiaomi,Android,6.0,34.4,197.2,91,4.8,8217,6.8,3.7,1673,Entertainment,2,9890,Young High Spender,Upsell premium services
55,Other,Pune,Motorola,Android,8.5,27.2,127.7,160,5.8,9910,1.0,2.6,1322,Education,2,11232,Young High Spender,Upsell premium services
51,Male,Ahmedabad,Vivo,iOS,8.5,22.4,221.3,18,5.6,8299,4.7,3.2,1946,Work,2,10245,Young High Spender,Upsell premium services
35,Female,Ahmedabad,Oppo,iOS,10.3,13.1,279.9,55,4.4,6162,3.7,3.9,1197,Gaming,2,7359,Young High Spender,Upsell premium services
15,Female,Lucknow,Apple,iOS,6.2,12.8,63.2,93,3.4,8886,2.1,3.6,1506,Entertainment,2,10392,Young High Spender,Upsell premium services
28,Female,Mumbai,Xiaomi,iOS,9.6,37.2,52.5,192,4.4,9939,1.6,4.8,1588,Entertainment,2,11527,Young High Spender,Upsell premium services
48,Female,Delhi,Samsung,iOS,5.6,22.3,202.4,137,4.7,8146,1.2,4.2,1351,Gaming,2,9497,Young High Spender,Upsell premium services
33,Other,Chennai,Apple,Android,1.7,21.2,183.2,172,5.2,3746,2.2,1.7,1707,Education,2,5453,Young High Spender,Upsell premium services
49,Other,Mumbai,Xiaomi,iOS,3.9,23.2,23.0,119,5.5,5448,0.7,4.2,953,Education,2,6401,Young High Spender,Upsell premium services
23,Other,Hyderabad,Apple,iOS,10.8,42.4,203.3,71,4.3,9151,2.9,4.5,1021,Social Media,2,10172,Young High Spender,Upsell premium services
47,Male,Bangalore,Apple,Android,8.5,23.6,18.5,130,4.3,7324,2.5,1.4,366,Entertainment,2,7690,Young High Spender,Upsell premium services
31,Female,Chennai,Xiaomi,iOS,8.5,42.8,248.9,157,4.5,7094,2.5,2.4,1977,Social Media,2,9071,Young High Spender,Upsell premium services
30,Other,Mumbai,Apple,iOS,2.7,4.2,184.4,115,3.3,8718,1.7,2.4,1124,Education,2,9842,Young High Spender,Upsell premium services
18,Other,Chennai,Apple,Android,7.8,26.4,176.5,12,3.6,9354,3.2,3.2,1513,Education,2,10867,Young High Spender,Upsell premium services
34,Male,Ahmedabad,Realme,iOS,2.6,22.8,161.6,145,4.7,8626,3.7,4.3,1119,Social Media,2,9745,Young High Spender,Upsell premium services
29,Female,Pune,Xiaomi,Android,5.5,49.8,292.7,153,5.5,6303,4.1,0.2,741,Gaming,2,7044,Young High Spender,Upsell premium services
47,Other,Jaipur,Oppo,Android,9.8,2.7,83.6,92,4.6,9217,1.3,3.0,1849,Entertainment,2,11066,Young High Spender,Upsell premium services
22,Female,Hyderabad,Nokia,iOS,3.0,22.3,82.9,36,3.7,9713,1.2,0.1,157,Education,2,9870,Young High Spender,Upsell premium services
17,Male,Kolkata,OnePlus,Android,7.2,48.8,85.3,93,4.9,6491,3.4,2.8,948,Work,2,7439,Young High Spender,Upsell premium services
31,Male,Bangalore,Oppo,iOS,11.8,43.6,145.7,44,4.2,9890,2.9,0.7,343,Gaming,2,10233,Young High Spender,Upsell premium services
23,Other,Pune,Nokia,Android,11.5,14.7,210.5,75,4.8,9513,4.1,0.2,1896,Gaming,2,11409,Young High Spender,Upsell premium services
45,Female,Lucknow,Google Pixel,Android,4.6,7.6,13.7,35,4.0,9581,7.9,0.3,1816,Education,2,11397,Young High Spender,Upsell premium services
20,Male,Chennai,Xiaomi,iOS,9.7,15.7,112.6,111,2.8,7953,1.0,3.0,953,Gaming,2,8906,Young High Spender,Upsell premium services
58,Other,Ahmedabad,Nokia,Android,8.6,38.3,69.1,187,5.5,8585,6.7,2.9,1888,Work,2,10473,Young High Spender,Upsell premium services
35,Male,Lucknow,Nokia,Android,6.8,4.9,230.3,97,4.0,9051,1.2,4.0,547,Gaming,2,9598,Young High Spender,Upsell premium services
59,Female,Delhi,OnePlus,Android,1.4,46.9,14.6,86,4.8,8433,2.6,0.5,358,Social Media,2,8791,Young High Spender,Upsell premium services
31,Male,Ahmedabad,Motorola,Android,7.0,15.6,67.3,40,6.0,3028,6.0,3.4,277,Entertainment,2,3305,Young High Spender,Upsell premium services
24,Female,Lucknow,Realme,Android,4.4,48.7,149.1,57,4.3,5865,3.4,3.7,1650,Entertainment,2,7515,Young High Spender,Upsell premium services
21,Male,Bangalore,Oppo,iOS,3.1,39.6,260.5,77,5.1,9579,2.3,4.9,133,Education,2,9712,Young High Spender,Upsell premium services
37,Female,Pune,Xiaomi,Android,1.8,40.0,297.8,60,3.6,5947,2.0,0.1,433,Work,2,6380,Young High Spender,Upsell premium services
22,Male,Bangalore,Oppo,Android,4.2,14.3,36.5,105,5.9,6058,1.8,1.4,541,Entertainment,2,6599,Young High Spender,Upsell premium services
36,Male,Delhi,Apple,Android,4.3,4.7,47.3,39,4.3,9153,0.8,4.3,1978,Entertainment,2,11131,Young High Spender,Upsell premium services
51,Female,Delhi,Xiaomi,Android,5.4,11.7,119.0,121,5.1,7735,2.9,1.7,1077,Education,2,8812,Young High Spender,Upsell premium services
35,Other,Hyderabad,Apple,iOS,2.6,23.8,52.9,143,4.0,4256,3.1,1.5,664,Work,2,4920,Young High Spender,Upsell premium services
25,Female,Jaipur,Xiaomi,Android,10.4,49.9,226.1,61,3.5,6983,7.5,4.3,1395,Work,2,8378,Young High Spender,Upsell premium services
21,Female,Hyderabad,Google Pixel,Android,7.1,24.4,111.6,63,5.6,5826,5.1,1.3,620,Entertainment,2,6446,Young High Spender,Upsell premium services
45,Female,Jaipur,Apple,iOS,7.3,11.7,59.1,49,5.9,4228,4.9,2.4,1375,Work,2,5603,Young High Spender,Upsell premium services
34,Female,Kolkata,Oppo,iOS,10.0,34.2,286.8,19,5.2,6650,4.4,3.3,1980,Gaming,2,8630,Young High Spender,Upsell premium services
28,Male,Bangalore,Oppo,Android,1.8,36.0,70.0,126,3.8,6839,1.1,1.1,1317,Gaming,2,8156,Young High Spender,Upsell premium services
22,Female,Pune,OnePlus,iOS,9.6,37.4,72.2,163,3.5,7610,4.7,4.6,1292,Gaming,2,8902,Young High Spender,Upsell premium services
48,Male,Chennai,Apple,iOS,5.0,13.4,51.1,195,5.7,7090,6.2,0.0,1802,Entertainment,2,8892,Young High Spender,Upsell premium services
35,Other,Lucknow,Realme,Android,5.4,18.6,143.5,113,3.2,5576,4.6,2.4,518,Entertainment,2,6094,Young High Spender,Upsell premium services
29,Female,Chennai,Apple,iOS,7.3,27.4,176.3,105,5.2,9894,1.9,0.5,705,Work,2,10599,Young High Spender,Upsell premium services
22,Male,Bangalore,OnePlus,Android,8.4,5.7,128.4,89,3.7,7674,2.4,1.8,1314,Education,2,8988,Young High Spender,Upsell premium services
44,Male,Chennai,Nokia,Android,5.6,6.9,251.4,153,5.1,6923,3.6,4.2,305,Entertainment,2,7228,Young High Spender,Upsell premium services
36,Female,Hyderabad,Google Pixel,iOS,8.5,22.9,23.0,154,5.6,3193,4.6,2.9,332,Entertainment,2,3525,Young High Spender,Upsell premium services
53,Male,Kolkata,Vivo,Android,4.1,2.9,10.4,78,3.4,9711,2.2,0.3,844,Education,2,10555,Young High Spender,Upsell premium services
35,Other,Jaipur,Realme,iOS,8.5,19.9,65.8,15,4.7,6511,2.2,3.5,1372,Education,2,7883,Young High Spender,Upsell premium services
32,Female,Pune,Samsung,Android,1.6,14.8,245.5,198,5.7,6059,6.4,0.6,703,Work,2,6762,Young High Spender,Upsell premium services
36,Male,Hyderabad,Vivo,iOS,7.9,35.1,15.6,191,4.9,4637,4.0,3.4,528,Work,2,5165,Young High Spender,Upsell premium services
44,Male,Pune,Motorola,iOS,7.6,43.2,94.6,10,4.5,6653,5.9,2.1,805,Work,2,7458,Young High Spender,Upsell premium services
35,Male,Pune,Xiaomi,Android,3.7,38.0,22.8,193,3.9,4713,6.7,3.1,1258,Gaming,2,5971,Young High Spender,Upsell premium services
39,Male,Jaipur,Motorola,iOS,10.5,31.8,193.3,11,5.4,5778,6.0,0.6,727,Education,2,6505,Young High Spender,Upsell premium services
16,Male,Pune,Samsung,Android,3.4,15.1,198.3,169,4.2,8887,7.9,3.4,908,Entertainment,2,9795,Young High Spender,Upsell premium services
26,Other,Chennai,Google Pixel,iOS,8.9,36.5,81.2,104,5.1,6558,7.6,2.3,1680,Social Media,2,8238,Young High Spender,Upsell premium services
26,Other,Delhi,Apple,Android,6.3,5.4,245.8,122,4.5,7793,0.9,1.1,972,Gaming,2,8765,Young High Spender,Upsell premium services
21,Male,Pune,Apple,Android,7.2,17.5,275.0,94,3.2,9406,4.6,1.5,1729,Work,2,11135,Young High Spender,Upsell premium services
35,Female,Delhi,Nokia,Android,9.4,27.1,98.6,41,5.1,6507,2.4,2.6,1745,Education,2,8252,Young High Spender,Upsell premium services
39,Female,Kolkata,Samsung,iOS,8.9,33.6,162.7,126,3.7,5471,1.1,2.6,1530,Education,2,7001,Young High Spender,Upsell premium services
16,Female,Chennai,Vivo,iOS,8.3,19.5,244.7,150,5.3,9003,2.2,2.6,175,Gaming,2,9178,Young High Spender,Upsell premium services
49,Male,Mumbai,Samsung,iOS,6.2,26.6,193.8,43,3.9,9529,1.2,3.2,510,Work,2,10039,Young High Spender,Upsell premium services
34,Other,Jaipur,Motorola,iOS,2.6,46.3,176.9,193,4.8,8442,4.8,4.9,1136,Gaming,2,9578,Young High Spender,Upsell premium services
27,Other,Jaipur,Apple,iOS,7.4,41.6,193.1,190,5.3,7823,4.0,0.5,789,Entertainment,2,8612,Young High Spender,Upsell premium services
53,Other,Jaipur,Vivo,iOS,7.9,14.3,175.7,101,3.7,9178,1.0,4.5,1390,Social Media,2,10568,Young High Spender,Upsell premium services
31,Female,Jaipur,OnePlus,iOS,4.1,26.2,192.1,156,3.7,8753,6.6,0.1,1897,Social Media,2,10650,Young High Spender,Upsell premium services
27,Female,Jaipur,Motorola,Android,9.1,22.7,7.9,131,5.6,9694,4.2,1.8,1822,Work,2,11516,Young High Spender,Upsell premium services
28,Male,Hyderabad,Apple,Android,7.0,40.2,69.6,81,5.1,7388,1.8,0.8,1141,Social Media,2,8529,Young High Spender,Upsell premium services
44,Female,Mumbai,Realme,iOS,2.9,30.4,286.3,91,3.7,6541,3.3,2.9,1393,Entertainment,2,7934,Young High Spender,Upsell premium services
30,Female,Kolkata,Samsung,Android,1.3,39.7,169.3,98,5.4,3644,8.0,3.3,1120,Social Media,2,4764,Young High Spender,Upsell premium services
37,Other,Chennai,Oppo,Android,3.7,18.0,87.5,166,4.8,8323,7.9,3.5,1401,Entertainment,2,9724,Young High Spender,Upsell premium services
41,Male,Ahmedabad,Motorola,Android,3.6,32.6,23.4,187,5.3,3918,3.7,0.7,281,Gaming,2,4199,Young High Spender,Upsell premium services
46,Other,Kolkata,Google Pixel,iOS,11.7,49.1,114.5,164,5.7,9721,5.7,0.2,1870,Social Media,2,11591,Young High Spender,Upsell premium services
52,Female,Pune,Motorola,Android,11.4,27.6,22.9,123,5.1,5826,3.7,4.2,1351,Gaming,2,7177,Young High Spender,Upsell premium services
35,Male,Hyderabad,Xiaomi,iOS,7.2,46.9,255.6,117,5.2,4633,6.9,0.1,367,Entertainment,2,5000,Young High Spender,Upsell premium services
54,Other,Ahmedabad,Apple,Android,7.4,37.4,188.1,119,4.6,6478,0.8,4.2,572,Gaming,2,7050,Young High Spender,Upsell premium services
32,Female,Jaipur,Oppo,Android,8.3,7.0,210.3,129,5.0,4053,0.7,1.6,1706,Work,2,5759,Young High Spender,Upsell premium services
59,Other,Lucknow,Xiaomi,Android,6.6,14.3,186.7,187,4.2,9296,3.8,2.8,921,Education,2,10217,Young High Spender,Upsell premium services
42,Female,Jaipur,Apple,Android,8.2,6.7,144.2,40,5.7,9810,1.7,2.4,1980,Social Media,2,11790,Young High Spender,Upsell premium services
25,Other,Kolkata,Apple,Android,6.8,1.9,173.5,164,4.7,4743,5.2,2.2,1283,Entertainment,2,6026,Young High Spender,Upsell premium services
30,Female,Ahmedabad,Google Pixel,Android,9.8,22.1,270.3,185,4.8,9093,2.0,0.9,1251,Entertainment,2,10344,Young High Spender,Upsell premium services
35,Other,Jaipur,Apple,Android,8.9,28.8,119.3,152,3.7,9833,3.3,2.7,1973,Entertainment,2,11806,Young High Spender,Upsell premium services
56,Other,Jaipur,Nokia,iOS,10.9,16.5,118.0,16,4.8,9034,4.9,0.1,495,Social Media,2,9529,Young High Spender,Upsell premium services
27,Male,Lucknow,Samsung,iOS,9.9,31.5,196.6,124,4.0,8672,2.8,1.5,648,Work,2,9320,Young High Spender,Upsell premium services
34,Other,Bangalore,Motorola,Android,5.0,23.6,240.8,46,5.8,6121,1.7,0.1,1075,Work,2,7196,Young High Spender,Upsell premium services
33,Female,Delhi,Google Pixel,iOS,10.6,17.8,214.9,104,5.5,5586,3.5,2.7,1562,Education,2,7148,Young High Spender,Upsell premium services
50,Male,Kolkata,Google Pixel,Android,6.8,34.2,298.3,121,3.9,7228,2.2,5.0,1513,Entertainment,2,8741,Young High Spender,Upsell premium services
55,Female,Pune,Motorola,iOS,3.0,34.2,188.1,192,5.4,8253,1.4,2.9,567,Education,2,8820,Young High Spender,Upsell premium services
29,Male,Ahmedabad,Motorola,iOS,7.0,32.6,32.7,111,5.0,5604,2.8,2.6,999,Gaming,2,6603,Young High Spender,Upsell premium services
23,Other,Mumbai,Google Pixel,Android,11.0,25.4,107.8,86,4.5,7218,3.5,2.5,1802,Education,2,9020,Young High Spender,Upsell premium services
30,Female,Delhi,Xiaomi,iOS,7.9,42.7,187.1,25,5.7,6682,7.0,0.6,997,Social Media,2,7679,Young High Spender,Upsell premium services
32,Male,Bangalore,Nokia,iOS,4.5,38.8,238.3,91,4.9,8433,4.8,5.0,1760,Work,2,10193,Young High Spender,Upsell premium services
22,Male,Hyderabad,Samsung,Android,4.5,14.4,160.5,121,5.3,5537,4.4,2.3,1990,Gaming,2,7527,Young High Spender,Upsell premium services
52,Female,Mumbai,Nokia,iOS,1.1,43.6,210.2,115,5.6,6996,7.5,3.0,1848,Education,2,8844,Young High Spender,Upsell premium services
49,Other,Hyderabad,Apple,Android,6.3,20.8,197.0,155,3.9,8223,2.1,3.5,855,Gaming,2,9078,Young High Spender,Upsell premium services
30,Other,Kolkata,Vivo,Android,3.8,11.2,43.6,35,4.9,7716,6.5,1.1,123,Gaming,2,7839,Young High Spender,Upsell premium services
30,Male,Kolkata,Apple,iOS,2.2,1.6,48.0,53,5.2,5947,1.3,0.0,1533,Work,2,7480,Young High Spender,Upsell premium services
16,Female,Ahmedabad,Nokia,Android,11.3,16.5,63.1,26,2.8,9168,7.8,4.9,1616,Social Media,2,10784,Young High Spender,Upsell premium services
36,Other,Lucknow,Nokia,Android,1.9,4.9,11.1,196,5.5,4829,3.2,3.7,1452,Social Media,2,6281,Young High Spender,Upsell premium services
36,Male,Hyderabad,Google Pixel,iOS,4.1,37.9,163.9,45,4.9,8222,4.1,3.0,1382,Entertainment,2,9604,Young High Spender,Upsell premium services
25,Female,Pune,Google Pixel,Android,1.8,12.5,146.6,112,3.6,7149,3.0,0.7,1977,Social Media,2,9126,Young High Spender,Upsell premium services
45,Male,Chennai,Oppo,iOS,2.9,17.3,85.6,42,4.3,6816,4.5,2.7,1351,Social Media,2,8167,Young High Spender,Upsell premium services
31,Male,Kolkata,OnePlus,iOS,11.5,24.8,176.1,36,5.2,8145,6.3,2.4,459,Work,2,8604,Young High Spender,Upsell premium services
24,Male,Pune,OnePlus,Android,10.8,27.8,195.0,31,4.6,5728,5.1,2.3,1775,Gaming,2,7503,Young High Spender,Upsell premium services
24,Other,Mumbai,Vivo,iOS,8.9,41.0,211.6,18,3.0,9253,0.8,4.1,1285,Education,2,10538,Young High Spender,Upsell premium services
60,Other,Jaipur,Motorola,iOS,11.0,40.1,160.8,95,5.0,8881,2.2,3.7,1360,Education,2,10241,Young High Spender,Upsell premium services
53,Female,Jaipur,Nokia,Android,1.5,20.3,207.6,29,3.9,9146,4.3,2.2,431,Entertainment,2,9577,Young High Spender,Upsell premium services
23,Male,Delhi,Apple,iOS,11.1,2.3,90.3,32,5.9,4098,4.8,5.0,301,Gaming,2,4399,Young High Spender,Upsell premium services
53,Male,Mumbai,Motorola,iOS,1.2,10.6,260.4,114,5.8,9349,5.0,3.5,699,Work,2,10048,Young High Spender,Upsell premium services
41,Female,Delhi,Google Pixel,iOS,3.9,2.9,286.8,40,5.5,4495,5.9,0.3,1099,Social Media,2,5594,Young High Spender,Upsell premium services
40,Other,Jaipur,Oppo,Android,8.8,10.6,66.9,43,4.6,4329,7.7,1.6,716,Gaming,2,5045,Young High Spender,Upsell premium services
41,Female,Jaipur,Motorola,Android,9.0,1.6,39.6,44,5.3,4225,3.1,1.2,746,Gaming,2,4971,Young High Spender,Upsell premium services
58,Other,Jaipur,Apple,Android,9.7,30.2,203.8,91,4.8,9715,4.5,0.6,1448,Gaming,2,11163,Young High Spender,Upsell premium services
27,Female,Lucknow,Xiaomi,Android,3.9,34.4,45.7,125,5.3,4430,3.6,1.9,1882,Social Media,2,6312,Young High Spender,Upsell premium services
31,Female,Kolkata,Nokia,iOS,9.2,42.7,205.6,69,5.9,4252,3.1,2.3,827,Entertainment,2,5079,Young High Spender,Upsell premium services
49,Female,Mumbai,Nokia,iOS,6.6,12.3,128.4,66,6.0,9545,4.3,3.8,161,Entertainment,2,9706,Young High Spender,Upsell premium services
44,Female,Ahmedabad,Samsung,Android,5.2,11.8,79.8,119,3.7,5982,4.7,0.6,961,Social Media,2,6943,Young High Spender,Upsell premium services
40,Other,Jaipur,Xiaomi,iOS,8.2,10.3,210.7,116,4.0,5715,4.5,3.6,1861,Work,2,7576,Young High Spender,Upsell premium services
31,Other,Jaipur,OnePlus,Android,3.1,14.2,174.8,161,3.7,7092,5.4,1.7,1821,Education,2,8913,Young High Spender,Upsell premium services
41,Other,Jaipur,Google Pixel,Android,2.2,2.3,209.8,27,5.3,7234,4.5,3.4,1746,Work,2,8980,Young High Spender,Upsell premium services
26,Female,Bangalore,Vivo,iOS,9.7,49.1,196.1,16,4.4,9294,3.4,0.0,1280,Gaming,2,10574,Young High Spender,Upsell premium services
27,Other,Bangalore,Apple,Android,9.3,4.4,43.5,38,4.1,9697,4.8,0.7,110,Work,2,9807,Young High Spender,Upsell premium services
32,Male,Pune,Realme,Android,10.3,14.8,136.0,101,3.3,6703,4.4,4.9,1394,Work,2,8097,Young High Spender,Upsell premium services
25,Other,Ahmedabad,Nokia,Android,5.4,24.6,96.9,185,4.0,7806,4.9,2.0,761,Gaming,2,8567,Young High Spender,Upsell premium services
23,Male,Chennai,Google Pixel,Android,2.7,43.3,104.8,43,3.0,9551,1.8,3.1,570,Gaming,2,10121,Young High Spender,Upsell premium services
44,Female,Kolkata,Samsung,Android,5.8,6.5,164.6,77,4.4,8968,3.7,1.9,1321,Education,2,10289,Young High Spender,Upsell premium services
22,Male,Ahmedabad,Nokia,iOS,7.1,35.7,270.9,72,5.5,4738,3.1,1.1,334,Work,2,5072,Young High Spender,Upsell premium services
20,Male,Chennai,Apple,iOS,8.5,5.0,37.8,48,3.7,8602,5.1,2.4,1044,Gaming,2,9646,Young High Spender,Upsell premium services
48,Male,Pune,Apple,Android,5.2,13.9,244.0,58,5.9,5478,7.7,0.3,1097,Education,2,6575,Young High Spender,Upsell premium services
35,Other,Delhi,Vivo,Android,2.7,17.0,129.9,87,6.0,4179,2.5,1.8,1156,Work,2,5335,Young High Spender,Upsell premium services
51,Female,Hyderabad,Motorola,Android,8.6,19.2,13.4,53,3.9,7580,6.0,4.3,1305,Education,2,8885,Young High Spender,Upsell premium services
16,Other,Kolkata,Xiaomi,iOS,9.9,10.8,151.8,40,3.0,8742,4.8,1.3,1234,Social Media,2,9976,Young High Spender,Upsell premium services
44,Female,Delhi,Nokia,iOS,8.7,25.5,209.0,75,3.9,9110,0.7,4.2,1873,Gaming,2,10983,Young High Spender,Upsell premium services
53,Female,Kolkata,Vivo,Android,5.3,5.7,11.9,43,4.6,8798,6.7,3.7,807,Entertainment,2,9605,Young High Spender,Upsell premium services
37,Female,Chennai,Google Pixel,iOS,2.4,33.5,168.6,163,3.8,7962,5.2,0.0,190,Social Media,2,8152,Young High Spender,Upsell premium services
27,Male,Chennai,Vivo,Android,7.6,13.2,221.3,64,5.8,5388,4.7,2.4,1027,Work,2,6415,Young High Spender,Upsell premium services
28,Female,Jaipur,Oppo,iOS,1.3,4.2,240.6,196,4.2,5351,1.6,4.7,315,Entertainment,2,5666,Young High Spender,Upsell premium services
45,Other,Pune,Oppo,iOS,5.0,2.2,18.6,10,5.9,5238,7.1,0.2,772,Social Media,2,6010,Young High Spender,Upsell premium services
35,Female,Hyderabad,Apple,iOS,3.9,13.5,241.7,102,4.9,5896,3.1,0.8,1007,Gaming,2,6903,Young High Spender,Upsell premium services
30,Male,Kolkata,OnePlus,Android,8.5,9.4,137.0,100,3.8,8216,1.8,2.0,1502,Social Media,2,9718,Young High Spender,Upsell premium services
53,Male,Mumbai,Nokia,Android,5.4,9.6,181.7,19,5.6,8237,6.1,2.5,513,Gaming,2,8750,Young High Spender,Upsell premium services
45,Male,Lucknow,OnePlus,iOS,9.6,20.2,257.6,73,4.2,8345,2.8,1.5,751,Work,2,9096,Young High Spender,Upsell premium services
45,Male,Ahmedabad,Google Pixel,iOS,11.5,4.8,209.6,198,3.6,9655,1.5,1.0,269,Entertainment,2,9924,Young High Spender,Upsell premium services
55,Male,Jaipur,Motorola,Android,2.4,43.4,37.7,123,3.6,8482,2.2,1.2,662,Gaming,2,9144,Young High Spender,Upsell premium services
53,Other,Delhi,Oppo,iOS,1.6,11.0,142.0,98,3.8,8247,7.7,2.8,136,Education,2,8383,Young High Spender,Upsell premium services
32,Female,Ahmedabad,OnePlus,iOS,7.6,35.5,196.1,36,4.3,6698,6.7,0.9,399,Work,2,7097,Young High Spender,Upsell premium services
60,Male,Jaipur,OnePlus,iOS,9.3,17.7,41.0,150,5.9,7760,1.5,3.5,1361,Education,2,9121,Young High Spender,Upsell premium services
42,Male,Delhi,Oppo,Android,9.0,26.9,256.2,72,4.2,8373,2.5,3.5,1060,Work,2,9433,Young High Spender,Upsell premium services
16,Male,Ahmedabad,Nokia,Android,1.4,49.8,246.4,16,5.9,9028,7.0,1.3,1594,Gaming,2,10622,Young High Spender,Upsell premium services
27,Female,Delhi,Xiaomi,Android,4.3,49.2,39.9,152,4.5,7510,2.8,0.5,1587,Social Media,2,9097,Young High Spender,Upsell premium services
22,Female,Ahmedabad,Realme,iOS,3.6,28.9,112.0,120,3.3,9928,5.1,2.8,673,Education,2,10601,Young High Spender,Upsell premium services
47,Male,Chennai,Oppo,iOS,6.0,17.8,207.1,40,5.9,9891,0.8,1.5,1469,Social Media,2,11360,Young High Spender,Upsell premium services
22,Female,Hyderabad,Apple,Android,3.8,7.0,83.5,149,2.7,9603,2.3,1.8,652,Gaming,2,10255,Young High Spender,Upsell premium services
28,Male,Mumbai,Google Pixel,iOS,8.3,19.0,296.6,31,3.4,9965,1.5,0.1,131,Social Media,2,10096,Young High Spender,Upsell premium services
46,Other,Hyderabad,Realme,iOS,7.6,12.9,75.7,195,5.1,5462,2.5,1.9,155,Entertainment,2,5617,Young High Spender,Upsell premium services
25,Female,Pune,Apple,Android,6.1,6.3,225.4,120,4.4,6082,4.7,3.1,1990,Entertainment,2,8072,Young High Spender,Upsell premium services
16,Male,Pune,Oppo,iOS,9.5,11.8,130.0,63,4.0,7230,2.5,0.2,220,Social Media,2,7450,Young High Spender,Upsell premium services
53,Other,Lucknow,Vivo,iOS,6.2,9.1,210.0,171,4.8,9044,0.5,4.0,141,Work,2,9185,Young High Spender,Upsell premium services
41,Male,Delhi,Realme,Android,3.2,42.3,43.9,113,5.8,6411,3.7,1.2,726,Work,2,7137,Young High Spender,Upsell premium services
58,Female,Mumbai,Motorola,iOS,4.9,20.2,35.8,167,4.0,8048,7.8,1.3,1462,Social Media,2,9510,Young High Spender,Upsell premium services
33,Male,Chennai,Google Pixel,iOS,10.3,15.7,172.1,127,5.8,3841,1.6,1.6,1326,Entertainment,2,5167,Young High Spender,Upsell premium services
33,Female,Delhi,Oppo,Android,4.0,8.5,188.2,134,5.4,9747,6.8,2.6,182,Education,2,9929,Young High Spender,Upsell premium services
37,Other,Bangalore,Oppo,iOS,4.3,46.6,290.6,119,5.4,4640,2.2,4.8,689,Gaming,2,5329,Young High Spender,Upsell premium services
48,Female,Ahmedabad,Xiaomi,Android,1.8,27.1,60.0,157,5.4,5043,1.0,3.3,531,Gaming,2,5574,Young High Spender,Upsell premium services
23,Female,Bangalore,Vivo,iOS,9.5,49.5,259.2,36,4.6,6621,5.0,1.7,767,Social Media,2,7388,Young High Spender,Upsell premium services
26,Female,Kolkata,Oppo,Android,8.3,22.8,144.2,11,4.6,7284,7.6,0.5,1848,Education,2,9132,Young High Spender,Upsell premium services
51,Male,Hyderabad,Apple,iOS,8.5,34.8,88.2,136,4.8,9487,5.1,3.9,1429,Entertainment,2,10916,Young High Spender,Upsell premium services
54,Male,Lucknow,Samsung,iOS,4.9,17.5,289.5,40,5.9,6957,5.6,4.0,1191,Gaming,2,8148,Young High Spender,Upsell premium services
27,Female,Lucknow,Apple,iOS,2.0,17.2,79.2,45,3.2,9318,0.8,1.5,1470,Education,2,10788,Young High Spender,Upsell premium services
37,Female,Hyderabad,Google Pixel,Android,6.8,30.8,119.8,15,4.7,5261,3.6,0.7,1138,Social Media,2,6399,Young High Spender,Upsell premium services
51,Other,Jaipur,Vivo,iOS,3.4,32.2,103.2,143,4.8,6186,6.4,4.4,541,Education,2,6727,Young High Spender,Upsell premium services
39,Female,Ahmedabad,Oppo,iOS,5.8,24.2,57.2,197,4.1,5163,3.9,2.0,1808,Entertainment,2,6971,Young High Spender,Upsell premium services
19,Female,Ahmedabad,Apple,Android,4.1,13.1,47.9,68,4.8,5124,2.2,4.3,1484,Work,2,6608,Young High Spender,Upsell premium services
41,Female,Chennai,Nokia,iOS,5.0,29.6,132.8,75,4.6,6026,3.0,1.6,265,Entertainment,2,6291,Young High Spender,Upsell premium services
38,Male,Ahmedabad,Oppo,Android,6.3,38.3,292.1,69,5.2,8697,5.7,3.7,441,Social Media,2,9138,Young High Spender,Upsell premium services
21,Female,Delhi,Google Pixel,iOS,2.5,35.5,275.0,161,3.6,9420,5.1,3.6,185,Education,2,9605,Young High Spender,Upsell premium services
42,Male,Chennai,Samsung,iOS,8.1,6.7,226.2,98,4.5,9557,7.4,4.9,1106,Gaming,2,10663,Young High Spender,Upsell premium services
55,Male,Chennai,Google Pixel,iOS,2.3,49.1,182.0,117,5.7,9179,3.7,2.3,392,Entertainment,2,9571,Young High Spender,Upsell premium services
33,Male,Ahmedabad,Realme,Android,10.6,14.9,155.9,48,5.2,4226,7.8,0.8,1212,Gaming,2,5438,Young High Spender,Upsell premium services
49,Female,Bangalore,Motorola,iOS,5.0,13.3,144.4,81,3.9,7842,1.9,2.5,571,Work,2,8413,Young High Spender,Upsell premium services
32,Male,Jaipur,Samsung,Android,10.6,7.6,93.3,11,5.0,8345,4.2,2.6,916,Entertainment,2,9261,Young High Spender,Upsell premium services
59,Other,Hyderabad,Samsung,iOS,1.0,10.8,86.5,190,4.0,9636,5.7,1.6,1030,Gaming,2,10666,Young High Spender,Upsell premium services
20,Female,Chennai,Xiaomi,Android,2.3,37.8,126.2,29,5.7,4059,6.8,3.9,1515,Education,2,5574,Young High Spender,Upsell premium services
32,Male,Kolkata,Google Pixel,Android,6.3,4.9,37.2,148,3.4,8149,2.1,1.7,1986,Entertainment,2,10135,Young High Spender,Upsell premium services
57,Other,Lucknow,Realme,iOS,9.9,26.4,165.3,168,4.8,8349,6.0,3.0,769,Entertainment,2,9118,Young High Spender,Upsell premium services
49,Male,Kolkata,Samsung,Android,9.7,29.9,258.6,125,5.8,6987,8.0,0.9,1123,Work,2,8110,Young High Spender,Upsell premium services
23,Other,Kolkata,OnePlus,Android,10.6,32.6,138.3,196,3.7,7056,2.0,4.6,772,Gaming,2,7828,Young High Spender,Upsell premium services
25,Female,Kolkata,Oppo,Android,8.1,2.1,286.2,99,5.9,5108,1.7,2.6,740,Entertainment,2,5848,Young High Spender,Upsell premium services
23,Female,Chennai,Vivo,iOS,5.2,8.7,66.6,80,5.0,6975,4.9,4.0,1457,Work,2,8432,Young High Spender,Upsell premium services
17,Male,Mumbai,Oppo,iOS,2.2,10.5,294.7,155,3.9,7600,5.6,0.6,357,Education,2,7957,Young High Spender,Upsell premium services
60,Female,Mumbai,Xiaomi,Android,6.1,28.6,28.7,196,4.6,8665,1.4,0.6,1872,Entertainment,2,10537,Young High Spender,Upsell premium services
51,Male,Lucknow,Samsung,Android,11.1,44.2,296.0,103,5.9,7752,4.7,2.4,892,Work,2,8644,Young High Spender,Upsell premium services
30,Other,Jaipur,Samsung,Android,2.3,15.0,31.5,193,4.5,8148,2.5,4.0,494,Gaming,2,8642,Young High Spender,Upsell premium services
48,Male,Kolkata,Motorola,iOS,2.9,41.6,48.8,159,4.6,6032,1.7,2.2,200,Education,2,6232,Young High Spender,Upsell premium services
31,Other,Hyderabad,Oppo,iOS,7.2,43.3,287.3,25,5.5,5442,7.3,4.3,173,Work,2,5615,Young High Spender,Upsell premium services
26,Male,Delhi,Oppo,iOS,7.0,15.4,77.1,69,5.5,7951,0.9,1.8,1088,Work,2,9039,Young High Spender,Upsell premium services
18,Female,Ahmedabad,Vivo,Android,1.2,28.4,290.3,185,3.7,9456,7.4,4.9,1605,Education,2,11061,Young High Spender,Upsell premium services
19,Male,Lucknow,OnePlus,iOS,10.4,18.7,270.6,16,4.1,6519,4.8,3.5,108,Gaming,2,6627,Young High Spender,Upsell premium services
43,Male,Hyderabad,Samsung,iOS,3.9,42.9,210.7,64,5.9,7054,5.8,2.5,275,Education,2,7329,Young High Spender,Upsell premium services
27,Male,Jaipur,Motorola,iOS,5.9,39.4,211.2,183,5.2,9157,4.5,3.0,321,Work,2,9478,Young High Spender,Upsell premium services
57,Female,Mumbai,Vivo,iOS,3.8,5.8,183.9,61,5.7,7164,0.6,4.2,1551,Entertainment,2,8715,Young High Spender,Upsell premium services
24,Female,Jaipur,Vivo,iOS,1.8,33.1,142.4,127,4.0,7439,4.0,0.4,1366,Social Media,2,8805,Young High Spender,Upsell premium services
22,Male,Mumbai,Xiaomi,iOS,5.1,34.3,36.7,187,4.5,7168,1.7,2.6,571,Work,2,7739,Young High Spender,Upsell premium services
25,Female,Jaipur,Realme,iOS,11.9,8.1,151.2,100,4.2,5402,4.8,0.1,1970,Work,2,7372,Young High Spender,Upsell premium services
59,Other,Jaipur,Samsung,iOS,6.4,16.0,245.8,131,5.9,7699,5.9,0.4,1244,Entertainment,2,8943,Young High Spender,Upsell premium services
32,Female,Mumbai,Nokia,iOS,11.7,41.4,33.3,185,5.4,6676,3.1,4.5,316,Work,2,6992,Young High Spender,Upsell premium services
37,Other,Pune,Google Pixel,Android,10.6,38.7,187.2,172,4.5,6444,3.9,4.0,805,Social Media,2,7249,Young High Spender,Upsell premium services
46,Male,Bangalore,Motorola,Android,8.9,14.7,208.3,157,4.1,8249,2.3,1.8,1846,Entertainment,2,10095,Young High Spender,Upsell premium services
45,Female,Lucknow,Nokia,Android,9.9,8.9,177.0,191,5.6,6751,6.8,0.0,1253,Work,2,8004,Young High Spender,Upsell premium services
22,Female,Mumbai,Motorola,Android,2.7,45.5,94.2,35,5.9,9303,3.9,3.8,1123,Gaming,2,10426,Young High Spender,Upsell premium services
28,Female,Lucknow,Vivo,Android,2.8,30.8,284.8,143,5.7,9547,3.5,1.0,1464,Education,2,11011,Young High Spender,Upsell premium services
27,Female,Kolkata,Samsung,iOS,4.9,41.2,146.4,200,4.1,6709,8.0,2.1,889,Gaming,2,7598,Young High Spender,Upsell premium services
18,Female,Pune,Oppo,Android,12.0,20.4,216.3,167,4.3,6941,7.5,1.8,1057,Work,2,7998,Young High Spender,Upsell premium services
40,Other,Jaipur,Xiaomi,iOS,4.2,8.9,139.3,126,5.1,4719,0.5,4.4,1668,Gaming,2,6387,Young High Spender,Upsell premium services
20,Other,Hyderabad,Nokia,Android,5.0,22.6,114.7,125,5.0,9404,2.4,3.7,465,Social Media,2,9869,Young High Spender,Upsell premium services
29,Male,Mumbai,Motorola,Android,10.6,19.7,89.6,103,3.3,8750,3.6,0.1,1416,Education,2,10166,Young High Spender,Upsell premium services
41,Male,Mumbai,Realme,Android,6.6,7.6,175.9,155,5.9,6803,7.0,0.0,490,Work,2,7293,Young High Spender,Upsell premium services
23,Female,Delhi,Apple,Android,1.5,11.0,10.4,56,3.7,7830,4.3,3.9,1863,Education,2,9693,Young High Spender,Upsell premium services
58,Other,Ahmedabad,Motorola,iOS,5.4,47.5,230.2,16,4.1,8462,7.0,0.6,1280,Social Media,2,9742,Young High Spender,Upsell premium services
31,Other,Jaipur,Samsung,iOS,3.9,19.4,116.8,106,4.1,5590,3.3,1.5,1925,Gaming,2,7515,Young High Spender,Upsell premium services
30,Male,Pune,Nokia,Android,11.8,4.4,195.3,160,4.5,4828,1.6,3.1,541,Social Media,2,5369,Young High Spender,Upsell premium services
44,Male,Hyderabad,Samsung,Android,2.0,36.1,134.0,80,5.7,4797,4.7,3.8,204,Entertainment,2,5001,Young High Spender,Upsell premium services
23,Female,Jaipur,Oppo,Android,1.4,23.0,113.5,58,3.2,8945,7.0,0.0,807,Social Media,2,9752,Young High Spender,Upsell premium services
24,Female,Hyderabad,Nokia,Android,10.1,8.3,180.0,34,3.0,9716,6.2,0.0,483,Gaming,2,10199,Young High Spender,Upsell premium services
41,Female,Jaipur,Samsung,Android,11.1,47.6,109.7,104,4.2,4902,5.9,1.6,913,Gaming,2,5815,Young High Spender,Upsell premium services
38,Male,Chennai,Apple,Android,1.4,47.4,6.2,82,5.6,3506,3.8,3.7,1529,Entertainment,2,5035,Young High Spender,Upsell premium services
34,Other,Lucknow,Apple,Android,2.4,10.0,43.6,80,3.8,4736,7.4,3.0,229,Entertainment,2,4965,Young High Spender,Upsell premium services
35,Other,Pune,Oppo,iOS,6.2,41.2,19.3,157,4.2,6022,3.4,2.0,970,Gaming,2,6992,Young High Spender,Upsell premium services
33,Female,Hyderabad,Xiaomi,iOS,4.8,42.7,39.4,186,3.4,8006,1.2,4.1,1704,Entertainment,2,9710,Young High Spender,Upsell premium services
34,Male,Kolkata,Oppo,Android,6.9,42.4,23.0,174,5.5,3918,6.9,2.4,1667,Entertainment,2,5585,Young High Spender,Upsell premium services
49,Male,Pune,Samsung,iOS,5.7,29.7,75.6,49,4.8,6204,5.5,2.7,562,Social Media,2,6766,Young High Spender,Upsell premium services
44,Female,Mumbai,Vivo,Android,12.0,24.1,35.3,98,3.8,8663,0.5,2.8,959,Entertainment,2,9622,Young High Spender,Upsell premium services
19,Other,Mumbai,Samsung,iOS,4.7,7.3,163.2,154,5.4,8569,0.5,4.6,298,Entertainment,2,8867,Young High Spender,Upsell premium services
46,Male,Jaipur,Oppo,iOS,6.2,27.8,229.6,19,5.1,6039,1.6,2.3,867,Social Media,2,6906,Young High Spender,Upsell premium services
20,Female,Ahmedabad,Apple,iOS,6.4,47.8,9.9,25,4.4,5321,3.1,0.7,1628,Education,2,6949,Young High Spender,Upsell premium services
42,Female,Pune,Nokia,Android,11.8,18.6,192.7,50,4.0,9654,3.0,3.5,712,Gaming,2,10366,Young High Spender,Upsell premium services
43,Female,Lucknow,Nokia,iOS,6.9,48.2,153.6,82,3.8,7448,1.2,1.8,473,Work,2,7921,Young High Spender,Upsell premium services
17,Female,Chennai,Nokia,iOS,11.9,10.9,251.5,155,5.1,6742,5.7,0.6,750,Entertainment,2,7492,Young High Spender,Upsell premium services
47,Other,Delhi,Realme,Android,6.0,48.0,30.1,92,5.4,8624,2.6,4.7,603,Work,2,9227,Young High Spender,Upsell premium services
48,Other,Jaipur,Google Pixel,iOS,4.9,36.3,205.9,65,4.9,9337,2.4,3.4,1039,Education,2,10376,Young High Spender,Upsell premium services
26,Male,Kolkata,Samsung,iOS,8.2,20.7,134.8,122,3.4,6223,2.8,3.1,853,Social Media,2,7076,Young High Spender,Upsell premium services
39,Female,Mumbai,Apple,iOS,6.0,39.1,280.4,190,4.3,8236,5.1,1.1,191,Gaming,2,8427,Young High Spender,Upsell premium services
54,Female,Delhi,Realme,Android,7.1,13.1,230.2,132,4.9,8541,3.9,2.0,230,Entertainment,2,8771,Young High Spender,Upsell premium services
38,Other,Kolkata,Google Pixel,iOS,8.9,31.8,157.1,37,5.9,5424,2.8,3.7,1939,Social Media,2,7363,Young High Spender,Upsell premium services
47,Other,Bangalore,Oppo,iOS,3.8,14.2,62.7,155,4.2,9423,6.1,1.8,362,Work,2,9785,Young High Spender,Upsell premium services
47,Other,Bangalore,Apple,iOS,6.2,3.3,61.9,93,5.9,9560,6.2,0.8,559,Social Media,2,10119,Young High Spender,Upsell premium services
15,Other,Kolkata,Vivo,Android,4.4,38.3,293.2,110,4.9,8825,7.6,4.7,1825,Gaming,2,10650,Young High Spender,Upsell premium services
47,Male,Lucknow,Google Pixel,Android,10.7,21.8,19.4,145,4.2,8002,3.4,0.7,1278,Entertainment,2,9280,Young High Spender,Upsell premium services
44,Female,Mumbai,Apple,iOS,10.9,37.2,123.5,40,4.8,9600,2.5,1.3,1690,Education,2,11290,Young High Spender,Upsell premium services
28,Male,Delhi,Nokia,iOS,4.3,24.1,55.6,188,3.0,6778,5.2,2.2,801,Work,2,7579,Young High Spender,Upsell premium services
43,Female,Ahmedabad,Realme,Android,3.6,19.7,161.2,163,5.2,4401,2.3,4.9,109,Entertainment,2,4510,Young High Spender,Upsell premium services
16,Female,Delhi,Samsung,Android,7.5,12.8,154.1,29,5.7,6797,5.6,1.6,592,Work,2,7389,Young High Spender,Upsell premium services
40,Male,Ahmedabad,Xiaomi,Android,1.1,48.6,175.5,21,3.7,7304,6.4,3.5,1648,Education,2,8952,Young High Spender,Upsell premium services
40,Female,Lucknow,Apple,iOS,2.7,8.6,276.9,10,5.2,9739,6.5,4.0,1494,Entertainment,2,11233,Young High Spender,Upsell premium services
36,Female,Mumbai,Nokia,Android,3.0,31.6,76.3,149,5.9,7167,5.4,2.5,1507,Work,2,8674,Young High Spender,Upsell premium services
32,Other,Ahmedabad,Nokia,Android,11.7,21.8,172.0,187,5.0,7262,2.2,1.9,1852,Work,2,9114,Young High Spender,Upsell premium services
31,Female,Mumbai,Xiaomi,Android,7.6,28.0,220.1,142,4.0,6770,3.2,3.3,146,Gaming,2,6916,Young High Spender,Upsell premium services
43,Other,Kolkata,Samsung,iOS,4.3,1.6,181.2,163,3.5,8924,4.4,0.2,301,Entertainment,2,9225,Young High Spender,Upsell premium services
31,Female,Hyderabad,Google Pixel,iOS,11.3,47.5,153.3,162,3.4,7036,5.8,3.7,1024,Social Media,2,8060,Young High Spender,Upsell premium services
47,Female,Kolkata,Apple,iOS,4.6,14.9,27.9,179,4.7,6985,5.0,1.7,1378,Social Media,2,8363,Young High Spender,Upsell premium services
39,Female,Kolkata,Vivo,Android,3.5,48.3,122.7,92,3.3,9156,5.4,1.2,664,Education,2,9820,Young High Spender,Upsell premium services
18,Female,Kolkata,Xiaomi,Android,2.0,40.2,113.9,40,4.2,7415,3.0,0.3,266,Gaming,2,7681,Young High Spender,Upsell premium services
34,Female,Jaipur,Realme,Android,6.9,39.4,230.5,68,3.8,9809,3.1,4.5,964,Work,2,10773,Young High Spender,Upsell premium services
18,Female,Delhi,Motorola,iOS,3.2,46.7,38.1,32,3.8,9120,7.5,4.0,1889,Gaming,2,11009,Young High Spender,Upsell premium services
48,Female,Ahmedabad,Nokia,iOS,4.4,6.9,54.9,54,5.3,9393,5.8,2.7,382,Entertainment,2,9775,Young High Spender,Upsell premium services
15,Male,Bangalore,Samsung,Android,9.9,43.7,75.0,52,5.7,8563,8.0,3.6,1490,Entertainment,2,10053,Young High Spender,Upsell premium services
56,Female,Jaipur,Google Pixel,iOS,7.5,49.1,253.5,89,5.1,9132,7.9,1.7,604,Work,2,9736,Young High Spender,Upsell premium services
42,Female,Mumbai,Google Pixel,Android,5.0,40.8,229.5,59,5.8,5612,3.5,4.4,757,Gaming,2,6369,Young High Spender,Upsell premium services
46,Female,Jaipur,Oppo,iOS,5.2,29.0,67.7,93,4.1,7182,7.5,0.3,1838,Social Media,2,9020,Young High Spender,Upsell premium services
21,Male,Mumbai,Nokia,Android,11.5,48.3,213.4,132,5.6,8413,6.9,1.3,915,Gaming,2,9328,Young High Spender,Upsell premium services
35,Female,Hyderabad,Xiaomi,iOS,11.8,26.3,264.8,168,5.0,8327,5.5,3.9,1477,Education,2,9804,Young High Spender,Upsell premium services
32,Female,Lucknow,Motorola,iOS,5.7,40.7,13.8,42,4.9,3536,5.3,0.8,788,Social Media,2,4324,Young High Spender,Upsell premium services
35,Female,Chennai,OnePlus,Android,2.0,7.8,65.4,61,5.9,4171,5.2,1.0,1807,Social Media,2,5978,Young High Spender,Upsell premium services
29,Other,Ahmedabad,Oppo,iOS,4.6,24.1,25.4,195,5.9,4589,1.2,4.0,1404,Social Media,2,5993,Young High Spender,Upsell premium services
38,Female,Pune,Apple,iOS,4.4,12.6,287.7,48,3.6,6229,1.3,5.0,151,Gaming,2,6380,Young High Spender,Upsell premium services
55,Female,Chennai,Apple,iOS,11.7,19.9,122.4,182,4.8,9927,7.0,2.7,426,Gaming,2,10353,Young High Spender,Upsell premium services
35,Female,Lucknow,Motorola,Android,3.0,6.8,139.8,75,4.3,4395,2.1,2.6,1430,Entertainment,2,5825,Young High Spender,Upsell premium services
27,Other,Delhi,Google Pixel,iOS,4.8,9.5,132.1,44,5.4,9280,4.6,3.6,793,Gaming,2,10073,Young High Spender,Upsell premium services
34,Other,Hyderabad,Xiaomi,Android,6.9,9.1,203.6,53,5.5,9015,2.6,3.3,1158,Gaming,2,10173,Young High Spender,Upsell premium services
25,Other,Bangalore,Apple,iOS,2.3,31.4,158.5,68,5.5,5276,7.0,1.4,691,Work,2,5967,Young High Spender,Upsell premium services
18,Male,Bangalore,OnePlus,Android,8.7,25.9,249.7,90,4.2,7925,7.9,3.3,119,Social Media,2,8044,Young High Spender,Upsell premium services
36,Female,Kolkata,Apple,Android,2.6,43.9,64.7,79,5.9,4975,2.3,0.2,492,Social Media,2,5467,Young High Spender,Upsell premium services
30,Male,Jaipur,Vivo,Android,1.4,34.1,64.8,139,4.2,7703,3.1,2.5,1258,Gaming,2,8961,Young High Spender,Upsell premium services
40,Male,Ahmedabad,Oppo,iOS,2.4,5.3,261.2,198,5.7,9881,5.2,3.8,545,Work,2,10426,Young High Spender,Upsell premium services
36,Female,Lucknow,Motorola,iOS,10.4,23.5,55.9,14,5.9,8061,2.4,3.5,1958,Education,2,10019,Young High Spender,Upsell premium services
52,Female,Mumbai,Nokia,Android,1.9,31.4,34.2,50,3.6,7731,0.9,1.6,811,Social Media,2,8542,Young High Spender,Upsell premium services
21,Female,Pune,Realme,Android,3.5,20.8,17.0,13,5.0,7830,2.6,2.4,1999,Education,2,9829,Young High Spender,Upsell premium services
32,Other,Ahmedabad,Motorola,iOS,9.1,6.9,66.8,61,5.0,7016,5.4,3.7,1964,Education,2,8980,Young High Spender,Upsell premium services
36,Female,Jaipur,Xiaomi,iOS,4.9,25.9,100.7,115,4.5,9630,2.6,4.1,616,Gaming,2,10246,Young High Spender,Upsell premium services
36,Male,Ahmedabad,Oppo,Android,4.3,23.1,62.2,156,5.6,5022,5.0,4.8,573,Work,2,5595,Young High Spender,Upsell premium services
48,Other,Hyderabad,Oppo,iOS,4.8,8.2,6.5,156,3.5,6839,4.5,2.8,312,Gaming,2,7151,Young High Spender,Upsell premium services
55,Male,Hyderabad,Apple,iOS,3.1,26.0,32.1,112,5.2,9799,1.3,3.6,1154,Education,2,10953,Young High Spender,Upsell premium services
19,Female,Delhi,Motorola,Android,10.6,37.8,45.7,152,3.8,7001,1.2,3.7,521,Work,2,7522,Young High Spender,Upsell premium services
43,Female,Ahmedabad,Motorola,iOS,11.0,44.8,180.1,176,5.8,5179,1.9,3.0,1744,Entertainment,2,6923,Young High Spender,Upsell premium services
23,Female,Pune,Samsung,Android,2.7,11.6,47.5,76,3.7,9359,2.6,2.6,1946,Social Media,2,11305,Young High Spender,Upsell premium services
36,Male,Lucknow,Oppo,Android,1.7,3.6,279.8,112,5.8,6828,5.4,0.0,129,Education,2,6957,Young High Spender,Upsell premium services
29,Other,Chennai,OnePlus,Android,4.7,6.5,275.8,37,3.9,6906,5.0,4.5,1940,Social Media,2,8846,Young High Spender,Upsell premium services
40,Other,Jaipur,Motorola,Android,7.2,39.4,22.1,11,5.1,9442,5.8,1.2,1265,Education,2,10707,Young High Spender,Upsell premium services
33,Female,Hyderabad,Nokia,iOS,3.2,13.8,175.8,22,4.7,6436,7.4,0.6,1093,Entertainment,2,7529,Young High Spender,Upsell premium services
31,Other,Mumbai,Samsung,Android,5.5,26.7,90.6,149,5.9,8415,1.6,3.3,1302,Education,2,9717,Young High Spender,Upsell premium services
19,Male,Delhi,Oppo,iOS,11.0,48.6,12.1,144,3.4,9955,2.9,1.8,953,Work,2,10908,Young High Spender,Upsell premium services
25,Other,Bangalore,Oppo,iOS,1.7,49.4,52.5,60,3.2,9549,2.3,2.8,1232,Work,2,10781,Young High Spender,Upsell premium services
15,Other,Bangalore,Google Pixel,Android,6.0,35.2,95.1,162,4.0,8186,2.5,0.0,1973,Entertainment,2,10159,Young High Spender,Upsell premium services
31,Male,Mumbai,Realme,iOS,8.8,6.0,11.3,106,4.6,6887,1.7,3.3,973,Entertainment,2,7860,Young High Spender,Upsell premium services
49,Other,Hyderabad,Samsung,iOS,7.3,43.1,53.2,23,3.9,8797,7.2,0.4,1079,Education,2,9876,Young High Spender,Upsell premium services
59,Male,Bangalore,Motorola,Android,7.8,44.3,56.4,96,5.8,8494,5.1,3.0,1656,Entertainment,2,10150,Young High Spender,Upsell premium services
20,Female,Bangalore,Samsung,Android,6.8,29.0,13.7,61,3.3,6957,5.5,0.4,1680,Social Media,2,8637,Young High Spender,Upsell premium services
40,Other,Chennai,Vivo,Android,4.2,34.8,86.2,135,4.9,5487,6.0,1.3,1906,Gaming,2,7393,Young High Spender,Upsell premium services
60,Other,Bangalore,Vivo,iOS,7.5,9.9,59.9,17,5.5,9144,2.1,3.0,1866,Education,2,11010,Young High Spender,Upsell premium services
29,Female,Lucknow,Google Pixel,iOS,4.1,36.5,182.9,115,4.3,9224,6.2,3.3,1435,Social Media,2,10659,Young High Spender,Upsell premium services
22,Male,Pune,Realme,Android,1.4,48.5,70.2,136,5.4,9921,4.6,3.9,1536,Education,2,11457,Young High Spender,Upsell premium services
54,Male,Chennai,Motorola,Android,8.7,10.2,296.8,51,4.2,7551,5.4,1.6,1824,Social Media,2,9375,Young High Spender,Upsell premium services
49,Female,Chennai,Oppo,Android,4.9,3.7,30.4,134,5.7,6977,5.6,2.9,337,Entertainment,2,7314,Young High Spender,Upsell premium services
16,Other,Hyderabad,Google Pixel,Android,5.8,2.4,161.3,181,5.2,5550,7.2,3.4,292,Social Media,2,5842,Young High Spender,Upsell premium services
29,Male,Delhi,Google Pixel,iOS,3.7,38.9,237.6,200,4.1,7620,7.1,0.8,1877,Education,2,9497,Young High Spender,Upsell premium services
37,Other,Chennai,Vivo,iOS,7.3,36.3,148.4,57,5.5,3925,1.1,1.6,1685,Gaming,2,5610,Young High Spender,Upsell premium services
25,Female,Hyderabad,Apple,iOS,2.9,41.5,55.0,13,3.8,7094,3.2,1.3,1586,Social Media,2,8680,Young High Spender,Upsell premium services
45,Female,Delhi,OnePlus,Android,4.6,48.4,54.7,60,5.7,4486,7.8,1.2,1864,Education,2,6350,Young High Spender,Upsell premium services
26,Female,Bangalore,Apple,Android,10.4,35.8,239.3,58,5.7,7304,6.7,4.5,1302,Gaming,2,8606,Young High Spender,Upsell premium services
35,Other,Kolkata,Apple,Android,10.0,24.7,178.3,96,5.0,8941,2.1,4.2,402,Social Media,2,9343,Young High Spender,Upsell premium services
43,Female,Pune,Motorola,iOS,7.0,15.0,86.4,37,3.6,6057,5.3,3.6,975,Entertainment,2,7032,Young High Spender,Upsell premium services
33,Female,Mumbai,OnePlus,iOS,10.3,31.9,263.9,140,4.8,5662,4.9,2.1,783,Work,2,6445,Young High Spender,Upsell premium services
25,Male,Chennai,Nokia,Android,3.8,42.9,224.4,43,5.7,8306,6.7,3.2,664,Education,2,8970,Young High Spender,Upsell premium services
27,Other,Bangalore,Samsung,Android,10.4,41.4,85.0,176,5.0,6581,7.1,2.9,470,Gaming,2,7051,Young High Spender,Upsell premium services
22,Female,Delhi,Google Pixel,Android,10.7,3.7,132.2,67,2.9,8087,1.5,2.1,1269,Social Media,2,9356,Young High Spender,Upsell premium services
57,Female,Ahmedabad,Samsung,Android,10.8,3.8,20.0,22,5.7,8975,5.0,2.4,1233,Work,2,10208,Young High Spender,Upsell premium services
21,Male,Lucknow,Nokia,iOS,10.5,44.7,159.0,145,3.9,8912,2.2,3.8,919,Entertainment,2,9831,Young High Spender,Upsell premium services
43,Male,Lucknow,Apple,Android,8.4,12.4,16.1,119,3.8,8204,3.8,4.2,1834,Work,2,10038,Young High Spender,Upsell premium services
46,Other,Delhi,OnePlus,Android,8.0,34.1,47.8,66,5.8,4604,5.0,3.6,1754,Work,2,6358,Young High Spender,Upsell premium services
47,Female,Pune,Vivo,Android,4.0,1.4,52.2,94,4.1,9843,3.2,1.9,647,Work,2,10490,Young High Spender,Upsell premium services
27,Other,Delhi,Samsung,Android,6.5,45.3,283.2,142,5.0,8556,7.7,3.6,1651,Education,2,10207,Young High Spender,Upsell premium services
32,Male,Hyderabad,Oppo,iOS,2.9,28.7,211.0,66,4.6,4453,7.0,0.0,1593,Gaming,2,6046,Young High Spender,Upsell premium services
53,Female,Chennai,Oppo,iOS,10.5,34.5,173.2,104,5.6,6914,2.1,3.6,1224,Gaming,2,8138,Young High Spender,Upsell premium services
23,Male,Bangalore,Vivo,Android,8.8,12.0,133.3,21,4.2,8834,5.5,0.5,1045,Entertainment,2,9879,Young High Spender,Upsell premium services
27,Other,Kolkata,Nokia,iOS,1.6,44.0,246.7,154,3.2,8537,4.4,2.8,546,Work,2,9083,Young High Spender,Upsell premium services
38,Other,Mumbai,OnePlus,iOS,5.0,5.3,209.2,161,5.0,9623,6.3,0.5,217,Gaming,2,9840,Young High Spender,Upsell premium services
29,Other,Ahmedabad,Motorola,iOS,9.6,5.3,34.3,77,3.6,8467,4.2,4.1,1459,Social Media,2,9926,Young High Spender,Upsell premium services
41,Female,Pune,Realme,iOS,2.1,5.4,56.7,19,4.8,5519,7.1,3.8,1729,Education,2,7248,Young High Spender,Upsell premium services
53,Female,Mumbai,Samsung,Android,1.6,30.8,62.3,58,5.9,9732,2.0,2.7,720,Social Media,2,10452,Young High Spender,Upsell premium services
56,Other,Bangalore,Motorola,Android,7.4,22.8,25.4,62,3.9,9689,1.5,4.5,852,Gaming,2,10541,Young High Spender,Upsell premium services
19,Female,Lucknow,Motorola,iOS,8.7,19.3,229.2,55,5.7,6150,1.2,2.4,205,Gaming,2,6355,Young High Spender,Upsell premium services
22,Male,Jaipur,Samsung,Android,6.8,43.2,94.6,24,3.3,9758,6.3,2.4,1606,Social Media,2,11364,Young High Spender,Upsell premium services
19,Female,Pune,Nokia,iOS,10.8,40.2,77.1,173,4.6,9575,2.4,4.9,462,Social Media,2,10037,Young High Spender,Upsell premium services
46,Male,Hyderabad,Samsung,Android,6.8,18.3,183.6,120,4.6,6835,5.4,2.0,1048,Education,2,7883,Young High Spender,Upsell premium services
50,Other,Mumbai,Realme,iOS,5.7,10.6,68.4,113,4.0,9932,4.4,1.9,1093,Education,2,11025,Young High Spender,Upsell premium services
60,Male,Pune,Samsung,iOS,9.7,20.5,74.6,193,5.5,6515,0.9,1.2,1663,Gaming,2,8178,Young High Spender,Upsell premium services
31,Female,Bangalore,Vivo,Android,1.8,47.0,174.3,80,4.6,8025,6.5,3.9,156,Entertainment,2,8181,Young High Spender,Upsell premium services
31,Other,Jaipur,Nokia,Android,7.1,36.1,121.1,200,5.8,4597,1.0,3.5,1979,Entertainment,2,6576,Young High Spender,Upsell premium services
44,Other,Delhi,Nokia,iOS,6.6,34.8,177.7,190,3.6,5837,2.7,4.6,1287,Entertainment,2,7124,Young High Spender,Upsell premium services
19,Male,Pune,Motorola,iOS,1.3,37.2,43.1,128,4.7,9321,0.9,1.7,666,Work,2,9987,Young High Spender,Upsell premium services
20,Other,Chennai,Motorola,Android,2.4,37.7,118.4,49,5.8,6770,6.3,2.9,484,Education,2,7254,Young High Spender,Upsell premium services
39,Other,Bangalore,Realme,iOS,9.6,13.0,173.6,183,3.3,8330,1.2,3.7,1191,Entertainment,2,9521,Young High Spender,Upsell premium services
28,Other,Lucknow,Xiaomi,Android,11.8,41.0,189.7,147,3.8,8626,3.7,1.6,197,Gaming,2,8823,Young High Spender,Upsell premium services
50,Other,Mumbai,Realme,iOS,3.9,43.6,183.5,136,5.8,8981,6.2,1.6,158,Entertainment,2,9139,Young High Spender,Upsell premium services
35,Male,Ahmedabad,Motorola,Android,2.5,30.7,5.2,151,5.8,8027,4.1,1.5,827,Education,2,8854,Young High Spender,Upsell premium services
45,Other,Pune,Google Pixel,Android,3.2,14.9,91.7,99,5.4,4722,3.4,4.6,136,Entertainment,2,4858,Young High Spender,Upsell premium services
21,Male,Jaipur,Nokia,iOS,3.3,11.3,202.2,123,4.2,8453,5.1,3.9,675,Social Media,2,9128,Young High Spender,Upsell premium services
56,Other,Pune,OnePlus,Android,1.5,46.6,16.8,18,5.6,9265,3.3,3.5,1027,Work,2,10292,Young High Spender,Upsell premium services
26,Female,Delhi,Google Pixel,iOS,4.4,32.1,124.1,179,4.4,6092,1.6,3.0,1830,Entertainment,2,7922,Young High Spender,Upsell premium services
52,Male,Mumbai,Google Pixel,Android,11.8,16.3,90.1,10,5.2,8235,4.7,1.1,633,Social Media,2,8868,Young High Spender,Upsell premium services
33,Male,Pune,Oppo,Android,4.0,4.6,65.5,159,4.5,7318,7.8,2.0,817,Gaming,2,8135,Young High Spender,Upsell premium services
26,Male,Delhi,Motorola,Android,8.9,18.4,66.1,185,2.8,7722,3.3,0.7,210,Entertainment,2,7932,Young High Spender,Upsell premium services
24,Other,Lucknow,Motorola,iOS,2.0,34.5,101.1,167,3.5,8193,4.4,0.9,1875,Social Media,2,10068,Young High Spender,Upsell premium services
38,Male,Pune,OnePlus,iOS,11.2,45.5,178.0,69,3.8,5900,3.9,1.3,1238,Gaming,2,7138,Young High Spender,Upsell premium services
21,Female,Mumbai,Xiaomi,Android,4.2,46.5,231.2,112,5.7,6394,2.2,4.6,882,Entertainment,2,7276,Young High Spender,Upsell premium services
49,Other,Delhi,Realme,iOS,9.9,7.7,106.8,179,4.6,7740,0.7,1.7,1255,Entertainment,2,8995,Young High Spender,Upsell premium services
16,Male,Delhi,Realme,iOS,3.9,8.6,203.1,153,4.3,8054,0.6,0.6,715,Education,2,8769,Young High Spender,Upsell premium services
22,Other,Bangalore,Motorola,Android,3.4,14.2,201.1,94,3.1,8137,0.7,3.3,163,Education,2,8300,Young High Spender,Upsell premium services
45,Male,Delhi,Realme,iOS,11.0,48.7,168.1,131,4.9,6181,0.7,0.5,642,Entertainment,2,6823,Young High Spender,Upsell premium services
35,Female,Bangalore,Xiaomi,iOS,2.2,10.1,228.4,72,3.6,9259,2.4,3.3,815,Work,2,10074,Young High Spender,Upsell premium services
26,Female,Jaipur,Samsung,iOS,10.0,46.7,197.4,58,3.9,9738,3.2,1.6,1300,Gaming,2,11038,Young High Spender,Upsell premium services
18,Other,Kolkata,Nokia,iOS,2.7,42.8,14.9,22,6.0,8131,2.6,0.8,1295,Work,2,9426,Young High Spender,Upsell premium services
26,Female,Mumbai,OnePlus,Android,4.0,38.5,119.7,141,3.7,8358,4.6,3.3,510,Gaming,2,8868,Young High Spender,Upsell premium services
57,Female,Hyderabad,Realme,Android,4.8,32.7,45.6,27,4.3,9321,1.9,2.3,158,Entertainment,2,9479,Young High Spender,Upsell premium services
40,Other,Ahmedabad,Xiaomi,iOS,9.4,42.0,187.7,112,5.9,4828,3.8,0.3,883,Gaming,2,5711,Young High Spender,Upsell premium services
58,Female,Lucknow,Google Pixel,iOS,6.4,21.5,125.7,160,4.7,7421,5.5,4.2,937,Entertainment,2,8358,Young High Spender,Upsell premium services
26,Other,Bangalore,Nokia,Android,6.2,10.8,91.0,29,4.3,9236,4.3,1.6,771,Education,2,10007,Young High Spender,Upsell premium services
44,Male,Pune,Nokia,Android,11.6,24.7,115.8,71,4.0,6953,4.9,3.6,1691,Education,2,8644,Young High Spender,Upsell premium services
34,Female,Bangalore,Realme,iOS,6.6,6.5,231.6,36,3.8,5676,1.8,3.5,1412,Entertainment,2,7088,Young High Spender,Upsell premium services
30,Female,Delhi,Vivo,Android,5.3,17.2,142.9,57,3.3,8165,6.7,2.2,1160,Social Media,2,9325,Young High Spender,Upsell premium services
15,Female,Chennai,Google Pixel,iOS,6.1,8.1,136.2,140,4.9,8015,6.8,4.0,1087,Education,2,9102,Young High Spender,Upsell premium services
22,Male,Lucknow,Vivo,iOS,10.4,44.5,213.9,131,6.0,7769,2.8,4.5,715,Education,2,8484,Young High Spender,Upsell premium services
54,Male,Kolkata,Xiaomi,Android,8.2,30.4,45.5,19,5.6,5843,2.7,0.1,625,Social Media,2,6468,Young High Spender,Upsell premium services
17,Male,Delhi,Motorola,Android,3.1,29.2,191.8,144,4.8,8254,1.6,0.1,625,Gaming,2,8879,Young High Spender,Upsell premium services
42,Male,Mumbai,Google Pixel,Android,7.3,12.2,43.3,136,5.8,7945,6.1,4.2,1454,Education,2,9399,Young High Spender,Upsell premium services
40,Male,Bangalore,Oppo,iOS,7.5,17.2,35.4,110,3.3,9255,0.9,0.4,1229,Gaming,2,10484,Young High Spender,Upsell premium services
33,Other,Lucknow,Xiaomi,iOS,6.4,26.3,155.2,173,3.4,6794,4.3,1.5,1780,Social Media,2,8574,Young High Spender,Upsell premium services
16,Other,Pune,Nokia,iOS,3.7,12.2,297.8,150,4.6,7944,7.0,0.9,396,Social Media,2,8340,Young High Spender,Upsell premium services
55,Male,Jaipur,Vivo,Android,7.0,39.3,12.8,180,5.1,7368,4.9,2.2,1733,Entertainment,2,9101,Young High Spender,Upsell premium services
19,Female,Delhi,Realme,iOS,3.0,12.3,273.5,66,4.8,8996,5.1,3.6,526,Entertainment,2,9522,Young High Spender,Upsell premium services
16,Male,Lucknow,Oppo,Android,7.9,48.2,24.9,109,2.7,8747,7.4,3.5,1667,Social Media,2,10414,Young High Spender,Upsell premium services
17,Female,Mumbai,OnePlus,Android,8.5,6.9,57.6,27,2.7,9230,1.4,1.8,1735,Entertainment,2,10965,Young High Spender,Upsell premium services
30,Other,Delhi,Google Pixel,Android,5.9,46.8,45.7,190,4.4,4909,3.6,4.5,612,Education,2,5521,Young High Spender,Upsell premium services
36,Female,Lucknow,Apple,Android,2.1,34.6,124.3,104,6.0,5381,5.5,4.3,869,Education,2,6250,Young High Spender,Upsell premium services
33,Female,Jaipur,Motorola,Android,5.9,1.9,232.2,16,5.4,6978,6.2,0.6,1062,Entertainment,2,8040,Young High Spender,Upsell premium services
32,Male,Hyderabad,Google Pixel,Android,7.9,47.8,247.1,138,5.7,5209,3.4,2.9,1240,Education,2,6449,Young High Spender,Upsell premium services
27,Other,Kolkata,Vivo,Android,4.6,36.7,8.0,127,4.7,5559,3.6,4.9,228,Education,2,5787,Young High Spender,Upsell premium services
23,Female,Bangalore,Google Pixel,iOS,7.0,46.6,110.2,164,3.8,6203,2.9,2.7,288,Gaming,2,6491,Young High Spender,Upsell premium services
19,Female,Kolkata,Xiaomi,Android,5.5,1.3,106.1,128,4.1,7888,3.5,3.8,1793,Entertainment,2,9681,Young High Spender,Upsell premium services
52,Female,Bangalore,Nokia,Android,2.7,31.8,151.2,12,5.2,7296,1.2,1.5,1763,Work,2,9059,Young High Spender,Upsell premium services
58,Male,Lucknow,Realme,Android,11.7,44.2,106.6,160,5.9,9703,1.8,4.0,123,Work,2,9826,Young High Spender,Upsell premium services
56,Male,Bangalore,Oppo,Android,7.7,37.8,123.0,125,5.7,8310,5.3,0.6,432,Entertainment,2,8742,Young High Spender,Upsell premium services
56,Male,Chennai,Apple,Android,11.2,32.2,14.2,13,5.5,6868,6.0,4.1,1626,Gaming,2,8494,Young High Spender,Upsell premium services
29,Other,Hyderabad,Apple,Android,8.7,6.9,73.1,119,5.2,9726,5.5,2.1,1910,Work,2,11636,Young High Spender,Upsell premium services
40,Other,Chennai,Oppo,Android,9.1,39.6,228.8,200,6.0,7358,3.7,1.2,1723,Social Media,2,9081,Young High Spender,Upsell premium services
31,Male,Bangalore,Realme,Android,10.4,41.2,116.5,145,3.1,9719,3.7,0.9,1285,Entertainment,2,11004,Young High Spender,Upsell premium services
36,Other,Kolkata,Oppo,Android,1.6,1.5,195.1,64,5.3,4498,7.5,0.8,313,Social Media,2,4811,Young High Spender,Upsell premium services
45,Other,Kolkata,Motorola,Android,5.2,10.3,63.2,72,4.9,9637,6.7,1.5,436,Entertainment,2,10073,Young High Spender,Upsell premium services
28,Other,Lucknow,Vivo,iOS,3.6,19.8,259.0,11,3.3,9839,7.8,0.1,577,Education,2,10416,Young High Spender,Upsell premium services
58,Female,Kolkata,OnePlus,Android,3.2,5.2,171.2,13,5.8,8579,5.9,0.2,1744,Gaming,2,10323,Young High Spender,Upsell premium services
48,Other,Lucknow,Google Pixel,iOS,10.1,18.1,256.3,196,5.5,7357,4.0,4.7,1392,Education,2,8749,Young High Spender,Upsell premium services
31,Female,Kolkata,Oppo,Android,2.5,43.2,9.3,35,3.8,5728,1.1,4.8,207,Social Media,2,5935,Young High Spender,Upsell premium services
47,Female,Hyderabad,Google Pixel,iOS,5.3,2.0,170.4,50,3.8,9108,2.2,3.5,1639,Entertainment,2,10747,Young High Spender,Upsell premium services
46,Female,Ahmedabad,Oppo,Android,7.9,33.6,132.8,41,4.5,6956,4.5,4.7,1702,Education,2,8658,Young High Spender,Upsell premium services
24,Female,Hyderabad,Nokia,Android,2.3,5.3,66.4,108,3.8,8161,3.0,3.6,759,Work,2,8920,Young High Spender,Upsell premium services
43,Other,Bangalore,Motorola,Android,6.0,15.6,40.6,194,5.2,5197,6.7,4.0,1836,Social Media,2,7033,Young High Spender,Upsell premium services
34,Male,Lucknow,Apple,Android,10.2,32.4,9.8,106,4.7,4684,6.2,0.1,846,Work,2,5530,Young High Spender,Upsell premium services
27,Male,Delhi,Nokia,iOS,8.1,7.3,143.2,154,5.7,7694,0.8,1.7,1707,Social Media,2,9401,Young High Spender,Upsell premium services
35,Female,Chennai,OnePlus,iOS,6.2,47.1,5.4,57,3.8,7687,2.9,3.2,596,Social Media,2,8283,Young High Spender,Upsell premium services
53,Other,Ahmedabad,Realme,Android,2.9,14.6,15.3,176,5.4,9859,6.4,2.1,1935,Entertainment,2,11794,Young High Spender,Upsell premium services
56,Other,Hyderabad,Google Pixel,iOS,10.4,43.5,264.9,87,4.8,9468,7.5,3.0,1199,Entertainment,2,10667,Young High Spender,Upsell premium services
20,Female,Ahmedabad,Samsung,iOS,3.6,49.1,98.3,187,5.4,4825,7.5,2.3,448,Social Media,2,5273,Young High Spender,Upsell premium services
16,Male,Chennai,Nokia,Android,6.8,5.9,160.2,61,5.5,6316,0.5,1.3,787,Gaming,2,7103,Young High Spender,Upsell premium services
37,Male,Chennai,Xiaomi,iOS,1.8,21.2,282.9,53,5.1,7815,4.6,1.5,321,Education,2,8136,Young High Spender,Upsell premium services
38,Male,Kolkata,Realme,iOS,8.0,33.4,283.1,55,4.5,7485,3.5,2.8,836,Education,2,8321,Young High Spender,Upsell premium services
21,Other,Pune,Oppo,Android,11.4,5.0,205.5,185,5.6,7027,3.0,1.5,213,Entertainment,2,7240,Young High Spender,Upsell premium services
48,Female,Hyderabad,Motorola,iOS,5.5,30.0,170.2,42,4.1,9044,2.8,3.8,1059,Social Media,2,10103,Young High Spender,Upsell premium services
42,Female,Lucknow,OnePlus,Android,9.4,47.0,72.5,112,5.0,9039,7.0,2.6,1193,Gaming,2,10232,Young High Spender,Upsell premium services
30,Female,Delhi,Apple,Android,1.5,46.7,174.7,188,5.0,4899,3.8,3.7,1326,Entertainment,2,6225,Young High Spender,Upsell premium services
47,Other,Chennai,Oppo,iOS,7.3,22.6,67.1,158,5.4,7293,7.7,0.7,1587,Entertainment,2,8880,Young High Spender,Upsell premium services
39,Male,Hyderabad,Samsung,Android,10.5,12.7,24.1,24,4.1,7098,0.8,3.3,586,Work,2,7684,Young High Spender,Upsell premium services
17,Female,Kolkata,Oppo,iOS,3.1,36.1,140.7,105,3.1,7926,2.4,3.6,745,Gaming,2,8671,Young High Spender,Upsell premium services
23,Other,Delhi,Apple,Android,4.7,29.4,30.4,157,2.7,8912,7.9,4.6,1205,Education,2,10117,Young High Spender,Upsell premium services
27,Other,Hyderabad,Nokia,iOS,2.4,5.2,133.9,126,5.9,6256,7.4,3.9,586,Work,2,6842,Young High Spender,Upsell premium services
16,Male,Mumbai,Google Pixel,iOS,4.2,16.3,104.8,133,5.8,8996,6.8,4.7,1997,Gaming,2,10993,Young High Spender,Upsell premium services
22,Female,Ahmedabad,Apple,iOS,11.9,49.6,38.7,19,4.5,6601,7.2,4.7,813,Entertainment,2,7414,Young High Spender,Upsell premium services
35,Male,Lucknow,Motorola,iOS,7.7,22.1,271.6,169,4.6,9931,6.1,3.6,561,Gaming,2,10492,Young High Spender,Upsell premium services
23,Female,Mumbai,Google Pixel,Android,10.7,9.0,198.5,117,6.0,7691,3.2,3.6,678,Social Media,2,8369,Young High Spender,Upsell premium services
26,Other,Lucknow,Realme,Android,11.1,39.6,66.0,109,4.1,8198,5.1,1.4,1635,Entertainment,2,9833,Young High Spender,Upsell premium services
22,Female,Hyderabad,Xiaomi,Android,8.7,42.5,61.0,66,5.0,4673,2.6,0.9,976,Gaming,2,5649,Young High Spender,Upsell premium services
22,Male,Chennai,Apple,iOS,8.7,21.8,153.7,117,3.5,6860,2.0,2.1,165,Education,2,7025,Young High Spender,Upsell premium services
48,Female,Chennai,Realme,iOS,5.2,39.1,129.2,171,5.6,8744,0.7,1.9,154,Gaming,2,8898,Young High Spender,Upsell premium services
57,Other,Mumbai,Nokia,iOS,10.1,32.4,56.8,150,5.7,9198,4.1,0.2,998,Social Media,2,10196,Young High Spender,Upsell premium services
46,Male,Ahmedabad,Nokia,iOS,11.6,38.5,96.9,97,4.5,9877,4.6,3.6,1049,Work,2,10926,Young High Spender,Upsell premium services
25,Female,Chennai,Google Pixel,iOS,11.1,10.6,65.6,144,4.5,7837,7.2,1.5,112,Education,2,7949,Young High Spender,Upsell premium services
37,Other,Kolkata,Vivo,iOS,1.5,34.6,127.6,125,4.1,5807,4.0,2.6,1806,Education,2,7613,Young High Spender,Upsell premium services
46,Female,Hyderabad,Oppo,Android,6.3,22.1,292.9,93,4.8,7019,5.9,0.9,482,Gaming,2,7501,Young High Spender,Upsell premium services
26,Male,Jaipur,Samsung,Android,3.8,10.4,7.8,67,3.4,7959,1.0,1.3,311,Social Media,2,8270,Young High Spender,Upsell premium services
31,Male,Ahmedabad,Oppo,iOS,3.4,40.4,149.3,177,5.2,7627,1.3,1.4,1414,Social Media,2,9041,Young High Spender,Upsell premium services
43,Other,Ahmedabad,Vivo,iOS,7.3,35.5,77.9,185,3.6,7709,7.1,3.4,1377,Social Media,2,9086,Young High Spender,Upsell premium services
29,Other,Pune,Oppo,Android,6.1,11.9,38.4,181,4.7,8345,6.7,2.6,370,Entertainment,2,8715,Young High Spender,Upsell premium services
38,Male,Bangalore,Oppo,iOS,4.3,11.2,242.1,70,5.4,9186,3.6,3.5,218,Work,2,9404,Young High Spender,Upsell premium services
22,Other,Kolkata,Apple,iOS,4.3,48.0,101.1,90,4.5,7571,2.8,2.2,1399,Education,2,8970,Young High Spender,Upsell premium services
41,Male,Chennai,OnePlus,iOS,8.4,21.6,5.7,157,3.2,7690,7.5,2.8,917,Education,2,8607,Young High Spender,Upsell premium services
31,Male,Ahmedabad,OnePlus,Android,11.9,13.4,176.8,189,5.7,5239,1.0,0.8,1746,Education,2,6985,Young High Spender,Upsell premium services
39,Male,Jaipur,Google Pixel,Android,7.5,22.1,19.5,48,4.8,8704,3.8,3.7,723,Entertainment,2,9427,Young High Spender,Upsell premium services
31,Female,Hyderabad,Realme,Android,9.1,10.7,135.5,20,4.9,7526,1.5,2.6,334,Social Media,2,7860,Young High Spender,Upsell premium services
33,Other,Hyderabad,Nokia,Android,3.8,45.6,191.1,51,4.5,9883,5.9,3.9,1766,Gaming,2,11649,Young High Spender,Upsell premium services
22,Female,Pune,OnePlus,Android,9.4,29.7,9.0,103,4.0,7026,3.2,2.7,348,Education,2,7374,Young High Spender,Upsell premium services
38,Female,Mumbai,Nokia,iOS,4.6,21.5,250.5,115,4.0,6813,3.5,4.1,1360,Work,2,8173,Young High Spender,Upsell premium services
19,Male,Mumbai,Oppo,iOS,8.9,31.4,103.5,41,5.0,7952,6.4,1.4,959,Entertainment,2,8911,Young High Spender,Upsell premium services
37,Female,Kolkata,Vivo,Android,11.2,20.0,182.9,140,4.6,8846,6.9,2.7,169,Entertainment,2,9015,Young High Spender,Upsell premium services
24,Other,Delhi,Samsung,iOS,10.3,9.9,74.1,41,5.9,3992,2.1,1.6,789,Work,2,4781,Young High Spender,Upsell premium services
28,Other,Ahmedabad,OnePlus,iOS,11.7,24.3,214.0,12,4.1,7140,4.3,1.4,1640,Entertainment,2,8780,Young High Spender,Upsell premium services
36,Male,Pune,Apple,Android,10.9,45.4,204.5,144,4.7,8390,5.1,4.1,619,Entertainment,2,9009,Young High Spender,Upsell premium services
33,Other,Mumbai,Oppo,iOS,10.9,16.5,197.8,56,5.2,3402,5.1,2.5,1831,Gaming,2,5233,Young High Spender,Upsell premium services
24,Other,Lucknow,Motorola,iOS,1.5,15.7,269.3,57,5.5,7920,0.7,1.7,454,Work,2,8374,Young High Spender,Upsell premium services
24,Other,Chennai,OnePlus,Android,6.6,32.3,113.7,49,5.4,5746,2.3,1.1,1339,Social Media,2,7085,Young High Spender,Upsell premium services
17,Male,Chennai,Motorola,Android,6.7,17.1,200.8,101,2.9,9882,3.4,1.2,1042,Social Media,2,10924,Young High Spender,Upsell premium services
21,Male,Hyderabad,Realme,iOS,6.8,20.8,69.9,168,5.7,4042,8.0,1.0,112,Work,2,4154,Young High Spender,Upsell premium services
24,Male,Hyderabad,Xiaomi,iOS,4.2,7.9,44.7,33,5.7,3307,6.7,0.8,1832,Education,2,5139,Young High Spender,Upsell premium services
45,Female,Mumbai,OnePlus,Android,6.7,10.3,164.0,25,5.2,9087,4.1,1.6,1726,Education,2,10813,Young High Spender,Upsell premium services
49,Male,Bangalore,Motorola,Android,4.9,39.2,113.0,157,6.0,5498,6.6,0.3,1110,Education,2,6608,Young High Spender,Upsell premium services
32,Male,Ahmedabad,OnePlus,Android,4.3,31.9,294.4,10,5.0,7861,3.1,0.3,308,Work,2,8169,Young High Spender,Upsell premium services
50,Other,Ahmedabad,Oppo,Android,2.6,17.7,255.4,103,4.2,7841,5.2,4.6,1552,Gaming,2,9393,Young High Spender,Upsell premium services
20,Male,Ahmedabad,Apple,Android,8.9,4.9,124.2,141,3.4,7796,2.0,4.2,1297,Entertainment,2,9093,Young High Spender,Upsell premium services
39,Female,Lucknow,Vivo,iOS,7.0,38.1,198.6,78,4.0,8501,7.7,0.7,577,Work,2,9078,Young High Spender,Upsell premium services
44,Other,Bangalore,Apple,Android,11.5,21.4,174.3,127,4.5,8393,1.7,3.5,1471,Education,2,9864,Young High Spender,Upsell premium services
36,Female,Jaipur,Nokia,Android,6.4,25.4,193.9,119,5.6,4269,4.7,3.0,1943,Education,2,6212,Young High Spender,Upsell premium services
22,Male,Kolkata,Vivo,iOS,3.2,8.7,203.4,104,4.0,6073,2.1,4.4,431,Education,2,6504,Young High Spender,Upsell premium services
15,Other,Pune,Google Pixel,iOS,3.0,34.2,129.1,97,5.1,9700,2.0,4.9,1067,Entertainment,2,10767,Young High Spender,Upsell premium services
18,Male,Ahmedabad,Samsung,Android,3.9,8.9,99.8,143,4.1,7363,5.0,2.0,130,Entertainment,2,7493,Young High Spender,Upsell premium services
40,Female,Lucknow,Oppo,Android,2.1,25.1,53.3,68,3.7,5410,5.5,2.5,318,Social Media,2,5728,Young High Spender,Upsell premium services
37,Other,Chennai,Google Pixel,Android,7.0,11.7,111.2,144,4.5,6718,1.5,1.6,749,Education,2,7467,Young High Spender,Upsell premium services
17,Other,Lucknow,Nokia,iOS,4.8,40.4,118.9,48,5.2,5691,7.6,1.0,1350,Gaming,2,7041,Young High Spender,Upsell premium services
53,Other,Lucknow,Motorola,Android,3.9,3.4,150.5,129,5.4,9209,1.2,4.8,209,Entertainment,2,9418,Young High Spender,Upsell premium services
34,Female,Chennai,Oppo,iOS,4.9,7.2,34.9,128,4.9,9901,7.2,1.7,226,Education,2,10127,Young High Spender,Upsell premium services
54,Male,Jaipur,Realme,Android,8.9,15.0,252.6,166,4.1,9047,6.9,2.9,1911,Work,2,10958,Young High Spender,Upsell premium services
39,Other,Bangalore,OnePlus,Android,3.5,4.8,231.0,75,5.6,6934,3.4,3.2,1309,Gaming,2,8243,Young High Spender,Upsell premium services
34,Female,Ahmedabad,OnePlus,Android,9.1,33.2,139.8,128,4.7,4768,5.0,4.2,1906,Gaming,2,6674,Young High Spender,Upsell premium services
42,Male,Chennai,Samsung,iOS,3.7,33.6,98.5,48,5.9,6299,7.6,1.1,1722,Work,2,8021,Young High Spender,Upsell premium services
52,Female,Kolkata,Motorola,iOS,11.8,25.6,116.2,25,4.3,7183,5.3,4.9,1397,Gaming,2,8580,Young High Spender,Upsell premium services
51,Female,Lucknow,Realme,iOS,3.6,16.0,28.0,123,5.4,7950,4.4,2.9,1467,Education,2,9417,Young High Spender,Upsell premium services
27,Male,Jaipur,Nokia,iOS,2.3,37.4,268.0,107,4.9,5964,1.7,2.6,737,Work,2,6701,Young High Spender,Upsell premium services
35,Other,Delhi,Nokia,Android,7.0,16.5,223.7,41,5.2,4681,2.4,2.6,279,Social Media,2,4960,Young High Spender,Upsell premium services
36,Male,Kolkata,Apple,Android,5.4,4.3,72.8,121,3.1,6336,3.1,0.7,659,Social Media,2,6995,Young High Spender,Upsell premium services
46,Female,Delhi,Nokia,Android,10.9,29.8,200.4,48,6.0,6226,2.2,1.8,1149,Entertainment,2,7375,Young High Spender,Upsell premium services
49,Other,Chennai,Vivo,iOS,10.1,17.8,68.1,142,3.7,6442,0.5,2.0,1050,Social Media,2,7492,Young High Spender,Upsell premium services
22,Male,Pune,Google Pixel,iOS,6.8,35.6,240.9,146,3.3,7067,4.2,0.5,650,Entertainment,2,7717,Young High Spender,Upsell premium services
56,Male,Hyderabad,Samsung,iOS,4.3,24.0,77.8,112,4.7,7651,5.5,3.8,1876,Work,2,9527,Young High Spender,Upsell premium services
31,Female,Lucknow,Xiaomi,Android,9.9,29.7,18.2,81,5.4,4092,7.3,2.7,1084,Gaming,2,5176,Young High Spender,Upsell premium services
51,Other,Mumbai,Apple,iOS,8.9,4.0,31.5,102,4.3,6396,3.2,2.0,1707,Gaming,2,8103,Young High Spender,Upsell premium services
48,Female,Chennai,Oppo,Android,7.2,23.0,64.2,19,4.8,8508,6.5,0.9,690,Social Media,2,9198,Young High Spender,Upsell premium services
27,Other,Lucknow,Apple,Android,3.8,32.0,27.0,44,5.9,3295,5.5,3.5,439,Work,2,3734,Young High Spender,Upsell premium services
20,Male,Jaipur,Nokia,iOS,10.3,13.4,26.2,147,3.6,7987,6.3,3.7,592,Social Media,2,8579,Young High Spender,Upsell premium services
36,Other,Jaipur,Realme,iOS,7.2,9.6,279.8,199,5.8,4142,3.2,2.3,712,Education,2,4854,Young High Spender,Upsell premium services
40,Female,Delhi,Xiaomi,iOS,4.9,30.2,26.2,79,5.5,7651,2.1,1.8,154,Gaming,2,7805,Young High Spender,Upsell premium services
18,Male,Delhi,Xiaomi,iOS,3.8,3.7,63.6,86,3.2,7937,1.3,1.9,1809,Entertainment,2,9746,Young High Spender,Upsell premium services
17,Female,Chennai,Oppo,iOS,6.2,37.8,65.4,155,4.4,6289,5.8,1.8,1742,Entertainment,2,8031,Young High Spender,Upsell premium services
32,Female,Jaipur,Nokia,Android,3.2,27.2,260.9,196,3.3,6200,2.6,3.1,557,Entertainment,2,6757,Young High Spender,Upsell premium services
45,Female,Lucknow,Realme,iOS,11.5,32.6,236.5,21,3.6,6266,0.8,2.0,1546,Education,2,7812,Young High Spender,Upsell premium services
55,Other,Delhi,Apple,Android,4.0,11.5,14.3,152,5.5,5809,2.9,2.2,523,Work,2,6332,Young High Spender,Upsell premium services
38,Female,Chennai,Realme,iOS,6.0,8.0,262.7,84,5.6,9759,2.9,3.7,1157,Social Media,2,10916,Young High Spender,Upsell premium services
29,Other,Hyderabad,Realme,iOS,11.1,34.9,5.3,194,3.6,7955,5.8,0.5,1054,Social Media,2,9009,Young High Spender,Upsell premium services
56,Male,Ahmedabad,Nokia,iOS,4.1,37.6,33.5,39,3.9,8480,7.1,4.6,1497,Social Media,2,9977,Young High Spender,Upsell premium services
57,Male,Pune,Apple,Android,7.7,43.1,253.0,127,5.1,8483,7.6,0.5,217,Work,2,8700,Young High Spender,Upsell premium services
32,Other,Jaipur,Samsung,iOS,11.0,10.2,68.6,193,5.5,9766,5.0,2.6,1407,Gaming,2,11173,Young High Spender,Upsell premium services
47,Male,Ahmedabad,Vivo,iOS,5.2,2.3,25.9,16,4.4,9655,7.3,0.1,1279,Work,2,10934,Young High Spender,Upsell premium services
33,Male,Pune,Xiaomi,Android,5.9,37.2,246.0,188,3.3,8136,7.7,1.7,538,Entertainment,2,8674,Young High Spender,Upsell premium services
35,Female,Pune,Motorola,iOS,8.1,21.8,224.2,131,4.8,4570,3.6,3.4,675,Education,2,5245,Young High Spender,Upsell premium services
24,Other,Hyderabad,Google Pixel,iOS,11.1,30.9,290.0,53,4.1,6763,4.5,2.9,180,Gaming,2,6943,Young High Spender,Upsell premium services
43,Other,Kolkata,Google Pixel,iOS,3.1,27.3,264.0,144,5.4,9120,4.0,2.0,1862,Work,2,10982,Young High Spender,Upsell premium services
17,Male,Hyderabad,Google Pixel,Android,8.6,30.5,77.7,53,5.2,5416,3.3,1.8,1969,Work,2,7385,Young High Spender,Upsell premium services
44,Female,Jaipur,OnePlus,iOS,8.7,36.4,227.2,193,5.4,7013,1.9,4.0,1944,Social Media,2,8957,Young High Spender,Upsell premium services
25,Female,Ahmedabad,Realme,iOS,2.7,46.5,200.7,180,3.8,9965,2.8,2.4,1678,Entertainment,2,11643,Young High Spender,Upsell premium services
41,Other,Jaipur,Nokia,iOS,5.6,18.6,244.6,150,4.0,9158,7.4,1.8,1191,Work,2,10349,Young High Spender,Upsell premium services
36,Other,Ahmedabad,Google Pixel,Android,8.7,10.1,45.6,131,4.1,9159,0.8,4.4,242,Entertainment,2,9401,Young High Spender,Upsell premium services
20,Male,Pune,Apple,iOS,9.3,40.2,7.7,116,5.2,4838,0.8,1.4,1188,Education,2,6026,Young High Spender,Upsell premium services
41,Male,Kolkata,Xiaomi,iOS,8.4,44.1,195.3,23,5.9,6609,4.4,3.8,1198,Gaming,2,7807,Young High Spender,Upsell premium services
26,Female,Bangalore,Realme,Android,3.9,10.4,13.2,181,5.4,4310,1.8,2.0,595,Gaming,2,4905,Young High Spender,Upsell premium services
33,Male,Bangalore,Apple,Android,6.4,30.8,259.4,78,5.2,7940,7.4,3.9,382,Gaming,2,8322,Young High Spender,Upsell premium services
60,Female,Kolkata,Google Pixel,iOS,8.7,18.2,135.7,75,5.1,8105,0.9,4.6,1097,Entertainment,2,9202,Young High Spender,Upsell premium services
27,Male,Lucknow,Samsung,iOS,8.5,9.4,106.5,188,5.7,6268,3.0,5.0,1968,Social Media,2,8236,Young High Spender,Upsell premium services
28,Male,Delhi,Realme,Android,10.7,22.2,39.6,129,3.4,9999,1.5,0.9,1902,Work,2,11901,Young High Spender,Upsell premium services
46,Female,Pune,Xiaomi,Android,11.7,48.0,101.2,125,3.7,8836,3.5,3.5,1241,Social Media,2,10077,Young High Spender,Upsell premium services
34,Male,Bangalore,Google Pixel,Android,3.5,49.1,247.8,129,5.5,8116,2.5,0.3,445,Gaming,2,8561,Young High Spender,Upsell premium services
43,Female,Ahmedabad,Samsung,iOS,5.5,22.9,82.6,48,4.6,8541,5.8,4.5,1135,Work,2,9676,Young High Spender,Upsell premium services
60,Female,Kolkata,Realme,iOS,8.5,3.7,138.3,167,4.6,7326,1.6,1.1,290,Education,2,7616,Young High Spender,Upsell premium services
24,Other,Chennai,Vivo,iOS,10.3,34.1,225.7,142,3.4,8572,3.4,0.0,263,Entertainment,2,8835,Young High Spender,Upsell premium services
22,Female,Bangalore,Samsung,iOS,3.1,27.0,7.8,154,3.1,9021,6.0,3.2,1718,Education,2,10739,Young High Spender,Upsell premium services
58,Other,Bangalore,Motorola,iOS,10.1,19.0,116.5,149,5.6,7667,7.9,0.8,963,Entertainment,2,8630,Young High Spender,Upsell premium services
39,Other,Jaipur,Samsung,Android,1.9,29.9,184.7,121,4.0,9956,1.0,1.5,1094,Gaming,2,11050,Young High Spender,Upsell premium services
56,Male,Lucknow,Oppo,Android,7.5,29.6,248.7,135,3.9,9954,3.0,4.5,635,Entertainment,2,10589,Young High Spender,Upsell premium services
28,Male,Ahmedabad,Realme,iOS,2.2,3.3,35.5,21,4.7,5535,2.1,2.1,1913,Social Media,2,7448,Young High Spender,Upsell premium services
51,Male,Hyderabad,Nokia,Android,2.1,42.5,146.5,90,4.0,8463,1.2,0.6,1289,Work,2,9752,Young High Spender,Upsell premium services
38,Other,Hyderabad,Motorola,Android,6.9,4.0,34.3,164,4.8,5219,5.0,1.9,822,Social Media,2,6041,Young High Spender,Upsell premium services
18,Female,Lucknow,Vivo,Android,5.6,32.5,137.3,93,3.5,9012,2.7,1.1,535,Education,2,9547,Young High Spender,Upsell premium services
31,Other,Kolkata,Xiaomi,iOS,6.1,37.3,79.8,104,5.8,7167,4.1,1.8,161,Entertainment,2,7328,Young High Spender,Upsell premium services
36,Female,Lucknow,Vivo,Android,8.2,31.5,247.9,122,4.4,9243,1.5,2.7,697,Work,2,9940,Young High Spender,Upsell premium services
45,Female,Pune,Oppo,Android,7.2,47.9,140.3,69,4.5,8953,4.2,2.6,144,Entertainment,2,9097,Young High Spender,Upsell premium services
37,Female,Hyderabad,Xiaomi,iOS,9.1,40.5,202.2,18,5.5,9026,4.2,4.5,1113,Education,2,10139,Young High Spender,Upsell premium services
21,Male,Hyderabad,Vivo,iOS,7.7,11.0,32.3,174,4.1,9740,7.8,3.6,1105,Education,2,10845,Young High Spender,Upsell premium services
43,Other,Bangalore,Xiaomi,Android,2.9,49.2,134.0,66,5.5,9190,4.2,4.3,1557,Social Media,2,10747,Young High Spender,Upsell premium services
36,Female,Ahmedabad,OnePlus,iOS,3.9,35.1,110.3,73,3.6,5758,4.6,0.1,1731,Social Media,2,7489,Young High Spender,Upsell premium services
17,Male,Pune,Google Pixel,iOS,4.2,17.1,16.7,77,5.6,7331,4.6,4.0,1823,Work,2,9154,Young High Spender,Upsell premium services
43,Other,Kolkata,Motorola,Android,10.2,16.2,77.3,165,5.0,7760,6.3,1.9,1860,Social Media,2,9620,Young High Spender,Upsell premium services
43,Male,Lucknow,Samsung,Android,11.6,13.5,30.2,82,5.1,5596,2.3,0.6,1218,Work,2,6814,Young High Spender,Upsell premium services
20,Other,Delhi,Xiaomi,iOS,7.9,28.6,191.0,184,3.4,7950,0.8,2.0,1342,Gaming,2,9292,Young High Spender,Upsell premium services
26,Female,Mumbai,Motorola,Android,11.4,12.4,65.0,36,3.4,6064,2.1,0.5,1946,Gaming,2,8010,Young High Spender,Upsell premium services
37,Male,Pune,Nokia,Android,1.1,23.5,125.6,38,3.2,9160,6.3,2.2,423,Work,2,9583,Young High Spender,Upsell premium services
35,Female,Jaipur,Apple,iOS,7.9,17.4,11.4,116,4.8,8820,1.2,4.4,161,Education,2,8981,Young High Spender,Upsell premium services
35,Other,Jaipur,Google Pixel,iOS,11.0,17.9,23.9,150,4.7,4600,7.2,3.3,1598,Social Media,2,6198,Young High Spender,Upsell premium services
57,Female,Delhi,Vivo,Android,3.9,22.6,46.5,192,4.8,8954,6.6,3.5,308,Entertainment,2,9262,Young High Spender,Upsell premium services
28,Other,Pune,Motorola,iOS,3.3,28.0,111.7,17,3.0,9269,3.9,1.9,621,Gaming,2,9890,Young High Spender,Upsell premium services
33,Male,Hyderabad,Apple,iOS,2.8,48.8,115.3,124,5.7,7158,7.5,0.3,1585,Social Media,2,8743,Young High Spender,Upsell premium services
52,Other,Pune,Samsung,iOS,4.8,49.2,118.6,157,4.5,6139,1.6,2.5,1393,Education,2,7532,Young High Spender,Upsell premium services
33,Male,Bangalore,Nokia,iOS,7.3,1.2,121.4,94,5.5,9745,5.1,0.8,1386,Work,2,11131,Young High Spender,Upsell premium services
35,Female,Hyderabad,Xiaomi,iOS,4.7,45.1,245.2,41,4.9,7707,1.1,3.2,1588,Social Media,2,9295,Young High Spender,Upsell premium services
36,Female,Jaipur,Google Pixel,iOS,3.6,33.7,293.9,108,5.5,9915,5.1,1.1,1709,Education,2,11624,Young High Spender,Upsell premium services
56,Male,Mumbai,Google Pixel,iOS,2.2,46.3,29.8,159,4.7,9087,3.2,3.5,544,Education,2,9631,Young High Spender,Upsell premium services
52,Other,Delhi,OnePlus,iOS,10.3,30.3,232.1,79,5.8,9450,2.4,0.3,202,Work,2,9652,Young High Spender,Upsell premium services
35,Female,Bangalore,Google Pixel,iOS,7.5,11.6,83.5,63,6.0,3840,2.0,0.9,627,Work,2,4467,Young High Spender,Upsell premium services
54,Female,Delhi,Google Pixel,Android,2.6,13.9,220.7,177,4.3,8533,2.4,2.5,748,Education,2,9281,Young High Spender,Upsell premium services
20,Other,Lucknow,Oppo,Android,11.4,17.0,71.5,117,5.4,7297,4.6,1.6,1435,Gaming,2,8732,Young High Spender,Upsell premium services
36,Male,Ahmedabad,Nokia,Android,4.3,8.7,30.6,118,5.2,9669,2.2,4.7,1554,Entertainment,2,11223,Young High Spender,Upsell premium services
53,Female,Delhi,Vivo,Android,10.1,3.1,140.2,47,4.7,6907,7.5,1.1,1264,Social Media,2,8171,Young High Spender,Upsell premium services
24,Female,Delhi,Xiaomi,Android,9.5,45.0,252.4,35,3.2,9000,2.6,3.3,1927,Social Media,2,10927,Young High Spender,Upsell premium services
51,Female,Chennai,Motorola,iOS,3.8,49.2,244.3,94,5.5,9543,2.7,1.2,290,Education,2,9833,Young High Spender,Upsell premium services
32,Male,Chennai,Vivo,Android,4.0,26.7,71.5,196,4.0,6856,6.1,0.1,1596,Education,2,8452,Young High Spender,Upsell premium services
49,Male,Ahmedabad,Oppo,Android,6.7,32.7,80.5,83,4.3,8601,0.8,1.4,285,Social Media,2,8886,Young High Spender,Upsell premium services
17,Other,Bangalore,OnePlus,iOS,6.4,5.2,171.7,32,3.1,9731,1.8,0.0,452,Gaming,2,10183,Young High Spender,Upsell premium services
60,Other,Pune,Oppo,Android,6.3,37.2,200.4,21,5.5,9803,3.5,3.3,513,Education,2,10316,Young High Spender,Upsell premium services
42,Other,Mumbai,OnePlus,Android,5.1,32.0,65.6,14,4.6,8280,7.2,4.0,1601,Work,2,9881,Young High Spender,Upsell premium services
25,Male,Pune,Apple,Android,8.5,18.2,39.1,65,3.5,9613,0.5,2.2,784,Social Media,2,10397,Young High Spender,Upsell premium services
54,Other,Hyderabad,Realme,iOS,11.4,22.6,33.6,145,5.9,7516,5.2,2.3,1497,Work,2,9013,Young High Spender,Upsell premium services
19,Male,Jaipur,Oppo,Android,10.3,22.7,95.8,121,4.5,8318,2.5,2.2,1880,Gaming,2,10198,Young High Spender,Upsell premium services
29,Female,Kolkata,Google Pixel,iOS,1.7,20.9,88.8,120,5.9,2629,1.2,2.2,394,Work,2,3023,Young High Spender,Upsell premium services
44,Other,Bangalore,Apple,Android,3.9,15.8,133.5,149,3.5,6593,3.9,1.0,1209,Education,2,7802,Young High Spender,Upsell premium services
30,Other,Hyderabad,Xiaomi,Android,9.9,46.1,222.7,171,5.8,7270,4.7,0.1,398,Gaming,2,7668,Young High Spender,Upsell premium services
16,Male,Bangalore,Nokia,Android,8.6,41.3,114.9,85,4.1,9646,0.5,2.9,813,Entertainment,2,10459,Young High Spender,Upsell premium services
27,Female,Pune,Realme,iOS,11.4,22.6,161.5,100,5.2,5598,2.5,1.4,1469,Work,2,7067,Young High Spender,Upsell premium services
51,Other,Delhi,Xiaomi,Android,9.2,8.0,249.4,19,4.3,6504,0.6,0.7,1151,Gaming,2,7655,Young High Spender,Upsell premium services
41,Other,Lucknow,Samsung,iOS,7.2,29.6,60.7,133,3.7,5752,1.8,0.0,1626,Social Media,2,7378,Young High Spender,Upsell premium services
20,Male,Ahmedabad,Xiaomi,Android,10.4,36.6,45.1,194,3.6,6097,1.5,3.7,1466,Social Media,2,7563,Young High Spender,Upsell premium services
39,Other,Chennai,Google Pixel,Android,10.4,26.8,277.0,35,3.5,8716,1.3,0.6,190,Gaming,2,8906,Young High Spender,Upsell premium services
50,Male,Delhi,Samsung,Android,1.2,33.1,75.7,156,3.6,8739,1.0,1.0,107,Education,2,8846,Young High Spender,Upsell premium services
36,Male,Chennai,Samsung,Android,5.2,23.0,208.3,78,4.5,4595,1.6,2.4,818,Social Media,2,5413,Young High Spender,Upsell premium services
31,Male,Pune,OnePlus,iOS,6.7,23.2,173.9,157,6.0,6711,4.7,1.8,246,Gaming,2,6957,Young High Spender,Upsell premium services
25,Female,Kolkata,Samsung,iOS,1.9,42.7,285.5,43,4.4,7485,3.6,2.5,1451,Entertainment,2,8936,Young High Spender,Upsell premium services
16,Male,Hyderabad,Google Pixel,Android,4.5,27.6,141.4,72,4.4,9254,0.8,0.8,1909,Social Media,2,11163,Young High Spender,Upsell premium services
57,Male,Jaipur,Motorola,iOS,3.6,13.8,288.4,162,5.2,8775,6.5,1.4,187,Social Media,2,8962,Young High Spender,Upsell premium services
27,Other,Jaipur,Realme,Android,5.3,47.6,36.7,48,4.4,4853,4.2,3.8,739,Entertainment,2,5592,Young High Spender,Upsell premium services
31,Female,Bangalore,Google Pixel,Android,2.9,6.6,73.2,80,5.9,2289,0.7,2.6,599,Gaming,2,2888,Young High Spender,Upsell premium services
21,Female,Jaipur,OnePlus,iOS,3.5,13.4,191.4,48,4.5,6561,5.1,2.0,1932,Social Media,2,8493,Young High Spender,Upsell premium services
56,Other,Pune,Realme,Android,1.4,5.5,52.9,157,4.1,8094,3.5,0.9,1786,Entertainment,2,9880,Young High Spender,Upsell premium services
27,Female,Mumbai,Apple,Android,9.8,29.0,117.7,83,3.6,5658,5.7,2.5,736,Work,2,6394,Young High Spender,Upsell premium services
15,Male,Lucknow,Motorola,Android,4.2,31.7,175.6,26,3.4,8473,3.9,4.8,1943,Work,2,10416,Young High Spender,Upsell premium services
24,Other,Hyderabad,Vivo,iOS,8.2,42.3,95.1,157,4.0,9544,4.2,1.1,1214,Education,2,10758,Young High Spender,Upsell premium services
50,Female,Jaipur,Motorola,iOS,2.4,37.6,63.5,51,3.6,8087,1.5,3.9,1657,Work,2,9744,Young High Spender,Upsell premium services
34,Other,Chennai,Realme,iOS,8.0,16.0,191.8,132,4.2,7052,3.4,1.2,1412,Work,2,8464,Young High Spender,Upsell premium services
31,Female,Bangalore,OnePlus,iOS,1.4,37.9,208.4,40,3.3,6193,0.7,4.0,774,Gaming,2,6967,Young High Spender,Upsell premium services
42,Other,Chennai,Motorola,iOS,6.2,4.3,215.3,78,5.9,9996,4.8,1.0,846,Work,2,10842,Young High Spender,Upsell premium services
33,Female,Chennai,OnePlus,iOS,3.3,34.9,6.5,163,3.9,4866,2.7,4.4,317,Work,2,5183,Young High Spender,Upsell premium services
29,Female,Hyderabad,Nokia,Android,9.1,44.0,34.9,35,2.8,8340,1.2,2.4,765,Gaming,2,9105,Young High Spender,Upsell premium services
40,Other,Hyderabad,Xiaomi,Android,2.9,13.5,127.3,120,3.3,7674,3.7,4.3,443,Entertainment,2,8117,Young High Spender,Upsell premium services
57,Other,Bangalore,Oppo,iOS,2.3,10.8,26.0,82,4.0,8267,5.7,1.2,983,Entertainment,2,9250,Young High Spender,Upsell premium services
27,Other,Ahmedabad,Vivo,iOS,4.1,16.8,259.7,37,5.4,6011,5.4,3.9,1354,Entertainment,2,7365,Young High Spender,Upsell premium services
30,Female,Chennai,Motorola,iOS,6.8,7.0,196.6,140,4.2,7888,6.6,3.8,1374,Work,2,9262,Young High Spender,Upsell premium services
40,Female,Delhi,Apple,Android,4.4,4.6,188.3,186,5.1,7403,0.8,5.0,1100,Education,2,8503,Young High Spender,Upsell premium services
56,Other,Delhi,Realme,iOS,11.7,18.5,100.2,122,3.8,9960,4.2,3.5,1087,Education,2,11047,Young High Spender,Upsell premium services
47,Male,Delhi,Xiaomi,Android,7.1,18.9,35.2,73,5.9,5655,1.2,1.7,195,Entertainment,2,5850,Young High Spender,Upsell premium services
16,Other,Mumbai,Nokia,iOS,9.4,45.4,43.8,144,5.8,7100,7.6,1.0,1089,Work,2,8189,Young High Spender,Upsell premium services
32,Male,Pune,Realme,iOS,7.2,17.7,197.9,75,4.8,5416,1.8,2.8,1097,Education,2,6513,Young High Spender,Upsell premium services
17,Female,Pune,Vivo,Android,2.2,32.6,17.3,135,5.5,8737,6.8,4.2,1132,Work,2,9869,Young High Spender,Upsell premium services
44,Male,Pune,Oppo,Android,6.9,23.0,183.5,36,5.4,6085,4.1,5.0,1236,Work,2,7321,Young High Spender,Upsell premium services
50,Other,Chennai,Nokia,iOS,7.2,32.5,207.8,194,3.9,9093,0.7,4.2,1377,Work,2,10470,Young High Spender,Upsell premium services
37,Female,Bangalore,Oppo,Android,11.5,1.2,101.7,84,3.2,5198,1.9,4.8,1918,Education,2,7116,Young High Spender,Upsell premium services
21,Male,Bangalore,Samsung,iOS,5.1,2.5,239.0,134,5.5,5874,1.0,0.2,1451,Work,2,7325,Young High Spender,Upsell premium services
22,Other,Bangalore,Google Pixel,Android,8.6,9.2,230.9,155,5.8,5803,2.6,1.6,332,Social Media,2,6135,Young High Spender,Upsell premium services
32,Female,Kolkata,Google Pixel,Android,1.5,32.3,75.5,11,5.7,6056,5.5,3.8,1966,Social Media,2,8022,Young High Spender,Upsell premium services
21,Female,Delhi,Samsung,Android,5.0,11.5,228.7,125,3.4,8969,4.4,3.0,1189,Social Media,2,10158,Young High Spender,Upsell premium services
54,Female,Chennai,OnePlus,Android,4.7,31.4,93.4,168,5.8,9765,0.8,3.4,760,Entertainment,2,10525,Young High Spender,Upsell premium services
16,Female,Kolkata,OnePlus,iOS,4.8,20.8,136.3,48,3.3,9055,7.3,4.6,1796,Education,2,10851,Young High Spender,Upsell premium services
19,Male,Bangalore,Google Pixel,iOS,8.2,21.4,111.0,46,3.7,8684,2.0,3.3,108,Social Media,2,8792,Young High Spender,Upsell premium services
25,Male,Delhi,Motorola,iOS,8.3,30.8,239.8,150,5.1,7091,3.7,1.7,1801,Gaming,2,8892,Young High Spender,Upsell premium services
20,Other,Kolkata,Motorola,Android,6.8,34.8,210.4,170,5.4,7597,5.4,3.5,396,Social Media,2,7993,Young High Spender,Upsell premium services
51,Female,Hyderabad,OnePlus,iOS,10.7,4.3,164.6,96,5.1,6219,7.7,1.4,667,Entertainment,2,6886,Young High Spender,Upsell premium services
48,Female,Ahmedabad,Samsung,Android,9.5,27.5,245.1,97,5.0,9154,7.0,1.6,1629,Entertainment,2,10783,Young High Spender,Upsell premium services
41,Other,Kolkata,Samsung,Android,11.5,2.6,179.9,85,5.1,9152,3.7,3.5,436,Gaming,2,9588,Young High Spender,Upsell premium services
41,Female,Lucknow,Vivo,Android,1.2,10.9,256.2,74,5.9,6212,2.0,4.9,1344,Education,2,7556,Young High Spender,Upsell premium services
40,Other,Mumbai,Google Pixel,Android,10.4,21.5,181.9,44,5.6,8498,5.0,2.4,1768,Social Media,2,10266,Young High Spender,Upsell premium services
60,Female,Hyderabad,Oppo,iOS,8.4,48.7,186.1,57,4.0,8302,2.5,2.1,101,Entertainment,2,8403,Young High Spender,Upsell premium services
37,Female,Hyderabad,Google Pixel,Android,7.9,43.4,24.3,173,5.8,6976,3.7,4.7,1422,Gaming,2,8398,Young High Spender,Upsell premium services
35,Other,Chennai,Xiaomi,Android,9.1,41.2,77.9,69,5.4,4977,3.2,2.3,603,Work,2,5580,Young High Spender,Upsell premium services
19,Female,Ahmedabad,Realme,iOS,1.1,12.6,19.8,48,4.9,9426,2.6,0.7,1568,Entertainment,2,10994,Young High Spender,Upsell premium services
40,Other,Mumbai,Vivo,Android,11.5,13.7,175.6,140,4.7,4621,6.1,3.5,1048,Work,2,5669,Young High Spender,Upsell premium services
38,Male,Lucknow,Google Pixel,Android,6.8,36.6,147.0,51,3.6,9298,1.1,4.2,1452,Education,2,10750,Young High Spender,Upsell premium services
19,Female,Jaipur,Oppo,Android,11.8,26.1,6.4,126,6.0,6446,1.2,1.7,1839,Education,2,8285,Young High Spender,Upsell premium services
36,Male,Chennai,Samsung,iOS,11.3,42.0,63.4,87,4.1,9710,2.3,0.9,688,Gaming,2,10398,Young High Spender,Upsell premium services
24,Other,Ahmedabad,Samsung,iOS,1.0,22.3,270.9,182,3.2,7468,2.9,0.1,1524,Entertainment,2,8992,Young High Spender,Upsell premium services
54,Male,Mumbai,Samsung,iOS,10.8,28.4,132.7,85,4.5,7419,3.0,2.3,1638,Social Media,2,9057,Young High Spender,Upsell premium services
29,Female,Bangalore,Samsung,Android,8.5,37.4,194.3,25,4.1,7840,3.0,0.4,1684,Social Media,2,9524,Young High Spender,Upsell premium services
23,Female,Delhi,Oppo,iOS,2.9,18.7,227.0,126,5.6,7641,5.9,4.8,1406,Gaming,2,9047,Young High Spender,Upsell premium services
31,Female,Pune,OnePlus,iOS,10.9,28.4,98.5,108,3.2,7822,5.9,0.9,734,Entertainment,2,8556,Young High Spender,Upsell premium services
18,Other,Chennai,Realme,iOS,8.2,17.6,170.7,130,6.0,6325,7.3,1.6,1709,Entertainment,2,8034,Young High Spender,Upsell premium services
60,Other,Kolkata,Realme,iOS,4.8,48.4,43.8,82,5.7,7951,4.4,4.4,297,Entertainment,2,8248,Young High Spender,Upsell premium services
22,Male,Ahmedabad,Google Pixel,Android,1.8,30.5,14.4,183,4.2,7542,5.3,3.8,1061,Education,2,8603,Young High Spender,Upsell premium services
52,Male,Chennai,Realme,Android,10.8,19.2,29.7,158,5.6,8168,7.4,1.5,1030,Gaming,2,9198,Young High Spender,Upsell premium services
19,Female,Mumbai,Apple,iOS,2.5,2.1,207.3,159,5.0,5887,2.9,2.2,1043,Social Media,2,6930,Young High Spender,Upsell premium services
43,Male,Kolkata,Motorola,Android,3.0,24.0,243.3,128,4.6,8529,1.2,3.6,873,Work,2,9402,Young High Spender,Upsell premium services
41,Other,Ahmedabad,Xiaomi,iOS,5.6,36.4,269.7,146,5.1,9111,4.7,0.1,1058,Gaming,2,10169,Young High Spender,Upsell premium services
16,Other,Ahmedabad,OnePlus,iOS,11.7,46.8,77.8,190,5.3,4746,6.7,3.2,214,Entertainment,2,4960,Young High Spender,Upsell premium services
32,Male,Lucknow,Motorola,iOS,9.6,21.9,244.4,158,5.4,5730,6.3,4.1,1380,Education,2,7110,Young High Spender,Upsell premium services
45,Female,Mumbai,Samsung,Android,5.4,39.6,168.4,194,5.6,4440,7.2,4.9,686,Gaming,2,5126,Young High Spender,Upsell premium services
36,Other,Mumbai,Samsung,iOS,2.6,28.8,198.2,56,4.0,7764,0.9,3.9,226,Work,2,7990,Young High Spender,Upsell premium services
38,Other,Mumbai,Xiaomi,Android,6.4,21.2,165.7,125,5.6,7398,6.4,3.4,805,Work,2,8203,Young High Spender,Upsell premium services
23,Male,Bangalore,Xiaomi,iOS,5.0,18.0,107.0,120,3.5,8741,5.0,4.3,824,Entertainment,2,9565,Young High Spender,Upsell premium services
60,Other,Ahmedabad,Google Pixel,Android,4.8,39.5,205.6,185,5.3,8114,6.6,0.4,683,Social Media,2,8797,Young High Spender,Upsell premium services
33,Female,Kolkata,Google Pixel,Android,8.4,27.8,186.7,194,3.4,7225,7.5,0.1,610,Education,2,7835,Young High Spender,Upsell premium services
46,Other,Kolkata,OnePlus,iOS,8.9,15.6,113.3,161,4.8,7757,7.8,4.5,1581,Work,2,9338,Young High Spender,Upsell premium services
40,Other,Chennai,Realme,Android,11.7,24.9,136.9,58,5.2,8164,1.8,3.1,1466,Social Media,2,9630,Young High Spender,Upsell premium services
53,Other,Bangalore,Xiaomi,Android,10.7,43.0,158.3,108,5.6,6774,2.2,1.4,430,Entertainment,2,7204,Young High Spender,Upsell premium services
40,Male,Pune,Google Pixel,Android,8.4,22.5,17.4,178,5.4,9570,1.8,3.1,204,Work,2,9774,Young High Spender,Upsell premium services
56,Female,Lucknow,Google Pixel,iOS,4.6,4.5,168.3,170,4.1,7999,5.8,4.9,213,Work,2,8212,Young High Spender,Upsell premium services
28,Other,Jaipur,OnePlus,iOS,3.6,16.6,158.0,33,5.5,5650,4.6,3.9,652,Gaming,2,6302,Young High Spender,Upsell premium services
15,Female,Lucknow,Motorola,iOS,3.5,22.3,104.7,192,3.1,9238,5.9,3.5,541,Social Media,2,9779,Young High Spender,Upsell premium services
20,Male,Jaipur,Samsung,Android,11.8,47.4,61.8,166,3.9,8169,4.5,1.6,1219,Social Media,2,9388,Young High Spender,Upsell premium services
31,Female,Bangalore,Oppo,Android,5.2,42.7,12.2,77,5.3,4333,7.4,2.7,1986,Gaming,2,6319,Young High Spender,Upsell premium services
16,Male,Chennai,Motorola,iOS,4.5,47.6,151.5,161,4.7,7978,7.9,1.0,1507,Work,2,9485,Young High Spender,Upsell premium services
44,Other,Kolkata,Vivo,Android,1.3,43.8,156.7,50,3.9,8616,7.8,4.7,1126,Gaming,2,9742,Young High Spender,Upsell premium services
59,Female,Bangalore,Xiaomi,iOS,3.6,44.6,219.9,20,5.5,8781,3.9,1.7,1825,Work,2,10606,Young High Spender,Upsell premium services
46,Female,Kolkata,Apple,iOS,9.3,45.5,223.4,110,4.7,8936,4.8,3.8,1511,Gaming,2,10447,Young High Spender,Upsell premium services
37,Female,Lucknow,Motorola,Android,11.6,1.7,142.9,98,5.3,8110,2.8,4.5,484,Work,2,8594,Young High Spender,Upsell premium services
54,Male,Mumbai,Google Pixel,Android,8.8,25.6,293.7,130,4.7,9242,0.5,3.4,1667,Gaming,2,10909,Young High Spender,Upsell premium services
57,Other,Delhi,Oppo,iOS,11.9,13.1,209.8,24,5.6,9631,2.5,1.5,591,Entertainment,2,10222,Young High Spender,Upsell premium services
53,Female,Hyderabad,Nokia,iOS,5.7,12.3,93.1,119,4.4,8448,3.8,0.3,1283,Gaming,2,9731,Young High Spender,Upsell premium services
27,Male,Delhi,Oppo,Android,4.3,22.6,54.6,92,5.5,7110,0.6,1.2,1672,Entertainment,2,8782,Young High Spender,Upsell premium services
17,Female,Ahmedabad,OnePlus,Android,1.2,46.1,128.7,157,4.2,9118,1.2,0.5,933,Entertainment,2,10051,Young High Spender,Upsell premium services
23,Female,Bangalore,Apple,Android,6.6,31.9,105.8,47,5.9,6475,2.2,1.4,857,Entertainment,2,7332,Young High Spender,Upsell premium services
29,Other,Delhi,Apple,Android,3.4,2.1,235.6,115,5.1,7713,2.0,2.0,811,Education,2,8524,Young High Spender,Upsell premium services
29,Female,Kolkata,Nokia,iOS,6.7,37.1,92.3,82,4.5,8525,3.8,2.3,1520,Education,2,10045,Young High Spender,Upsell premium services
27,Female,Pune,Samsung,Android,2.0,9.5,217.0,159,4.5,6169,3.9,3.0,236,Social Media,2,6405,Young High Spender,Upsell premium services
45,Other,Pune,Nokia,Android,6.9,22.9,272.7,11,4.3,6695,5.3,3.1,247,Work,2,6942,Young High Spender,Upsell premium services
32,Female,Kolkata,Oppo,Android,8.0,42.2,252.6,44,4.3,9850,5.5,1.5,289,Gaming,2,10139,Young High Spender,Upsell premium services
33,Female,Ahmedabad,Apple,Android,7.8,39.0,63.4,15,3.1,7573,7.8,0.1,897,Education,2,8470,Young High Spender,Upsell premium services
28,Female,Hyderabad,Nokia,Android,3.4,8.7,166.1,174,4.1,6464,7.7,1.7,1445,Social Media,2,7909,Young High Spender,Upsell premium services
54,Male,Pune,Xiaomi,iOS,11.7,28.9,120.5,69,5.3,6556,2.3,2.1,325,Social Media,2,6881,Young High Spender,Upsell premium services
19,Male,Ahmedabad,OnePlus,Android,2.6,9.5,8.8,132,5.5,4995,4.8,2.8,1282,Social Media,2,6277,Young High Spender,Upsell premium services
42,Female,Bangalore,Xiaomi,iOS,11.5,26.6,269.2,158,5.7,8046,2.8,2.3,808,Social Media,2,8854,Young High Spender,Upsell premium services
42,Other,Ahmedabad,OnePlus,iOS,7.5,35.8,87.3,193,4.1,8099,3.9,1.0,263,Gaming,2,8362,Young High Spender,Upsell premium services
34,Other,Hyderabad,Nokia,iOS,10.8,49.6,96.9,121,5.8,7325,1.7,1.8,831,Work,2,8156,Young High Spender,Upsell premium services
29,Male,Pune,Apple,iOS,11.9,25.2,204.8,182,4.9,7255,0.9,4.7,1516,Entertainment,2,8771,Young High Spender,Upsell premium services
42,Female,Pune,Realme,iOS,7.4,19.0,218.1,59,4.6,9412,2.8,4.6,376,Education,2,9788,Young High Spender,Upsell premium services
55,Female,Lucknow,Oppo,iOS,9.9,15.7,77.2,35,5.7,5831,1.9,2.6,1486,Gaming,2,7317,Young High Spender,Upsell premium services
24,Other,Kolkata,Xiaomi,Android,5.1,31.8,271.0,50,4.2,6396,4.3,0.3,1585,Gaming,2,7981,Young High Spender,Upsell premium services
47,Other,Kolkata,Xiaomi,iOS,1.3,37.3,19.6,131,5.8,9331,4.8,3.8,241,Education,2,9572,Young High Spender,Upsell premium services
21,Other,Pune,Google Pixel,iOS,11.2,25.1,55.7,39,4.9,5056,4.0,3.7,1741,Social Media,2,6797,Young High Spender,Upsell premium services
38,Female,Delhi,Vivo,Android,4.2,24.8,154.3,29,5.5,3515,7.7,1.5,1301,Social Media,2,4816,Young High Spender,Upsell premium services
31,Male,Delhi,Vivo,iOS,6.1,8.0,98.6,147,5.1,9211,7.4,1.7,841,Education,2,10052,Young High Spender,Upsell premium services
24,Other,Delhi,Samsung,iOS,5.6,49.5,248.2,172,4.7,8033,3.8,3.1,1346,Education,2,9379,Young High Spender,Upsell premium services
18,Male,Pune,Samsung,Android,8.9,24.4,12.2,107,5.2,6930,3.2,4.7,286,Education,2,7216,Young High Spender,Upsell premium services
48,Female,Lucknow,Vivo,Android,10.9,35.8,11.5,141,4.7,7201,7.1,3.6,267,Entertainment,2,7468,Young High Spender,Upsell premium services
20,Male,Kolkata,Oppo,Android,4.1,31.4,292.6,14,3.8,8242,1.3,0.7,947,Entertainment,2,9189,Young High Spender,Upsell premium services
20,Male,Ahmedabad,Apple,iOS,7.7,29.5,296.8,190,5.9,7270,5.2,2.2,607,Entertainment,2,7877,Young High Spender,Upsell premium services
31,Male,Chennai,Vivo,Android,6.8,32.4,241.2,92,4.7,5257,1.6,4.9,916,Work,2,6173,Young High Spender,Upsell premium services
39,Female,Delhi,Motorola,Android,7.1,18.2,255.8,180,4.6,9437,3.1,0.8,1108,Education,2,10545,Young High Spender,Upsell premium services
28,Male,Chennai,Samsung,iOS,10.7,34.8,205.8,161,3.2,7832,1.7,2.5,1888,Gaming,2,9720,Young High Spender,Upsell premium services
28,Other,Mumbai,Realme,Android,9.3,11.0,21.5,116,5.6,2786,3.3,3.6,1625,Gaming,2,4411,Young High Spender,Upsell premium services
22,Male,Pune,Samsung,Android,5.6,4.0,21.5,129,5.7,4580,3.2,2.4,1197,Entertainment,2,5777,Young High Spender,Upsell premium services
45,Female,Pune,Apple,iOS,3.0,37.0,119.1,103,4.7,7890,1.9,1.5,1198,Gaming,2,9088,Young High Spender,Upsell premium services
54,Female,Hyderabad,Realme,iOS,1.5,49.3,82.1,146,5.5,8705,2.3,1.0,1878,Gaming,2,10583,Young High Spender,Upsell premium services
29,Male,Lucknow,Google Pixel,Android,2.1,1.9,165.7,100,5.3,8369,7.3,4.8,1291,Work,2,9660,Young High Spender,Upsell premium services
46,Male,Jaipur,Apple,Android,1.2,49.3,175.0,49,5.7,5695,5.3,4.8,602,Education,2,6297,Young High Spender,Upsell premium services
39,Male,Lucknow,Nokia,Android,4.1,15.0,180.4,19,5.3,8326,1.0,3.7,926,Entertainment,2,9252,Young High Spender,Upsell premium services
40,Female,Hyderabad,Vivo,iOS,4.3,2.2,284.7,119,4.4,6828,7.9,0.5,1353,Gaming,2,8181,Young High Spender,Upsell premium services
34,Male,Pune,Google Pixel,iOS,5.8,43.3,267.1,60,4.4,8390,2.0,2.4,635,Work,2,9025,Young High Spender,Upsell premium services
36,Other,Kolkata,Vivo,iOS,5.2,34.1,224.6,48,4.1,5372,2.3,2.0,1513,Gaming,2,6885,Young High Spender,Upsell premium services
22,Other,Kolkata,Xiaomi,Android,10.6,15.5,78.4,31,3.9,6493,6.1,3.6,1727,Entertainment,2,8220,Young High Spender,Upsell premium services
57,Female,Lucknow,Apple,Android,5.2,25.9,159.9,70,5.1,9670,4.8,1.4,301,Entertainment,2,9971,Young High Spender,Upsell premium services
53,Female,Mumbai,Xiaomi,Android,6.0,28.7,164.1,178,5.0,9063,0.9,2.3,1351,Work,2,10414,Young High Spender,Upsell premium services
25,Female,Bangalore,OnePlus,Android,4.4,20.0,45.1,174,5.3,4512,4.7,1.2,1733,Gaming,2,6245,Young High Spender,Upsell premium services
52,Other,Bangalore,Motorola,iOS,4.1,10.5,241.1,47,5.8,6655,2.1,5.0,791,Education,2,7446,Young High Spender,Upsell premium services
45,Male,Hyderabad,Xiaomi,Android,7.1,7.9,230.3,104,4.0,7032,4.2,1.3,972,Education,2,8004,Young High Spender,Upsell premium services
22,Male,Ahmedabad,Apple,Android,6.9,4.4,189.3,10,5.6,9861,3.5,2.9,1522,Social Media,2,11383,Young High Spender,Upsell premium services
59,Other,Mumbai,Xiaomi,Android,9.8,39.2,262.6,111,4.2,8566,6.3,0.9,1694,Social Media,2,10260,Young High Spender,Upsell premium services
42,Other,Jaipur,Nokia,iOS,10.0,30.6,220.1,146,3.7,9126,5.0,2.5,349,Education,2,9475,Young High Spender,Upsell premium services
26,Male,Kolkata,Xiaomi,Android,4.1,28.7,72.3,191,3.6,5675,7.3,4.5,401,Social Media,2,6076,Young High Spender,Upsell premium services
41,Male,Kolkata,Google Pixel,Android,2.8,44.6,37.4,157,4.5,6982,7.2,2.7,929,Work,2,7911,Young High Spender,Upsell premium services
32,Other,Delhi,Motorola,iOS,5.9,41.4,234.9,42,5.3,8996,7.1,3.4,1495,Entertainment,2,10491,Young High Spender,Upsell premium services
60,Male,Hyderabad,Google Pixel,Android,8.0,19.1,120.7,118,4.3,7968,3.1,1.9,1639,Social Media,2,9607,Young High Spender,Upsell premium services
16,Other,Delhi,Google Pixel,Android,3.5,45.0,124.5,148,3.7,9859,4.3,1.9,873,Entertainment,2,10732,Young High Spender,Upsell premium services
45,Female,Bangalore,Nokia,Android,1.2,24.8,121.3,33,3.7,7259,4.8,1.6,1063,Social Media,2,8322,Young High Spender,Upsell premium services
54,Male,Bangalore,OnePlus,Android,9.9,37.3,69.2,77,4.2,7733,7.0,1.0,1793,Entertainment,2,9526,Young High Spender,Upsell premium services
27,Female,Lucknow,Xiaomi,Android,4.6,3.6,160.5,71,5.0,6875,5.4,2.9,211,Education,2,7086,Young High Spender,Upsell premium services
24,Other,Bangalore,Xiaomi,iOS,4.1,39.9,76.7,12,3.6,7553,4.8,1.2,228,Entertainment,2,7781,Young High Spender,Upsell premium services
38,Female,Pune,Realme,Android,1.8,11.1,228.0,106,5.5,7006,5.6,3.2,1667,Education,2,8673,Young High Spender,Upsell premium services
58,Female,Pune,Realme,Android,8.1,14.3,176.9,157,5.9,7714,6.5,3.5,1849,Work,2,9563,Young High Spender,Upsell premium services
17,Female,Jaipur,OnePlus,iOS,8.5,36.6,19.5,130,5.2,9294,4.5,3.8,645,Work,2,9939,Young High Spender,Upsell premium services
40,Other,Jaipur,Samsung,Android,7.7,25.3,107.8,143,4.5,5631,5.1,0.1,1528,Social Media,2,7159,Young High Spender,Upsell premium services
60,Female,Bangalore,Xiaomi,Android,8.4,30.6,174.2,26,6.0,9941,2.2,1.2,888,Entertainment,2,10829,Young High Spender,Upsell premium services
29,Female,Delhi,Oppo,iOS,4.5,10.6,84.3,47,5.6,9595,4.8,1.6,1382,Work,2,10977,Young High Spender,Upsell premium services
18,Other,Chennai,Nokia,Android,11.7,30.7,283.5,48,5.7,7920,6.5,4.5,1105,Social Media,2,9025,Young High Spender,Upsell premium services
25,Male,Pune,Vivo,iOS,3.8,44.5,127.9,162,3.2,8976,8.0,1.5,1672,Entertainment,2,10648,Young High Spender,Upsell premium services
26,Male,Mumbai,Xiaomi,Android,9.5,12.1,243.8,62,4.6,7360,1.7,2.3,1931,Entertainment,2,9291,Young High Spender,Upsell premium services
48,Female,Mumbai,Realme,Android,10.7,2.3,173.8,55,5.6,6063,2.0,2.7,779,Work,2,6842,Young High Spender,Upsell premium services
52,Female,Jaipur,Xiaomi,Android,2.7,44.4,241.1,178,4.8,6672,1.1,4.1,1950,Entertainment,2,8622,Young High Spender,Upsell premium services
18,Male,Jaipur,OnePlus,iOS,1.4,30.3,105.4,26,2.9,8884,6.4,0.1,1641,Education,2,10525,Young High Spender,Upsell premium services
51,Other,Chennai,Nokia,Android,11.5,12.2,94.3,159,5.9,7411,7.2,2.9,373,Gaming,2,7784,Young High Spender,Upsell premium services
22,Male,Bangalore,Google Pixel,iOS,1.5,44.9,60.3,72,5.4,4584,4.4,0.1,1664,Education,2,6248,Young High Spender,Upsell premium services
31,Male,Lucknow,Vivo,iOS,8.8,36.6,236.9,118,4.4,8704,0.8,1.9,395,Entertainment,2,9099,Young High Spender,Upsell premium services
29,Other,Bangalore,Google Pixel,Android,3.5,27.3,208.9,67,5.7,5613,1.5,3.9,1085,Work,2,6698,Young High Spender,Upsell premium services
17,Male,Delhi,Nokia,Android,7.0,37.3,135.2,189,3.7,8764,6.7,0.2,1178,Social Media,2,9942,Young High Spender,Upsell premium services
35,Female,Bangalore,Vivo,Android,6.6,11.5,63.6,173,3.4,9551,5.3,2.2,745,Entertainment,2,10296,Young High Spender,Upsell premium services
51,Female,Lucknow,Nokia,iOS,4.1,30.1,80.6,192,4.9,7205,1.9,3.5,1314,Education,2,8519,Young High Spender,Upsell premium services
35,Female,Bangalore,Samsung,Android,4.5,18.1,87.4,200,4.9,4256,7.8,1.5,1352,Entertainment,2,5608,Young High Spender,Upsell premium services
57,Other,Lucknow,Samsung,iOS,9.7,27.0,59.1,113,5.8,8376,1.2,3.9,584,Work,2,8960,Young High Spender,Upsell premium services
49,Female,Mumbai,Samsung,iOS,1.8,48.0,130.7,10,5.0,9186,3.8,1.5,1324,Social Media,2,10510,Young High Spender,Upsell premium services
55,Other,Hyderabad,Samsung,Android,11.1,22.3,54.1,100,5.6,6394,7.0,0.4,597,Entertainment,2,6991,Young High Spender,Upsell premium services
36,Other,Delhi,Xiaomi,Android,10.2,49.5,65.3,19,5.3,8979,2.4,4.9,274,Work,2,9253,Young High Spender,Upsell premium services
33,Female,Lucknow,Vivo,Android,1.4,14.1,245.8,176,4.4,9337,7.0,1.7,993,Work,2,10330,Young High Spender,Upsell premium services
39,Male,Mumbai,Google Pixel,iOS,5.5,49.7,151.4,160,5.1,7093,1.8,1.9,1974,Social Media,2,9067,Young High Spender,Upsell premium services
37,Other,Mumbai,Nokia,Android,5.1,13.7,171.2,102,5.0,3868,4.1,1.3,1483,Education,2,5351,Young High Spender,Upsell premium services
43,Male,Kolkata,Realme,iOS,7.6,41.8,120.9,167,3.9,6168,6.3,1.1,301,Gaming,2,6469,Young High Spender,Upsell premium services
46,Female,Pune,Motorola,Android,6.3,47.2,158.6,199,5.1,5464,5.4,2.5,330,Social Media,2,5794,Young High Spender,Upsell premium services
21,Male,Ahmedabad,Xiaomi,Android,1.6,21.4,250.6,154,3.4,9610,2.3,3.5,822,Gaming,2,10432,Young High Spender,Upsell premium services
57,Other,Lucknow,Google Pixel,Android,4.6,18.9,61.0,74,5.2,9431,6.9,0.7,1327,Social Media,2,10758,Young High Spender,Upsell premium services
47,Female,Pune,OnePlus,iOS,10.1,25.1,199.2,171,4.5,6722,1.7,3.5,1731,Gaming,2,8453,Young High Spender,Upsell premium services
60,Other,Hyderabad,Vivo,iOS,8.7,10.1,51.4,156,5.4,8448,5.9,0.8,611,Education,2,9059,Young High Spender,Upsell premium services
57,Male,Delhi,Nokia,iOS,10.3,44.9,88.6,94,4.8,6602,2.8,1.2,322,Entertainment,2,6924,Young High Spender,Upsell premium services
17,Other,Kolkata,Xiaomi,Android,3.2,14.0,176.8,108,3.1,7604,7.6,2.2,1130,Social Media,2,8734,Young High Spender,Upsell premium services
20,Female,Delhi,Xiaomi,iOS,10.0,20.8,102.9,192,4.7,6377,1.8,0.5,998,Entertainment,2,7375,Young High Spender,Upsell premium services
18,Other,Lucknow,Xiaomi,Android,4.2,25.8,291.1,63,3.5,9161,5.3,0.1,1772,Social Media,2,10933,Young High Spender,Upsell premium services
35,Male,Ahmedabad,Oppo,Android,6.1,28.9,60.5,138,3.7,5667,1.1,4.7,397,Work,2,6064,Young High Spender,Upsell premium services
20,Male,Pune,Samsung,iOS,10.4,9.3,129.9,37,3.9,8154,3.2,0.6,1036,Work,2,9190,Young High Spender,Upsell premium services
34,Female,Mumbai,Google Pixel,Android,1.6,41.8,101.8,187,3.7,5202,0.8,1.1,339,Social Media,2,5541,Young High Spender,Upsell premium services
34,Female,Mumbai,Motorola,Android,8.1,34.6,134.2,110,5.9,7631,3.8,4.4,608,Entertainment,2,8239,Young High Spender,Upsell premium services
38,Other,Ahmedabad,Motorola,Android,8.9,11.0,33.6,50,4.3,9033,2.1,0.3,714,Work,2,9747,Young High Spender,Upsell premium services
42,Male,Pune,Oppo,iOS,8.8,23.8,183.2,40,5.7,8998,2.2,0.1,1019,Gaming,2,10017,Young High Spender,Upsell premium services
44,Female,Ahmedabad,Vivo,Android,7.5,22.1,32.4,105,3.6,5738,2.4,1.3,1911,Education,2,7649,Young High Spender,Upsell premium services
16,Female,Lucknow,Samsung,iOS,3.6,37.5,271.3,90,4.9,9561,3.1,2.8,1829,Gaming,2,11390,Young High Spender,Upsell premium services
21,Male,Chennai,Google Pixel,Android,4.7,9.0,125.1,175,3.4,6796,1.2,3.4,1778,Entertainment,2,8574,Young High Spender,Upsell premium services
28,Female,Hyderabad,Apple,iOS,10.7,35.7,169.7,153,4.0,5827,6.8,0.3,1955,Social Media,2,7782,Young High Spender,Upsell premium services
35,Other,Bangalore,Xiaomi,Android,1.4,43.4,221.0,48,5.3,8624,6.1,0.5,221,Education,2,8845,Young High Spender,Upsell premium services
56,Male,Mumbai,Motorola,Android,4.8,34.4,110.9,129,5.6,7505,4.6,3.8,1416,Work,2,8921,Young High Spender,Upsell premium services
48,Male,Kolkata,Xiaomi,Android,3.3,1.7,46.8,64,5.0,9456,0.7,3.9,710,Entertainment,2,10166,Young High Spender,Upsell premium services
60,Other,Jaipur,Xiaomi,Android,3.0,40.9,86.6,134,5.0,9801,7.3,2.0,1010,Gaming,2,10811,Young High Spender,Upsell premium services
24,Other,Pune,Motorola,iOS,8.8,4.3,135.8,97,5.3,7205,3.5,0.3,708,Education,2,7913,Young High Spender,Upsell premium services
29,Other,Jaipur,Google Pixel,iOS,3.0,22.5,188.6,52,4.1,7061,4.6,3.6,1729,Work,2,8790,Young High Spender,Upsell premium services
21,Female,Delhi,Xiaomi,iOS,8.8,15.1,55.9,118,2.8,8084,0.5,0.8,1609,Social Media,2,9693,Young High Spender,Upsell premium services
53,Other,Chennai,Xiaomi,Android,8.4,44.9,6.9,148,4.6,9091,6.2,4.7,1094,Gaming,2,10185,Young High Spender,Upsell premium services
52,Female,Bangalore,Apple,Android,3.9,10.6,147.7,76,5.0,9778,4.1,4.5,167,Work,2,9945,Young High Spender,Upsell premium services
27,Other,Delhi,Nokia,iOS,11.1,16.2,72.4,142,4.2,4957,5.7,2.9,1606,Work,2,6563,Young High Spender,Upsell premium services
31,Male,Kolkata,OnePlus,Android,9.9,42.2,24.1,147,5.3,5674,0.7,1.7,1498,Social Media,2,7172,Young High Spender,Upsell premium services
50,Other,Mumbai,Xiaomi,iOS,6.2,20.9,188.0,80,5.4,8124,7.0,1.5,1096,Gaming,2,9220,Young High Spender,Upsell premium services
25,Female,Delhi,Realme,Android,8.7,43.4,214.6,103,3.1,8343,2.8,2.5,553,Social Media,2,8896,Young High Spender,Upsell premium services
45,Other,Lucknow,Realme,Android,6.3,21.9,91.1,37,4.5,8481,4.1,3.7,345,Education,2,8826,Young High Spender,Upsell premium services
37,Female,Chennai,Vivo,iOS,11.6,26.5,182.9,108,5.1,6195,5.5,3.5,460,Social Media,2,6655,Young High Spender,Upsell premium services
49,Male,Jaipur,Motorola,Android,11.0,17.8,221.5,187,3.7,7018,3.4,0.1,1464,Entertainment,2,8482,Young High Spender,Upsell premium services
42,Other,Jaipur,Oppo,Android,7.8,8.6,142.0,139,5.5,4445,7.4,2.5,1959,Work,2,6404,Young High Spender,Upsell premium services
25,Other,Mumbai,OnePlus,iOS,3.8,15.6,288.9,81,3.4,9751,1.6,2.9,914,Social Media,2,10665,Young High Spender,Upsell premium services
40,Other,Hyderabad,Realme,iOS,3.0,24.7,127.6,37,4.6,5216,2.3,4.5,1590,Social Media,2,6806,Young High Spender,Upsell premium services
22,Male,Hyderabad,Motorola,Android,2.2,18.5,169.3,84,5.0,5684,6.6,0.0,1534,Gaming,2,7218,Young High Spender,Upsell premium services
26,Other,Chennai,Realme,Android,4.8,14.6,136.1,24,5.6,9376,2.2,2.4,471,Gaming,2,9847,Young High Spender,Upsell premium services
40,Male,Hyderabad,Apple,Android,6.4,43.2,277.9,168,4.8,6527,2.2,2.2,754,Gaming,2,7281,Young High Spender,Upsell premium services
29,Male,Mumbai,Motorola,iOS,1.2,29.2,120.9,21,4.9,6796,7.1,0.5,305,Work,2,7101,Young High Spender,Upsell premium services
55,Other,Chennai,Xiaomi,Android,2.7,10.4,101.4,57,4.9,7519,4.3,2.1,940,Social Media,2,8459,Young High Spender,Upsell premium services
47,Male,Mumbai,Xiaomi,Android,4.5,29.8,38.7,98,3.9,8115,2.3,2.3,733,Entertainment,2,8848,Young High Spender,Upsell premium services
50,Other,Hyderabad,Realme,iOS,5.1,5.6,283.9,12,4.6,7921,1.2,2.4,1816,Education,2,9737,Young High Spender,Upsell premium services
27,Female,Bangalore,Oppo,iOS,11.7,10.8,295.1,180,3.6,6794,2.9,3.9,921,Education,2,7715,Young High Spender,Upsell premium services
40,Other,Pune,Samsung,Android,4.2,13.4,65.0,141,4.8,6806,8.0,0.4,139,Gaming,2,6945,Young High Spender,Upsell premium services
34,Other,Hyderabad,Oppo,iOS,3.2,39.6,264.9,39,5.2,6663,7.1,1.4,1426,Entertainment,2,8089,Young High Spender,Upsell premium services
53,Other,Ahmedabad,Motorola,iOS,1.2,48.4,119.3,12,5.0,7607,4.0,3.7,1387,Social Media,2,8994,Young High Spender,Upsell premium services
53,Female,Lucknow,Motorola,iOS,2.1,45.6,48.0,164,4.7,7049,2.9,1.0,201,Work,2,7250,Young High Spender,Upsell premium services
15,Female,Delhi,Realme,Android,2.5,29.9,43.3,76,4.4,6428,2.8,0.6,505,Work,2,6933,Young High Spender,Upsell premium services
36,Female,Jaipur,Google Pixel,iOS,7.9,12.7,29.9,56,5.8,6024,7.3,0.3,940,Work,2,6964,Young High Spender,Upsell premium services
24,Female,Jaipur,OnePlus,Android,10.8,41.7,157.8,38,4.9,8346,1.1,2.7,749,Education,2,9095,Young High Spender,Upsell premium services
28,Other,Jaipur,Xiaomi,iOS,4.9,40.7,63.4,162,5.5,6466,2.7,0.2,967,Work,2,7433,Young High Spender,Upsell premium services
30,Other,Delhi,Samsung,Android,11.0,33.9,6.3,32,3.4,8012,5.1,2.9,170,Education,2,8182,Young High Spender,Upsell premium services
31,Other,Pune,Nokia,Android,1.2,24.0,182.6,119,5.5,5284,1.2,0.0,1816,Gaming,2,7100,Young High Spender,Upsell premium services
33,Female,Jaipur,Samsung,Android,10.3,11.0,214.3,48,5.4,3916,2.1,1.6,1268,Entertainment,2,5184,Young High Spender,Upsell premium services
17,Female,Chennai,Vivo,Android,7.5,18.1,139.2,69,5.4,5013,6.5,4.6,1895,Work,2,6908,Young High Spender,Upsell premium services
38,Male,Kolkata,Xiaomi,iOS,6.3,39.2,142.6,196,5.2,8866,6.7,1.7,912,Social Media,2,9778,Young High Spender,Upsell premium services
22,Female,Lucknow,Motorola,iOS,6.2,42.5,197.3,70,5.7,6703,7.3,1.9,856,Gaming,2,7559,Young High Spender,Upsell premium services
54,Male,Lucknow,Apple,Android,9.9,36.7,172.0,144,4.5,8461,6.9,4.8,1504,Work,2,9965,Young High Spender,Upsell premium services
28,Female,Lucknow,Google Pixel,Android,6.1,27.7,74.0,116,5.2,7783,2.4,2.1,875,Education,2,8658,Young High Spender,Upsell premium services
38,Female,Jaipur,Realme,iOS,6.2,32.0,43.9,104,5.3,6624,3.8,3.8,592,Gaming,2,7216,Young High Spender,Upsell premium services
21,Female,Chennai,Vivo,Android,11.4,48.8,246.6,154,5.9,4267,4.0,2.5,165,Entertainment,2,4432,Young High Spender,Upsell premium services
58,Other,Ahmedabad,Apple,iOS,10.7,14.9,81.9,29,4.4,7617,7.9,3.1,1210,Social Media,2,8827,Young High Spender,Upsell premium services
24,Female,Lucknow,Motorola,iOS,7.5,39.9,89.8,65,3.6,6004,3.2,1.0,1984,Social Media,2,7988,Young High Spender,Upsell premium services
41,Male,Jaipur,Realme,iOS,6.6,32.9,150.5,34,3.7,5998,4.3,1.1,1994,Social Media,2,7992,Young High Spender,Upsell premium services
45,Male,Chennai,Vivo,Android,2.9,10.7,175.3,73,4.2,7906,6.7,4.5,1874,Work,2,9780,Young High Spender,Upsell premium services
38,Female,Hyderabad,Realme,iOS,6.4,30.2,129.6,148,5.0,4179,7.3,2.0,1897,Work,2,6076,Young High Spender,Upsell premium services
21,Female,Pune,Oppo,Android,10.1,1.2,38.1,16,4.4,7116,7.8,4.9,955,Social Media,2,8071,Young High Spender,Upsell premium services
39,Other,Bangalore,Realme,iOS,4.7,9.6,15.6,88,6.0,5628,2.6,1.6,1893,Work,2,7521,Young High Spender,Upsell premium services
33,Other,Hyderabad,Samsung,iOS,11.3,46.6,117.9,174,5.9,9554,5.5,3.3,780,Entertainment,2,10334,Young High Spender,Upsell premium services
27,Male,Kolkata,Motorola,iOS,8.1,1.2,25.7,171,4.1,7077,4.5,3.4,1273,Work,2,8350,Young High Spender,Upsell premium services
19,Other,Chennai,Oppo,iOS,9.6,6.0,40.5,41,4.4,7637,1.5,3.1,1651,Work,2,9288,Young High Spender,Upsell premium services
44,Male,Jaipur,Oppo,iOS,1.7,38.8,92.5,183,5.6,4424,3.0,4.4,657,Education,2,5081,Young High Spender,Upsell premium services
25,Female,Bangalore,Samsung,iOS,10.9,7.1,65.2,41,5.4,9171,0.8,1.9,691,Education,2,9862,Young High Spender,Upsell premium services
22,Female,Pune,OnePlus,Android,10.9,30.9,86.9,15,4.6,6439,1.5,1.7,1838,Social Media,2,8277,Young High Spender,Upsell premium services
42,Other,Mumbai,Oppo,iOS,5.7,38.1,177.1,10,4.0,9501,7.1,1.1,1561,Education,2,11062,Young High Spender,Upsell premium services
15,Other,Lucknow,Nokia,iOS,2.1,31.2,123.4,106,4.7,6926,2.2,4.6,858,Gaming,2,7784,Young High Spender,Upsell premium services
46,Female,Chennai,Xiaomi,iOS,5.0,28.2,84.1,167,5.8,5960,5.7,0.2,150,Social Media,2,6110,Young High Spender,Upsell premium services
45,Male,Kolkata,OnePlus,iOS,6.5,9.3,61.4,195,5.9,6452,6.6,0.1,844,Education,2,7296,Young High Spender,Upsell premium services
51,Female,Hyderabad,Oppo,Android,11.9,31.8,199.5,157,4.0,8618,3.2,3.5,334,Work,2,8952,Young High Spender,Upsell premium services
29,Other,Mumbai,Apple,Android,8.7,13.4,9.4,164,3.7,8486,5.4,0.0,483,Work,2,8969,Young High Spender,Upsell premium services
30,Other,Lucknow,OnePlus,iOS,1.2,31.9,252.1,199,5.1,9047,1.0,0.3,1495,Education,2,10542,Young High Spender,Upsell premium services
49,Female,Bangalore,Apple,iOS,11.1,43.6,165.2,191,5.9,8936,4.7,3.4,842,Work,2,9778,Young High Spender,Upsell premium services
27,Other,Ahmedabad,Motorola,iOS,9.7,23.7,120.0,158,3.0,6798,3.2,2.9,1198,Education,2,7996,Young High Spender,Upsell premium services
35,Female,Kolkata,Motorola,Android,4.3,26.4,120.5,38,5.1,7236,7.2,4.2,720,Education,2,7956,Young High Spender,Upsell premium services
29,Male,Pune,Realme,iOS,3.0,23.4,114.6,100,5.1,7946,5.4,2.7,964,Entertainment,2,8910,Young High Spender,Upsell premium services
40,Other,Bangalore,Vivo,Android,7.5,18.7,260.0,52,5.1,8589,7.4,2.9,1194,Work,2,9783,Young High Spender,Upsell premium services
38,Male,Kolkata,Motorola,iOS,4.1,49.9,38.1,107,3.3,8833,2.8,4.2,830,Gaming,2,9663,Young High Spender,Upsell premium services
38,Female,Chennai,Google Pixel,Android,3.3,33.0,270.5,127,5.0,7097,5.7,1.5,910,Gaming,2,8007,Young High Spender,Upsell premium services
42,Other,Kolkata,OnePlus,Android,6.0,14.0,269.0,181,4.5,8280,4.9,2.0,1043,Education,2,9323,Young High Spender,Upsell premium services
32,Other,Ahmedabad,Samsung,Android,11.6,11.7,133.4,158,4.3,8766,3.9,3.5,1722,Work,2,10488,Young High Spender,Upsell premium services
32,Other,Ahmedabad,Nokia,iOS,1.4,34.3,274.1,145,4.0,6086,5.3,4.6,776,Entertainment,2,6862,Young High Spender,Upsell premium services
29,Female,Lucknow,Motorola,Android,6.1,22.3,216.3,145,4.9,6815,5.3,2.2,1271,Work,2,8086,Young High Spender,Upsell premium services
20,Female,Lucknow,Vivo,Android,8.5,8.9,208.4,25,4.9,9202,0.7,3.8,1643,Gaming,2,10845,Young High Spender,Upsell premium services
39,Male,Lucknow,Realme,iOS,4.8,2.8,236.3,92,5.8,8551,2.7,2.0,317,Work,2,8868,Young High Spender,Upsell premium services
21,Male,Lucknow,Motorola,iOS,1.7,1.2,261.1,62,3.9,9259,4.6,1.8,1744,Work,2,11003,Young High Spender,Upsell premium services
23,Female,Mumbai,Oppo,iOS,5.2,29.3,112.1,79,2.9,7894,2.7,0.1,1281,Gaming,2,9175,Young High Spender,Upsell premium services
29,Female,Chennai,Realme,iOS,10.1,28.4,247.4,69,4.1,8032,3.0,1.4,916,Entertainment,2,8948,Young High Spender,Upsell premium services
16,Male,Ahmedabad,Nokia,iOS,8.7,12.0,259.5,129,4.9,9565,7.6,3.5,1939,Education,2,11504,Young High Spender,Upsell premium services
18,Female,Kolkata,Nokia,iOS,9.7,34.2,292.8,23,4.4,7398,0.9,2.6,298,Gaming,2,7696,Young High Spender,Upsell premium services
33,Female,Jaipur,Vivo,iOS,7.7,11.9,73.5,72,5.4,5439,7.3,2.1,1246,Work,2,6685,Young High Spender,Upsell premium services
36,Male,Mumbai,Oppo,iOS,1.6,31.0,92.3,192,5.3,5687,7.0,1.1,399,Entertainment,2,6086,Young High Spender,Upsell premium services
44,Female,Lucknow,Vivo,Android,2.4,36.2,70.2,197,5.2,7404,1.0,1.6,1137,Social Media,2,8541,Young High Spender,Upsell premium services
18,Other,Ahmedabad,OnePlus,iOS,2.8,18.3,117.2,54,5.2,7883,2.4,4.9,1048,Education,2,8931,Young High Spender,Upsell premium services
28,Male,Lucknow,Samsung,Android,6.7,31.5,33.6,25,5.0,7859,4.9,4.7,910,Education,2,8769,Young High Spender,Upsell premium services
24,Female,Mumbai,Motorola,Android,7.4,7.6,264.8,106,3.4,9603,1.5,4.9,239,Gaming,2,9842,Young High Spender,Upsell premium services
34,Other,Bangalore,Motorola,iOS,7.4,47.0,61.4,111,4.9,3178,3.3,2.5,1216,Entertainment,2,4394,Young High Spender,Upsell premium services
29,Female,Lucknow,Samsung,iOS,9.0,33.5,6.4,87,3.3,9419,0.8,1.9,183,Work,2,9602,Young High Spender,Upsell premium services
39,Female,Bangalore,Nokia,iOS,8.6,27.9,125.8,130,4.8,9294,2.7,3.6,699,Social Media,2,9993,Young High Spender,Upsell premium services
40,Other,Kolkata,OnePlus,iOS,3.4,24.7,267.2,156,3.5,6704,4.8,0.4,1020,Education,2,7724,Young High Spender,Upsell premium services
26,Male,Bangalore,Xiaomi,iOS,3.7,2.5,178.1,66,3.2,7639,3.6,1.2,1298,Gaming,2,8937,Young High Spender,Upsell premium services
57,Other,Chennai,Xiaomi,Android,9.4,25.7,245.2,72,4.1,8776,6.5,3.1,1857,Entertainment,2,10633,Young High Spender,Upsell premium services
39,Other,Mumbai,Motorola,iOS,5.9,29.3,26.5,180,5.4,6677,2.2,3.7,1799,Entertainment,2,8476,Young High Spender,Upsell premium services
21,Other,Pune,Motorola,iOS,2.3,26.0,94.1,15,4.2,6653,3.8,3.5,1544,Work,2,8197,Young High Spender,Upsell premium services
34,Other,Ahmedabad,Apple,iOS,2.0,2.9,143.1,50,5.6,6101,7.9,1.3,1547,Gaming,2,7648,Young High Spender,Upsell premium services
20,Male,Kolkata,Nokia,iOS,10.6,12.4,48.7,168,4.7,9132,7.1,1.2,252,Gaming,2,9384,Young High Spender,Upsell premium services
31,Female,Bangalore,Nokia,Android,4.2,17.5,106.5,91,5.2,3756,7.6,2.5,476,Entertainment,2,4232,Young High Spender,Upsell premium services
41,Female,Jaipur,Motorola,Android,7.8,46.5,149.3,149,5.4,3992,3.6,4.6,1894,Entertainment,2,5886,Young High Spender,Upsell premium services
24,Female,Hyderabad,Motorola,Android,8.8,36.5,186.3,59,4.1,8041,4.0,2.0,1486,Entertainment,2,9527,Young High Spender,Upsell premium services
24,Other,Mumbai,Google Pixel,Android,4.0,27.2,187.0,52,5.4,5037,4.1,1.5,116,Social Media,2,5153,Young High Spender,Upsell premium services
35,Male,Mumbai,Samsung,Android,4.6,38.6,140.5,46,4.0,8190,6.2,4.5,925,Gaming,2,9115,Young High Spender,Upsell premium services
44,Female,Chennai,Google Pixel,Android,3.6,15.8,13.9,114,4.9,5091,2.8,2.4,594,Entertainment,2,5685,Young High Spender,Upsell premium services
50,Male,Mumbai,Realme,iOS,5.5,40.0,168.7,84,4.4,7569,2.4,4.4,562,Education,2,8131,Young High Spender,Upsell premium services
47,Other,Pune,Samsung,iOS,10.6,13.0,273.6,101,5.3,9024,2.5,2.3,1473,Social Media,2,10497,Young High Spender,Upsell premium services
38,Female,Mumbai,Vivo,Android,10.4,14.8,198.5,33,5.2,4642,6.6,1.8,304,Gaming,2,4946,Young High Spender,Upsell premium services
24,Male,Bangalore,Samsung,Android,9.5,9.1,66.4,102,3.7,5760,2.0,2.4,446,Social Media,2,6206,Young High Spender,Upsell premium services
43,Other,Hyderabad,Xiaomi,iOS,7.7,39.0,140.0,197,3.6,8090,2.2,1.8,1730,Work,2,9820,Young High Spender,Upsell premium services
46,Female,Chennai,Google Pixel,iOS,10.1,43.7,160.4,45,4.4,5934,4.6,4.0,1847,Gaming,2,7781,Young High Spender,Upsell premium services
34,Other,Ahmedabad,Oppo,Android,11.5,36.5,72.8,120,3.3,6923,4.7,0.5,1234,Work,2,8157,Young High Spender,Upsell premium services
47,Female,Jaipur,Google Pixel,iOS,1.4,31.6,226.7,68,4.1,9583,7.8,4.7,1275,Entertainment,2,10858,Young High Spender,Upsell premium services
17,Male,Delhi,OnePlus,Android,1.0,12.0,213.3,110,3.5,7671,4.3,3.1,1455,Social Media,2,9126,Young High Spender,Upsell premium services
23,Female,Lucknow,Nokia,iOS,9.3,5.4,64.9,96,4.2,5556,5.2,4.6,1784,Work,2,7340,Young High Spender,Upsell premium services
23,Female,Bangalore,Realme,Android,2.1,3.4,42.0,31,4.5,7897,2.8,1.2,1148,Gaming,2,9045,Young High Spender,Upsell premium services
28,Male,Chennai,Samsung,Android,1.8,22.2,48.8,159,5.5,3453,4.9,3.6,1779,Social Media,2,5232,Young High Spender,Upsell premium services
30,Other,Delhi,OnePlus,iOS,3.0,16.5,142.5,62,3.5,8738,5.5,1.8,1708,Gaming,2,10446,Young High Spender,Upsell premium services
17,Other,Delhi,Motorola,iOS,5.7,35.4,168.8,14,5.0,7003,2.6,0.2,1102,Social Media,2,8105,Young High Spender,Upsell premium services
19,Female,Mumbai,Apple,iOS,2.4,43.0,67.4,158,4.4,8880,6.8,0.1,720,Education,2,9600,Young High Spender,Upsell premium services
20,Male,Mumbai,OnePlus,Android,10.6,18.6,187.8,92,5.5,9930,3.5,3.7,1629,Work,2,11559,Young High Spender,Upsell premium services
20,Male,Jaipur,Oppo,iOS,4.7,36.7,86.2,109,5.2,4247,4.7,1.4,574,Education,2,4821,Young High Spender,Upsell premium services
27,Male,Bangalore,Oppo,iOS,10.7,12.7,166.4,139,4.6,6126,6.7,4.9,1071,Gaming,2,7197,Young High Spender,Upsell premium services
44,Other,Delhi,OnePlus,Android,5.8,33.1,103.5,144,4.4,9054,3.3,3.0,118,Gaming,2,9172,Young High Spender,Upsell premium services
25,Other,Kolkata,Motorola,Android,6.7,7.2,61.3,77,5.3,8168,6.5,4.8,167,Work,2,8335,Young High Spender,Upsell premium services
30,Male,Bangalore,Samsung,Android,10.2,13.4,238.0,27,5.1,4477,0.6,3.7,1268,Social Media,2,5745,Young High Spender,Upsell premium services
28,Other,Kolkata,Nokia,Android,3.6,48.4,184.7,189,3.9,5828,7.1,0.7,829,Education,2,6657,Young High Spender,Upsell premium services
35,Male,Kolkata,Samsung,Android,3.9,19.5,291.1,172,4.2,8779,4.8,1.5,644,Social Media,2,9423,Young High Spender,Upsell premium services
26,Other,Kolkata,OnePlus,iOS,8.5,23.5,171.9,18,5.3,4721,4.2,0.2,1103,Education,2,5824,Young High Spender,Upsell premium services
42,Female,Delhi,Motorola,iOS,4.2,15.2,187.0,89,5.1,7729,7.2,3.1,1453,Work,2,9182,Young High Spender,Upsell premium services
40,Other,Lucknow,OnePlus,Android,4.1,42.9,47.1,145,4.2,7296,1.5,2.7,219,Work,2,7515,Young High Spender,Upsell premium services
32,Female,Bangalore,Realme,iOS,9.6,13.0,72.0,54,4.2,7473,2.3,3.8,582,Gaming,2,8055,Young High Spender,Upsell premium services
54,Other,Hyderabad,Oppo,iOS,11.9,21.1,172.8,104,3.8,8357,5.9,3.2,743,Education,2,9100,Young High Spender,Upsell premium services
25,Female,Jaipur,OnePlus,Android,10.0,17.1,240.0,20,3.9,6061,1.2,4.6,1382,Social Media,2,7443,Young High Spender,Upsell premium services
29,Other,Ahmedabad,Oppo,Android,4.6,30.3,197.7,136,5.6,8284,7.8,1.9,183,Education,2,8467,Young High Spender,Upsell premium services
44,Other,Kolkata,Motorola,iOS,7.2,17.3,236.5,168,5.8,8925,6.3,3.8,1355,Work,2,10280,Young High Spender,Upsell premium services
49,Female,Ahmedabad,OnePlus,iOS,3.9,30.3,64.5,184,5.0,9442,8.0,2.9,830,Entertainment,2,10272,Young High Spender,Upsell premium services
51,Female,Jaipur,OnePlus,Android,11.8,29.3,78.2,108,3.9,7259,6.5,4.8,1001,Social Media,2,8260,Young High Spender,Upsell premium services
39,Male,Lucknow,Nokia,Android,9.7,45.6,57.2,134,4.9,7922,4.9,3.3,983,Work,2,8905,Young High Spender,Upsell premium services
54,Other,Hyderabad,Samsung,iOS,11.6,16.7,10.1,181,5.3,9752,3.8,3.9,1709,Social Media,2,11461,Young High Spender,Upsell premium services
38,Female,Bangalore,Samsung,iOS,3.5,11.5,198.4,175,4.9,3956,4.3,1.5,1831,Social Media,2,5787,Young High Spender,Upsell premium services
21,Female,Ahmedabad,Apple,iOS,9.9,44.1,5.8,62,5.4,6124,4.7,1.2,886,Entertainment,2,7010,Young High Spender,Upsell premium services
19,Female,Ahmedabad,Samsung,Android,3.9,16.8,82.5,92,3.7,8981,2.7,2.1,160,Entertainment,2,9141,Young High Spender,Upsell premium services
53,Male,Jaipur,Xiaomi,Android,3.0,33.3,181.8,124,5.5,8439,4.1,2.1,1695,Entertainment,2,10134,Young High Spender,Upsell premium services
36,Male,Lucknow,Vivo,iOS,3.8,4.7,248.6,81,5.0,4771,2.3,2.1,580,Gaming,2,5351,Young High Spender,Upsell premium services
35,Other,Kolkata,Samsung,Android,5.5,46.5,188.2,191,4.0,5203,3.3,3.6,546,Entertainment,2,5749,Young High Spender,Upsell premium services
29,Female,Hyderabad,Google Pixel,Android,7.2,1.5,133.9,120,5.0,4449,4.1,4.1,219,Education,2,4668,Young High Spender,Upsell premium services
38,Female,Mumbai,Vivo,Android,5.9,45.8,161.3,73,4.4,9897,0.5,1.8,514,Education,2,10411,Young High Spender,Upsell premium services
51,Other,Mumbai,Samsung,iOS,1.8,16.9,258.0,74,4.0,9319,3.9,0.3,1416,Work,2,10735,Young High Spender,Upsell premium services
30,Other,Bangalore,Google Pixel,iOS,8.9,19.1,102.4,189,4.1,8960,1.1,3.3,369,Entertainment,2,9329,Young High Spender,Upsell premium services
34,Other,Lucknow,Xiaomi,iOS,2.5,31.8,143.1,160,3.9,5974,1.1,1.7,253,Gaming,2,6227,Young High Spender,Upsell premium services
33,Other,Hyderabad,Oppo,iOS,10.0,4.1,12.8,111,4.3,9511,2.9,4.2,1448,Gaming,2,10959,Young High Spender,Upsell premium services
55,Other,Bangalore,Vivo,iOS,1.8,11.8,22.9,193,3.5,9880,2.1,3.8,1160,Work,2,11040,Young High Spender,Upsell premium services
34,Female,Jaipur,Oppo,iOS,11.8,13.7,66.9,121,4.8,5859,2.7,1.4,848,Education,2,6707,Young High Spender,Upsell premium services
18,Male,Bangalore,Realme,iOS,4.5,49.8,189.6,197,5.5,6579,4.2,3.2,1244,Social Media,2,7823,Young High Spender,Upsell premium services
56,Other,Bangalore,Oppo,iOS,5.4,20.3,120.0,82,4.0,9928,7.0,4.8,740,Work,2,10668,Young High Spender,Upsell premium services
23,Male,Mumbai,Xiaomi,Android,1.2,6.4,174.5,49,4.3,5565,7.7,4.5,115,Gaming,2,5680,Young High Spender,Upsell premium services
46,Other,Kolkata,Xiaomi,iOS,7.0,4.6,50.1,62,4.2,9436,5.7,3.4,1750,Education,2,11186,Young High Spender,Upsell premium services
49,Male,Chennai,Samsung,iOS,8.8,27.2,284.9,48,5.8,9948,1.3,4.8,1005,Education,2,10953,Young High Spender,Upsell premium services
15,Male,Bangalore,Vivo,Android,11.7,19.0,61.8,74,4.4,7607,4.5,2.3,857,Gaming,2,8464,Young High Spender,Upsell premium services
20,Other,Hyderabad,Google Pixel,iOS,10.0,21.1,91.5,69,4.8,8849,4.7,0.6,1692,Social Media,2,10541,Young High Spender,Upsell premium services
38,Male,Delhi,OnePlus,Android,4.7,12.6,90.8,90,4.7,9825,3.3,1.8,1370,Gaming,2,11195,Young High Spender,Upsell premium services
41,Other,Ahmedabad,Oppo,Android,10.9,23.1,68.0,135,4.4,9775,1.8,4.4,1892,Social Media,2,11667,Young High Spender,Upsell premium services
18,Male,Jaipur,Realme,iOS,7.5,49.4,259.7,22,3.8,8048,6.3,1.8,1278,Social Media,2,9326,Young High Spender,Upsell premium services
32,Male,Bangalore,Realme,iOS,2.8,1.7,271.0,58,3.7,5675,4.1,2.1,1371,Work,2,7046,Young High Spender,Upsell premium services
47,Other,Bangalore,Google Pixel,Android,9.6,6.0,89.0,168,5.3,4835,7.7,0.7,221,Gaming,2,5056,Young High Spender,Upsell premium services
16,Female,Kolkata,OnePlus,iOS,7.4,2.0,76.9,138,4.5,9971,1.8,3.2,1991,Entertainment,2,11962,Young High Spender,Upsell premium services
50,Female,Pune,Nokia,Android,3.2,13.1,125.2,150,5.2,8932,2.3,3.3,771,Gaming,2,9703,Young High Spender,Upsell premium services
28,Other,Pune,OnePlus,Android,1.6,4.0,276.1,75,5.5,9281,7.6,0.7,1885,Gaming,2,11166,Young High Spender,Upsell premium services
48,Female,Ahmedabad,Realme,Android,1.2,29.4,216.6,99,3.9,6517,1.2,0.2,1497,Work,2,8014,Young High Spender,Upsell premium services
42,Male,Bangalore,Vivo,iOS,8.8,21.6,71.5,14,6.0,7586,7.3,3.7,1013,Entertainment,2,8599,Young High Spender,Upsell premium services
37,Female,Chennai,Xiaomi,iOS,11.2,14.8,63.3,107,3.3,5163,4.7,4.5,1886,Work,2,7049,Young High Spender,Upsell premium services
44,Female,Delhi,Oppo,Android,3.3,32.6,202.4,169,5.1,8683,5.4,4.9,1617,Education,2,10300,Young High Spender,Upsell premium services
41,Other,Pune,Motorola,iOS,11.1,40.1,80.2,156,4.2,8429,7.0,4.2,358,Gaming,2,8787,Young High Spender,Upsell premium services
46,Female,Chennai,Motorola,iOS,2.9,6.9,183.9,17,5.5,9262,0.6,3.7,956,Education,2,10218,Young High Spender,Upsell premium services
30,Male,Jaipur,Realme,iOS,4.6,23.2,37.2,152,3.9,9559,3.6,4.1,1802,Work,2,11361,Young High Spender,Upsell premium services
26,Female,Bangalore,Oppo,Android,3.2,15.9,144.2,112,5.8,3317,2.4,4.6,1134,Education,2,4451,Young High Spender,Upsell premium services
36,Other,Hyderabad,Realme,Android,8.2,13.1,205.2,87,5.6,9459,0.9,4.3,1109,Social Media,2,10568,Young High Spender,Upsell premium services
35,Other,Chennai,Samsung,iOS,1.4,46.4,218.2,38,3.7,8933,0.7,3.3,1580,Work,2,10513,Young High Spender,Upsell premium services
27,Male,Kolkata,Samsung,iOS,9.8,13.6,147.9,82,3.3,7578,1.0,3.9,505,Social Media,2,8083,Young High Spender,Upsell premium services
31,Male,Jaipur,Motorola,Android,9.7,17.0,275.0,145,4.8,8084,1.9,2.8,955,Entertainment,2,9039,Young High Spender,Upsell premium services
39,Female,Bangalore,Samsung,iOS,4.4,7.9,108.9,146,5.6,7089,7.2,0.7,1626,Work,2,8715,Young High Spender,Upsell premium services
59,Female,Bangalore,OnePlus,iOS,3.1,21.0,143.8,137,5.9,7931,3.3,0.3,874,Work,2,8805,Young High Spender,Upsell premium services
45,Female,Chennai,Google Pixel,iOS,5.9,45.0,88.2,164,3.8,6155,5.7,0.1,777,Social Media,2,6932,Young High Spender,Upsell premium services
36,Other,Pune,Samsung,iOS,10.4,8.4,112.0,20,5.7,8296,6.8,0.1,282,Education,2,8578,Young High Spender,Upsell premium services
49,Male,Bangalore,Xiaomi,Android,6.7,32.8,200.5,199,4.4,9932,3.7,2.0,1683,Entertainment,2,11615,Young High Spender,Upsell premium services
57,Male,Chennai,Samsung,Android,6.8,18.9,56.4,115,4.5,7566,7.5,0.5,670,Gaming,2,8236,Young High Spender,Upsell premium services
17,Female,Mumbai,OnePlus,iOS,1.0,35.0,201.6,35,3.7,8437,3.7,4.9,525,Social Media,2,8962,Young High Spender,Upsell premium services
30,Other,Chennai,Vivo,iOS,9.1,44.5,25.3,79,4.9,5359,1.6,1.7,1700,Education,2,7059,Young High Spender,Upsell premium services
20,Male,Kolkata,Motorola,Android,10.7,27.2,84.3,135,4.3,7987,2.4,4.5,157,Gaming,2,8144,Young High Spender,Upsell premium services
17,Male,Pune,Realme,iOS,6.8,41.1,135.1,147,4.6,9158,4.6,4.0,200,Education,2,9358,Young High Spender,Upsell premium services
54,Male,Pune,Motorola,iOS,3.8,22.6,279.3,135,5.4,7403,5.7,4.0,1499,Gaming,2,8902,Young High Spender,Upsell premium services
19,Other,Pune,Google Pixel,iOS,10.8,16.1,101.3,193,5.0,7286,3.7,3.6,1283,Gaming,2,8569,Young High Spender,Upsell premium services
51,Male,Ahmedabad,OnePlus,Android,10.4,29.2,109.2,37,4.6,7289,5.0,1.5,442,Social Media,2,7731,Young High Spender,Upsell premium services
42,Other,Chennai,Motorola,iOS,10.2,39.0,292.2,37,4.4,8540,2.9,0.9,1889,Education,2,10429,Young High Spender,Upsell premium services
16,Male,Kolkata,Xiaomi,Android,5.8,25.0,62.5,135,4.2,6910,0.9,2.2,1667,Education,2,8577,Young High Spender,Upsell premium services
34,Other,Hyderabad,Realme,iOS,7.4,33.9,153.5,188,5.1,4289,7.1,4.7,429,Social Media,2,4718,Young High Spender,Upsell premium services
39,Other,Jaipur,Google Pixel,Android,11.1,4.0,93.1,27,4.8,8454,3.5,3.6,520,Entertainment,2,8974,Young High Spender,Upsell premium services
34,Male,Jaipur,Apple,Android,8.1,39.5,223.8,192,5.6,6784,2.7,4.2,230,Gaming,2,7014,Young High Spender,Upsell premium services
50,Other,Kolkata,Google Pixel,Android,5.9,14.8,19.8,176,5.6,6629,6.5,3.4,431,Education,2,7060,Young High Spender,Upsell premium services
24,Male,Mumbai,Xiaomi,iOS,9.4,43.5,115.8,138,5.3,8555,3.1,0.4,950,Entertainment,2,9505,Young High Spender,Upsell premium services
27,Other,Lucknow,Xiaomi,Android,1.9,21.5,196.2,107,3.3,9604,5.4,2.4,218,Education,2,9822,Young High Spender,Upsell premium services
49,Male,Delhi,Oppo,Android,4.1,28.6,255.2,72,5.9,5899,7.9,4.9,1777,Education,2,7676,Young High Spender,Upsell premium services
33,Other,Mumbai,Vivo,Android,12.0,16.6,191.8,153,5.2,5157,0.9,0.4,1862,Education,2,7019,Young High Spender,Upsell premium services
33,Female,Pune,Realme,Android,2.9,43.1,68.1,34,5.5,7923,4.5,1.6,921,Education,2,8844,Young High Spender,Upsell premium services
27,Male,Chennai,Google Pixel,iOS,10.3,19.7,133.9,31,5.2,9806,2.1,2.1,156,Education,2,9962,Young High Spender,Upsell premium services
23,Female,Bangalore,OnePlus,iOS,9.8,11.1,84.0,131,4.5,5731,6.6,3.8,1243,Social Media,2,6974,Young High Spender,Upsell premium services
18,Male,Chennai,Google Pixel,iOS,7.0,31.3,134.6,113,5.2,7720,7.8,1.2,1201,Work,2,8921,Young High Spender,Upsell premium services
25,Male,Jaipur,Xiaomi,iOS,5.9,9.8,94.9,127,4.6,5577,5.6,2.3,1944,Social Media,2,7521,Young High Spender,Upsell premium services
46,Male,Delhi,Samsung,iOS,5.8,47.5,262.8,43,5.3,7699,1.3,4.3,1366,Work,2,9065,Young High Spender,Upsell premium services
58,Female,Pune,Xiaomi,Android,8.1,2.3,62.4,184,5.7,7745,1.2,2.7,1691,Work,2,9436,Young High Spender,Upsell premium services
33,Other,Chennai,Samsung,iOS,1.9,6.1,36.0,16,5.2,4771,1.8,1.6,598,Work,2,5369,Young High Spender,Upsell premium services
34,Male,Hyderabad,Xiaomi,Android,3.1,14.8,100.9,144,5.2,5624,3.6,2.4,1414,Work,2,7038,Young High Spender,Upsell premium services
39,Male,Pune,Nokia,Android,10.8,26.9,104.6,69,5.0,5152,5.2,0.4,319,Education,2,5471,Young High Spender,Upsell premium services
42,Female,Chennai,Xiaomi,iOS,6.2,7.4,34.8,47,3.8,9916,5.7,0.9,406,Work,2,10322,Young High Spender,Upsell premium services
34,Female,Pune,OnePlus,iOS,2.2,28.6,172.7,131,4.1,8662,6.5,3.6,1644,Education,2,10306,Young High Spender,Upsell premium services
27,Male,Mumbai,OnePlus,Android,3.7,44.3,143.9,90,4.8,9129,6.5,4.0,1245,Education,2,10374,Young High Spender,Upsell premium services
27,Male,Jaipur,Google Pixel,Android,7.1,27.8,103.0,23,4.2,8474,4.1,2.5,1278,Social Media,2,9752,Young High Spender,Upsell premium services
30,Other,Mumbai,Motorola,Android,3.8,12.5,99.5,109,5.6,6204,3.0,0.3,1198,Education,2,7402,Young High Spender,Upsell premium services
52,Female,Pune,Google Pixel,iOS,10.7,17.4,151.5,14,4.7,8501,3.7,4.1,1439,Social Media,2,9940,Young High Spender,Upsell premium services
41,Other,Mumbai,Oppo,Android,5.0,32.5,215.8,131,3.6,6470,6.3,0.7,774,Social Media,2,7244,Young High Spender,Upsell premium services
36,Male,Kolkata,Nokia,Android,8.1,39.6,102.0,14,5.1,9471,2.2,4.2,482,Social Media,2,9953,Young High Spender,Upsell premium services
22,Other,Lucknow,OnePlus,Android,3.9,6.4,269.1,106,4.7,6596,0.9,3.4,1226,Social Media,2,7822,Young High Spender,Upsell premium services
17,Female,Jaipur,Realme,iOS,1.9,42.3,297.7,126,5.7,8351,2.0,0.5,1397,Gaming,2,9748,Young High Spender,Upsell premium services
26,Other,Pune,Vivo,iOS,11.6,36.2,192.7,106,5.2,4510,4.8,1.9,558,Social Media,2,5068,Young High Spender,Upsell premium services
53,Other,Jaipur,Apple,Android,7.9,13.2,14.4,52,6.0,6779,2.3,1.1,1814,Social Media,2,8593,Young High Spender,Upsell premium services
47,Female,Ahmedabad,Google Pixel,Android,10.7,10.3,231.6,113,5.6,5699,3.2,2.5,1598,Entertainment,2,7297,Young High Spender,Upsell premium services
27,Other,Jaipur,Oppo,iOS,10.1,48.8,75.1,74,3.6,6596,5.1,2.0,349,Education,2,6945,Young High Spender,Upsell premium services
31,Other,Bangalore,Google Pixel,Android,2.3,45.1,111.5,137,5.5,8632,4.4,4.5,1507,Education,2,10139,Young High Spender,Upsell premium services
59,Male,Kolkata,Motorola,Android,4.9,24.1,236.4,190,5.8,6529,7.6,1.1,1492,Work,2,8021,Young High Spender,Upsell premium services
41,Female,Mumbai,Samsung,Android,5.4,11.1,293.4,122,4.8,4656,0.6,3.4,1231,Entertainment,2,5887,Young High Spender,Upsell premium services
41,Male,Pune,Apple,Android,9.0,12.0,27.5,50,3.8,5290,3.0,0.0,156,Gaming,2,5446,Young High Spender,Upsell premium services
34,Female,Kolkata,Motorola,Android,10.9,47.1,164.9,61,5.1,9085,3.8,1.0,1590,Entertainment,2,10675,Young High Spender,Upsell premium services
40,Female,Delhi,Google Pixel,iOS,9.8,28.8,170.6,128,3.7,9020,2.6,0.4,681,Education,2,9701,Young High Spender,Upsell premium services
40,Other,Mumbai,Google Pixel,iOS,10.2,25.6,110.9,150,5.3,9118,5.3,1.8,1813,Social Media,2,10931,Young High Spender,Upsell premium services
25,Male,Delhi,Realme,Android,1.6,47.4,14.4,192,3.3,9179,4.7,1.2,1908,Work,2,11087,Young High Spender,Upsell premium services
16,Other,Chennai,OnePlus,iOS,9.6,38.2,137.6,158,3.6,7243,0.9,0.7,158,Work,2,7401,Young High Spender,Upsell premium services
48,Other,Ahmedabad,Xiaomi,Android,9.7,11.7,174.7,151,4.5,9755,2.2,2.9,375,Education,2,10130,Young High Spender,Upsell premium services
27,Other,Kolkata,Apple,Android,5.2,21.6,211.9,134,5.5,8286,4.4,3.3,528,Social Media,2,8814,Young High Spender,Upsell premium services
22,Female,Mumbai,Motorola,Android,8.6,22.4,40.2,21,4.4,5249,0.9,0.6,649,Education,2,5898,Young High Spender,Upsell premium services
37,Male,Lucknow,Nokia,Android,10.3,43.8,34.2,87,4.0,7333,6.2,2.4,1096,Education,2,8429,Young High Spender,Upsell premium services
41,Other,Jaipur,Oppo,Android,3.2,18.0,33.5,15,5.9,9765,6.4,2.3,319,Entertainment,2,10084,Young High Spender,Upsell premium services
44,Male,Delhi,OnePlus,iOS,3.3,13.4,172.5,145,4.6,5174,2.1,4.4,1895,Work,2,7069,Young High Spender,Upsell premium services
15,Female,Bangalore,Google Pixel,Android,3.5,49.2,234.8,104,4.4,7373,0.9,3.1,1939,Gaming,2,9312,Young High Spender,Upsell premium services
33,Female,Pune,OnePlus,Android,10.6,28.0,52.6,91,5.1,8203,3.8,4.7,1778,Gaming,2,9981,Young High Spender,Upsell premium services
43,Male,Mumbai,Realme,iOS,5.6,45.4,176.1,196,5.3,9976,4.9,4.8,1765,Gaming,2,11741,Young High Spender,Upsell premium services
26,Male,Pune,OnePlus,Android,5.6,42.0,229.9,194,5.1,5339,3.1,0.5,1863,Work,2,7202,Young High Spender,Upsell premium services
16,Other,Jaipur,Xiaomi,iOS,9.2,2.6,251.7,184,4.2,8775,4.1,1.0,1708,Education,2,10483,Young High Spender,Upsell premium services
60,Other,Bangalore,Vivo,iOS,1.5,36.5,99.7,149,5.6,9854,0.9,1.5,1907,Gaming,2,11761,Young High Spender,Upsell premium services
28,Male,Delhi,Vivo,Android,1.0,9.6,73.6,82,4.7,4812,2.2,1.3,386,Education,2,5198,Young High Spender,Upsell premium services
32,Male,Pune,Oppo,Android,9.1,43.3,113.3,177,3.7,7267,4.5,1.4,1172,Gaming,2,8439,Young High Spender,Upsell premium services
37,Male,Bangalore,OnePlus,Android,1.4,8.5,247.0,69,5.8,6790,1.7,2.2,400,Social Media,2,7190,Young High Spender,Upsell premium services
41,Female,Lucknow,Motorola,Android,1.7,44.1,202.3,162,3.5,5649,5.1,4.8,914,Education,2,6563,Young High Spender,Upsell premium services
53,Other,Kolkata,Samsung,iOS,10.5,5.0,135.7,14,5.8,7592,2.2,0.9,1858,Work,2,9450,Young High Spender,Upsell premium services
25,Male,Lucknow,Motorola,iOS,9.9,44.1,41.7,119,4.0,5111,2.0,4.7,1337,Social Media,2,6448,Young High Spender,Upsell premium services
33,Other,Pune,Realme,iOS,4.4,41.9,153.8,15,3.3,7214,7.2,3.9,1670,Entertainment,2,8884,Young High Spender,Upsell premium services
28,Female,Ahmedabad,Xiaomi,iOS,10.2,2.1,44.5,65,5.9,9727,6.7,0.0,899,Gaming,2,10626,Young High Spender,Upsell premium services
31,Female,Pune,Oppo,Android,6.0,43.3,214.7,58,3.6,5985,3.3,4.9,668,Work,2,6653,Young High Spender,Upsell premium services
30,Other,Jaipur,Apple,Android,3.4,31.1,91.9,158,4.6,7398,2.0,0.4,297,Work,2,7695,Young High Spender,Upsell premium services
57,Other,Ahmedabad,Google Pixel,Android,8.0,9.4,79.3,53,4.6,7930,2.0,4.2,735,Entertainment,2,8665,Young High Spender,Upsell premium services
16,Female,Mumbai,Realme,Android,9.6,10.4,213.1,133,5.3,6519,2.5,3.6,1650,Work,2,8169,Young High Spender,Upsell premium services
22,Other,Lucknow,Vivo,Android,10.8,39.7,69.1,14,4.4,9176,3.5,1.0,513,Social Media,2,9689,Young High Spender,Upsell premium services
20,Other,Hyderabad,OnePlus,iOS,3.8,40.9,176.2,127,5.9,4334,7.6,2.4,1019,Education,2,5353,Young High Spender,Upsell premium services
21,Female,Bangalore,OnePlus,Android,3.4,34.7,17.7,170,3.3,7677,5.6,3.1,462,Social Media,2,8139,Young High Spender,Upsell premium services
34,Male,Bangalore,Apple,Android,8.2,28.3,111.6,25,4.7,3625,6.4,4.1,354,Education,2,3979,Young High Spender,Upsell premium services
47,Male,Kolkata,OnePlus,Android,2.5,46.8,204.6,16,5.2,7173,5.6,2.6,1992,Social Media,2,9165,Young High Spender,Upsell premium services
34,Other,Lucknow,Vivo,iOS,11.7,11.2,162.9,144,4.1,9004,3.1,2.0,775,Gaming,2,9779,Young High Spender,Upsell premium services
39,Male,Hyderabad,Google Pixel,iOS,11.4,19.5,16.9,199,5.8,6030,3.3,3.9,929,Social Media,2,6959,Young High Spender,Upsell premium services
56,Female,Bangalore,Xiaomi,iOS,1.3,47.4,148.9,62,5.2,7765,2.3,4.5,168,Entertainment,2,7933,Young High Spender,Upsell premium services
49,Female,Delhi,Realme,iOS,6.1,21.8,139.4,117,5.9,6697,7.9,0.8,1039,Gaming,2,7736,Young High Spender,Upsell premium services
35,Other,Delhi,Oppo,Android,9.8,27.7,215.8,81,4.1,8847,4.1,3.4,1212,Entertainment,2,10059,Young High Spender,Upsell premium services
33,Other,Kolkata,OnePlus,Android,5.7,22.4,212.3,94,5.7,8746,4.8,1.1,1615,Gaming,2,10361,Young High Spender,Upsell premium services
54,Female,Pune,Realme,iOS,12.0,24.4,152.8,131,5.1,8793,1.2,2.4,232,Work,2,9025,Young High Spender,Upsell premium services
49,Male,Chennai,Nokia,iOS,9.4,34.9,60.9,99,5.1,8277,2.7,4.9,1083,Education,2,9360,Young High Spender,Upsell premium services
42,Male,Ahmedabad,Google Pixel,iOS,2.7,26.2,189.4,71,4.7,9331,4.0,1.2,1789,Social Media,2,11120,Young High Spender,Upsell premium services
38,Other,Jaipur,Google Pixel,iOS,5.7,37.6,249.5,99,4.1,7038,6.4,0.8,1434,Work,2,8472,Young High Spender,Upsell premium services
29,Other,Delhi,Nokia,iOS,3.4,8.2,181.0,152,3.1,8241,6.1,3.4,1532,Education,2,9773,Young High Spender,Upsell premium services
52,Male,Jaipur,Xiaomi,Android,8.5,25.1,271.5,66,5.0,7935,5.4,1.2,1100,Entertainment,2,9035,Young High Spender,Upsell premium services
22,Male,Jaipur,Apple,Android,10.9,20.3,98.8,185,5.6,9878,7.6,0.1,1085,Education,2,10963,Young High Spender,Upsell premium services
24,Male,Pune,Realme,iOS,6.5,15.9,122.6,129,3.1,6957,3.4,3.4,816,Social Media,2,7773,Young High Spender,Upsell premium services
35,Male,Jaipur,Vivo,Android,11.9,19.8,29.6,167,5.2,7084,5.7,2.7,1903,Work,2,8987,Young High Spender,Upsell premium services
32,Other,Ahmedabad,Samsung,Android,11.1,16.8,104.7,17,3.5,5991,6.4,4.4,604,Gaming,2,6595,Young High Spender,Upsell premium services
54,Other,Hyderabad,Nokia,iOS,6.7,41.7,279.4,76,4.0,7939,2.2,0.4,440,Work,2,8379,Young High Spender,Upsell premium services
15,Other,Hyderabad,Xiaomi,iOS,7.8,28.8,263.0,93,4.9,7846,6.4,1.9,1907,Education,2,9753,Young High Spender,Upsell premium services
34,Other,Chennai,Xiaomi,iOS,8.0,1.4,25.9,180,3.5,5327,1.8,0.3,1673,Social Media,2,7000,Young High Spender,Upsell premium services
48,Male,Pune,Nokia,Android,5.7,5.2,38.2,52,5.2,8495,7.2,0.2,794,Gaming,2,9289,Young High Spender,Upsell premium services
49,Other,Ahmedabad,Motorola,iOS,9.3,32.8,112.0,122,5.8,6461,2.5,4.2,1801,Gaming,2,8262,Young High Spender,Upsell premium services
34,Female,Hyderabad,Nokia,iOS,11.5,19.9,26.2,113,3.7,8177,7.4,3.0,651,Education,2,8828,Young High Spender,Upsell premium services
37,Female,Pune,Oppo,iOS,2.6,6.1,137.2,133,4.9,6464,0.5,0.7,1464,Work,2,7928,Young High Spender,Upsell premium services
40,Female,Mumbai,Nokia,iOS,4.4,15.7,77.1,84,3.8,8013,4.3,3.7,1463,Social Media,2,9476,Young High Spender,Upsell premium services
46,Female,Kolkata,Google Pixel,Android,3.6,33.0,170.8,110,5.7,4576,5.3,2.4,1259,Social Media,2,5835,Young High Spender,Upsell premium services
42,Male,Ahmedabad,OnePlus,iOS,3.7,16.5,191.0,176,5.5,8878,2.4,3.8,1524,Education,2,10402,Young High Spender,Upsell premium services
29,Female,Bangalore,Vivo,iOS,1.8,28.3,270.9,92,4.5,8969,4.8,3.6,1935,Work,2,10904,Young High Spender,Upsell premium services
38,Male,Kolkata,Apple,Android,11.7,11.5,25.0,18,5.1,4912,2.4,1.0,879,Education,2,5791,Young High Spender,Upsell premium services
16,Female,Ahmedabad,Realme,Android,9.3,2.4,147.1,10,4.3,6837,4.9,1.2,853,Social Media,2,7690,Young High Spender,Upsell premium services
30,Female,Delhi,Realme,Android,1.6,3.6,204.6,155,5.2,9481,7.7,2.5,120,Education,2,9601,Young High Spender,Upsell premium services
38,Female,Delhi,Vivo,iOS,3.4,16.3,202.2,29,3.6,9087,5.3,2.8,1092,Social Media,2,10179,Young High Spender,Upsell premium services
26,Male,Jaipur,Vivo,Android,2.8,7.1,49.3,192,4.6,8799,1.1,3.6,1876,Education,2,10675,Young High Spender,Upsell premium services
33,Other,Jaipur,Nokia,iOS,8.9,16.3,31.2,111,3.9,9373,1.7,3.2,1112,Education,2,10485,Young High Spender,Upsell premium services
15,Male,Ahmedabad,Nokia,Android,8.8,21.5,49.5,42,5.2,9149,3.4,1.7,1746,Education,2,10895,Young High Spender,Upsell premium services
56,Male,Lucknow,Xiaomi,Android,4.4,28.0,70.1,52,5.9,8986,4.2,1.0,175,Social Media,2,9161,Young High Spender,Upsell premium services
52,Female,Hyderabad,Nokia,Android,1.5,1.4,13.4,101,4.9,6700,4.9,3.1,1272,Work,2,7972,Young High Spender,Upsell premium services
44,Female,Pune,Oppo,Android,4.6,41.2,75.7,132,3.9,9559,4.5,0.0,638,Work,2,10197,Young High Spender,Upsell premium services
24,Male,Mumbai,OnePlus,Android,1.2,6.3,99.2,100,4.0,8953,6.3,2.2,952,Gaming,2,9905,Young High Spender,Upsell premium services
39,Other,Delhi,Apple,iOS,9.0,20.4,203.3,28,5.7,4489,1.4,3.7,1472,Entertainment,2,5961,Young High Spender,Upsell premium services
49,Other,Hyderabad,Xiaomi,Android,10.4,40.0,136.3,136,5.4,9329,7.2,0.8,1600,Social Media,2,10929,Young High Spender,Upsell premium services
39,Other,Pune,Xiaomi,iOS,9.1,44.0,164.6,140,6.0,6519,3.0,3.6,924,Work,2,7443,Young High Spender,Upsell premium services
54,Male,Lucknow,Vivo,Android,2.0,2.9,39.5,15,5.5,8239,4.2,3.7,540,Work,2,8779,Young High Spender,Upsell premium services
32,Male,Pune,Xiaomi,iOS,2.5,2.7,276.2,173,5.4,6522,5.1,3.0,1645,Education,2,8167,Young High Spender,Upsell premium services
44,Male,Hyderabad,Oppo,Android,7.0,20.9,182.2,91,5.5,5200,1.8,2.0,156,Social Media,2,5356,Young High Spender,Upsell premium services
42,Male,Kolkata,Xiaomi,iOS,10.1,26.2,27.9,65,4.1,8361,3.2,0.3,1298,Gaming,2,9659,Young High Spender,Upsell premium services
52,Male,Pune,Apple,iOS,8.9,8.2,174.8,182,5.0,7643,5.3,1.7,1383,Social Media,2,9026,Young High Spender,Upsell premium services
15,Female,Kolkata,Oppo,Android,7.8,35.9,171.6,190,3.4,7810,1.7,0.6,942,Social Media,2,8752,Young High Spender,Upsell premium services
24,Female,Chennai,Oppo,Android,1.4,19.3,72.9,44,5.0,6024,1.0,1.6,1275,Gaming,2,7299,Young High Spender,Upsell premium services
19,Other,Chennai,Nokia,Android,1.1,12.5,228.0,23,5.1,5202,2.4,2.1,1295,Entertainment,2,6497,Young High Spender,Upsell premium services
50,Female,Kolkata,OnePlus,Android,4.0,1.3,172.3,35,3.8,6810,3.4,1.8,702,Work,2,7512,Young High Spender,Upsell premium services
54,Other,Mumbai,Vivo,iOS,3.1,27.6,40.2,35,5.6,7635,3.0,3.3,1153,Work,2,8788,Young High Spender,Upsell premium services
47,Male,Bangalore,Realme,iOS,11.4,40.6,227.9,79,5.7,9968,6.6,1.4,757,Social Media,2,10725,Young High Spender,Upsell premium services
41,Female,Pune,Samsung,Android,6.6,22.0,160.4,173,5.6,8154,1.6,3.3,1672,Work,2,9826,Young High Spender,Upsell premium services
16,Female,Hyderabad,Samsung,Android,2.4,31.6,14.2,31,3.1,8411,4.1,3.2,1740,Work,2,10151,Young High Spender,Upsell premium services
38,Female,Lucknow,Realme,Android,9.0,12.0,124.2,129,4.8,7434,5.9,0.3,383,Education,2,7817,Young High Spender,Upsell premium services
35,Female,Chennai,Motorola,Android,6.2,25.6,83.2,151,5.8,3802,3.4,3.5,1849,Gaming,2,5651,Young High Spender,Upsell premium services
19,Female,Delhi,Oppo,iOS,7.6,10.2,171.4,128,4.9,8363,4.9,4.6,1500,Work,2,9863,Young High Spender,Upsell premium services
46,Female,Delhi,Google Pixel,Android,9.7,39.3,123.1,140,4.8,6000,0.8,2.9,411,Education,2,6411,Young High Spender,Upsell premium services
20,Other,Ahmedabad,Nokia,iOS,5.5,42.4,66.9,91,5.0,7604,3.3,3.7,312,Work,2,7916,Young High Spender,Upsell premium services
56,Female,Lucknow,Oppo,iOS,11.5,22.8,220.7,76,5.2,8280,4.4,0.7,1482,Work,2,9762,Young High Spender,Upsell premium services
18,Female,Delhi,Nokia,iOS,11.6,40.9,214.2,172,2.8,9573,4.2,1.5,1559,Work,2,11132,Young High Spender,Upsell premium services
23,Other,Chennai,Nokia,iOS,2.5,4.8,257.3,44,3.0,8111,7.2,4.5,1519,Entertainment,2,9630,Young High Spender,Upsell premium services
32,Male,Ahmedabad,Samsung,iOS,9.6,6.8,179.3,177,5.6,5289,3.4,1.5,204,Social Media,2,5493,Young High Spender,Upsell premium services
30,Female,Bangalore,Vivo,iOS,8.0,11.4,104.9,82,5.4,8276,7.1,4.2,1865,Gaming,2,10141,Young High Spender,Upsell premium services
28,Other,Pune,Xiaomi,iOS,4.3,1.6,45.6,117,4.6,4981,6.5,2.5,685,Social Media,2,5666,Young High Spender,Upsell premium services
34,Male,Bangalore,Google Pixel,iOS,10.7,3.2,206.5,135,5.4,5675,7.8,1.3,1725,Education,2,7400,Young High Spender,Upsell premium services
42,Other,Ahmedabad,Xiaomi,iOS,5.5,44.7,285.6,148,3.7,9939,3.8,4.5,1063,Work,2,11002,Young High Spender,Upsell premium services
41,Other,Chennai,Vivo,iOS,11.4,32.8,22.0,23,4.8,5492,6.0,1.1,1802,Entertainment,2,7294,Young High Spender,Upsell premium services
44,Female,Hyderabad,OnePlus,iOS,11.8,31.9,210.6,91,5.9,9348,1.7,3.7,713,Social Media,2,10061,Young High Spender,Upsell premium services
23,Female,Hyderabad,Motorola,iOS,4.3,13.6,52.9,137,6.0,9935,1.7,2.0,1272,Entertainment,2,11207,Young High Spender,Upsell premium services
31,Female,Bangalore,Google Pixel,Android,2.7,8.0,155.0,15,5.8,3071,4.5,3.9,1366,Work,2,4437,Young High Spender,Upsell premium services
43,Male,Kolkata,Google Pixel,iOS,10.2,34.4,285.2,12,5.2,8885,5.5,2.1,148,Entertainment,2,9033,Young High Spender,Upsell premium services
27,Other,Pune,Samsung,iOS,8.6,6.7,104.8,39,4.9,8418,7.1,0.7,920,Education,2,9338,Young High Spender,Upsell premium services
34,Other,Chennai,Motorola,iOS,5.2,7.1,127.4,158,4.2,5237,3.1,3.2,842,Gaming,2,6079,Young High Spender,Upsell premium services
27,Female,Mumbai,Vivo,iOS,4.7,17.4,187.8,90,4.2,7365,4.4,2.7,1106,Entertainment,2,8471,Young High Spender,Upsell premium services
38,Other,Delhi,OnePlus,iOS,4.0,41.0,196.1,51,5.3,7199,6.0,3.5,940,Social Media,2,8139,Young High Spender,Upsell premium services
41,Female,Lucknow,Vivo,Android,9.4,31.1,294.1,125,6.0,6761,3.8,1.2,775,Social Media,2,7536,Young High Spender,Upsell premium services
33,Female,Delhi,Samsung,iOS,11.6,30.2,5.9,155,5.8,7902,6.9,1.1,103,Education,2,8005,Young High Spender,Upsell premium services
43,Male,Jaipur,Realme,iOS,2.5,6.5,224.5,143,6.0,4059,6.2,3.6,1374,Gaming,2,5433,Young High Spender,Upsell premium services
26,Male,Ahmedabad,Xiaomi,Android,2.3,18.2,76.9,54,4.2,9855,5.7,2.2,226,Social Media,2,10081,Young High Spender,Upsell premium services
58,Female,Hyderabad,OnePlus,Android,3.3,44.1,35.7,39,3.6,9234,1.3,3.6,1983,Gaming,2,11217,Young High Spender,Upsell premium services
47,Female,Mumbai,Motorola,iOS,2.9,22.4,249.7,128,4.0,6593,1.1,3.2,233,Work,2,6826,Young High Spender,Upsell premium services
42,Male,Mumbai,Nokia,iOS,9.5,46.8,216.9,12,5.3,9678,7.9,4.0,713,Education,2,10391,Young High Spender,Upsell premium services
30,Male,Ahmedabad,Samsung,Android,8.0,14.2,60.4,24,3.9,8471,5.8,4.9,938,Entertainment,2,9409,Young High Spender,Upsell premium services
27,Female,Pune,Samsung,iOS,9.1,47.1,183.7,69,5.7,6344,1.4,1.0,1484,Gaming,2,7828,Young High Spender,Upsell premium services
36,Male,Bangalore,Apple,Android,7.4,17.9,181.2,19,4.5,8812,7.8,4.3,808,Work,2,9620,Young High Spender,Upsell premium services
25,Other,Chennai,Motorola,Android,1.3,32.3,121.6,130,5.5,5660,5.5,2.5,1745,Education,2,7405,Young High Spender,Upsell premium services
38,Male,Delhi,Nokia,iOS,9.3,1.6,216.4,102,4.0,6881,6.8,1.5,1697,Gaming,2,8578,Young High Spender,Upsell premium services
43,Other,Mumbai,Google Pixel,Android,6.3,21.9,51.2,162,3.6,6745,1.3,0.3,1463,Entertainment,2,8208,Young High Spender,Upsell premium services
39,Other,Delhi,Xiaomi,Android,12.0,31.3,291.4,108,5.1,6303,5.4,3.5,200,Social Media,2,6503,Young High Spender,Upsell premium services
35,Other,Lucknow,Motorola,iOS,10.4,19.0,181.8,168,3.8,8899,4.0,2.0,1944,Work,2,10843,Young High Spender,Upsell premium services
43,Male,Bangalore,Realme,Android,5.8,19.6,214.1,197,4.2,9594,1.6,1.9,1847,Education,2,11441,Young High Spender,Upsell premium services
40,Female,Delhi,Motorola,iOS,9.0,9.6,163.2,68,4.6,9773,6.2,4.3,1078,Entertainment,2,10851,Young High Spender,Upsell premium services
44,Female,Chennai,Apple,iOS,11.3,12.3,102.5,190,4.6,9252,3.8,3.7,889,Education,2,10141,Young High Spender,Upsell premium services
22,Female,Mumbai,Nokia,Android,11.0,34.4,183.7,196,4.8,6299,0.9,3.5,153,Gaming,2,6452,Young High Spender,Upsell premium services
44,Female,Bangalore,Motorola,iOS,4.3,28.5,174.6,66,3.6,8833,5.1,2.6,437,Social Media,2,9270,Young High Spender,Upsell premium services
33,Male,Chennai,Motorola,Android,4.3,37.3,215.9,199,5.1,6324,0.7,1.4,1989,Entertainment,2,8313,Young High Spender,Upsell premium services
46,Female,Lucknow,Nokia,Android,6.3,32.7,122.2,135,3.9,9425,4.4,0.7,1946,Work,2,11371,Young High Spender,Upsell premium services
45,Female,Ahmedabad,OnePlus,Android,2.9,7.7,172.6,46,4.7,7329,6.2,2.9,388,Entertainment,2,7717,Young High Spender,Upsell premium services
17,Other,Chennai,Google Pixel,iOS,3.1,21.8,23.0,26,4.6,5251,6.4,0.0,1863,Gaming,2,7114,Young High Spender,Upsell premium services
34,Male,Ahmedabad,Apple,Android,4.5,11.7,182.0,84,5.3,9349,4.5,1.3,945,Work,2,10294,Young High Spender,Upsell premium services
60,Female,Ahmedabad,Vivo,iOS,9.3,45.7,151.4,24,5.9,9006,3.0,1.3,1252,Social Media,2,10258,Young High Spender,Upsell premium services
26,Other,Hyderabad,Oppo,iOS,10.8,10.3,119.7,43,4.2,7576,1.4,4.5,788,Work,2,8364,Young High Spender,Upsell premium services
34,Other,Delhi,Google Pixel,Android,11.4,5.5,142.6,44,5.0,9559,4.3,0.1,1130,Education,2,10689,Young High Spender,Upsell premium services
38,Female,Pune,Nokia,iOS,1.8,10.8,73.2,183,5.9,7445,6.5,0.9,697,Social Media,2,8142,Young High Spender,Upsell premium services
32,Other,Delhi,Xiaomi,iOS,10.2,40.7,80.5,80,4.8,8619,3.8,1.6,238,Entertainment,2,8857,Young High Spender,Upsell premium services
32,Other,Delhi,Xiaomi,iOS,4.6,6.0,68.4,115,5.7,4258,0.5,1.4,1997,Social Media,2,6255,Young High Spender,Upsell premium services
23,Other,Ahmedabad,Google Pixel,Android,11.5,34.9,55.3,197,5.6,9939,7.1,4.9,366,Entertainment,2,10305,Young High Spender,Upsell premium services
25,Male,Jaipur,Samsung,iOS,11.3,16.2,179.5,83,4.6,8454,8.0,0.5,498,Gaming,2,8952,Young High Spender,Upsell premium services
38,Female,Bangalore,Vivo,iOS,8.6,17.3,165.4,143,4.2,5962,5.6,4.5,163,Social Media,2,6125,Young High Spender,Upsell premium services
32,Male,Lucknow,Google Pixel,Android,7.5,26.2,81.9,76,5.6,3067,6.3,4.0,1924,Education,2,4991,Young High Spender,Upsell premium services
16,Female,Jaipur,Google Pixel,iOS,2.4,8.7,82.8,123,4.4,6056,2.3,3.6,1067,Education,2,7123,Young High Spender,Upsell premium services
52,Male,Jaipur,Vivo,Android,7.4,39.6,13.2,122,5.7,8030,7.3,4.3,1948,Work,2,9978,Young High Spender,Upsell premium services
36,Female,Kolkata,Realme,iOS,8.5,31.1,104.2,49,3.4,7907,6.8,2.5,1577,Social Media,2,9484,Young High Spender,Upsell premium services
54,Female,Pune,Motorola,iOS,2.5,33.6,38.5,140,3.8,8616,3.9,2.3,1635,Entertainment,2,10251,Young High Spender,Upsell premium services
56,Other,Jaipur,Xiaomi,iOS,11.5,27.0,149.2,59,4.6,7552,6.1,2.2,753,Social Media,2,8305,Young High Spender,Upsell premium services
41,Female,Kolkata,Realme,iOS,6.8,5.2,258.4,165,5.5,7342,7.5,0.0,843,Gaming,2,8185,Young High Spender,Upsell premium services
15,Male,Chennai,Samsung,iOS,11.9,42.1,13.5,12,5.0,7872,6.9,3.3,1561,Gaming,2,9433,Young High Spender,Upsell premium services
21,Male,Hyderabad,Xiaomi,iOS,9.7,4.0,123.3,90,3.5,9571,3.7,0.3,1251,Gaming,2,10822,Young High Spender,Upsell premium services
19,Female,Pune,Motorola,Android,1.8,21.1,21.2,117,3.8,8584,1.9,2.4,1142,Gaming,2,9726,Young High Spender,Upsell premium services
18,Female,Chennai,Motorola,iOS,7.2,36.7,294.7,165,3.8,8566,1.5,0.5,159,Work,2,8725,Young High Spender,Upsell premium services
31,Female,Pune,Motorola,Android,11.4,47.5,163.4,115,4.8,9286,5.8,0.3,549,Gaming,2,9835,Young High Spender,Upsell premium services
34,Other,Kolkata,Nokia,Android,10.2,11.6,67.2,166,5.8,7768,1.7,4.2,660,Gaming,2,8428,Young High Spender,Upsell premium services
33,Female,Jaipur,OnePlus,Android,2.8,19.1,297.0,59,5.0,4422,5.1,3.9,609,Gaming,2,5031,Young High Spender,Upsell premium services
32,Male,Chennai,Nokia,Android,10.7,39.9,125.8,180,4.3,5164,6.5,0.2,328,Work,2,5492,Young High Spender,Upsell premium services
37,Female,Bangalore,Xiaomi,iOS,6.4,13.4,23.6,93,4.4,9911,2.1,1.1,1302,Entertainment,2,11213,Young High Spender,Upsell premium services
18,Other,Delhi,Google Pixel,Android,1.5,39.0,22.8,52,3.1,6760,6.3,2.4,329,Education,2,7089,Young High Spender,Upsell premium services
44,Female,Pune,Motorola,Android,11.3,41.2,157.6,84,5.5,4835,0.8,1.3,1632,Social Media,2,6467,Young High Spender,Upsell premium services
37,Other,Bangalore,Motorola,Android,1.3,11.1,144.8,99,4.6,4554,7.9,4.6,1451,Work,2,6005,Young High Spender,Upsell premium services
36,Male,Pune,OnePlus,Android,10.6,43.8,84.4,141,4.5,9035,4.4,4.1,1210,Work,2,10245,Young High Spender,Upsell premium services
57,Other,Delhi,Realme,Android,10.9,27.8,43.3,118,4.4,9220,4.1,2.2,786,Gaming,2,10006,Young High Spender,Upsell premium services
18,Other,Lucknow,Motorola,iOS,3.5,9.5,44.4,131,3.6,6580,6.1,1.6,760,Education,2,7340,Young High Spender,Upsell premium services
50,Male,Pune,Samsung,Android,6.8,45.9,175.9,182,3.8,6828,7.1,0.4,716,Education,2,7544,Young High Spender,Upsell premium services
50,Other,Pune,Google Pixel,Android,2.0,34.2,30.8,53,5.0,8495,7.4,2.8,993,Social Media,2,9488,Young High Spender,Upsell premium services
15,Female,Hyderabad,Realme,iOS,2.5,28.1,272.0,140,5.0,8019,7.3,1.7,151,Education,2,8170,Young High Spender,Upsell premium services
24,Other,Jaipur,Motorola,iOS,6.1,31.0,20.0,140,4.2,7378,7.7,0.8,1260,Work,2,8638,Young High Spender,Upsell premium services
20,Other,Hyderabad,Apple,iOS,9.1,16.1,234.2,30,4.0,8698,4.3,1.7,1393,Social Media,2,10091,Young High Spender,Upsell premium services
47,Male,Bangalore,Google Pixel,Android,11.8,33.5,24.3,55,4.0,6605,3.3,2.8,173,Education,2,6778,Young High Spender,Upsell premium services
39,Female,Hyderabad,Vivo,iOS,11.5,39.7,224.5,71,3.5,7007,2.3,3.7,451,Gaming,2,7458,Young High Spender,Upsell premium services
57,Other,Delhi,Nokia,iOS,7.3,28.2,61.3,140,4.9,9625,0.8,4.1,1265,Education,2,10890,Young High Spender,Upsell premium services
59,Other,Pune,Nokia,iOS,8.2,27.6,254.4,69,4.5,9992,5.4,3.9,1590,Education,2,11582,Young High Spender,Upsell premium services
32,Female,Delhi,Vivo,iOS,2.3,36.3,237.0,177,3.2,8584,5.0,1.6,929,Work,2,9513,Young High Spender,Upsell premium services
52,Other,Bangalore,Nokia,Android,1.2,42.0,56.8,14,4.2,8523,3.3,1.5,1640,Social Media,2,10163,Young High Spender,Upsell premium services
51,Female,Chennai,Realme,Android,11.4,2.1,137.2,186,4.2,8051,5.2,3.5,1631,Social Media,2,9682,Young High Spender,Upsell premium services
50,Male,Kolkata,Nokia,Android,3.6,26.4,151.8,144,4.4,9571,6.7,0.9,157,Entertainment,2,9728,Young High Spender,Upsell premium services
49,Female,Mumbai,Google Pixel,Android,9.3,16.0,226.4,143,4.1,6371,4.2,1.9,1209,Gaming,2,7580,Young High Spender,Upsell premium services
41,Other,Delhi,Samsung,Android,9.0,28.9,292.9,180,5.9,5197,3.7,1.2,615,Social Media,2,5812,Young High Spender,Upsell premium services
30,Male,Lucknow,Apple,iOS,9.6,39.6,10.6,104,4.3,9539,5.8,4.6,390,Work,2,9929,Young High Spender,Upsell premium services
36,Other,Mumbai,Oppo,Android,5.7,4.2,213.4,66,4.9,5793,4.9,4.3,1057,Education,2,6850,Young High Spender,Upsell premium services
33,Male,Bangalore,Samsung,Android,11.9,22.3,236.5,32,5.7,5899,1.4,2.5,142,Social Media,2,6041,Young High Spender,Upsell premium services
24,Male,Hyderabad,Xiaomi,iOS,7.1,40.0,153.0,28,4.6,5829,7.1,4.0,724,Work,2,6553,Young High Spender,Upsell premium services
43,Other,Hyderabad,Apple,iOS,9.9,9.0,248.8,186,5.7,6199,5.6,0.0,1874,Work,2,8073,Young High Spender,Upsell premium services
35,Other,Jaipur,Samsung,iOS,5.4,5.2,124.8,19,4.2,5285,2.8,3.9,514,Entertainment,2,5799,Young High Spender,Upsell premium services
22,Other,Kolkata,Vivo,iOS,8.6,3.5,64.7,177,3.8,5658,5.1,4.7,1042,Social Media,2,6700,Young High Spender,Upsell premium services
23,Other,Jaipur,Google Pixel,iOS,11.5,26.4,198.0,31,4.9,6186,4.5,3.9,1988,Work,2,8174,Young High Spender,Upsell premium services
60,Female,Pune,Nokia,iOS,3.4,23.5,180.8,46,4.6,9870,2.2,4.7,607,Education,2,10477,Young High Spender,Upsell premium services
38,Other,Delhi,Samsung,Android,2.8,20.5,91.1,53,5.4,8987,1.5,2.9,1465,Social Media,2,10452,Young High Spender,Upsell premium services
43,Other,Jaipur,Google Pixel,Android,10.1,9.1,166.6,103,5.7,5741,6.1,4.0,1513,Entertainment,2,7254,Young High Spender,Upsell premium services
40,Male,Bangalore,Google Pixel,Android,4.8,4.6,41.9,34,5.6,9722,3.8,2.1,1031,Education,2,10753,Young High Spender,Upsell premium services
17,Other,Hyderabad,Realme,Android,4.3,5.3,97.6,63,4.2,8374,2.3,2.1,356,Entertainment,2,8730,Young High Spender,Upsell premium services
30,Other,Bangalore,Google Pixel,Android,10.3,37.4,25.0,89,4.9,8190,6.9,3.1,903,Entertainment,2,9093,Young High Spender,Upsell premium services
28,Female,Chennai,Nokia,iOS,5.7,32.4,243.9,146,4.1,6056,2.8,1.3,408,Social Media,2,6464,Young High Spender,Upsell premium services
26,Female,Ahmedabad,Samsung,iOS,7.9,20.9,158.5,51,5.1,8283,5.6,0.4,1712,Gaming,2,9995,Young High Spender,Upsell premium services
48,Female,Jaipur,Google Pixel,iOS,4.4,44.8,23.8,82,4.9,9554,4.4,1.4,1442,Work,2,10996,Young High Spender,Upsell premium services
35,Female,Kolkata,Vivo,iOS,1.6,40.7,273.9,145,4.9,7661,4.2,4.1,961,Entertainment,2,8622,Young High Spender,Upsell premium services
19,Male,Chennai,OnePlus,iOS,2.8,11.1,161.2,181,5.2,7766,5.9,0.2,1795,Entertainment,2,9561,Young High Spender,Upsell premium services
30,Other,Delhi,OnePlus,Android,2.4,42.1,220.0,144,4.8,9353,7.1,2.2,1321,Work,2,10674,Young High Spender,Upsell premium services
27,Other,Kolkata,Apple,iOS,5.3,16.0,10.6,163,5.0,7291,2.6,3.3,139,Work,2,7430,Young High Spender,Upsell premium services
53,Other,Chennai,Apple,iOS,9.6,29.0,56.2,15,5.0,8529,0.6,0.2,276,Work,2,8805,Young High Spender,Upsell premium services
60,Other,Ahmedabad,Google Pixel,iOS,8.8,38.8,230.0,107,4.7,9895,7.3,2.9,1038,Gaming,2,10933,Young High Spender,Upsell premium services
18,Female,Delhi,Oppo,iOS,8.3,32.6,146.8,77,4.4,6106,7.1,4.8,632,Entertainment,2,6738,Young High Spender,Upsell premium services
36,Female,Jaipur,Vivo,Android,4.0,14.0,178.2,69,4.9,9923,5.8,0.7,1233,Education,2,11156,Young High Spender,Upsell premium services
31,Male,Delhi,Realme,Android,1.4,13.9,209.5,134,4.0,8307,0.7,2.5,955,Social Media,2,9262,Young High Spender,Upsell premium services
15,Male,Chennai,Motorola,iOS,5.5,12.9,167.5,103,6.0,7173,7.5,4.2,945,Social Media,2,8118,Young High Spender,Upsell premium services
54,Other,Kolkata,Apple,iOS,11.4,46.6,47.9,46,5.5,6123,2.3,2.1,1432,Work,2,7555,Young High Spender,Upsell premium services
45,Other,Kolkata,Apple,iOS,8.0,20.7,282.4,62,5.6,8233,1.5,3.5,1107,Gaming,2,9340,Young High Spender,Upsell premium services
26,Male,Kolkata,Motorola,Android,5.6,3.4,109.2,114,4.7,9423,5.8,2.6,1902,Entertainment,2,11325,Young High Spender,Upsell premium services
45,Male,Pune,Apple,Android,8.3,39.5,254.4,153,5.3,7019,5.3,2.0,1254,Gaming,2,8273,Young High Spender,Upsell premium services
24,Other,Bangalore,Oppo,Android,9.4,46.8,48.2,89,4.7,8543,0.5,3.8,835,Education,2,9378,Young High Spender,Upsell premium services
47,Other,Bangalore,Motorola,Android,11.8,39.0,210.8,160,4.0,6456,1.0,1.2,108,Education,2,6564,Young High Spender,Upsell premium services
23,Other,Pune,Vivo,iOS,4.5,13.0,163.3,15,5.3,7749,6.2,1.0,1255,Entertainment,2,9004,Young High Spender,Upsell premium services
39,Female,Hyderabad,Xiaomi,Android,7.1,14.0,145.3,117,3.7,7456,0.7,1.1,1212,Work,2,8668,Young High Spender,Upsell premium services
30,Other,Bangalore,Vivo,iOS,4.3,19.3,150.1,144,3.5,5720,7.2,0.4,1746,Education,2,7466,Young High Spender,Upsell premium services
33,Female,Chennai,Xiaomi,Android,6.8,22.7,284.6,56,3.5,7704,3.4,3.6,430,Education,2,8134,Young High Spender,Upsell premium services
48,Female,Jaipur,OnePlus,Android,6.9,16.0,225.8,34,5.8,6206,4.5,2.5,266,Entertainment,2,6472,Young High Spender,Upsell premium services
27,Male,Pune,Apple,iOS,9.3,26.0,143.3,32,3.0,7944,2.9,2.7,165,Work,2,8109,Young High Spender,Upsell premium services
16,Male,Jaipur,Oppo,Android,3.2,34.6,160.9,22,3.3,8570,8.0,3.8,983,Gaming,2,9553,Young High Spender,Upsell premium services
18,Other,Kolkata,Xiaomi,iOS,10.0,31.3,164.8,66,2.9,8080,7.5,2.0,1683,Work,2,9763,Young High Spender,Upsell premium services
53,Female,Ahmedabad,Vivo,Android,7.0,33.6,29.3,100,5.6,9084,3.5,3.9,428,Education,2,9512,Young High Spender,Upsell premium services
28,Other,Bangalore,Oppo,iOS,7.3,29.4,50.8,128,4.8,7246,4.4,2.9,375,Social Media,2,7621,Young High Spender,Upsell premium services
44,Other,Ahmedabad,Realme,iOS,2.4,1.1,175.4,178,4.6,5426,4.1,2.2,982,Social Media,2,6408,Young High Spender,Upsell premium services
46,Other,Delhi,Oppo,Android,10.0,43.5,177.2,176,5.2,9255,7.5,3.5,812,Entertainment,2,10067,Young High Spender,Upsell premium services
35,Female,Bangalore,Apple,Android,9.1,28.2,295.1,116,4.2,8715,5.2,3.9,332,Work,2,9047,Young High Spender,Upsell premium services
27,Other,Delhi,Realme,Android,5.5,35.0,166.1,31,4.2,5498,5.0,0.6,1090,Entertainment,2,6588,Young High Spender,Upsell premium services
29,Female,Hyderabad,Apple,iOS,1.9,42.2,29.7,29,4.8,6222,6.1,4.0,344,Work,2,6566,Young High Spender,Upsell premium services
30,Male,Delhi,Google Pixel,Android,5.9,6.7,81.4,123,4.6,8030,6.1,2.8,1693,Education,2,9723,Young High Spender,Upsell premium services
17,Male,Pune,Samsung,Android,12.0,16.4,223.9,75,5.6,9556,4.0,0.5,1691,Education,2,11247,Young High Spender,Upsell premium services
60,Male,Chennai,Motorola,Android,1.2,25.7,198.2,169,4.4,7914,6.9,0.0,1962,Work,2,9876,Young High Spender,Upsell premium services
43,Female,Jaipur,Samsung,iOS,5.8,46.4,39.4,70,4.5,5560,3.0,3.5,1483,Entertainment,2,7043,Young High Spender,Upsell premium services
21,Other,Lucknow,Apple,iOS,5.9,42.9,216.6,31,4.6,7111,1.6,3.4,638,Entertainment,2,7749,Young High Spender,Upsell premium services
31,Male,Pune,Nokia,Android,4.7,17.5,179.7,49,3.1,8639,0.5,0.9,653,Social Media,2,9292,Young High Spender,Upsell premium services
34,Male,Hyderabad,Google Pixel,Android,5.0,22.2,70.1,56,4.3,8250,6.1,3.2,534,Education,2,8784,Young High Spender,Upsell premium services
47,Female,Lucknow,Xiaomi,iOS,3.1,4.1,64.1,62,4.0,9809,1.4,4.6,1484,Entertainment,2,11293,Young High Spender,Upsell premium services
57,Female,Kolkata,Google Pixel,iOS,7.4,44.0,271.7,101,5.0,9587,2.5,4.0,460,Social Media,2,10047,Young High Spender,Upsell premium services
39,Male,Lucknow,Xiaomi,Android,2.7,49.3,141.8,74,5.4,5684,6.6,3.1,562,Social Media,2,6246,Young High Spender,Upsell premium services
21,Other,Jaipur,Oppo,Android,9.4,27.4,236.9,22,4.9,9790,3.1,3.0,147,Work,2,9937,Young High Spender,Upsell premium services
24,Other,Chennai,Vivo,iOS,4.1,9.1,203.0,80,5.8,5329,7.9,1.2,869,Social Media,2,6198,Young High Spender,Upsell premium services
34,Other,Pune,Google Pixel,iOS,11.2,22.8,194.7,181,5.4,9172,0.8,0.6,192,Entertainment,2,9364,Young High Spender,Upsell premium services
27,Female,Kolkata,Vivo,iOS,1.3,10.8,261.2,109,5.8,7888,1.7,3.6,1356,Social Media,2,9244,Young High Spender,Upsell premium services
47,Male,Hyderabad,Vivo,iOS,7.7,22.8,93.4,121,4.2,7753,7.2,2.0,1902,Work,2,9655,Young High Spender,Upsell premium services
26,Male,Kolkata,Motorola,Android,10.3,48.8,170.7,87,4.4,9919,5.1,0.9,1608,Entertainment,2,11527,Young High Spender,Upsell premium services
41,Male,Bangalore,Realme,iOS,4.3,1.8,82.6,173,5.4,7911,5.4,1.5,1534,Social Media,2,9445,Young High Spender,Upsell premium services
27,Male,Delhi,Vivo,Android,8.3,4.5,236.3,117,4.4,9439,1.8,4.9,375,Work,2,9814,Young High Spender,Upsell premium services
31,Female,Chennai,Oppo,iOS,8.8,12.8,97.8,200,3.9,8809,6.5,4.1,1835,Entertainment,2,10644,Young High Spender,Upsell premium services
45,Female,Jaipur,Nokia,iOS,9.5,29.8,196.2,19,4.6,5743,3.5,4.6,1116,Social Media,2,6859,Young High Spender,Upsell premium services
40,Other,Lucknow,Apple,iOS,4.4,8.9,259.4,107,4.1,5890,0.8,1.5,928,Education,2,6818,Young High Spender,Upsell premium services
26,Other,Pune,Xiaomi,Android,5.9,35.7,190.2,27,4.8,9775,2.9,0.9,648,Entertainment,2,10423,Young High Spender,Upsell premium services
22,Female,Mumbai,Google Pixel,Android,2.9,14.5,206.2,46,4.6,7761,7.9,4.7,1556,Gaming,2,9317,Young High Spender,Upsell premium services
28,Male,Mumbai,Oppo,Android,11.5,38.9,140.1,102,6.0,4657,4.2,2.3,359,Work,2,5016,Young High Spender,Upsell premium services
33,Male,Lucknow,Motorola,Android,10.8,26.1,82.2,61,5.2,4656,5.5,2.0,484,Entertainment,2,5140,Young High Spender,Upsell premium services
55,Other,Mumbai,Vivo,iOS,11.5,16.4,33.6,173,4.3,9829,4.8,1.3,1710,Education,2,11539,Young High Spender,Upsell premium services
38,Male,Mumbai,OnePlus,Android,9.0,19.9,37.4,88,4.0,9862,2.8,1.7,489,Work,2,10351,Young High Spender,Upsell premium services
57,Other,Delhi,Nokia,iOS,11.5,6.9,27.4,22,4.9,9784,2.6,1.0,1307,Social Media,2,11091,Young High Spender,Upsell premium services
26,Other,Ahmedabad,Motorola,Android,6.9,39.9,16.3,18,5.0,9333,4.7,1.1,1623,Education,2,10956,Young High Spender,Upsell premium services
36,Other,Mumbai,Samsung,Android,1.7,35.6,109.3,152,4.0,5808,3.4,3.6,789,Entertainment,2,6597,Young High Spender,Upsell premium services
24,Male,Mumbai,Nokia,iOS,5.6,9.3,88.5,40,5.4,9537,7.3,3.0,188,Entertainment,2,9725,Young High Spender,Upsell premium services
49,Male,Chennai,OnePlus,iOS,2.0,17.3,206.6,75,5.8,7999,7.5,0.2,1023,Gaming,2,9022,Young High Spender,Upsell premium services
57,Female,Mumbai,Xiaomi,iOS,10.7,46.6,116.9,21,5.6,7645,3.8,1.1,1173,Entertainment,2,8818,Young High Spender,Upsell premium services
23,Female,Jaipur,Realme,Android,6.7,49.0,198.8,38,4.2,8262,4.5,1.8,1010,Social Media,2,9272,Young High Spender,Upsell premium services
43,Female,Delhi,Realme,Android,4.2,24.0,292.3,20,5.0,9280,6.6,1.4,746,Education,2,10026,Young High Spender,Upsell premium services
25,Other,Jaipur,OnePlus,Android,6.3,37.1,123.9,84,4.3,7071,5.6,0.4,371,Education,2,7442,Young High Spender,Upsell premium services
21,Other,Jaipur,Apple,iOS,4.3,2.6,20.0,152,5.3,7526,2.5,5.0,833,Entertainment,2,8359,Young High Spender,Upsell premium services
42,Female,Bangalore,Samsung,iOS,11.7,31.2,197.9,153,4.3,5691,7.5,3.0,1781,Education,2,7472,Young High Spender,Upsell premium services
48,Other,Hyderabad,Google Pixel,iOS,7.2,25.7,219.4,112,4.4,8903,6.0,2.9,750,Work,2,9653,Young High Spender,Upsell premium services
23,Other,Hyderabad,Samsung,Android,7.3,3.6,283.5,121,4.1,8172,1.6,4.7,1659,Entertainment,2,9831,Young High Spender,Upsell premium services
31,Female,Kolkata,Nokia,Android,1.1,48.3,145.0,51,4.6,6745,6.9,3.1,398,Education,2,7143,Young High Spender,Upsell premium services
38,Male,Lucknow,Apple,iOS,9.3,32.3,75.4,42,3.6,8788,1.4,4.9,1282,Work,2,10070,Young High Spender,Upsell premium services
25,Other,Pune,Samsung,iOS,11.4,40.8,100.5,67,5.4,6423,7.5,2.7,1005,Social Media,2,7428,Young High Spender,Upsell premium services
42,Other,Jaipur,Motorola,iOS,11.5,27.5,288.3,144,5.7,4244,3.0,4.5,1808,Social Media,2,6052,Young High Spender,Upsell premium services
35,Other,Kolkata,Samsung,iOS,7.8,11.2,24.4,84,5.1,3454,5.6,3.7,1261,Social Media,2,4715,Young High Spender,Upsell premium services
30,Female,Ahmedabad,OnePlus,Android,11.9,37.0,171.1,155,3.7,9647,3.7,3.7,1812,Entertainment,2,11459,Young High Spender,Upsell premium services
37,Other,Chennai,Realme,iOS,3.5,15.1,111.9,11,5.0,9180,2.6,3.3,1017,Social Media,2,10197,Young High Spender,Upsell premium services
29,Female,Hyderabad,OnePlus,Android,9.2,46.6,282.0,26,4.0,8901,6.5,3.2,519,Entertainment,2,9420,Young High Spender,Upsell premium services
18,Other,Chennai,Motorola,iOS,10.3,22.5,284.6,153,3.6,8091,4.0,1.9,1775,Social Media,2,9866,Young High Spender,Upsell premium services
23,Female,Ahmedabad,Realme,iOS,5.6,29.9,244.8,89,4.1,6149,6.8,4.6,1708,Social Media,2,7857,Young High Spender,Upsell premium services
18,Other,Hyderabad,Nokia,iOS,7.1,15.4,56.3,80,5.9,5325,2.7,1.6,1003,Social Media,2,6328,Young High Spender,Upsell premium services
29,Female,Hyderabad,Apple,Android,4.5,40.9,251.4,51,5.0,7437,3.2,3.9,129,Gaming,2,7566,Young High Spender,Upsell premium services
21,Female,Jaipur,Samsung,iOS,5.9,5.5,96.5,85,4.8,9925,2.4,2.3,1525,Gaming,2,11450,Young High Spender,Upsell premium services
40,Female,Mumbai,Realme,Android,8.6,18.5,48.9,87,3.2,8658,7.5,0.5,355,Education,2,9013,Young High Spender,Upsell premium services
42,Female,Jaipur,OnePlus,iOS,9.1,20.6,128.3,125,4.9,7049,0.7,0.8,966,Social Media,2,8015,Young High Spender,Upsell premium services
34,Male,Ahmedabad,OnePlus,Android,7.7,13.4,17.3,199,5.1,4947,3.8,4.0,359,Social Media,2,5306,Young High Spender,Upsell premium services
32,Male,Kolkata,Nokia,iOS,3.0,27.0,266.0,200,5.3,8596,4.7,1.9,1035,Social Media,2,9631,Young High Spender,Upsell premium services
28,Male,Delhi,Realme,iOS,10.7,16.3,57.4,114,4.6,9066,4.6,2.9,1172,Social Media,2,10238,Young High Spender,Upsell premium services
32,Female,Ahmedabad,Google Pixel,iOS,1.4,4.4,185.1,158,4.6,6189,6.7,1.7,1985,Entertainment,2,8174,Young High Spender,Upsell premium services
28,Male,Delhi,Google Pixel,iOS,5.8,23.8,75.0,102,5.2,5183,2.8,1.6,1819,Education,2,7002,Young High Spender,Upsell premium services
17,Other,Hyderabad,Xiaomi,Android,10.9,38.0,214.4,139,2.8,8054,2.3,0.1,845,Gaming,2,8899,Young High Spender,Upsell premium services
39,Other,Hyderabad,Samsung,iOS,11.3,2.9,98.7,42,4.8,4642,5.3,0.4,195,Work,2,4837,Young High Spender,Upsell premium services
19,Male,Jaipur,Samsung,Android,11.2,33.8,38.4,43,5.8,4034,2.4,0.5,749,Work,2,4783,Young High Spender,Upsell premium services
50,Male,Pune,Apple,Android,7.1,20.4,87.2,66,4.9,9509,3.5,1.3,1437,Social Media,2,10946,Young High Spender,Upsell premium services
16,Female,Kolkata,Xiaomi,Android,1.3,38.7,255.4,113,3.2,9393,2.5,0.1,1901,Gaming,2,11294,Young High Spender,Upsell premium services
18,Male,Hyderabad,Apple,Android,2.9,41.3,83.2,185,5.9,4033,6.6,1.2,1016,Social Media,2,5049,Young High Spender,Upsell premium services
56,Female,Ahmedabad,Realme,iOS,4.6,23.9,163.8,81,4.9,8494,2.5,3.3,145,Social Media,2,8639,Young High Spender,Upsell premium services
28,Other,Pune,Motorola,iOS,9.8,23.6,21.6,70,5.5,3300,0.9,4.3,803,Entertainment,2,4103,Young High Spender,Upsell premium services
19,Female,Lucknow,Nokia,iOS,4.7,23.9,146.8,70,3.6,7102,0.5,4.4,917,Education,2,8019,Young High Spender,Upsell premium services
37,Female,Mumbai,Oppo,iOS,6.5,12.9,93.2,133,6.0,4352,7.7,4.9,1667,Entertainment,2,6019,Young High Spender,Upsell premium services
38,Male,Pune,OnePlus,iOS,2.7,10.4,230.8,192,5.3,9257,1.5,3.3,1356,Social Media,2,10613,Young High Spender,Upsell premium services
15,Other,Delhi,Xiaomi,iOS,10.4,6.3,190.0,171,3.5,9807,2.2,1.4,480,Social Media,2,10287,Young High Spender,Upsell premium services
24,Female,Chennai,Vivo,Android,7.1,19.5,80.9,159,5.4,4145,3.5,1.2,1665,Gaming,2,5810,Young High Spender,Upsell premium services
46,Female,Ahmedabad,Google Pixel,Android,6.4,45.7,75.7,62,3.9,6831,2.6,4.1,1566,Entertainment,2,8397,Young High Spender,Upsell premium services
48,Male,Pune,Oppo,iOS,10.1,15.0,152.7,175,4.2,7244,6.1,2.2,1821,Education,2,9065,Young High Spender,Upsell premium services
35,Male,Lucknow,Motorola,iOS,8.7,23.9,210.4,22,5.0,3979,4.3,3.9,1293,Social Media,2,5272,Young High Spender,Upsell premium services
48,Other,Kolkata,Vivo,iOS,2.1,17.5,267.2,196,5.7,6197,1.9,2.1,1630,Entertainment,2,7827,Young High Spender,Upsell premium services
32,Female,Bangalore,Nokia,iOS,9.4,9.5,122.4,64,5.4,8462,1.8,1.2,1431,Social Media,2,9893,Young High Spender,Upsell premium services
41,Male,Jaipur,Samsung,Android,5.9,38.2,154.6,21,5.6,8001,4.1,0.2,1741,Gaming,2,9742,Young High Spender,Upsell premium services
46,Female,Bangalore,Vivo,iOS,6.1,39.3,294.7,72,5.5,9840,7.0,0.9,1159,Work,2,10999,Young High Spender,Upsell premium services
39,Other,Pune,Samsung,Android,5.6,48.9,65.2,46,5.4,9531,0.7,2.5,1784,Education,2,11315,Young High Spender,Upsell premium services
25,Male,Ahmedabad,Nokia,Android,4.8,48.3,49.9,95,4.6,9157,5.9,1.2,1616,Work,2,10773,Young High Spender,Upsell premium services
22,Other,Jaipur,Vivo,iOS,9.6,6.5,191.2,79,4.7,9211,6.2,3.4,1063,Entertainment,2,10274,Young High Spender,Upsell premium services
27,Female,Delhi,Realme,iOS,3.8,14.0,13.1,98,5.1,3895,3.8,0.5,720,Social Media,2,4615,Young High Spender,Upsell premium services
23,Female,Ahmedabad,Oppo,iOS,8.3,38.9,141.4,27,5.7,8199,2.8,5.0,1130,Gaming,2,9329,Young High Spender,Upsell premium services
52,Female,Bangalore,Samsung,Android,8.3,49.0,261.3,189,6.0,7245,2.0,0.4,702,Social Media,2,7947,Young High Spender,Upsell premium services
34,Female,Mumbai,Vivo,iOS,12.0,18.8,125.8,124,5.9,3565,5.2,2.4,368,Entertainment,2,3933,Young High Spender,Upsell premium services
25,Male,Chennai,Samsung,iOS,6.6,43.6,41.3,81,4.1,6076,7.7,0.8,567,Education,2,6643,Young High Spender,Upsell premium services
15,Other,Pune,Vivo,iOS,1.5,22.6,255.3,154,3.4,8670,2.4,1.2,1156,Work,2,9826,Young High Spender,Upsell premium services
25,Female,Hyderabad,Xiaomi,Android,2.4,33.6,122.5,95,6.0,7756,2.2,4.2,915,Entertainment,2,8671,Young High Spender,Upsell premium services
17,Male,Jaipur,Google Pixel,Android,6.2,7.8,102.9,50,4.9,7831,2.1,1.9,1464,Education,2,9295,Young High Spender,Upsell premium services
23,Other,Ahmedabad,Nokia,Android,2.2,23.8,113.9,30,4.8,5123,5.6,0.5,417,Education,2,5540,Young High Spender,Upsell premium services
42,Male,Chennai,Nokia,Android,5.1,48.4,27.4,29,4.9,7019,1.9,2.3,1632,Gaming,2,8651,Young High Spender,Upsell premium services
28,Other,Bangalore,Vivo,Android,1.2,32.3,42.9,98,4.7,6750,3.4,3.4,1149,Social Media,2,7899,Young High Spender,Upsell premium services
17,Female,Bangalore,Oppo,iOS,2.6,1.1,14.9,159,6.0,9702,4.2,1.6,214,Education,2,9916,Young High Spender,Upsell premium services
46,Female,Pune,Oppo,Android,8.8,1.2,109.5,186,5.6,6134,4.0,3.2,1064,Gaming,2,7198,Young High Spender,Upsell premium services
55,Male,Ahmedabad,Nokia,iOS,9.3,19.8,6.4,196,3.7,9363,5.0,4.6,775,Social Media,2,10138,Young High Spender,Upsell premium services
48,Female,Delhi,OnePlus,iOS,4.3,17.7,126.5,193,5.8,6558,3.9,2.4,116,Gaming,2,6674,Young High Spender,Upsell premium services
34,Other,Hyderabad,OnePlus,Android,5.5,30.8,28.1,25,4.1,4786,6.6,2.2,675,Education,2,5461,Young High Spender,Upsell premium services
37,Other,Mumbai,Nokia,Android,5.4,15.4,173.7,72,5.5,8204,5.4,3.5,1082,Social Media,2,9286,Young High Spender,Upsell premium services
44,Other,Ahmedabad,OnePlus,Android,2.1,49.6,144.3,103,5.9,4509,4.0,3.6,1080,Entertainment,2,5589,Young High Spender,Upsell premium services
30,Other,Kolkata,Xiaomi,Android,5.0,43.3,293.9,175,4.5,6619,3.0,3.7,1398,Social Media,2,8017,Young High Spender,Upsell premium services
27,Female,Lucknow,Apple,iOS,9.9,37.7,73.2,175,2.9,7310,6.2,1.2,1042,Education,2,8352,Young High Spender,Upsell premium services
53,Other,Delhi,Nokia,iOS,8.4,9.6,230.7,137,5.9,8341,5.5,2.4,543,Entertainment,2,8884,Young High Spender,Upsell premium services
32,Female,Delhi,Xiaomi,iOS,2.2,15.4,44.9,113,5.4,4683,1.2,4.9,1392,Social Media,2,6075,Young High Spender,Upsell premium services
32,Female,Hyderabad,Xiaomi,Android,11.7,44.6,279.2,27,4.8,8525,4.9,1.5,1210,Education,2,9735,Young High Spender,Upsell premium services
16,Female,Mumbai,Google Pixel,Android,7.3,33.4,97.2,117,5.6,4825,4.1,3.8,1580,Social Media,2,6405,Young High Spender,Upsell premium services
42,Male,Ahmedabad,Nokia,Android,5.0,13.1,161.7,71,3.4,7226,3.5,4.1,1140,Entertainment,2,8366,Young High Spender,Upsell premium services
29,Female,Kolkata,Realme,iOS,7.9,1.0,159.6,186,3.6,6645,6.3,1.4,986,Education,2,7631,Young High Spender,Upsell premium services
31,Other,Chennai,Google Pixel,iOS,4.1,48.5,134.7,140,6.0,7894,5.0,1.4,1200,Social Media,2,9094,Young High Spender,Upsell premium services
51,Male,Kolkata,Realme,Android,6.5,34.0,41.3,157,5.0,5643,4.5,1.2,373,Education,2,6016,Young High Spender,Upsell premium services
19,Female,Pune,OnePlus,iOS,1.1,7.3,180.4,39,4.5,6427,4.2,3.7,1922,Entertainment,2,8349,Young High Spender,Upsell premium services
43,Male,Delhi,Xiaomi,Android,5.1,5.9,79.8,57,3.6,8693,7.2,2.7,1593,Entertainment,2,10286,Young High Spender,Upsell premium services
28,Male,Lucknow,OnePlus,Android,8.6,8.3,132.7,68,4.3,6677,0.7,3.3,1375,Gaming,2,8052,Young High Spender,Upsell premium services
28,Female,Ahmedabad,Realme,Android,4.6,1.4,244.8,176,5.4,4323,4.2,4.7,787,Education,2,5110,Young High Spender,Upsell premium services
45,Male,Pune,Oppo,iOS,1.6,27.7,229.0,49,5.3,8178,5.1,4.9,1404,Social Media,2,9582,Young High Spender,Upsell premium services
54,Male,Hyderabad,Vivo,Android,3.8,15.1,65.0,36,5.5,7104,5.2,4.3,925,Entertainment,2,8029,Young High Spender,Upsell premium services
17,Male,Jaipur,Vivo,iOS,2.5,15.4,161.2,23,5.9,5758,3.5,4.4,206,Work,2,5964,Young High Spender,Upsell premium services
31,Female,Hyderabad,Nokia,iOS,6.0,48.9,212.3,61,5.1,6843,4.7,0.2,1383,Education,2,8226,Young High Spender,Upsell premium services
24,Other,Kolkata,Nokia,iOS,8.0,11.9,221.1,72,4.6,7463,0.8,3.3,406,Entertainment,2,7869,Young High Spender,Upsell premium services
35,Female,Delhi,Google Pixel,Android,4.7,32.3,294.2,80,4.4,5814,2.7,0.5,428,Gaming,2,6242,Young High Spender,Upsell premium services
33,Male,Delhi,Vivo,iOS,3.3,42.2,138.6,170,5.9,5502,6.8,0.5,1977,Work,2,7479,Young High Spender,Upsell premium services
17,Female,Lucknow,Oppo,Android,3.6,22.1,13.6,83,3.0,8772,3.5,3.8,867,Work,2,9639,Young High Spender,Upsell premium services
25,Male,Pune,Apple,iOS,2.2,23.8,235.2,100,3.4,8931,1.7,1.5,1792,Work,2,10723,Young High Spender,Upsell premium services
41,Female,Pune,OnePlus,Android,3.0,46.6,272.9,97,4.8,8124,4.8,4.0,361,Social Media,2,8485,Young High Spender,Upsell premium services
56,Male,Kolkata,Vivo,Android,6.5,29.4,143.4,144,5.3,6567,7.0,5.0,1134,Work,2,7701,Young High Spender,Upsell premium services
40,Male,Ahmedabad,Google Pixel,Android,7.9,6.1,241.8,43,4.0,6343,2.7,4.2,1750,Work,2,8093,Young High Spender,Upsell premium services
22,Other,Pune,Oppo,Android,9.4,15.8,24.2,166,4.9,4581,0.8,1.2,1224,Social Media,2,5805,Young High Spender,Upsell premium services
51,Male,Lucknow,Apple,iOS,9.3,41.0,95.6,197,5.4,9675,3.3,0.9,1708,Work,2,11383,Young High Spender,Upsell premium services
15,Male,Kolkata,Realme,Android,4.7,25.1,92.6,96,2.6,9439,3.8,1.3,1771,Work,2,11210,Young High Spender,Upsell premium services
47,Other,Mumbai,Apple,Android,2.2,32.8,35.4,75,5.4,7504,3.2,0.4,1516,Gaming,2,9020,Young High Spender,Upsell premium services
24,Male,Mumbai,Nokia,Android,8.0,47.5,119.4,169,3.7,9088,4.5,0.0,773,Entertainment,2,9861,Young High Spender,Upsell premium services
47,Female,Jaipur,Oppo,Android,9.2,11.0,208.1,20,4.6,7999,5.7,3.1,320,Education,2,8319,Young High Spender,Upsell premium services
42,Female,Chennai,Google Pixel,iOS,6.7,49.0,147.3,32,5.8,5948,7.0,1.4,534,Entertainment,2,6482,Young High Spender,Upsell premium services
35,Male,Bangalore,OnePlus,Android,9.1,19.9,99.5,38,4.7,4801,4.6,0.7,1131,Social Media,2,5932,Young High Spender,Upsell premium services
16,Male,Ahmedabad,Realme,iOS,5.6,10.8,88.1,73,4.2,6075,4.1,1.6,618,Work,2,6693,Young High Spender,Upsell premium services
30,Female,Chennai,Xiaomi,iOS,8.9,32.7,261.9,187,4.5,5310,2.1,4.9,1352,Work,2,6662,Young High Spender,Upsell premium services
60,Female,Jaipur,Samsung,iOS,1.5,7.6,108.3,86,6.0,8430,6.6,2.1,1693,Gaming,2,10123,Young High Spender,Upsell premium services
16,Other,Lucknow,Google Pixel,iOS,3.1,29.5,234.1,124,5.1,8200,4.6,0.5,1023,Education,2,9223,Young High Spender,Upsell premium services
46,Female,Mumbai,Nokia,iOS,9.0,47.9,259.1,68,5.8,9513,3.0,0.3,1115,Entertainment,2,10628,Young High Spender,Upsell premium services
55,Male,Chennai,Apple,Android,5.4,24.9,235.8,129,5.0,7013,7.0,4.6,616,Work,2,7629,Young High Spender,Upsell premium services
22,Other,Mumbai,Realme,Android,3.0,6.0,192.1,121,5.1,7786,4.4,2.3,1740,Gaming,2,9526,Young High Spender,Upsell premium services
41,Female,Delhi,Oppo,Android,7.9,19.9,99.9,172,3.4,8315,3.2,3.3,369,Gaming,2,8684,Young High Spender,Upsell premium services
45,Male,Hyderabad,OnePlus,Android,4.6,28.5,210.8,70,4.0,7872,5.5,3.3,694,Entertainment,2,8566,Young High Spender,Upsell premium services
19,Other,Ahmedabad,Nokia,Android,8.1,7.6,202.2,140,4.7,8511,2.6,2.5,1981,Gaming,2,10492,Young High Spender,Upsell premium services
47,Female,Ahmedabad,Motorola,iOS,3.7,9.7,166.1,45,4.9,9524,3.6,2.9,1124,Gaming,2,10648,Young High Spender,Upsell premium services
40,Other,Ahmedabad,Apple,Android,4.7,13.5,253.6,144,5.9,7123,4.2,2.4,1418,Social Media,2,8541,Young High Spender,Upsell premium services
37,Female,Ahmedabad,Oppo,Android,6.6,31.7,8.0,192,5.1,9465,6.0,4.4,797,Gaming,2,10262,Young High Spender,Upsell premium services
51,Female,Mumbai,Xiaomi,iOS,2.0,8.1,209.7,194,4.8,9473,5.0,5.0,721,Work,2,10194,Young High Spender,Upsell premium services
50,Female,Pune,Samsung,iOS,10.1,4.2,134.2,62,5.8,7574,2.5,3.1,285,Social Media,2,7859,Young High Spender,Upsell premium services
17,Other,Delhi,Xiaomi,iOS,8.8,11.2,18.4,85,4.5,5343,0.6,0.6,1140,Work,2,6483,Young High Spender,Upsell premium services
29,Female,Bangalore,Oppo,iOS,6.8,36.4,225.8,141,5.9,3232,4.1,3.1,275,Education,2,3507,Young High Spender,Upsell premium services
47,Female,Lucknow,OnePlus,Android,4.8,12.0,17.1,100,5.6,8302,3.2,1.6,1995,Social Media,2,10297,Young High Spender,Upsell premium services
45,Female,Chennai,Oppo,Android,9.7,20.7,146.0,131,5.2,9606,3.0,3.7,946,Work,2,10552,Young High Spender,Upsell premium services
36,Female,Chennai,Realme,Android,1.3,37.5,277.9,99,5.5,4541,2.7,2.2,444,Entertainment,2,4985,Young High Spender,Upsell premium services
21,Female,Chennai,Samsung,Android,9.7,8.9,182.9,13,5.5,6445,5.9,0.5,1988,Education,2,8433,Young High Spender,Upsell premium services
22,Female,Jaipur,Oppo,iOS,1.1,28.4,137.0,10,5.5,7090,4.0,2.1,1082,Entertainment,2,8172,Young High Spender,Upsell premium services
45,Female,Hyderabad,Oppo,iOS,8.1,6.2,49.5,82,5.5,8153,0.9,0.7,1343,Work,2,9496,Young High Spender,Upsell premium services
49,Other,Jaipur,Realme,Android,8.2,9.6,198.5,163,5.8,6352,5.6,0.6,1240,Entertainment,2,7592,Young High Spender,Upsell premium services
59,Female,Bangalore,Google Pixel,iOS,11.1,25.2,153.4,75,4.2,9354,8.0,3.3,793,Gaming,2,10147,Young High Spender,Upsell premium services
23,Male,Jaipur,Xiaomi,iOS,2.9,36.0,268.1,161,3.9,6525,5.0,4.6,470,Entertainment,2,6995,Young High Spender,Upsell premium services
40,Other,Pune,OnePlus,Android,8.3,30.5,150.5,81,5.0,6459,3.9,4.3,1756,Education,2,8215,Young High Spender,Upsell premium services
51,Male,Hyderabad,OnePlus,Android,3.6,25.0,52.0,128,5.8,5073,0.8,0.5,405,Work,2,5478,Young High Spender,Upsell premium services
50,Other,Jaipur,Google Pixel,Android,2.1,30.8,149.9,133,4.0,9934,8.0,4.8,1280,Social Media,2,11214,Young High Spender,Upsell premium services
46,Male,Ahmedabad,Google Pixel,Android,6.1,43.1,64.4,95,3.7,9457,1.7,2.9,1850,Entertainment,2,11307,Young High Spender,Upsell premium services
50,Other,Pune,Google Pixel,iOS,5.9,27.1,66.3,196,5.6,7290,5.9,1.5,135,Social Media,2,7425,Young High Spender,Upsell premium services
48,Female,Ahmedabad,Oppo,iOS,2.5,13.8,67.1,104,4.9,6034,3.6,3.7,900,Education,2,6934,Young High Spender,Upsell premium services
37,Female,Ahmedabad,Samsung,iOS,5.0,34.3,140.8,171,4.9,8550,0.8,4.2,409,Social Media,2,8959,Young High Spender,Upsell premium services
30,Female,Delhi,Google Pixel,Android,8.9,33.0,134.1,45,5.3,6532,5.8,0.1,1812,Work,2,8344,Young High Spender,Upsell premium services
46,Other,Hyderabad,Oppo,Android,9.2,27.8,246.6,25,5.3,5537,3.7,4.0,233,Education,2,5770,Young High Spender,Upsell premium services
52,Male,Hyderabad,Samsung,iOS,3.8,40.4,132.3,13,3.6,7401,7.9,2.9,1949,Entertainment,2,9350,Young High Spender,Upsell premium services
17,Female,Delhi,Google Pixel,iOS,9.3,41.3,142.3,21,4.8,7955,1.9,4.5,402,Education,2,8357,Young High Spender,Upsell premium services
23,Female,Hyderabad,Xiaomi,iOS,8.7,21.5,174.4,20,4.3,5583,6.1,0.1,1098,Education,2,6681,Young High Spender,Upsell premium services
20,Male,Pune,Xiaomi,Android,11.2,4.4,84.9,174,3.1,9867,7.2,4.1,318,Education,2,10185,Young High Spender,Upsell premium services
18,Female,Chennai,Oppo,iOS,9.0,34.0,168.3,172,5.9,4713,2.0,0.9,251,Education,2,4964,Young High Spender,Upsell premium services
55,Other,Pune,OnePlus,iOS,5.5,5.3,278.5,10,4.3,7407,6.1,0.5,1540,Education,2,8947,Young High Spender,Upsell premium services
38,Female,Mumbai,Apple,Android,6.4,10.5,48.1,24,4.1,5183,2.2,3.6,558,Work,2,5741,Young High Spender,Upsell premium services
56,Female,Pune,Vivo,Android,8.1,41.6,95.2,193,6.0,8676,3.9,2.8,1310,Work,2,9986,Young High Spender,Upsell premium services
52,Other,Kolkata,Oppo,Android,5.9,36.5,235.3,138,5.6,6796,1.1,1.8,419,Gaming,2,7215,Young High Spender,Upsell premium services
23,Other,Pune,Vivo,iOS,9.8,27.1,184.1,187,4.9,8914,7.5,1.8,131,Education,2,9045,Young High Spender,Upsell premium services
52,Other,Mumbai,Vivo,iOS,6.9,9.7,52.0,98,4.6,6660,1.3,4.3,229,Social Media,2,6889,Young High Spender,Upsell premium services
43,Other,Pune,Oppo,Android,5.9,6.3,179.3,161,4.5,8421,4.4,2.6,294,Entertainment,2,8715,Young High Spender,Upsell premium services
43,Female,Lucknow,OnePlus,Android,5.7,16.6,137.5,86,6.0,8952,0.5,3.6,1056,Gaming,2,10008,Young High Spender,Upsell premium services
15,Male,Ahmedabad,Samsung,Android,11.4,14.1,39.7,199,5.0,9245,3.5,4.5,156,Social Media,2,9401,Young High Spender,Upsell premium services
45,Male,Delhi,Nokia,Android,3.7,29.0,240.8,185,4.5,5809,3.3,1.8,1012,Social Media,2,6821,Young High Spender,Upsell premium services
23,Male,Kolkata,Samsung,iOS,9.5,26.7,31.2,143,5.8,4238,2.0,0.3,700,Education,2,4938,Young High Spender,Upsell premium services
23,Female,Hyderabad,Vivo,iOS,3.0,38.8,94.6,39,3.9,5636,4.3,1.9,684,Social Media,2,6320,Young High Spender,Upsell premium services
15,Male,Chennai,Samsung,Android,1.7,36.0,138.1,179,5.7,8995,4.0,2.4,1663,Entertainment,2,10658,Young High Spender,Upsell premium services
50,Female,Hyderabad,Samsung,Android,5.0,25.2,262.9,34,4.5,7997,5.7,4.2,554,Education,2,8551,Young High Spender,Upsell premium services
51,Other,Ahmedabad,Google Pixel,Android,2.8,43.5,221.0,87,5.6,8096,4.2,2.5,337,Social Media,2,8433,Young High Spender,Upsell premium services
56,Other,Bangalore,Oppo,iOS,11.0,39.6,32.7,149,5.8,7392,6.1,3.7,1655,Education,2,9047,Young High Spender,Upsell premium services
48,Female,Pune,OnePlus,iOS,9.2,36.7,292.4,188,4.4,8657,2.1,3.1,142,Education,2,8799,Young High Spender,Upsell premium services
16,Other,Pune,Xiaomi,Android,2.5,6.5,117.8,176,4.3,9474,5.5,2.4,1082,Social Media,2,10556,Young High Spender,Upsell premium services
19,Female,Ahmedabad,OnePlus,iOS,10.6,44.2,121.0,162,4.6,8506,7.8,4.9,974,Work,2,9480,Young High Spender,Upsell premium services
39,Male,Kolkata,Xiaomi,Android,4.0,26.6,257.0,43,3.8,6140,4.4,3.1,1422,Social Media,2,7562,Young High Spender,Upsell premium services
39,Other,Ahmedabad,Oppo,iOS,5.0,23.0,141.5,78,3.3,6480,3.1,0.8,438,Work,2,6918,Young High Spender,Upsell premium services
20,Other,Delhi,Apple,iOS,7.4,9.5,17.2,34,4.8,6787,4.6,4.5,1854,Work,2,8641,Young High Spender,Upsell premium services
58,Male,Ahmedabad,OnePlus,Android,5.9,14.9,189.9,86,5.3,7146,7.5,4.1,625,Education,2,7771,Young High Spender,Upsell premium services
16,Female,Kolkata,OnePlus,iOS,6.0,48.0,27.4,139,4.2,9066,7.5,2.3,1870,Gaming,2,10936,Young High Spender,Upsell premium services
24,Female,Pune,Samsung,Android,4.1,9.8,195.2,22,4.7,8659,3.1,1.2,660,Social Media,2,9319,Young High Spender,Upsell premium services
32,Female,Bangalore,Vivo,Android,11.0,3.7,193.0,120,5.6,8342,7.3,1.0,1423,Entertainment,2,9765,Young High Spender,Upsell premium services
21,Male,Jaipur,OnePlus,iOS,5.4,38.4,217.9,45,5.9,3929,3.7,2.0,906,Education,2,4835,Young High Spender,Upsell premium services
43,Male,Jaipur,Samsung,Android,5.5,26.4,156.9,89,5.3,8291,1.8,3.1,1910,Social Media,2,10201,Young High Spender,Upsell premium services
43,Other,Mumbai,Realme,Android,4.8,40.0,138.8,49,4.8,5811,1.1,4.2,1511,Entertainment,2,7322,Young High Spender,Upsell premium services
35,Female,Chennai,Samsung,Android,4.5,34.7,62.7,84,5.0,8526,7.0,2.7,756,Social Media,2,9282,Young High Spender,Upsell premium services
57,Female,Ahmedabad,Realme,iOS,4.5,2.3,38.1,118,5.3,8495,4.9,1.5,326,Social Media,2,8821,Young High Spender,Upsell premium services
54,Other,Delhi,Realme,Android,3.3,41.4,190.0,114,5.5,9732,3.5,0.4,1003,Gaming,2,10735,Young High Spender,Upsell premium services
38,Male,Chennai,Motorola,Android,4.5,42.1,119.1,154,4.9,3961,3.3,2.4,147,Work,2,4108,Young High Spender,Upsell premium services
25,Male,Pune,Google Pixel,Android,9.8,20.6,96.8,81,3.9,8638,2.0,4.2,1988,Education,2,10626,Young High Spender,Upsell premium services
28,Female,Lucknow,Oppo,Android,7.8,48.9,47.4,80,3.9,7097,6.8,0.6,1914,Work,2,9011,Young High Spender,Upsell premium services
19,Other,Kolkata,Samsung,iOS,3.6,40.7,203.6,158,4.6,7968,1.3,1.2,961,Entertainment,2,8929,Young High Spender,Upsell premium services
17,Other,Kolkata,Vivo,Android,4.6,25.5,211.8,66,5.6,8710,2.0,4.9,328,Education,2,9038,Young High Spender,Upsell premium services
29,Other,Chennai,Google Pixel,Android,10.8,25.7,150.2,73,5.6,4260,6.3,4.4,1334,Social Media,2,5594,Young High Spender,Upsell premium services
40,Female,Kolkata,Realme,Android,10.4,26.7,195.4,167,4.0,5252,5.0,4.3,210,Work,2,5462,Young High Spender,Upsell premium services
23,Other,Delhi,Google Pixel,iOS,4.1,15.8,42.9,156,3.0,7772,7.6,1.1,1175,Social Media,2,8947,Young High Spender,Upsell premium services
23,Female,Mumbai,Motorola,Android,5.3,3.6,206.0,114,3.6,7685,4.7,1.3,1475,Work,2,9160,Young High Spender,Upsell premium services
41,Male,Chennai,Samsung,Android,2.1,32.4,163.1,125,5.8,3689,4.4,4.8,736,Education,2,4425,Young High Spender,Upsell premium services
44,Female,Lucknow,OnePlus,Android,3.9,1.3,168.6,23,4.8,7281,3.2,1.7,998,Social Media,2,8279,Young High Spender,Upsell premium services
23,Male,Mumbai,Nokia,Android,2.6,27.4,81.2,20,4.8,7943,1.5,2.4,720,Gaming,2,8663,Young High Spender,Upsell premium services
26,Male,Delhi,Google Pixel,Android,11.8,29.5,161.7,58,4.3,8081,1.7,1.7,1413,Work,2,9494,Young High Spender,Upsell premium services
19,Other,Jaipur,OnePlus,iOS,5.6,33.8,68.6,84,5.5,9021,7.9,2.1,332,Gaming,2,9353,Young High Spender,Upsell premium services
54,Female,Pune,Xiaomi,iOS,10.2,12.2,277.6,18,5.4,9537,1.8,3.6,381,Entertainment,2,9918,Young High Spender,Upsell premium services
17,Other,Kolkata,Samsung,Android,8.1,32.3,17.4,138,3.9,8788,3.1,1.0,1622,Entertainment,2,10410,Young High Spender,Upsell premium services
32,Other,Delhi,Apple,iOS,1.8,26.2,47.5,21,4.2,7014,5.3,1.9,203,Entertainment,2,7217,Young High Spender,Upsell premium services
39,Female,Chennai,Oppo,iOS,11.3,18.2,21.6,18,4.7,4229,1.4,2.2,400,Entertainment,2,4629,Young High Spender,Upsell premium services
49,Other,Bangalore,Samsung,Android,9.3,31.7,169.0,15,5.7,5932,3.4,0.6,615,Entertainment,2,6547,Young High Spender,Upsell premium services
25,Other,Pune,Motorola,iOS,1.3,6.6,99.0,97,4.6,7246,3.9,2.4,170,Gaming,2,7416,Young High Spender,Upsell premium services
27,Male,Ahmedabad,Nokia,iOS,6.3,13.1,62.5,84,2.9,7480,1.5,1.4,1627,Entertainment,2,9107,Young High Spender,Upsell premium services
25,Female,Ahmedabad,Motorola,iOS,4.8,36.2,173.0,183,4.0,6919,4.0,4.8,1610,Gaming,2,8529,Young High Spender,Upsell premium services
28,Male,Pune,Xiaomi,Android,9.4,21.5,97.6,149,3.6,7264,4.4,3.4,556,Work,2,7820,Young High Spender,Upsell premium services
15,Male,Mumbai,OnePlus,iOS,8.2,7.2,193.2,148,4.3,7132,6.1,4.7,1365,Social Media,2,8497,Young High Spender,Upsell premium services
22,Other,Ahmedabad,Motorola,Android,5.1,21.6,100.5,166,5.2,6712,7.1,1.4,1448,Work,2,8160,Young High Spender,Upsell premium services
50,Other,Delhi,OnePlus,Android,6.0,29.1,225.7,79,5.6,8919,3.4,2.9,998,Gaming,2,9917,Young High Spender,Upsell premium services
21,Female,Chennai,OnePlus,iOS,4.6,46.4,14.8,200,5.5,9465,5.4,3.1,1337,Entertainment,2,10802,Young High Spender,Upsell premium services
42,Other,Lucknow,Motorola,Android,5.3,17.8,7.9,108,3.3,9165,7.5,3.9,424,Entertainment,2,9589,Young High Spender,Upsell premium services
55,Other,Ahmedabad,Google Pixel,Android,10.7,8.7,54.7,165,5.4,8103,4.3,4.5,1082,Gaming,2,9185,Young High Spender,Upsell premium services
36,Female,Delhi,Oppo,Android,4.8,48.4,261.4,69,5.7,3440,7.5,3.3,486,Work,2,3926,Young High Spender,Upsell premium services
32,Female,Lucknow,Apple,iOS,8.6,2.3,226.5,86,5.6,6787,2.5,3.1,1170,Gaming,2,7957,Young High Spender,Upsell premium services
37,Female,Pune,Samsung,iOS,4.4,23.4,230.8,112,3.9,9833,3.4,2.7,1118,Social Media,2,10951,Young High Spender,Upsell premium services
34,Male,Chennai,Google Pixel,Android,7.6,25.5,126.8,47,5.1,4506,4.4,2.6,1325,Entertainment,2,5831,Young High Spender,Upsell premium services
28,Other,Delhi,Xiaomi,Android,4.6,17.3,198.9,116,5.0,4584,3.5,1.1,770,Work,2,5354,Young High Spender,Upsell premium services
57,Male,Lucknow,Realme,Android,7.6,32.1,103.2,136,5.6,9556,1.3,1.5,1272,Social Media,2,10828,Young High Spender,Upsell premium services
25,Female,Chennai,Xiaomi,iOS,8.9,34.2,37.2,106,4.2,5146,4.3,3.6,1163,Gaming,2,6309,Young High Spender,Upsell premium services
24,Other,Ahmedabad,Samsung,iOS,5.9,34.4,141.7,193,5.5,4865,3.4,4.4,1465,Work,2,6330,Young High Spender,Upsell premium services
48,Female,Bangalore,Nokia,iOS,5.3,38.9,164.5,149,5.2,9614,3.4,0.9,991,Social Media,2,10605,Young High Spender,Upsell premium services
51,Other,Lucknow,Realme,Android,7.7,13.0,175.5,160,3.8,7870,6.8,2.5,864,Education,2,8734,Young High Spender,Upsell premium services
51,Other,Hyderabad,Nokia,iOS,9.2,27.3,53.2,60,5.6,7842,2.8,4.4,1588,Social Media,2,9430,Young High Spender,Upsell premium services
37,Female,Bangalore,Realme,Android,3.9,22.5,184.6,131,5.6,7012,6.8,4.2,449,Work,2,7461,Young High Spender,Upsell premium services
30,Other,Delhi,Vivo,Android,6.3,15.1,235.5,197,4.0,8619,3.3,2.2,1060,Education,2,9679,Young High Spender,Upsell premium services
33,Other,Bangalore,Xiaomi,iOS,7.6,39.8,188.4,113,5.5,7191,3.4,4.8,1533,Entertainment,2,8724,Young High Spender,Upsell premium services
51,Male,Pune,OnePlus,Android,7.9,24.4,218.4,55,5.4,7612,0.9,3.2,126,Education,2,7738,Young High Spender,Upsell premium services
46,Male,Lucknow,Google Pixel,Android,10.6,46.8,135.8,122,3.8,9422,2.2,2.6,412,Entertainment,2,9834,Young High Spender,Upsell premium services
43,Male,Jaipur,Oppo,Android,2.8,18.7,189.1,10,4.4,7778,5.7,4.6,330,Gaming,2,8108,Young High Spender,Upsell premium services
40,Other,Bangalore,Oppo,Android,2.2,25.1,132.7,49,4.2,7686,6.9,3.4,741,Social Media,2,8427,Young High Spender,Upsell premium services
54,Female,Lucknow,Realme,iOS,11.6,45.4,100.8,57,3.7,9674,5.4,1.3,221,Gaming,2,9895,Young High Spender,Upsell premium services
51,Male,Jaipur,Oppo,Android,3.0,4.8,92.8,16,4.3,8455,4.0,3.7,1930,Gaming,2,10385,Young High Spender,Upsell premium services
30,Male,Jaipur,Realme,Android,10.9,27.9,210.0,193,4.3,7003,1.3,2.7,1360,Work,2,8363,Young High Spender,Upsell premium services
42,Male,Jaipur,Xiaomi,Android,9.2,41.2,67.2,126,5.6,4636,4.3,3.2,1973,Entertainment,2,6609,Young High Spender,Upsell premium services
53,Other,Mumbai,Xiaomi,iOS,6.9,7.0,27.2,58,3.8,7890,3.1,3.0,1051,Entertainment,2,8941,Young High Spender,Upsell premium services
25,Other,Chennai,Vivo,Android,2.6,2.2,153.1,119,4.7,8140,7.1,2.5,516,Entertainment,2,8656,Young High Spender,Upsell premium services
44,Female,Lucknow,Motorola,iOS,10.4,21.0,40.7,86,3.3,8821,0.5,1.8,945,Work,2,9766,Young High Spender,Upsell premium services
19,Female,Mumbai,Nokia,iOS,7.6,30.5,137.1,119,5.3,9108,1.7,4.3,1446,Work,2,10554,Young High Spender,Upsell premium services
35,Female,Ahmedabad,Motorola,iOS,1.8,48.6,199.8,153,3.9,8354,6.3,4.7,146,Education,2,8500,Young High Spender,Upsell premium services
59,Female,Jaipur,Motorola,Android,2.7,36.7,196.1,17,4.3,8957,2.0,3.9,572,Work,2,9529,Young High Spender,Upsell premium services
31,Other,Bangalore,Realme,Android,8.7,47.8,130.8,82,4.6,8003,2.7,4.1,1114,Education,2,9117,Young High Spender,Upsell premium services
31,Female,Chennai,Google Pixel,iOS,2.7,42.7,198.2,56,4.2,8360,0.6,1.0,350,Education,2,8710,Young High Spender,Upsell premium services
58,Other,Chennai,Xiaomi,iOS,8.6,12.1,66.4,12,3.9,8090,6.9,3.3,1837,Entertainment,2,9927,Young High Spender,Upsell premium services
56,Male,Chennai,Samsung,iOS,3.0,33.4,231.9,104,5.2,7604,7.3,3.1,1084,Entertainment,2,8688,Young High Spender,Upsell premium services
28,Other,Jaipur,Apple,Android,3.6,1.7,135.6,139,5.7,7333,5.0,2.7,1189,Social Media,2,8522,Young High Spender,Upsell premium services
26,Female,Mumbai,Google Pixel,iOS,4.5,48.2,286.0,65,5.8,8086,5.6,1.0,1476,Education,2,9562,Young High Spender,Upsell premium services
26,Male,Chennai,Apple,iOS,4.5,9.3,205.4,123,3.6,6790,2.6,1.7,1786,Gaming,2,8576,Young High Spender,Upsell premium services
48,Female,Jaipur,Oppo,Android,7.5,29.0,293.6,119,5.7,6084,4.8,4.2,1982,Entertainment,2,8066,Young High Spender,Upsell premium services
54,Female,Chennai,Samsung,Android,5.7,19.8,56.1,93,4.0,7680,5.1,0.9,1178,Work,2,8858,Young High Spender,Upsell premium services
53,Male,Bangalore,Apple,iOS,5.0,10.6,289.0,53,5.2,9760,0.6,0.9,1297,Work,2,11057,Young High Spender,Upsell premium services
22,Other,Ahmedabad,OnePlus,Android,2.5,31.4,146.6,92,2.8,7251,5.9,2.4,1798,Social Media,2,9049,Young High Spender,Upsell premium services
20,Male,Ahmedabad,Nokia,Android,6.9,36.3,131.1,87,5.1,6510,1.6,1.4,820,Gaming,2,7330,Young High Spender,Upsell premium services
32,Male,Delhi,Motorola,iOS,10.0,18.8,293.9,67,4.9,4657,7.5,3.7,458,Gaming,2,5115,Young High Spender,Upsell premium services
34,Male,Mumbai,Xiaomi,iOS,2.0,9.8,186.7,104,3.2,8029,4.5,1.7,509,Work,2,8538,Young High Spender,Upsell premium services
44,Male,Bangalore,OnePlus,iOS,6.3,48.6,85.4,84,4.7,9262,4.8,0.0,1017,Education,2,10279,Young High Spender,Upsell premium services
16,Other,Jaipur,Oppo,Android,7.7,17.2,89.6,100,2.6,9060,5.9,2.8,1489,Social Media,2,10549,Young High Spender,Upsell premium services
32,Male,Delhi,Oppo,Android,4.8,28.9,144.2,136,3.4,8781,6.4,4.3,695,Entertainment,2,9476,Young High Spender,Upsell premium services
24,Other,Hyderabad,Samsung,Android,10.5,42.6,149.9,27,5.3,7992,6.8,1.2,1070,Entertainment,2,9062,Young High Spender,Upsell premium services
29,Other,Delhi,Realme,Android,7.9,43.8,12.1,33,5.5,7508,2.8,2.2,1246,Entertainment,2,8754,Young High Spender,Upsell premium services
45,Female,Chennai,Motorola,Android,10.7,38.3,273.3,143,5.3,5164,4.5,0.8,347,Social Media,2,5511,Young High Spender,Upsell premium services
32,Other,Jaipur,Realme,iOS,3.8,17.0,47.7,22,5.9,3277,3.8,0.9,1071,Work,2,4348,Young High Spender,Upsell premium services
46,Female,Bangalore,Vivo,iOS,6.1,49.0,45.6,152,5.6,8754,1.5,0.0,852,Work,2,9606,Young High Spender,Upsell premium services
17,Male,Mumbai,Motorola,Android,7.7,22.5,155.7,195,4.4,5952,3.4,1.2,1680,Gaming,2,7632,Young High Spender,Upsell premium services
49,Other,Ahmedabad,Xiaomi,Android,5.6,43.3,248.9,156,5.1,8227,7.9,1.6,107,Education,2,8334,Young High Spender,Upsell premium services
37,Other,Kolkata,Realme,iOS,7.7,26.5,168.1,148,4.5,7202,4.6,1.0,277,Entertainment,2,7479,Young High Spender,Upsell premium services
16,Female,Jaipur,Realme,iOS,2.9,18.1,204.9,121,5.8,9043,6.6,2.5,1238,Social Media,2,10281,Young High Spender,Upsell premium services
19,Female,Bangalore,Motorola,Android,10.4,9.7,147.5,13,5.2,8676,0.9,3.3,1354,Work,2,10030,Young High Spender,Upsell premium services
45,Female,Lucknow,OnePlus,Android,9.0,33.4,232.6,43,5.8,8450,3.2,1.2,1926,Social Media,2,10376,Young High Spender,Upsell premium services
41,Female,Pune,Google Pixel,Android,3.1,22.9,193.5,68,4.0,8829,2.7,0.6,1056,Work,2,9885,Young High Spender,Upsell premium services
41,Male,Delhi,Apple,iOS,4.4,40.6,192.6,32,4.6,6049,6.4,0.4,794,Work,2,6843,Young High Spender,Upsell premium services
17,Male,Bangalore,Vivo,iOS,6.3,46.3,230.1,36,5.2,9273,0.6,2.9,1470,Entertainment,2,10743,Young High Spender,Upsell premium services
32,Male,Bangalore,Apple,iOS,4.0,33.8,75.9,40,5.1,3979,3.1,4.9,129,Education,2,4108,Young High Spender,Upsell premium services
34,Male,Bangalore,Samsung,Android,10.6,23.4,23.8,200,5.9,9951,3.6,3.2,1667,Gaming,2,11618,Young High Spender,Upsell premium services
27,Male,Pune,OnePlus,iOS,5.9,28.5,143.1,105,5.9,8821,5.3,0.9,713,Social Media,2,9534,Young High Spender,Upsell premium services
34,Male,Bangalore,Samsung,iOS,6.6,8.9,130.3,80,3.8,5069,7.5,1.7,1480,Entertainment,2,6549,Young High Spender,Upsell premium services
59,Other,Pune,Xiaomi,iOS,1.0,14.6,20.5,37,5.8,6072,6.6,0.1,298,Work,2,6370,Young High Spender,Upsell premium services
33,Female,Jaipur,Realme,iOS,8.9,25.0,76.9,184,5.3,8752,4.9,0.6,284,Work,2,9036,Young High Spender,Upsell premium services
36,Other,Bangalore,Oppo,Android,11.6,18.8,281.5,113,3.7,5780,7.9,3.0,1470,Gaming,2,7250,Young High Spender,Upsell premium services
22,Female,Ahmedabad,Samsung,iOS,2.0,8.3,98.9,38,5.2,6766,0.6,4.7,1875,Work,2,8641,Young High Spender,Upsell premium services
17,Other,Jaipur,OnePlus,iOS,3.7,38.0,223.5,72,5.3,9807,6.4,3.0,221,Entertainment,2,10028,Young High Spender,Upsell premium services
25,Other,Jaipur,Vivo,iOS,8.3,21.5,67.3,137,3.4,7462,5.4,3.6,578,Gaming,2,8040,Young High Spender,Upsell premium services
31,Female,Kolkata,Oppo,Android,11.3,26.9,262.9,18,3.8,6539,2.5,3.8,651,Entertainment,2,7190,Young High Spender,Upsell premium services
34,Other,Chennai,OnePlus,Android,1.3,25.9,264.7,198,4.7,5203,2.0,4.0,985,Work,2,6188,Young High Spender,Upsell premium services
25,Other,Chennai,Oppo,Android,2.5,31.4,108.0,119,3.9,6142,4.4,3.8,1892,Work,2,8034,Young High Spender,Upsell premium services
43,Other,Lucknow,Nokia,Android,7.8,39.2,186.3,184,4.1,7681,3.3,0.0,1903,Entertainment,2,9584,Young High Spender,Upsell premium services
39,Other,Lucknow,Nokia,Android,10.8,13.0,139.9,167,5.8,5975,6.5,2.3,537,Education,2,6512,Young High Spender,Upsell premium services
28,Female,Mumbai,Google Pixel,Android,5.3,21.9,46.7,127,5.1,6028,2.9,4.2,1607,Work,2,7635,Young High Spender,Upsell premium services
24,Other,Mumbai,Xiaomi,iOS,6.5,32.7,169.9,28,5.2,6463,1.7,0.9,442,Gaming,2,6905,Young High Spender,Upsell premium services
21,Other,Chennai,Vivo,Android,8.0,6.6,118.1,135,5.9,9405,4.9,3.1,969,Work,2,10374,Young High Spender,Upsell premium services
51,Other,Delhi,Oppo,iOS,6.2,18.6,6.3,62,5.4,7964,4.0,1.2,1625,Work,2,9589,Young High Spender,Upsell premium services
39,Other,Pune,Vivo,Android,1.0,32.8,281.6,69,4.7,4832,6.3,4.4,501,Education,2,5333,Young High Spender,Upsell premium services
41,Female,Jaipur,Realme,iOS,11.8,31.2,21.2,171,4.8,6878,3.7,1.7,1393,Education,2,8271,Young High Spender,Upsell premium services
26,Female,Hyderabad,Nokia,iOS,3.3,3.9,164.0,70,5.6,4924,1.3,2.9,330,Gaming,2,5254,Young High Spender,Upsell premium services
49,Other,Delhi,Google Pixel,Android,1.2,38.1,34.4,158,3.4,6673,4.6,4.4,838,Social Media,2,7511,Young High Spender,Upsell premium services
28,Female,Mumbai,Nokia,iOS,4.8,7.8,149.3,168,4.4,9597,1.6,1.5,769,Work,2,10366,Young High Spender,Upsell premium services
57,Male,Lucknow,Motorola,Android,1.1,25.8,104.0,42,5.8,6986,4.4,2.9,435,Gaming,2,7421,Young High Spender,Upsell premium services
35,Female,Bangalore,Samsung,Android,2.7,16.5,69.4,75,4.3,5733,3.5,1.8,1886,Entertainment,2,7619,Young High Spender,Upsell premium services
16,Male,Lucknow,Xiaomi,iOS,10.8,15.8,152.6,71,4.9,7156,7.6,2.1,1750,Work,2,8906,Young High Spender,Upsell premium services
17,Other,Mumbai,Apple,Android,3.7,37.2,45.1,195,4.9,5732,2.0,2.7,1719,Work,2,7451,Young High Spender,Upsell premium services
53,Female,Hyderabad,Samsung,Android,6.7,21.2,112.0,125,4.1,7590,4.8,4.0,1713,Social Media,2,9303,Young High Spender,Upsell premium services
35,Female,Jaipur,Apple,Android,9.4,42.6,81.6,51,5.0,5578,5.9,3.0,1319,Entertainment,2,6897,Young High Spender,Upsell premium services
60,Female,Lucknow,Realme,iOS,6.5,26.1,64.1,184,4.6,8811,0.8,2.1,802,Social Media,2,9613,Young High Spender,Upsell premium services
57,Female,Lucknow,Apple,iOS,5.0,46.9,61.7,14,5.1,9017,1.0,4.5,580,Social Media,2,9597,Young High Spender,Upsell premium services
44,Male,Chennai,Nokia,Android,5.4,23.0,125.6,92,3.8,9719,0.6,3.8,481,Social Media,2,10200,Young High Spender,Upsell premium services
38,Other,Hyderabad,OnePlus,Android,8.6,34.4,88.5,20,5.3,4612,7.4,5.0,504,Gaming,2,5116,Young High Spender,Upsell premium services
28,Other,Kolkata,Realme,iOS,3.5,4.7,258.0,97,4.0,7778,3.6,3.7,1215,Social Media,2,8993,Young High Spender,Upsell premium services
17,Female,Bangalore,Vivo,iOS,1.2,15.4,82.1,176,5.7,6196,7.3,0.2,367,Work,2,6563,Young High Spender,Upsell premium services
55,Other,Ahmedabad,Realme,iOS,3.5,27.2,115.7,79,4.8,6835,0.7,0.1,1536,Gaming,2,8371,Young High Spender,Upsell premium services
51,Other,Delhi,OnePlus,Android,1.7,31.2,246.5,110,3.8,7650,4.1,3.2,1577,Entertainment,2,9227,Young High Spender,Upsell premium services
48,Other,Kolkata,Realme,iOS,3.6,32.8,157.9,105,5.2,5132,5.1,4.7,729,Entertainment,2,5861,Young High Spender,Upsell premium services
58,Male,Ahmedabad,Oppo,Android,7.9,49.8,260.1,144,4.3,7819,4.5,4.7,656,Work,2,8475,Young High Spender,Upsell premium services
33,Male,Bangalore,Samsung,Android,5.6,3.6,106.6,50,4.2,7896,4.2,4.7,1844,Education,2,9740,Young High Spender,Upsell premium services
17,Female,Bangalore,Vivo,iOS,5.2,34.5,12.2,83,5.3,9148,2.7,1.7,320,Education,2,9468,Young High Spender,Upsell premium services
23,Other,Lucknow,Apple,Android,11.1,43.4,216.0,52,4.2,8809,0.7,4.4,1637,Work,2,10446,Young High Spender,Upsell premium services
47,Other,Bangalore,Apple,iOS,11.2,10.9,132.3,105,4.1,8929,4.9,3.9,464,Gaming,2,9393,Young High Spender,Upsell premium services
54,Other,Ahmedabad,Samsung,Android,8.0,31.8,274.4,111,5.4,8713,3.7,0.2,366,Education,2,9079,Young High Spender,Upsell premium services
19,Female,Jaipur,Vivo,iOS,7.5,20.3,150.6,151,4.2,9819,6.1,2.0,1544,Entertainment,2,11363,Young High Spender,Upsell premium services
48,Male,Ahmedabad,Apple,Android,1.6,10.0,219.5,125,4.4,7046,1.9,2.8,248,Gaming,2,7294,Young High Spender,Upsell premium services
51,Female,Mumbai,Xiaomi,Android,6.2,9.3,50.0,155,4.0,8909,8.0,4.6,788,Social Media,2,9697,Young High Spender,Upsell premium services
54,Male,Bangalore,Xiaomi,iOS,10.8,15.2,232.8,63,4.9,6930,3.6,2.6,889,Education,2,7819,Young High Spender,Upsell premium services
25,Male,Chennai,Oppo,iOS,8.8,4.4,166.5,146,3.1,6895,1.7,0.7,456,Education,2,7351,Young High Spender,Upsell premium services
16,Other,Jaipur,Nokia,iOS,5.3,23.2,62.4,52,5.8,9084,7.8,2.8,1512,Education,2,10596,Young High Spender,Upsell premium services
19,Female,Jaipur,Vivo,Android,9.3,17.1,72.2,200,3.3,7866,7.2,3.8,325,Gaming,2,8191,Young High Spender,Upsell premium services
52,Female,Mumbai,Motorola,Android,10.9,43.9,197.1,185,4.5,8309,5.5,4.9,1652,Education,2,9961,Young High Spender,Upsell premium services
41,Female,Pune,Realme,iOS,10.3,3.2,147.1,145,5.8,8725,1.2,2.7,1319,Work,2,10044,Young High Spender,Upsell premium services
39,Other,Delhi,Apple,Android,9.3,16.0,207.4,186,4.6,9904,1.7,3.1,1387,Education,2,11291,Young High Spender,Upsell premium services
34,Male,Mumbai,Vivo,iOS,10.0,48.3,98.8,105,5.2,3650,6.8,2.5,1804,Gaming,2,5454,Young High Spender,Upsell premium services
28,Other,Bangalore,Samsung,iOS,2.1,21.8,295.0,30,5.1,8167,7.1,3.7,736,Gaming,2,8903,Young High Spender,Upsell premium services
50,Other,Jaipur,Motorola,Android,7.2,23.8,159.2,89,5.4,7328,2.4,2.2,1314,Entertainment,2,8642,Young High Spender,Upsell premium services
46,Other,Kolkata,Xiaomi,iOS,3.0,38.4,95.8,29,4.5,5394,4.6,3.5,536,Gaming,2,5930,Young High Spender,Upsell premium services
28,Male,Mumbai,Realme,iOS,7.0,4.0,27.6,139,5.5,3008,7.3,0.7,834,Social Media,2,3842,Young High Spender,Upsell premium services
34,Female,Mumbai,Samsung,iOS,4.8,28.6,10.3,59,3.8,9978,7.9,4.8,607,Work,2,10585,Young High Spender,Upsell premium services
43,Male,Hyderabad,Apple,iOS,11.4,38.1,117.6,12,5.3,8131,7.4,3.7,1577,Entertainment,2,9708,Young High Spender,Upsell premium services
26,Other,Ahmedabad,Vivo,iOS,3.7,47.0,98.8,50,3.2,9698,3.1,2.9,1704,Entertainment,2,11402,Young High Spender,Upsell premium services
22,Male,Chennai,Nokia,Android,10.4,35.3,196.2,157,5.8,7429,5.4,0.7,374,Gaming,2,7803,Young High Spender,Upsell premium services
15,Male,Lucknow,Motorola,Android,7.9,38.1,233.3,87,3.4,9961,4.3,3.6,910,Gaming,2,10871,Young High Spender,Upsell premium services
46,Other,Ahmedabad,Oppo,Android,9.7,32.2,292.5,70,4.4,9880,5.8,4.7,1805,Social Media,2,11685,Young High Spender,Upsell premium services
31,Male,Bangalore,Google Pixel,iOS,10.3,41.4,137.4,71,4.1,9800,2.4,3.5,514,Education,2,10314,Young High Spender,Upsell premium services
28,Female,Lucknow,Vivo,iOS,6.7,9.1,48.4,192,5.7,4673,8.0,1.2,1909,Social Media,2,6582,Young High Spender,Upsell premium services
19,Female,Ahmedabad,Nokia,iOS,11.0,21.0,9.9,27,6.0,4140,3.6,3.2,727,Entertainment,2,4867,Young High Spender,Upsell premium services
46,Other,Mumbai,Vivo,Android,8.2,10.0,19.3,129,3.5,5901,7.3,3.5,186,Social Media,2,6087,Young High Spender,Upsell premium services
33,Male,Jaipur,Apple,Android,8.5,28.7,69.4,178,4.9,6420,2.4,1.3,539,Entertainment,2,6959,Young High Spender,Upsell premium services
28,Other,Hyderabad,Samsung,Android,3.3,34.9,146.0,88,4.1,9581,5.2,0.3,1500,Work,2,11081,Young High Spender,Upsell premium services
25,Female,Bangalore,Apple,Android,7.5,16.3,102.4,50,4.9,9976,6.4,3.2,947,Social Media,2,10923,Young High Spender,Upsell premium services
37,Male,Lucknow,Oppo,iOS,6.9,15.6,58.5,55,3.9,9361,1.8,5.0,1685,Work,2,11046,Young High Spender,Upsell premium services
48,Male,Pune,Google Pixel,Android,6.0,23.7,71.1,95,5.8,4832,5.8,4.9,1908,Work,2,6740,Young High Spender,Upsell premium services
42,Other,Kolkata,Nokia,iOS,1.8,40.1,148.5,122,5.7,6700,2.3,2.6,111,Work,2,6811,Young High Spender,Upsell premium services
37,Female,Chennai,Nokia,Android,1.0,5.8,119.8,49,4.6,4469,3.1,2.1,1619,Work,2,6088,Young High Spender,Upsell premium services
47,Male,Delhi,Realme,Android,8.4,5.8,113.6,133,4.2,8768,4.5,0.7,1186,Entertainment,2,9954,Young High Spender,Upsell premium services
22,Other,Lucknow,Xiaomi,iOS,10.3,45.6,154.7,91,5.3,4623,7.6,3.1,1617,Work,2,6240,Young High Spender,Upsell premium services
42,Male,Delhi,Realme,iOS,7.5,41.7,151.6,115,4.8,8463,7.6,1.0,1078,Entertainment,2,9541,Young High Spender,Upsell premium services
34,Female,Jaipur,Motorola,Android,3.2,31.3,115.8,179,5.5,7969,4.5,3.1,1604,Education,2,9573,Young High Spender,Upsell premium services
37,Female,Delhi,Google Pixel,Android,7.8,9.6,49.2,166,5.9,8100,4.7,2.3,1377,Entertainment,2,9477,Young High Spender,Upsell premium services
23,Other,Hyderabad,Google Pixel,iOS,4.5,38.3,43.8,58,2.9,6741,4.0,2.6,1849,Entertainment,2,8590,Young High Spender,Upsell premium services
20,Other,Chennai,Realme,Android,8.1,36.9,118.4,179,4.8,7751,6.5,2.6,512,Work,2,8263,Young High Spender,Upsell premium services
15,Other,Hyderabad,OnePlus,iOS,4.9,2.1,98.3,185,4.4,7792,4.0,0.9,1103,Social Media,2,8895,Young High Spender,Upsell premium services
17,Female,Lucknow,Realme,Android,3.9,46.3,74.4,53,5.8,6009,2.8,2.0,190,Gaming,2,6199,Young High Spender,Upsell premium services
17,Female,Hyderabad,Apple,iOS,4.4,40.6,39.0,131,5.1,7002,2.5,2.4,792,Entertainment,2,7794,Young High Spender,Upsell premium services
15,Male,Kolkata,Apple,iOS,11.9,38.7,262.5,119,5.5,7545,0.8,2.6,1316,Work,2,8861,Young High Spender,Upsell premium services
30,Male,Bangalore,Google Pixel,iOS,2.0,4.0,197.3,78,3.5,6966,2.2,0.3,1991,Entertainment,2,8957,Young High Spender,Upsell premium services
16,Female,Hyderabad,Xiaomi,iOS,10.2,30.4,132.6,89,5.2,9643,1.9,3.8,921,Work,2,10564,Young High Spender,Upsell premium services
31,Female,Mumbai,Vivo,iOS,10.2,49.8,94.8,35,4.8,6737,6.4,0.5,1246,Social Media,2,7983,Young High Spender,Upsell premium services
39,Male,Pune,Oppo,iOS,6.5,43.8,216.1,76,5.0,5320,7.2,3.2,891,Gaming,2,6211,Young High Spender,Upsell premium services
43,Female,Ahmedabad,Oppo,iOS,4.1,20.5,49.8,95,4.1,7101,1.1,4.2,910,Gaming,2,8011,Young High Spender,Upsell premium services
46,Female,Chennai,Oppo,iOS,5.6,31.8,150.4,73,3.7,9889,5.9,1.3,1652,Entertainment,2,11541,Young High Spender,Upsell premium services
52,Female,Bangalore,OnePlus,Android,5.8,30.0,94.6,38,3.6,8610,4.4,3.9,235,Social Media,2,8845,Young High Spender,Upsell premium services
18,Female,Ahmedabad,Xiaomi,iOS,9.9,17.2,164.4,21,3.3,7649,3.5,0.0,560,Gaming,2,8209,Young High Spender,Upsell premium services
57,Other,Mumbai,Motorola,iOS,5.1,48.8,254.8,23,5.0,7113,4.3,3.2,883,Education,2,7996,Young High Spender,Upsell premium services
26,Male,Lucknow,Realme,Android,10.0,15.0,21.7,94,5.6,8932,7.0,5.0,559,Work,2,9491,Young High Spender,Upsell premium services
22,Other,Bangalore,Apple,iOS,5.0,48.6,214.5,176,3.7,7430,4.7,0.4,1581,Work,2,9011,Young High Spender,Upsell premium services
36,Other,Chennai,Samsung,Android,2.6,7.8,90.3,144,4.3,4303,5.4,4.2,1030,Entertainment,2,5333,Young High Spender,Upsell premium services
41,Male,Hyderabad,Vivo,Android,9.1,14.9,299.8,183,4.7,7108,1.6,1.4,1384,Social Media,2,8492,Young High Spender,Upsell premium services
32,Male,Jaipur,Google Pixel,iOS,8.7,49.4,247.8,47,5.8,3152,2.7,3.7,1787,Education,2,4939,Young High Spender,Upsell premium services
48,Female,Delhi,Nokia,Android,11.6,43.9,120.9,133,5.0,7294,6.6,3.9,316,Entertainment,2,7610,Young High Spender,Upsell premium services
24,Female,Mumbai,Google Pixel,Android,2.4,22.2,173.2,83,3.9,8518,7.5,0.8,702,Social Media,2,9220,Young High Spender,Upsell premium services
43,Other,Pune,Apple,iOS,1.4,45.2,133.9,170,5.6,7959,3.9,1.0,345,Social Media,2,8304,Young High Spender,Upsell premium services
30,Male,Mumbai,Vivo,Android,1.0,25.0,19.4,14,4.2,5020,6.4,3.5,1062,Education,2,6082,Young High Spender,Upsell premium services
52,Other,Chennai,Vivo,iOS,9.0,9.6,53.7,157,5.3,9817,3.7,2.9,1147,Education,2,10964,Young High Spender,Upsell premium services
48,Female,Mumbai,Vivo,Android,11.2,22.2,244.9,182,3.8,6743,4.6,0.7,743,Entertainment,2,7486,Young High Spender,Upsell premium services
29,Male,Jaipur,OnePlus,Android,2.4,15.1,226.9,14,3.6,9208,7.5,4.3,1505,Education,2,10713,Young High Spender,Upsell premium services
31,Other,Delhi,Oppo,iOS,8.0,47.8,293.1,78,6.0,3735,1.2,1.6,558,Work,2,4293,Young High Spender,Upsell premium services
54,Other,Delhi,Vivo,Android,7.2,29.8,273.1,79,5.1,9008,4.9,4.1,842,Gaming,2,9850,Young High Spender,Upsell premium services
28,Other,Kolkata,Samsung,iOS,6.3,43.9,178.5,67,4.1,7812,3.9,0.9,980,Education,2,8792,Young High Spender,Upsell premium services
45,Female,Chennai,Realme,iOS,10.0,10.7,155.5,196,5.7,6790,1.6,3.4,1353,Social Media,2,8143,Young High Spender,Upsell premium services
56,Male,Ahmedabad,Samsung,iOS,10.6,13.2,66.5,193,5.3,6777,1.5,4.3,266,Gaming,2,7043,Young High Spender,Upsell premium services
53,Other,Lucknow,Motorola,iOS,1.3,22.1,193.9,175,5.7,5583,7.3,4.2,132,Education,2,5715,Young High Spender,Upsell premium services
47,Male,Delhi,Xiaomi,Android,6.1,35.4,210.3,80,5.5,8579,6.4,1.5,1372,Work,2,9951,Young High Spender,Upsell premium services
45,Other,Bangalore,Realme,Android,4.2,16.5,249.8,107,5.2,9950,1.3,1.4,1092,Education,2,11042,Young High Spender,Upsell premium services
26,Male,Ahmedabad,Xiaomi,iOS,9.9,13.5,118.1,197,5.4,5460,7.5,0.4,1121,Entertainment,2,6581,Young High Spender,Upsell premium services
39,Other,Kolkata,Vivo,iOS,5.0,28.7,205.5,109,3.8,6947,4.4,1.5,284,Education,2,7231,Young High Spender,Upsell premium services
21,Other,Mumbai,Samsung,Android,8.6,39.9,183.2,156,3.0,9700,6.6,1.1,856,Social Media,2,10556,Young High Spender,Upsell premium services
60,Other,Lucknow,Realme,iOS,11.8,46.3,141.7,37,3.8,8939,4.1,1.7,1340,Gaming,2,10279,Young High Spender,Upsell premium services
37,Female,Jaipur,Samsung,Android,1.1,18.8,151.0,142,4.6,7580,0.8,0.2,1770,Work,2,9350,Young High Spender,Upsell premium services
16,Male,Hyderabad,OnePlus,iOS,4.8,48.7,25.1,176,2.7,9542,1.7,2.1,779,Social Media,2,10321,Young High Spender,Upsell premium services
28,Male,Mumbai,Apple,iOS,6.8,44.6,192.9,152,5.9,7163,2.7,4.9,1922,Gaming,2,9085,Young High Spender,Upsell premium services
27,Female,Kolkata,Oppo,iOS,2.1,30.5,220.3,29,5.8,6356,5.1,3.7,647,Education,2,7003,Young High Spender,Upsell premium services
55,Female,Mumbai,Apple,iOS,8.7,47.2,203.6,44,4.6,8287,4.3,0.4,1321,Education,2,9608,Young High Spender,Upsell premium services
32,Other,Lucknow,Vivo,iOS,3.3,31.6,223.9,163,4.2,8962,5.2,4.8,725,Social Media,2,9687,Young High Spender,Upsell premium services
31,Male,Lucknow,Nokia,iOS,2.2,36.4,131.7,17,4.2,4928,2.3,3.0,1919,Education,2,6847,Young High Spender,Upsell premium services
36,Female,Lucknow,Oppo,iOS,7.4,34.7,172.7,55,4.4,7059,3.8,3.8,587,Work,2,7646,Young High Spender,Upsell premium services
35,Male,Hyderabad,Samsung,iOS,10.8,3.8,104.8,21,5.3,5992,7.8,0.1,1143,Social Media,2,7135,Young High Spender,Upsell premium services
23,Female,Bangalore,Samsung,Android,7.3,34.4,196.1,124,5.8,9176,4.7,1.6,389,Social Media,2,9565,Young High Spender,Upsell premium services
24,Female,Pune,Vivo,iOS,9.3,42.9,82.2,98,4.7,7633,7.4,1.1,1558,Education,2,9191,Young High Spender,Upsell premium services
21,Female,Pune,Google Pixel,iOS,3.2,47.7,45.8,147,2.9,7930,2.3,5.0,489,Entertainment,2,8419,Young High Spender,Upsell premium services
60,Other,Kolkata,Xiaomi,Android,4.5,9.0,120.9,31,3.9,7954,4.2,2.3,1550,Social Media,2,9504,Young High Spender,Upsell premium services
24,Other,Bangalore,Vivo,Android,1.6,40.8,8.7,192,4.4,5089,3.3,0.1,1149,Education,2,6238,Young High Spender,Upsell premium services
38,Other,Chennai,Nokia,Android,10.4,31.6,252.5,15,5.1,8503,4.0,4.8,1584,Education,2,10087,Young High Spender,Upsell premium services
36,Other,Hyderabad,Google Pixel,iOS,2.8,48.6,60.4,107,3.2,6292,3.3,4.1,1552,Entertainment,2,7844,Young High Spender,Upsell premium services
39,Female,Lucknow,Apple,iOS,4.1,8.9,24.5,83,5.1,3866,2.1,2.1,741,Social Media,2,4607,Young High Spender,Upsell premium services
48,Other,Delhi,Google Pixel,Android,10.0,1.0,223.5,91,4.9,5430,2.3,2.8,1750,Work,2,7180,Young High Spender,Upsell premium services
29,Other,Pune,Samsung,Android,6.5,26.3,224.9,155,5.3,6590,0.7,3.4,1518,Education,2,8108,Young High Spender,Upsell premium services
35,Female,Pune,OnePlus,iOS,11.2,48.9,114.4,195,5.4,8588,4.2,0.2,1913,Social Media,2,10501,Young High Spender,Upsell premium services
42,Male,Pune,Nokia,iOS,1.6,44.2,65.7,148,5.6,6678,3.7,4.1,404,Entertainment,2,7082,Young High Spender,Upsell premium services
49,Female,Jaipur,Samsung,Android,2.0,21.7,74.9,118,5.5,5716,4.7,4.5,293,Work,2,6009,Young High Spender,Upsell premium services
57,Male,Bangalore,Google Pixel,iOS,8.0,32.9,158.2,164,4.7,8387,7.6,4.2,1564,Social Media,2,9951,Young High Spender,Upsell premium services
25,Other,Pune,Oppo,Android,3.3,37.0,196.4,96,5.6,6035,6.9,2.2,1499,Work,2,7534,Young High Spender,Upsell premium services
20,Male,Jaipur,OnePlus,Android,6.2,17.8,31.0,134,5.9,9418,5.4,4.1,336,Education,2,9754,Young High Spender,Upsell premium services
22,Other,Jaipur,Motorola,iOS,2.7,6.0,23.4,37,5.4,7079,6.6,4.0,355,Entertainment,2,7434,Young High Spender,Upsell premium services
50,Female,Hyderabad,Oppo,Android,1.6,4.8,37.1,37,5.2,8970,7.5,3.1,1659,Education,2,10629,Young High Spender,Upsell premium services
22,Other,Delhi,Vivo,Android,3.5,38.2,93.0,143,4.0,8436,1.2,1.8,1828,Social Media,2,10264,Young High Spender,Upsell premium services
20,Other,Hyderabad,Samsung,iOS,3.7,8.7,127.8,63,4.5,6287,7.6,1.3,1586,Work,2,7873,Young High Spender,Upsell premium services
29,Male,Mumbai,Samsung,Android,3.6,21.7,220.0,77,5.6,3725,1.1,3.3,1370,Social Media,2,5095,Young High Spender,Upsell premium services
35,Female,Kolkata,Apple,Android,9.4,47.6,196.5,14,5.2,5095,2.4,4.5,478,Education,2,5573,Young High Spender,Upsell premium services
31,Female,Jaipur,Nokia,iOS,4.8,23.3,25.6,50,5.8,9743,7.3,1.2,991,Social Media,2,10734,Young High Spender,Upsell premium services
36,Male,Jaipur,Google Pixel,iOS,2.3,37.0,32.6,114,5.1,8381,7.1,0.7,579,Entertainment,2,8960,Young High Spender,Upsell premium services
40,Male,Hyderabad,Google Pixel,iOS,9.8,8.7,105.9,15,4.5,5707,3.5,0.7,961,Gaming,2,6668,Young High Spender,Upsell premium services
57,Male,Jaipur,Apple,Android,7.6,8.6,99.9,70,5.9,6444,2.0,0.3,264,Entertainment,2,6708,Young High Spender,Upsell premium services
28,Male,Pune,Oppo,iOS,6.4,10.2,10.1,32,4.6,8954,0.6,0.4,362,Gaming,2,9316,Young High Spender,Upsell premium services
36,Female,Pune,Xiaomi,Android,8.6,29.9,112.4,171,4.1,4713,0.7,1.1,1142,Gaming,2,5855,Young High Spender,Upsell premium services
56,Male,Bangalore,Realme,iOS,4.7,11.2,213.8,110,5.4,8085,5.1,0.2,844,Gaming,2,8929,Young High Spender,Upsell premium services
43,Male,Mumbai,Oppo,Android,11.6,49.8,176.5,77,5.8,9695,1.4,0.5,1338,Entertainment,2,11033,Young High Spender,Upsell premium services
21,Other,Chennai,Nokia,iOS,5.2,43.0,111.1,128,5.1,5128,3.4,1.4,333,Education,2,5461,Young High Spender,Upsell premium services
30,Female,Bangalore,Motorola,iOS,8.3,7.3,239.6,182,4.6,9869,5.9,3.1,1616,Entertainment,2,11485,Young High Spender,Upsell premium services
49,Other,Kolkata,OnePlus,iOS,2.1,28.0,25.3,159,5.1,6370,0.9,4.7,829,Entertainment,2,7199,Young High Spender,Upsell premium services
34,Other,Mumbai,OnePlus,iOS,11.2,45.9,212.7,19,5.7,6094,1.8,1.1,869,Education,2,6963,Young High Spender,Upsell premium services
17,Female,Hyderabad,Motorola,Android,10.8,15.9,183.7,17,5.5,6626,2.0,2.5,1192,Social Media,2,7818,Young High Spender,Upsell premium services
45,Female,Ahmedabad,Vivo,iOS,9.6,49.8,137.4,150,5.3,7301,5.6,4.8,463,Gaming,2,7764,Young High Spender,Upsell premium services
18,Male,Jaipur,Oppo,iOS,2.8,33.0,270.5,134,4.5,6904,4.3,2.1,628,Education,2,7532,Young High Spender,Upsell premium services
51,Female,Jaipur,Motorola,Android,9.2,31.9,62.6,134,5.0,7586,0.7,0.4,1080,Education,2,8666,Young High Spender,Upsell premium services
22,Other,Kolkata,Realme,Android,8.9,48.4,141.3,178,4.0,6080,6.8,4.4,1888,Entertainment,2,7968,Young High Spender,Upsell premium services
45,Female,Mumbai,Oppo,Android,8.8,6.9,41.1,76,3.9,5564,2.5,4.2,855,Entertainment,2,6419,Young High Spender,Upsell premium services
38,Male,Bangalore,Google Pixel,iOS,8.7,21.3,84.7,163,3.3,9616,1.4,2.5,1030,Education,2,10646,Young High Spender,Upsell premium services
42,Male,Mumbai,Nokia,Android,10.0,40.7,239.9,43,4.5,7290,7.8,2.8,1092,Gaming,2,8382,Young High Spender,Upsell premium services
32,Other,Jaipur,Vivo,iOS,1.3,15.8,203.2,81,3.2,6358,5.2,4.3,1418,Entertainment,2,7776,Young High Spender,Upsell premium services
29,Female,Mumbai,Nokia,iOS,4.5,8.5,8.5,175,5.9,5866,6.3,3.1,1364,Social Media,2,7230,Young High Spender,Upsell premium services
41,Other,Mumbai,Vivo,iOS,2.5,32.5,52.8,195,4.7,4474,1.7,4.1,1127,Work,2,5601,Young High Spender,Upsell premium services
33,Other,Lucknow,Apple,Android,7.9,41.8,7.0,149,4.3,9077,5.7,3.5,1116,Gaming,2,10193,Young High Spender,Upsell premium services
21,Other,Hyderabad,Apple,iOS,3.1,2.4,133.1,75,3.9,9380,1.8,2.1,1166,Work,2,10546,Young High Spender,Upsell premium services
47,Male,Bangalore,Samsung,iOS,3.3,8.8,149.2,49,4.2,9674,5.5,2.9,196,Social Media,2,9870,Young High Spender,Upsell premium services
19,Male,Ahmedabad,Samsung,Android,2.5,33.2,274.1,166,5.4,7864,4.2,3.8,1929,Entertainment,2,9793,Young High Spender,Upsell premium services
25,Female,Pune,OnePlus,Android,5.7,30.8,21.0,47,4.7,4861,0.9,1.7,1591,Work,2,6452,Young High Spender,Upsell premium services
55,Other,Pune,Vivo,iOS,3.8,32.4,10.2,10,5.8,6699,1.4,4.6,274,Work,2,6973,Young High Spender,Upsell premium services
33,Other,Bangalore,Nokia,Android,10.4,44.2,107.2,92,4.6,4291,1.5,3.0,1334,Gaming,2,5625,Young High Spender,Upsell premium services
56,Female,Lucknow,OnePlus,Android,5.8,28.1,283.5,44,5.9,7584,2.9,3.9,849,Social Media,2,8433,Young High Spender,Upsell premium services
30,Female,Chennai,Xiaomi,Android,9.3,27.2,211.8,20,3.9,8931,4.1,0.5,1517,Work,2,10448,Young High Spender,Upsell premium services
51,Female,Kolkata,Xiaomi,Android,5.3,17.7,29.3,30,3.5,7416,5.0,4.3,1095,Education,2,8511,Young High Spender,Upsell premium services
60,Other,Hyderabad,Samsung,Android,10.5,15.2,214.1,183,6.0,8930,1.3,2.0,1739,Gaming,2,10669,Young High Spender,Upsell premium services
44,Female,Chennai,Google Pixel,iOS,3.2,8.5,118.7,153,4.3,5532,4.9,1.3,1382,Work,2,6914,Young High Spender,Upsell premium services
49,Male,Kolkata,Vivo,Android,3.2,3.2,83.7,92,5.4,7126,3.6,4.4,674,Social Media,2,7800,Young High Spender,Upsell premium services
24,Female,Chennai,Oppo,iOS,2.5,13.5,52.1,168,4.2,8962,1.0,1.2,1703,Social Media,2,10665,Young High Spender,Upsell premium services
50,Female,Hyderabad,Samsung,iOS,2.3,47.9,211.7,170,4.0,9188,3.0,0.4,861,Education,2,10049,Young High Spender,Upsell premium services
24,Male,Chennai,Motorola,Android,4.9,2.1,180.8,187,5.5,6808,1.5,2.8,1067,Work,2,7875,Young High Spender,Upsell premium services
21,Male,Hyderabad,Oppo,Android,2.2,32.2,58.2,28,2.9,8546,1.4,0.5,1024,Social Media,2,9570,Young High Spender,Upsell premium services
15,Male,Hyderabad,Xiaomi,iOS,2.8,6.8,67.3,17,5.2,4753,1.8,4.1,587,Social Media,2,5340,Young High Spender,Upsell premium services
25,Other,Delhi,Realme,Android,1.8,19.3,58.5,44,5.4,6949,0.8,1.0,869,Work,2,7818,Young High Spender,Upsell premium services
41,Male,Ahmedabad,Samsung,iOS,9.2,30.2,158.5,193,5.6,5521,6.4,1.3,264,Work,2,5785,Young High Spender,Upsell premium services
39,Male,Mumbai,Vivo,iOS,4.4,7.9,15.9,186,3.1,7979,4.7,1.1,1267,Gaming,2,9246,Young High Spender,Upsell premium services
37,Male,Delhi,Realme,Android,4.3,12.7,78.1,45,3.3,5796,0.7,1.6,1692,Social Media,2,7488,Young High Spender,Upsell premium services
52,Female,Chennai,Apple,Android,2.8,15.7,35.1,127,5.9,7545,7.0,2.9,882,Social Media,2,8427,Young High Spender,Upsell premium services
31,Female,Jaipur,Vivo,iOS,8.2,10.1,206.9,167,4.0,6772,2.9,2.1,456,Education,2,7228,Young High Spender,Upsell premium services
26,Other,Chennai,Xiaomi,iOS,7.2,4.3,22.9,166,5.9,4985,1.0,3.7,391,Gaming,2,5376,Young High Spender,Upsell premium services
44,Female,Chennai,OnePlus,Android,9.0,35.3,149.4,121,3.5,9749,3.2,4.4,1728,Gaming,2,11477,Young High Spender,Upsell premium services
16,Other,Bangalore,Xiaomi,Android,5.9,32.9,171.3,48,5.0,9315,1.5,2.3,815,Work,2,10130,Young High Spender,Upsell premium services
44,Male,Lucknow,Apple,iOS,9.3,11.0,48.5,63,5.8,6872,6.1,3.3,1404,Work,2,8276,Young High Spender,Upsell premium services
18,Female,Pune,Apple,iOS,2.7,25.1,210.2,98,4.7,9702,3.0,2.6,141,Education,2,9843,Young High Spender,Upsell premium services
52,Other,Pune,Realme,iOS,11.2,43.2,279.7,103,5.5,5961,3.3,3.5,750,Gaming,2,6711,Young High Spender,Upsell premium services
15,Female,Bangalore,Realme,Android,8.6,1.8,77.2,146,3.3,7151,3.3,4.1,348,Work,2,7499,Young High Spender,Upsell premium services
22,Male,Ahmedabad,Vivo,iOS,11.2,11.9,267.2,11,4.5,7424,1.5,2.7,355,Gaming,2,7779,Young High Spender,Upsell premium services
39,Male,Pune,Xiaomi,Android,6.4,6.7,159.9,130,5.5,5771,8.0,1.6,528,Entertainment,2,6299,Young High Spender,Upsell premium services
32,Male,Chennai,Xiaomi,Android,1.6,23.6,96.8,173,4.5,7497,1.8,2.9,713,Gaming,2,8210,Young High Spender,Upsell premium services
39,Other,Bangalore,Samsung,Android,7.3,2.4,279.3,111,5.1,5871,6.7,4.0,891,Education,2,6762,Young High Spender,Upsell premium services
20,Male,Kolkata,Samsung,Android,8.3,47.2,119.3,189,3.8,9586,4.8,1.8,1247,Education,2,10833,Young High Spender,Upsell premium services
42,Other,Lucknow,Samsung,Android,8.6,23.3,197.7,39,3.7,9289,6.1,3.4,1153,Social Media,2,10442,Young High Spender,Upsell premium services
53,Female,Mumbai,Xiaomi,Android,11.4,49.6,252.2,199,5.2,9919,7.0,0.9,1348,Social Media,2,11267,Young High Spender,Upsell premium services
29,Male,Pune,Xiaomi,Android,10.2,16.4,78.7,165,3.5,7897,2.5,1.9,280,Entertainment,2,8177,Young High Spender,Upsell premium services
28,Other,Mumbai,Oppo,iOS,4.1,31.7,160.5,111,5.5,8400,4.5,1.3,1414,Entertainment,2,9814,Young High Spender,Upsell premium services
31,Other,Pune,OnePlus,Android,7.7,13.1,227.4,12,5.2,4698,2.2,2.6,347,Social Media,2,5045,Young High Spender,Upsell premium services
44,Other,Pune,Motorola,Android,8.8,7.2,87.7,197,5.8,7613,3.1,4.2,1543,Gaming,2,9156,Young High Spender,Upsell premium services
23,Other,Ahmedabad,Vivo,iOS,9.7,14.8,68.9,139,3.4,9745,1.4,3.4,848,Work,2,10593,Young High Spender,Upsell premium services
21,Male,Pune,Realme,iOS,10.6,45.8,93.3,104,4.8,5046,7.0,1.7,523,Work,2,5569,Young High Spender,Upsell premium services
36,Female,Chennai,Apple,Android,8.7,49.3,231.5,77,3.8,9929,5.2,1.9,1491,Education,2,11420,Young High Spender,Upsell premium services
51,Female,Pune,Oppo,Android,1.2,35.0,43.1,191,4.3,6849,4.5,0.2,1639,Social Media,2,8488,Young High Spender,Upsell premium services
22,Other,Delhi,OnePlus,iOS,4.9,30.9,215.8,71,5.4,6750,4.4,1.3,421,Entertainment,2,7171,Young High Spender,Upsell premium services
60,Female,Kolkata,Vivo,iOS,9.7,6.5,70.5,98,5.8,6561,5.9,2.6,195,Gaming,2,6756,Young High Spender,Upsell premium services
21,Male,Jaipur,Motorola,iOS,11.2,19.2,97.0,165,3.3,8061,0.8,2.4,793,Social Media,2,8854,Young High Spender,Upsell premium services
39,Other,Kolkata,Oppo,iOS,4.1,31.1,5.8,129,3.7,7104,6.0,0.3,637,Social Media,2,7741,Young High Spender,Upsell premium services
55,Other,Bangalore,Realme,Android,9.7,32.0,203.4,113,3.9,8314,3.6,0.6,211,Social Media,2,8525,Young High Spender,Upsell premium services
36,Other,Mumbai,Xiaomi,iOS,10.2,19.5,18.8,141,4.8,3713,6.8,2.2,1648,Gaming,2,5361,Young High Spender,Upsell premium services
45,Other,Bangalore,Nokia,Android,5.0,4.0,179.4,21,5.6,9483,6.8,4.8,1041,Entertainment,2,10524,Young High Spender,Upsell premium services
46,Female,Ahmedabad,Realme,Android,7.0,48.5,297.6,157,3.7,9480,5.9,1.0,385,Education,2,9865,Young High Spender,Upsell premium services
29,Male,Lucknow,OnePlus,iOS,8.0,37.8,79.8,105,5.6,9216,7.5,0.7,475,Social Media,2,9691,Young High Spender,Upsell premium services
15,Female,Jaipur,Oppo,Android,9.0,48.2,236.6,40,3.0,8253,2.0,2.2,128,Social Media,2,8381,Young High Spender,Upsell premium services
59,Female,Hyderabad,Vivo,Android,8.0,9.3,57.6,37,4.1,8964,7.0,2.7,1904,Work,2,10868,Young High Spender,Upsell premium services
20,Female,Bangalore,Nokia,iOS,1.2,37.8,53.7,169,3.7,8228,4.7,3.0,838,Social Media,2,9066,Young High Spender,Upsell premium services
49,Female,Mumbai,OnePlus,iOS,1.7,48.0,101.0,82,5.1,7372,6.8,4.5,1978,Social Media,2,9350,Young High Spender,Upsell premium services
36,Female,Pune,Motorola,Android,9.5,35.7,236.4,104,4.6,4979,3.3,3.3,637,Work,2,5616,Young High Spender,Upsell premium services
34,Female,Bangalore,Google Pixel,iOS,3.3,5.1,184.4,74,4.1,9714,7.0,1.9,1398,Social Media,2,11112,Young High Spender,Upsell premium services
40,Female,Mumbai,Google Pixel,Android,6.7,48.5,109.5,58,3.5,7737,2.9,0.9,1391,Education,2,9128,Young High Spender,Upsell premium services
27,Other,Kolkata,Oppo,Android,8.2,41.3,57.8,28,5.6,3839,1.6,4.9,110,Work,2,3949,Young High Spender,Upsell premium services
40,Male,Mumbai,Realme,Android,7.2,26.4,33.7,176,6.0,8746,4.0,4.1,305,Gaming,2,9051,Young High Spender,Upsell premium services
17,Male,Mumbai,Samsung,iOS,10.9,30.3,261.5,12,4.3,6864,3.3,0.9,154,Social Media,2,7018,Young High Spender,Upsell premium services
50,Female,Pune,Samsung,Android,10.6,32.4,250.1,105,4.1,7647,4.9,3.7,1207,Gaming,2,8854,Young High Spender,Upsell premium services
48,Male,Kolkata,Realme,iOS,9.2,25.7,79.2,83,5.2,9759,5.3,4.0,1107,Work,2,10866,Young High Spender,Upsell premium services
26,Male,Bangalore,Xiaomi,iOS,2.1,44.5,278.7,13,5.3,9897,1.8,1.0,1394,Education,2,11291,Young High Spender,Upsell premium services
55,Female,Mumbai,Vivo,iOS,3.6,32.4,100.3,162,5.6,9374,1.8,3.4,1442,Social Media,2,10816,Young High Spender,Upsell premium services
39,Male,Lucknow,Xiaomi,iOS,4.2,40.3,18.5,36,3.7,6658,5.4,4.3,1026,Work,2,7684,Young High Spender,Upsell premium services
38,Other,Kolkata,Oppo,iOS,10.4,41.6,250.3,86,3.4,9068,1.4,0.4,1956,Entertainment,2,11024,Young High Spender,Upsell premium services
29,Other,Ahmedabad,Google Pixel,iOS,2.0,21.9,94.5,60,4.5,8381,7.3,3.3,273,Work,2,8654,Young High Spender,Upsell premium services
29,Female,Ahmedabad,Xiaomi,Android,5.3,27.7,74.7,29,5.7,3410,2.4,3.2,948,Entertainment,2,4358,Young High Spender,Upsell premium services
39,Male,Pune,Oppo,Android,8.2,3.0,91.9,108,3.5,5830,6.9,1.8,1547,Work,2,7377,Young High Spender,Upsell premium services
43,Female,Mumbai,Vivo,Android,1.4,28.7,197.0,145,4.8,8993,7.0,4.1,831,Gaming,2,9824,Young High Spender,Upsell premium services
42,Other,Delhi,Xiaomi,Android,11.0,32.0,11.7,96,4.5,7215,4.0,0.8,767,Work,2,7982,Young High Spender,Upsell premium services
27,Female,Kolkata,Oppo,iOS,8.6,33.3,85.1,87,5.3,4940,5.3,0.1,532,Social Media,2,5472,Young High Spender,Upsell premium services
27,Other,Chennai,OnePlus,iOS,8.2,35.6,206.4,30,5.2,5666,2.9,4.8,771,Gaming,2,6437,Young High Spender,Upsell premium services
42,Male,Kolkata,Motorola,Android,8.9,28.4,86.8,119,5.9,9021,5.4,0.7,1330,Entertainment,2,10351,Young High Spender,Upsell premium services
32,Female,Pune,Realme,Android,1.3,13.0,253.6,83,4.9,9892,5.8,0.7,270,Education,2,10162,Young High Spender,Upsell premium services
19,Female,Mumbai,Oppo,iOS,7.0,12.3,26.0,131,5.6,8232,7.9,0.2,217,Entertainment,2,8449,Young High Spender,Upsell premium services
33,Female,Lucknow,Motorola,Android,10.8,46.1,98.4,15,4.5,9745,7.8,3.8,1734,Social Media,2,11479,Young High Spender,Upsell premium services
32,Male,Chennai,OnePlus,Android,4.2,15.7,89.2,131,5.1,4166,1.0,0.8,702,Social Media,2,4868,Young High Spender,Upsell premium services
15,Male,Bangalore,Motorola,iOS,2.9,25.2,128.2,173,5.4,6569,2.8,4.0,1906,Social Media,2,8475,Young High Spender,Upsell premium services
24,Male,Jaipur,Vivo,iOS,8.5,13.7,103.1,146,4.5,8264,3.0,2.7,1607,Education,2,9871,Young High Spender,Upsell premium services
20,Male,Mumbai,Xiaomi,iOS,7.7,39.3,223.5,83,3.9,9756,7.5,4.8,1230,Education,2,10986,Young High Spender,Upsell premium services
50,Other,Jaipur,Xiaomi,iOS,10.6,34.7,143.3,13,5.1,7824,5.4,4.6,906,Gaming,2,8730,Young High Spender,Upsell premium services
55,Other,Mumbai,Apple,iOS,5.7,2.3,189.6,146,5.7,7331,6.5,4.4,614,Gaming,2,7945,Young High Spender,Upsell premium services
17,Male,Ahmedabad,Google Pixel,iOS,11.6,37.0,56.6,43,4.4,8517,7.0,3.9,1382,Social Media,2,9899,Young High Spender,Upsell premium services
15,Female,Jaipur,Xiaomi,iOS,6.8,18.9,212.1,189,5.4,9863,7.7,0.8,818,Entertainment,2,10681,Young High Spender,Upsell premium services
25,Female,Bangalore,Google Pixel,Android,7.9,40.7,121.3,37,5.5,8635,7.2,1.1,977,Work,2,9612,Young High Spender,Upsell premium services
40,Other,Pune,Motorola,iOS,9.8,5.5,229.4,75,6.0,8434,2.3,1.7,1268,Gaming,2,9702,Young High Spender,Upsell premium services
34,Other,Mumbai,Realme,Android,2.9,12.5,20.5,180,3.2,9554,7.3,1.0,1888,Gaming,2,11442,Young High Spender,Upsell premium services
24,Other,Lucknow,Apple,iOS,11.5,13.6,219.2,127,5.4,8596,1.9,0.7,1942,Gaming,2,10538,Young High Spender,Upsell premium services
40,Other,Pune,Apple,Android,11.5,42.5,138.0,11,6.0,6464,7.0,1.5,1425,Education,2,7889,Young High Spender,Upsell premium services
27,Female,Ahmedabad,Samsung,Android,6.3,40.4,194.1,55,5.5,4189,1.0,1.1,826,Gaming,2,5015,Young High Spender,Upsell premium services
42,Other,Ahmedabad,OnePlus,iOS,2.2,30.6,167.6,97,5.6,8221,5.3,0.7,1096,Work,2,9317,Young High Spender,Upsell premium services
34,Male,Jaipur,Vivo,Android,3.1,20.8,86.8,72,5.8,5376,4.4,1.7,989,Entertainment,2,6365,Young High Spender,Upsell premium services
56,Male,Lucknow,Motorola,iOS,7.1,14.4,55.3,128,5.3,7166,2.4,2.9,623,Entertainment,2,7789,Young High Spender,Upsell premium services
51,Male,Chennai,Xiaomi,iOS,9.5,15.9,122.3,163,3.8,7139,2.8,3.7,1103,Social Media,2,8242,Young High Spender,Upsell premium services
21,Other,Mumbai,Google Pixel,iOS,10.9,28.8,9.0,75,6.0,5953,1.0,4.4,232,Gaming,2,6185,Young High Spender,Upsell premium services
41,Female,Mumbai,Google Pixel,Android,6.7,19.0,79.4,127,5.6,6768,4.7,1.0,1156,Education,2,7924,Young High Spender,Upsell premium services
16,Other,Kolkata,Oppo,iOS,10.0,48.3,138.5,187,3.9,6572,5.4,2.7,1720,Social Media,2,8292,Young High Spender,Upsell premium services
19,Female,Chennai,Samsung,Android,8.8,3.8,23.0,25,4.0,9574,3.5,1.1,192,Education,2,9766,Young High Spender,Upsell premium services
34,Other,Delhi,OnePlus,iOS,3.8,28.0,129.0,66,5.0,4465,3.9,4.3,995,Education,2,5460,Young High Spender,Upsell premium services
52,Other,Delhi,Apple,iOS,7.8,32.9,109.0,51,4.1,7959,5.7,4.1,1346,Gaming,2,9305,Young High Spender,Upsell premium services
30,Other,Kolkata,Vivo,iOS,5.2,24.1,228.6,160,4.7,5314,5.4,1.3,1921,Education,2,7235,Young High Spender,Upsell premium services
37,Male,Lucknow,Xiaomi,iOS,1.6,4.3,157.9,110,4.7,8908,4.3,3.1,225,Social Media,2,9133,Young High Spender,Upsell premium services
35,Female,Mumbai,Nokia,Android,8.8,14.1,108.8,26,3.2,8374,6.6,3.3,1541,Work,2,9915,Young High Spender,Upsell premium services
39,Female,Ahmedabad,OnePlus,Android,1.9,22.5,290.7,102,4.8,7706,2.1,0.6,918,Gaming,2,8624,Young High Spender,Upsell premium services
17,Male,Mumbai,Xiaomi,iOS,4.4,23.8,145.6,141,3.8,8514,1.0,3.8,572,Entertainment,2,9086,Young High Spender,Upsell premium services
48,Male,Ahmedabad,Apple,iOS,5.6,14.3,53.6,27,5.7,8557,1.1,2.8,1716,Social Media,2,10273,Young High Spender,Upsell premium services
21,Female,Bangalore,OnePlus,iOS,1.8,12.8,112.3,183,3.7,7640,0.6,3.8,166,Education,2,7806,Young High Spender,Upsell premium services
29,Other,Chennai,OnePlus,iOS,9.9,3.4,36.9,93,6.0,4057,1.5,4.1,1652,Gaming,2,5709,Young High Spender,Upsell premium services
45,Female,Pune,Vivo,iOS,8.7,5.8,135.4,162,4.3,8225,2.4,1.9,1017,Gaming,2,9242,Young High Spender,Upsell premium services
39,Male,Bangalore,Nokia,Android,1.2,28.3,114.8,20,4.9,5855,4.3,3.9,1738,Entertainment,2,7593,Young High Spender,Upsell premium services
28,Female,Jaipur,Xiaomi,iOS,1.0,29.1,217.5,149,4.7,8544,6.6,3.7,416,Entertainment,2,8960,Young High Spender,Upsell premium services
17,Male,Mumbai,Vivo,iOS,8.4,22.8,220.3,200,5.1,9798,3.5,0.0,958,Education,2,10756,Young High Spender,Upsell premium services
44,Other,Delhi,Vivo,Android,3.3,4.2,67.8,173,5.0,4834,3.9,2.9,1328,Gaming,2,6162,Young High Spender,Upsell premium services
36,Male,Lucknow,Samsung,iOS,10.3,23.9,184.2,156,4.7,6685,0.9,3.6,1346,Work,2,8031,Young High Spender,Upsell premium services
30,Female,Lucknow,Nokia,Android,9.4,44.4,148.0,92,5.4,3668,1.3,0.2,1994,Entertainment,2,5662,Young High Spender,Upsell premium services
21,Other,Pune,Realme,iOS,1.9,42.0,119.3,178,4.8,7249,6.3,4.0,213,Work,2,7462,Young High Spender,Upsell premium services
30,Other,Chennai,Nokia,iOS,9.4,49.2,284.6,75,5.3,9370,1.8,3.2,1003,Education,2,10373,Young High Spender,Upsell premium services
57,Male,Pune,Vivo,Android,8.7,9.3,174.0,121,5.1,7131,2.6,0.1,1583,Entertainment,2,8714,Young High Spender,Upsell premium services
53,Male,Pune,Oppo,Android,10.7,30.0,284.9,111,4.3,9167,0.7,1.2,1945,Education,2,11112,Young High Spender,Upsell premium services
36,Female,Bangalore,OnePlus,iOS,1.3,27.0,153.6,26,5.5,4049,2.7,0.4,1877,Entertainment,2,5926,Young High Spender,Upsell premium services
43,Other,Jaipur,Google Pixel,iOS,3.2,33.8,11.8,10,5.2,4449,3.6,3.0,1920,Entertainment,2,6369,Young High Spender,Upsell premium services
46,Male,Hyderabad,Samsung,iOS,9.3,40.3,167.4,187,5.3,8982,4.5,2.5,1098,Entertainment,2,10080,Young High Spender,Upsell premium services
16,Other,Lucknow,Apple,iOS,9.4,21.2,176.5,113,3.6,8838,1.0,0.0,1014,Education,2,9852,Young High Spender,Upsell premium services
54,Female,Delhi,Nokia,iOS,4.3,15.3,194.6,16,4.9,8230,6.4,4.1,1776,Social Media,2,10006,Young High Spender,Upsell premium services
32,Male,Jaipur,Google Pixel,Android,8.8,41.8,166.3,14,4.9,7156,2.4,3.7,1350,Education,2,8506,Young High Spender,Upsell premium services
31,Other,Bangalore,Vivo,iOS,7.4,7.5,159.0,103,3.4,8180,4.9,2.3,316,Work,2,8496,Young High Spender,Upsell premium services
51,Female,Hyderabad,Apple,iOS,2.5,32.6,83.2,114,3.8,8918,4.7,2.4,664,Education,2,9582,Young High Spender,Upsell premium services
24,Other,Mumbai,OnePlus,Android,9.7,25.7,298.3,105,6.0,6178,2.0,3.6,1993,Work,2,8171,Young High Spender,Upsell premium services
42,Other,Ahmedabad,OnePlus,iOS,10.3,18.1,35.2,151,5.9,3642,5.0,4.5,313,Gaming,2,3955,Young High Spender,Upsell premium services
20,Other,Delhi,Oppo,Android,9.7,32.0,45.1,16,5.3,8774,0.7,4.4,1383,Entertainment,2,10157,Young High Spender,Upsell premium services
47,Other,Jaipur,Samsung,Android,1.8,16.2,195.5,104,4.6,5565,5.0,1.4,977,Education,2,6542,Young High Spender,Upsell premium services
42,Male,Bangalore,Motorola,Android,2.7,14.7,44.7,163,3.9,6329,5.4,1.6,840,Entertainment,2,7169,Young High Spender,Upsell premium services
42,Other,Lucknow,Apple,Android,6.0,17.7,264.9,147,5.0,7458,1.5,3.4,697,Education,2,8155,Young High Spender,Upsell premium services
28,Female,Bangalore,Nokia,iOS,4.5,43.6,220.6,28,5.4,5485,3.1,3.4,1046,Gaming,2,6531,Young High Spender,Upsell premium services
32,Male,Mumbai,Samsung,Android,5.4,47.8,45.8,16,4.2,9977,4.4,4.4,1045,Education,2,11022,Young High Spender,Upsell premium services
28,Female,Hyderabad,Nokia,iOS,5.1,40.3,101.3,191,4.6,5504,4.8,0.5,445,Entertainment,2,5949,Young High Spender,Upsell premium services
19,Male,Mumbai,OnePlus,Android,5.4,37.8,269.6,131,4.9,7099,5.3,1.9,387,Entertainment,2,7486,Young High Spender,Upsell premium services
22,Male,Jaipur,Google Pixel,iOS,4.4,47.6,277.3,93,4.6,7243,3.4,2.5,1427,Social Media,2,8670,Young High Spender,Upsell premium services
57,Female,Pune,OnePlus,iOS,3.1,39.2,245.9,200,4.9,9961,7.3,3.9,312,Social Media,2,10273,Young High Spender,Upsell premium services
33,Other,Pune,Oppo,Android,4.5,17.7,235.7,171,5.7,9724,4.0,0.8,1811,Social Media,2,11535,Young High Spender,Upsell premium services
40,Male,Mumbai,Vivo,iOS,9.9,36.1,160.0,56,4.8,4878,1.6,3.5,525,Gaming,2,5403,Young High Spender,Upsell premium services
49,Female,Ahmedabad,Google Pixel,iOS,9.5,9.6,252.3,195,5.7,6681,0.8,0.2,289,Gaming,2,6970,Young High Spender,Upsell premium services
50,Other,Ahmedabad,Motorola,iOS,11.6,5.0,133.3,113,4.7,7194,4.0,4.4,1063,Work,2,8257,Young High Spender,Upsell premium services
50,Male,Hyderabad,Samsung,iOS,7.0,41.3,67.4,87,4.5,9005,4.8,3.0,1543,Social Media,2,10548,Young High Spender,Upsell premium services
43,Female,Jaipur,Apple,Android,11.4,8.2,139.4,105,4.5,6134,7.3,1.6,124,Gaming,2,6258,Young High Spender,Upsell premium services
46,Female,Delhi,Realme,iOS,2.4,22.9,132.1,14,4.0,7020,6.1,4.5,1779,Work,2,8799,Young High Spender,Upsell premium services
44,Other,Pune,Apple,Android,4.3,32.1,64.8,91,3.6,7212,3.4,4.2,1036,Education,2,8248,Young High Spender,Upsell premium services
28,Male,Hyderabad,Realme,iOS,11.9,33.2,5.4,184,4.9,7550,5.1,3.1,877,Education,2,8427,Young High Spender,Upsell premium services
20,Male,Pune,Realme,iOS,6.0,15.3,244.0,165,5.9,5918,5.0,2.6,317,Education,2,6235,Young High Spender,Upsell premium services
40,Other,Kolkata,Xiaomi,iOS,5.7,32.5,54.4,153,5.0,5256,4.6,3.8,1396,Work,2,6652,Young High Spender,Upsell premium services
40,Female,Lucknow,Realme,iOS,10.6,43.6,46.8,30,5.6,8819,4.1,2.4,1182,Work,2,10001,Young High Spender,Upsell premium services
20,Other,Hyderabad,Samsung,Android,2.6,9.0,235.3,33,3.5,8577,4.4,2.9,1045,Education,2,9622,Young High Spender,Upsell premium services
48,Other,Lucknow,OnePlus,iOS,6.5,26.6,145.5,148,5.2,6259,1.2,1.2,879,Work,2,7138,Young High Spender,Upsell premium services
30,Male,Ahmedabad,Apple,Android,9.7,28.0,293.4,88,3.7,7980,6.0,2.3,775,Work,2,8755,Young High Spender,Upsell premium services
26,Female,Mumbai,Nokia,iOS,1.9,28.1,10.4,103,3.8,7393,2.3,0.2,129,Social Media,2,7522,Young High Spender,Upsell premium services
44,Other,Ahmedabad,Google Pixel,Android,6.6,19.9,218.7,92,3.8,6571,0.5,2.4,333,Entertainment,2,6904,Young High Spender,Upsell premium services
50,Male,Hyderabad,Realme,iOS,6.9,30.7,145.1,193,4.1,9884,0.8,4.6,586,Gaming,2,10470,Young High Spender,Upsell premium services
57,Other,Lucknow,Nokia,Android,8.4,38.4,145.6,136,3.9,8525,1.5,1.6,1557,Social Media,2,10082,Young High Spender,Upsell premium services
31,Female,Lucknow,Apple,Android,7.3,1.2,34.0,97,3.6,9031,7.6,2.6,590,Entertainment,2,9621,Young High Spender,Upsell premium services
35,Female,Lucknow,Apple,Android,9.2,47.3,28.6,147,3.7,8009,1.3,2.6,854,Education,2,8863,Young High Spender,Upsell premium services
44,Female,Delhi,Realme,iOS,9.0,41.6,157.0,42,5.6,5648,6.5,4.6,445,Gaming,2,6093,Young High Spender,Upsell premium services
27,Male,Jaipur,Nokia,Android,3.6,15.2,101.3,191,5.1,3936,7.1,3.4,573,Entertainment,2,4509,Young High Spender,Upsell premium services
57,Other,Kolkata,Realme,iOS,2.7,23.7,157.8,181,4.1,7702,5.4,2.4,225,Gaming,2,7927,Young High Spender,Upsell premium services
36,Male,Ahmedabad,Nokia,iOS,2.6,15.6,108.2,41,6.0,6921,5.4,4.1,850,Entertainment,2,7771,Young High Spender,Upsell premium services
51,Male,Pune,Nokia,Android,3.8,46.3,281.9,96,4.8,7771,7.0,3.9,1025,Work,2,8796,Young High Spender,Upsell premium services
17,Female,Delhi,Samsung,iOS,11.9,12.7,177.6,162,3.1,9267,5.9,0.6,952,Social Media,2,10219,Young High Spender,Upsell premium services
32,Other,Lucknow,Oppo,Android,8.9,23.3,173.2,195,3.1,7940,7.7,0.3,1694,Education,2,9634,Young High Spender,Upsell premium services
46,Other,Hyderabad,OnePlus,Android,1.5,20.9,262.0,13,5.1,9326,6.8,2.6,1650,Gaming,2,10976,Young High Spender,Upsell premium services
51,Male,Bangalore,OnePlus,iOS,3.6,33.1,192.3,161,4.8,9826,1.3,0.0,1707,Entertainment,2,11533,Young High Spender,Upsell premium services
56,Other,Jaipur,Xiaomi,iOS,1.6,12.4,242.8,46,5.8,8257,7.2,1.9,1293,Education,2,9550,Young High Spender,Upsell premium services
52,Female,Hyderabad,Motorola,iOS,5.2,14.2,68.4,114,3.7,8445,2.5,4.8,1109,Work,2,9554,Young High Spender,Upsell premium services
20,Male,Kolkata,Vivo,iOS,8.7,11.1,252.0,59,4.9,7965,5.8,3.6,1428,Social Media,2,9393,Young High Spender,Upsell premium services
22,Female,Ahmedabad,Nokia,iOS,7.4,37.1,53.3,12,4.3,5740,4.7,1.1,902,Education,2,6642,Young High Spender,Upsell premium services
27,Male,Mumbai,Oppo,iOS,8.8,1.3,30.7,144,5.0,4659,2.3,2.0,1354,Social Media,2,6013,Young High Spender,Upsell premium services
36,Male,Pune,Google Pixel,iOS,1.2,37.6,10.1,169,5.6,5951,3.1,0.6,463,Entertainment,2,6414,Young High Spender,Upsell premium services
35,Male,Jaipur,OnePlus,Android,10.6,2.6,286.1,123,4.7,9841,7.0,2.7,1509,Social Media,2,11350,Young High Spender,Upsell premium services
21,Other,Lucknow,Vivo,Android,7.4,14.5,293.4,22,4.8,8255,2.3,2.2,1075,Gaming,2,9330,Young High Spender,Upsell premium services
58,Female,Kolkata,Apple,Android,4.8,12.8,135.6,72,5.0,7788,1.7,2.5,1405,Social Media,2,9193,Young High Spender,Upsell premium services
50,Other,Mumbai,Nokia,iOS,1.1,11.5,71.1,86,3.9,6763,1.1,4.7,1866,Education,2,8629,Young High Spender,Upsell premium services
41,Female,Ahmedabad,Motorola,iOS,8.9,17.6,84.6,181,6.0,5506,5.0,4.5,213,Social Media,2,5719,Young High Spender,Upsell premium services
17,Other,Bangalore,Motorola,iOS,3.4,1.9,126.9,41,3.3,9498,5.7,3.4,382,Social Media,2,9880,Young High Spender,Upsell premium services
27,Other,Jaipur,Vivo,iOS,5.8,13.9,261.7,118,3.4,9329,3.2,1.3,913,Entertainment,2,10242,Young High Spender,Upsell premium services
54,Other,Ahmedabad,Nokia,iOS,1.4,18.2,206.7,99,4.9,7549,4.5,0.3,1085,Work,2,8634,Young High Spender,Upsell premium services
55,Female,Pune,Oppo,Android,11.4,48.5,192.3,171,4.2,8691,3.7,0.2,636,Work,2,9327,Young High Spender,Upsell premium services
26,Female,Delhi,Xiaomi,Android,10.7,37.3,144.7,131,3.9,6630,1.5,2.3,1455,Entertainment,2,8085,Young High Spender,Upsell premium services
32,Female,Jaipur,Realme,Android,6.8,10.1,126.8,40,3.9,7521,4.2,2.7,1626,Work,2,9147,Young High Spender,Upsell premium services
45,Male,Ahmedabad,Xiaomi,iOS,7.9,40.3,258.5,77,4.8,6915,7.2,1.1,752,Entertainment,2,7667,Young High Spender,Upsell premium services
22,Other,Lucknow,Nokia,Android,4.2,39.7,297.2,200,3.4,8956,7.1,2.9,899,Gaming,2,9855,Young High Spender,Upsell premium services
23,Male,Pune,Google Pixel,iOS,11.6,11.9,46.4,66,5.5,9839,4.4,1.1,159,Entertainment,2,9998,Young High Spender,Upsell premium services
15,Female,Hyderabad,Motorola,Android,4.0,15.8,36.3,80,5.6,8200,4.0,2.0,408,Gaming,2,8608,Young High Spender,Upsell premium services
47,Other,Delhi,Apple,iOS,11.0,48.7,212.4,89,5.7,7418,3.7,1.2,1046,Entertainment,2,8464,Young High Spender,Upsell premium services
47,Other,Lucknow,Motorola,Android,11.4,26.8,118.4,149,5.7,9843,2.1,2.8,1333,Social Media,2,11176,Young High Spender,Upsell premium services
51,Other,Mumbai,Samsung,iOS,11.3,16.1,7.1,187,4.3,7407,0.7,3.2,1329,Entertainment,2,8736,Young High Spender,Upsell premium services
45,Male,Ahmedabad,Samsung,Android,7.9,47.3,65.4,169,3.6,9012,4.8,0.7,1521,Work,2,10533,Young High Spender,Upsell premium services
37,Male,Jaipur,Nokia,iOS,6.9,49.6,59.4,30,4.0,9638,5.1,4.2,226,Work,2,9864,Young High Spender,Upsell premium services
40,Male,Pune,Realme,iOS,2.7,13.0,47.5,161,4.6,7462,6.7,0.9,1890,Entertainment,2,9352,Young High Spender,Upsell premium services
40,Male,Bangalore,Nokia,iOS,8.9,46.4,38.6,19,5.3,9209,4.7,3.4,1873,Work,2,11082,Young High Spender,Upsell premium services
40,Other,Lucknow,OnePlus,Android,3.4,7.2,138.1,146,3.3,7393,5.2,3.4,1908,Education,2,9301,Young High Spender,Upsell premium services
35,Other,Delhi,Samsung,iOS,10.8,31.2,122.3,125,4.1,4848,7.2,1.8,283,Social Media,2,5131,Young High Spender,Upsell premium services
39,Male,Pune,Nokia,iOS,9.2,24.2,261.4,36,3.6,5296,2.7,1.8,645,Gaming,2,5941,Young High Spender,Upsell premium services
19,Male,Ahmedabad,Oppo,Android,7.4,43.5,90.2,173,4.7,8929,2.0,4.9,956,Work,2,9885,Young High Spender,Upsell premium services
15,Female,Kolkata,Vivo,iOS,9.1,13.8,153.1,113,3.0,7977,4.1,3.8,627,Education,2,8604,Young High Spender,Upsell premium services
30,Male,Lucknow,Xiaomi,Android,9.0,32.8,210.7,168,5.3,6315,0.8,3.8,914,Education,2,7229,Young High Spender,Upsell premium services
46,Female,Chennai,Apple,Android,10.1,21.0,77.0,35,5.2,8786,1.8,1.8,1440,Gaming,2,10226,Young High Spender,Upsell premium services
32,Female,Hyderabad,Google Pixel,iOS,7.4,32.3,36.5,14,4.4,7024,6.7,1.4,976,Social Media,2,8000,Young High Spender,Upsell premium services
54,Other,Bangalore,Motorola,iOS,9.8,9.7,172.5,107,4.3,8684,3.9,0.6,1633,Work,2,10317,Young High Spender,Upsell premium services
34,Male,Bangalore,Xiaomi,iOS,2.3,20.5,241.3,119,4.8,7662,4.4,3.2,1694,Entertainment,2,9356,Young High Spender,Upsell premium services
22,Male,Chennai,Samsung,Android,2.9,39.2,286.7,105,5.9,5708,0.6,2.5,1401,Entertainment,2,7109,Young High Spender,Upsell premium services
49,Male,Pune,Xiaomi,Android,11.1,49.5,132.8,67,5.0,5347,5.5,0.3,1564,Education,2,6911,Young High Spender,Upsell premium services
24,Male,Mumbai,Samsung,iOS,10.2,17.5,153.9,81,5.3,4175,2.6,2.9,722,Gaming,2,4897,Young High Spender,Upsell premium services
51,Female,Jaipur,Samsung,iOS,9.1,14.0,229.9,13,4.5,6607,2.8,1.5,283,Education,2,6890,Young High Spender,Upsell premium services
32,Other,Chennai,OnePlus,Android,9.2,23.2,278.3,131,5.7,5740,1.2,4.7,1965,Education,2,7705,Young High Spender,Upsell premium services
18,Female,Hyderabad,Xiaomi,iOS,11.4,20.7,36.3,50,4.6,5309,6.7,4.2,1043,Entertainment,2,6352,Young High Spender,Upsell premium services
38,Female,Hyderabad,OnePlus,iOS,7.8,44.1,83.1,196,5.1,4787,2.0,1.1,435,Work,2,5222,Young High Spender,Upsell premium services
46,Male,Hyderabad,Vivo,iOS,1.9,11.0,15.2,95,6.0,4136,6.4,0.3,1426,Work,2,5562,Young High Spender,Upsell premium services
45,Male,Jaipur,Nokia,Android,11.6,38.6,186.7,39,4.5,6300,4.0,4.2,1530,Social Media,2,7830,Young High Spender,Upsell premium services
27,Other,Ahmedabad,Oppo,iOS,3.3,37.7,12.0,62,5.2,3862,2.8,4.8,217,Social Media,2,4079,Young High Spender,Upsell premium services
34,Female,Lucknow,Nokia,iOS,11.0,11.5,98.0,105,4.1,4383,6.8,1.0,614,Social Media,2,4997,Young High Spender,Upsell premium services
44,Other,Kolkata,OnePlus,iOS,11.6,21.9,49.1,38,4.6,9229,6.7,0.1,239,Social Media,2,9468,Young High Spender,Upsell premium services
18,Male,Bangalore,Samsung,Android,4.0,48.2,100.6,103,5.6,6244,3.8,2.0,240,Work,2,6484,Young High Spender,Upsell premium services
21,Male,Hyderabad,OnePlus,Android,10.7,16.5,73.0,129,5.7,8163,2.5,1.6,1269,Social Media,2,9432,Young High Spender,Upsell premium services
41,Female,Hyderabad,Vivo,iOS,5.5,27.9,283.3,27,5.1,8686,3.7,1.5,524,Education,2,9210,Young High Spender,Upsell premium services
42,Male,Hyderabad,Samsung,Android,9.1,37.2,74.2,159,5.2,5303,1.3,4.0,874,Social Media,2,6177,Young High Spender,Upsell premium services
31,Other,Kolkata,Vivo,Android,8.2,20.4,61.4,95,4.9,5468,4.7,1.4,835,Education,2,6303,Young High Spender,Upsell premium services
57,Male,Pune,Motorola,iOS,7.7,12.6,248.8,128,4.7,7389,5.6,0.2,616,Social Media,2,8005,Young High Spender,Upsell premium services
53,Female,Chennai,Realme,Android,10.7,27.3,134.6,14,4.3,8860,2.3,4.4,1953,Entertainment,2,10813,Young High Spender,Upsell premium services
22,Other,Delhi,Google Pixel,iOS,4.8,19.8,245.0,187,3.4,8454,1.2,4.7,1672,Entertainment,2,10126,Young High Spender,Upsell premium services
21,Other,Pune,Motorola,iOS,3.2,32.0,47.9,194,4.0,7205,1.3,3.9,1886,Social Media,2,9091,Young High Spender,Upsell premium services
16,Other,Bangalore,Oppo,iOS,5.6,6.1,50.5,109,5.5,7294,7.2,4.1,314,Education,2,7608,Young High Spender,Upsell premium services
30,Female,Delhi,Realme,iOS,1.8,45.3,62.2,154,3.9,8732,6.6,0.8,1820,Gaming,2,10552,Young High Spender,Upsell premium services
41,Male,Hyderabad,Motorola,iOS,2.4,29.9,204.3,157,5.4,9106,3.7,2.5,1796,Gaming,2,10902,Young High Spender,Upsell premium services
18,Other,Chennai,OnePlus,iOS,2.9,5.6,215.6,167,5.9,6106,0.5,1.2,1690,Work,2,7796,Young High Spender,Upsell premium services
33,Male,Kolkata,Xiaomi,iOS,6.3,45.2,7.7,55,5.6,4271,6.5,2.3,1157,Gaming,2,5428,Young High Spender,Upsell premium services
22,Male,Bangalore,Motorola,iOS,1.8,8.3,256.5,151,4.5,5953,5.6,2.7,1394,Work,2,7347,Young High Spender,Upsell premium services
21,Female,Kolkata,Google Pixel,Android,1.6,48.2,212.3,118,5.8,4910,4.6,0.4,1916,Work,2,6826,Young High Spender,Upsell premium services
25,Male,Bangalore,Google Pixel,iOS,6.4,9.6,72.0,140,3.8,5714,1.9,4.5,413,Work,2,6127,Young High Spender,Upsell premium services
40,Female,Delhi,Realme,iOS,9.3,26.2,33.1,108,4.2,9445,1.2,0.8,1486,Gaming,2,10931,Young High Spender,Upsell premium services
50,Female,Hyderabad,Google Pixel,iOS,3.6,6.6,6.0,48,4.2,9443,5.3,4.0,1807,Work,2,11250,Young High Spender,Upsell premium services
16,Male,Ahmedabad,Samsung,iOS,10.5,4.8,165.0,197,3.6,9445,2.9,1.4,1685,Social Media,2,11130,Young High Spender,Upsell premium services
41,Other,Hyderabad,Samsung,iOS,2.6,11.8,117.0,108,5.6,9215,2.0,3.7,1204,Education,2,10419,Young High Spender,Upsell premium services
56,Other,Ahmedabad,Samsung,iOS,3.1,9.7,32.1,137,4.8,7357,1.1,1.7,937,Social Media,2,8294,Young High Spender,Upsell premium services
48,Female,Delhi,Motorola,iOS,3.3,46.4,89.0,15,5.8,8035,3.4,1.0,1987,Gaming,2,10022,Young High Spender,Upsell premium services
26,Other,Hyderabad,Apple,iOS,5.6,11.6,211.0,186,6.0,7455,1.9,3.8,1452,Education,2,8907,Young High Spender,Upsell premium services
39,Female,Chennai,Motorola,Android,8.5,22.5,211.5,89,3.5,8817,2.8,2.3,1052,Gaming,2,9869,Young High Spender,Upsell premium services
35,Male,Pune,OnePlus,iOS,9.7,32.1,86.2,33,5.5,4886,3.2,1.7,1435,Work,2,6321,Young High Spender,Upsell premium services
18,Female,Mumbai,Google Pixel,iOS,3.0,17.4,230.6,150,3.8,7949,5.1,1.1,702,Work,2,8651,Young High Spender,Upsell premium services
37,Female,Kolkata,OnePlus,Android,3.1,34.6,182.2,173,5.8,6438,8.0,0.2,846,Work,2,7284,Young High Spender,Upsell premium services
33,Male,Kolkata,Motorola,Android,7.7,39.7,86.6,69,5.0,6778,4.8,3.5,1090,Social Media,2,7868,Young High Spender,Upsell premium services
34,Male,Lucknow,Apple,iOS,7.2,34.4,175.7,48,4.7,8119,7.4,2.8,786,Education,2,8905,Young High Spender,Upsell premium services
41,Female,Delhi,Vivo,iOS,2.3,23.4,246.8,161,4.9,5499,5.4,1.2,1041,Entertainment,2,6540,Young High Spender,Upsell premium services
29,Male,Jaipur,Motorola,Android,11.3,15.8,70.2,13,6.0,4128,7.4,3.2,992,Education,2,5120,Young High Spender,Upsell premium services
22,Male,Kolkata,Motorola,iOS,7.7,4.5,22.8,28,4.5,9491,7.0,2.4,1692,Social Media,2,11183,Young High Spender,Upsell premium services
52,Male,Mumbai,Vivo,iOS,10.1,4.6,173.1,129,5.6,6898,7.4,4.5,1035,Gaming,2,7933,Young High Spender,Upsell premium services
22,Male,Mumbai,Samsung,iOS,8.0,26.0,272.8,177,5.7,4605,4.1,0.7,532,Gaming,2,5137,Young High Spender,Upsell premium services
20,Other,Hyderabad,Google Pixel,Android,9.6,32.8,53.8,67,4.2,5966,5.9,2.2,1121,Gaming,2,7087,Young High Spender,Upsell premium services
34,Female,Chennai,OnePlus,Android,4.8,35.4,232.0,49,5.4,4405,7.6,2.7,1053,Social Media,2,5458,Young High Spender,Upsell premium services
29,Other,Ahmedabad,OnePlus,Android,5.5,45.6,138.3,131,5.3,5649,1.2,0.2,524,Entertainment,2,6173,Young High Spender,Upsell premium services
58,Male,Jaipur,Google Pixel,Android,2.0,25.2,215.5,112,4.4,7817,3.7,3.0,1085,Education,2,8902,Young High Spender,Upsell premium services
56,Female,Delhi,Samsung,iOS,6.3,36.3,133.5,121,5.4,7808,8.0,2.7,159,Gaming,2,7967,Young High Spender,Upsell premium services
40,Female,Delhi,Nokia,Android,10.4,11.2,72.0,95,5.5,6624,4.4,1.0,933,Social Media,2,7557,Young High Spender,Upsell premium services
37,Male,Bangalore,Vivo,Android,3.1,42.2,37.5,63,5.5,3326,4.2,1.9,879,Work,2,4205,Young High Spender,Upsell premium services
35,Female,Hyderabad,OnePlus,Android,9.4,48.8,41.2,125,3.9,7073,4.3,3.5,751,Social Media,2,7824,Young High Spender,Upsell premium services
22,Other,Bangalore,Xiaomi,Android,10.5,3.9,164.0,73,5.5,8404,0.9,2.2,806,Entertainment,2,9210,Young High Spender,Upsell premium services
33,Female,Bangalore,Google Pixel,Android,5.2,43.4,250.6,61,5.5,6281,0.6,1.9,860,Gaming,2,7141,Young High Spender,Upsell premium services
26,Male,Mumbai,Samsung,Android,7.0,20.7,297.4,144,5.4,9736,5.7,3.8,1509,Social Media,2,11245,Young High Spender,Upsell premium services
42,Male,Pune,OnePlus,iOS,6.1,27.4,205.7,95,4.8,8959,4.8,0.3,303,Work,2,9262,Young High Spender,Upsell premium services
27,Other,Pune,Google Pixel,iOS,1.9,17.6,141.6,29,5.3,7384,6.8,2.2,650,Entertainment,2,8034,Young High Spender,Upsell premium services
44,Other,Mumbai,Oppo,Android,4.3,30.5,188.4,63,3.8,7462,3.6,4.6,326,Entertainment,2,7788,Young High Spender,Upsell premium services
27,Female,Hyderabad,OnePlus,iOS,4.6,45.3,81.3,130,4.2,9002,5.5,3.7,296,Education,2,9298,Young High Spender,Upsell premium services
34,Male,Kolkata,Realme,iOS,2.7,41.2,174.8,53,4.8,9344,6.5,0.3,1302,Gaming,2,10646,Young High Spender,Upsell premium services
43,Female,Delhi,Samsung,iOS,7.7,38.8,59.2,23,4.6,4950,7.3,0.5,1970,Education,2,6920,Young High Spender,Upsell premium services
32,Male,Mumbai,Vivo,Android,7.0,31.0,21.8,176,4.8,7048,3.0,0.4,807,Entertainment,2,7855,Young High Spender,Upsell premium services
40,Other,Hyderabad,Samsung,iOS,4.1,32.1,193.0,49,4.0,7840,1.6,0.5,1816,Education,2,9656,Young High Spender,Upsell premium services
50,Other,Mumbai,Xiaomi,Android,8.8,30.9,45.4,22,5.3,9574,4.3,0.9,875,Education,2,10449,Young High Spender,Upsell premium services
47,Other,Kolkata,Realme,iOS,3.1,45.7,292.3,87,4.6,7848,7.0,0.6,1770,Gaming,2,9618,Young High Spender,Upsell premium services
53,Female,Pune,Nokia,Android,4.9,14.0,26.9,188,5.5,6997,7.5,2.9,755,Education,2,7752,Young High Spender,Upsell premium services
44,Male,Jaipur,Motorola,Android,5.3,38.1,167.3,36,4.2,5914,5.7,0.2,1368,Work,2,7282,Young High Spender,Upsell premium services
55,Male,Chennai,Xiaomi,Android,5.8,27.1,25.5,119,3.7,7826,3.3,2.1,1063,Entertainment,2,8889,Young High Spender,Upsell premium services
19,Female,Pune,Vivo,Android,12.0,38.4,132.8,56,5.0,5382,2.8,3.3,1620,Entertainment,2,7002,Young High Spender,Upsell premium services
52,Female,Ahmedabad,Realme,iOS,10.9,25.8,137.8,96,4.0,8530,5.6,4.3,995,Social Media,2,9525,Young High Spender,Upsell premium services
25,Male,Bangalore,Xiaomi,iOS,11.6,16.2,143.3,21,5.3,4343,3.6,0.4,550,Gaming,2,4893,Young High Spender,Upsell premium services
53,Male,Chennai,Oppo,iOS,11.6,40.0,5.5,11,3.7,7027,5.3,3.0,677,Entertainment,2,7704,Young High Spender,Upsell premium services
43,Male,Bangalore,Realme,Android,9.8,24.9,56.0,52,4.4,5850,3.2,4.7,1256,Entertainment,2,7106,Young High Spender,Upsell premium services
19,Male,Pune,Nokia,Android,6.4,9.1,94.9,117,4.2,6517,7.1,2.3,336,Gaming,2,6853,Young High Spender,Upsell premium services
22,Other,Delhi,OnePlus,iOS,3.5,36.5,261.9,161,5.6,6974,4.3,4.6,863,Social Media,2,7837,Young High Spender,Upsell premium services
37,Other,Hyderabad,Oppo,Android,11.3,18.2,108.4,118,5.0,8808,1.9,1.1,1238,Social Media,2,10046,Young High Spender,Upsell premium services
17,Other,Chennai,Vivo,Android,7.0,46.4,179.5,129,4.3,8861,6.0,0.3,1734,Social Media,2,10595,Young High Spender,Upsell premium services
54,Male,Chennai,Xiaomi,iOS,1.6,34.1,260.6,134,5.4,8090,4.4,4.4,1116,Social Media,2,9206,Young High Spender,Upsell premium services
36,Female,Bangalore,Apple,Android,9.4,37.9,105.7,114,5.3,7130,5.3,1.6,228,Education,2,7358,Young High Spender,Upsell premium services
31,Female,Delhi,Samsung,Android,1.8,20.8,283.0,12,3.6,8143,2.1,0.3,1441,Social Media,2,9584,Young High Spender,Upsell premium services
35,Male,Jaipur,Nokia,Android,2.2,22.1,164.5,59,4.6,5604,6.6,4.8,247,Entertainment,2,5851,Young High Spender,Upsell premium services
49,Male,Kolkata,Google Pixel,Android,10.1,1.7,143.6,22,3.5,9588,4.7,1.6,1678,Education,2,11266,Young High Spender,Upsell premium services
49,Female,Jaipur,Motorola,iOS,11.2,45.8,67.1,58,3.5,6560,6.9,2.8,1742,Education,2,8302,Young High Spender,Upsell premium services
32,Other,Bangalore,Motorola,Android,11.9,5.5,184.5,60,5.4,6868,7.8,2.9,867,Gaming,2,7735,Young High Spender,Upsell premium services
19,Other,Kolkata,Motorola,iOS,10.0,37.7,14.1,169,4.5,5330,3.6,1.1,1637,Gaming,2,6967,Young High Spender,Upsell premium services
22,Other,Chennai,Motorola,iOS,2.7,45.4,172.6,39,6.0,6742,5.1,3.2,1408,Gaming,2,8150,Young High Spender,Upsell premium services
25,Male,Chennai,Motorola,Android,9.3,24.5,21.6,147,4.0,9529,7.7,4.1,334,Social Media,2,9863,Young High Spender,Upsell premium services
40,Other,Hyderabad,Motorola,Android,7.9,29.3,240.7,147,5.2,8276,4.6,1.7,377,Gaming,2,8653,Young High Spender,Upsell premium services
52,Male,Delhi,Vivo,Android,11.7,23.9,252.4,140,5.5,6045,2.4,0.5,690,Education,2,6735,Young High Spender,Upsell premium services
47,Female,Pune,Nokia,iOS,1.0,39.7,195.5,164,5.3,5928,5.9,2.2,1762,Gaming,2,7690,Young High Spender,Upsell premium services
37,Male,Kolkata,Nokia,Android,7.6,7.4,286.9,147,3.9,5177,1.1,4.3,1994,Entertainment,2,7171,Young High Spender,Upsell premium services
54,Male,Kolkata,Samsung,Android,11.4,9.7,74.6,12,3.9,9614,5.9,1.4,1062,Entertainment,2,10676,Young High Spender,Upsell premium services
32,Other,Delhi,Apple,iOS,3.4,6.5,25.2,83,3.1,8905,1.0,2.0,394,Education,2,9299,Young High Spender,Upsell premium services
48,Female,Lucknow,OnePlus,iOS,6.7,12.3,275.1,137,5.0,8804,0.8,0.8,1906,Work,2,10710,Young High Spender,Upsell premium services
32,Male,Ahmedabad,Nokia,iOS,4.7,1.2,219.2,26,4.4,5713,7.3,1.7,1539,Work,2,7252,Young High Spender,Upsell premium services
50,Other,Kolkata,OnePlus,iOS,6.4,31.4,105.5,38,4.9,9031,1.0,2.6,1718,Work,2,10749,Young High Spender,Upsell premium services
28,Female,Hyderabad,OnePlus,Android,3.6,39.2,130.1,137,3.9,7222,4.4,2.2,212,Work,2,7434,Young High Spender,Upsell premium services
22,Other,Lucknow,Google Pixel,iOS,5.4,48.9,292.6,149,4.9,7138,2.7,3.7,1064,Gaming,2,8202,Young High Spender,Upsell premium services
25,Other,Jaipur,Google Pixel,Android,2.6,1.3,222.0,152,4.3,6608,3.5,2.0,210,Social Media,2,6818,Young High Spender,Upsell premium services
17,Female,Hyderabad,Realme,Android,2.1,30.7,182.3,30,6.0,7020,1.6,1.7,1960,Gaming,2,8980,Young High Spender,Upsell premium services
47,Other,Bangalore,Google Pixel,Android,2.8,14.0,84.0,20,5.2,7446,0.6,4.6,751,Social Media,2,8197,Young High Spender,Upsell premium services
32,Female,Bangalore,Xiaomi,Android,5.4,48.4,264.5,123,4.7,9220,1.1,2.7,634,Education,2,9854,Young High Spender,Upsell premium services
32,Male,Kolkata,Realme,iOS,8.3,6.1,195.1,45,5.7,7094,6.5,3.2,1626,Education,2,8720,Young High Spender,Upsell premium services
49,Female,Mumbai,OnePlus,Android,3.0,24.3,88.8,118,4.0,6934,4.5,0.4,337,Gaming,2,7271,Young High Spender,Upsell premium services
33,Male,Chennai,Apple,Android,9.7,24.0,67.7,181,3.9,7533,5.2,0.2,712,Education,2,8245,Young High Spender,Upsell premium services
16,Male,Ahmedabad,Motorola,Android,9.4,33.0,293.0,75,5.6,5985,7.0,4.4,1209,Entertainment,2,7194,Young High Spender,Upsell premium services
19,Female,Lucknow,Samsung,iOS,1.7,23.1,179.1,193,4.9,8787,6.1,1.0,333,Entertainment,2,9120,Young High Spender,Upsell premium services
29,Male,Kolkata,Apple,iOS,8.2,39.5,271.0,66,5.7,4055,3.7,1.2,1314,Social Media,2,5369,Young High Spender,Upsell premium services
48,Other,Delhi,Samsung,iOS,7.5,39.8,83.8,193,5.3,8148,5.7,3.1,1240,Gaming,2,9388,Young High Spender,Upsell premium services
43,Female,Pune,Realme,Android,1.1,26.4,171.8,93,4.1,7722,2.0,4.7,1824,Work,2,9546,Young High Spender,Upsell premium services
20,Female,Jaipur,Nokia,iOS,4.6,3.2,19.7,44,5.2,8918,7.9,4.8,859,Entertainment,2,9777,Young High Spender,Upsell premium services
22,Other,Lucknow,Nokia,Android,2.2,25.5,70.9,177,4.4,7992,1.0,2.4,938,Education,2,8930,Young High Spender,Upsell premium services
40,Male,Chennai,Google Pixel,Android,7.1,13.6,161.9,11,5.2,6283,3.4,1.0,201,Entertainment,2,6484,Young High Spender,Upsell premium services
19,Other,Mumbai,Motorola,Android,7.1,12.7,168.4,64,6.0,9917,1.4,4.4,896,Entertainment,2,10813,Young High Spender,Upsell premium services
15,Other,Bangalore,Oppo,Android,6.0,43.3,115.8,89,5.7,9603,7.5,3.1,812,Work,2,10415,Young High Spender,Upsell premium services
28,Other,Kolkata,Motorola,iOS,1.9,30.7,88.8,160,4.5,5059,4.4,2.8,1326,Entertainment,2,6385,Young High Spender,Upsell premium services
56,Female,Lucknow,Google Pixel,Android,6.3,45.3,271.3,34,5.7,9006,3.0,4.9,101,Gaming,2,9107,Young High Spender,Upsell premium services
29,Male,Chennai,Samsung,Android,11.4,41.9,173.7,87,4.0,8659,3.3,0.2,853,Education,2,9512,Young High Spender,Upsell premium services
53,Other,Kolkata,Apple,Android,4.9,29.0,198.6,44,5.8,9446,7.6,3.5,1701,Gaming,2,11147,Young High Spender,Upsell premium services
21,Male,Chennai,Xiaomi,Android,7.4,46.9,71.7,173,3.7,8997,6.2,1.4,449,Gaming,2,9446,Young High Spender,Upsell premium services
26,Female,Bangalore,Xiaomi,Android,7.9,23.3,236.1,13,4.0,7237,7.7,0.9,456,Education,2,7693,Young High Spender,Upsell premium services
33,Male,Ahmedabad,OnePlus,iOS,7.4,44.3,106.7,110,4.1,7826,5.9,1.2,144,Work,2,7970,Young High Spender,Upsell premium services
21,Male,Bangalore,OnePlus,iOS,8.8,33.1,80.8,187,3.8,8358,3.4,2.4,647,Education,2,9005,Young High Spender,Upsell premium services
32,Female,Delhi,Xiaomi,Android,3.2,43.9,16.7,163,4.3,6372,4.5,2.1,787,Education,2,7159,Young High Spender,Upsell premium services
37,Female,Jaipur,Vivo,Android,8.4,7.3,197.6,13,5.5,9658,6.0,3.5,745,Entertainment,2,10403,Young High Spender,Upsell premium services
33,Male,Pune,Motorola,Android,7.9,43.1,76.3,101,5.7,2682,4.2,1.2,1172,Social Media,2,3854,Young High Spender,Upsell premium services
49,Other,Bangalore,Realme,Android,7.1,29.8,70.5,168,5.9,5482,6.3,0.7,1856,Education,2,7338,Young High Spender,Upsell premium services
25,Female,Chennai,Realme,iOS,10.0,17.1,89.7,38,3.4,6095,6.1,4.3,1693,Social Media,2,7788,Young High Spender,Upsell premium services
58,Other,Pune,Vivo,Android,11.2,42.9,244.5,15,5.6,9063,5.2,0.1,1944,Gaming,2,11007,Young High Spender,Upsell premium services
23,Male,Pune,Nokia,Android,1.4,22.1,123.7,125,5.4,6846,6.3,1.2,1537,Entertainment,2,8383,Young High Spender,Upsell premium services
34,Male,Delhi,Apple,iOS,5.9,35.9,142.6,164,3.1,9808,7.6,2.0,1172,Social Media,2,10980,Young High Spender,Upsell premium services
52,Male,Chennai,Oppo,Android,7.8,14.0,31.4,18,3.6,9120,7.7,3.8,562,Entertainment,2,9682,Young High Spender,Upsell premium services
43,Other,Hyderabad,Apple,iOS,4.2,47.5,65.4,171,3.9,9775,0.6,2.3,143,Gaming,2,9918,Young High Spender,Upsell premium services
46,Male,Chennai,Nokia,iOS,11.1,36.5,183.0,114,5.1,6035,5.6,3.5,902,Entertainment,2,6937,Young High Spender,Upsell premium services
22,Male,Ahmedabad,Vivo,iOS,3.4,26.7,6.8,200,5.3,8564,3.7,3.0,459,Gaming,2,9023,Young High Spender,Upsell premium services
48,Female,Ahmedabad,Google Pixel,iOS,11.9,21.4,127.4,195,4.1,9934,7.5,4.6,1327,Work,2,11261,Young High Spender,Upsell premium services
44,Other,Lucknow,Xiaomi,iOS,8.3,42.8,228.6,23,4.5,7095,7.6,2.6,827,Entertainment,2,7922,Young High Spender,Upsell premium services
18,Male,Jaipur,Motorola,iOS,9.4,6.5,83.9,158,5.3,6914,3.3,3.5,644,Education,2,7558,Young High Spender,Upsell premium services
33,Male,Jaipur,Apple,iOS,8.6,44.6,17.3,30,5.6,2638,1.2,4.5,1397,Social Media,2,4035,Young High Spender,Upsell premium services
40,Male,Jaipur,Nokia,iOS,6.0,4.9,13.7,143,4.7,6929,7.2,0.2,865,Entertainment,2,7794,Young High Spender,Upsell premium services
35,Female,Lucknow,Apple,iOS,10.1,9.5,270.4,132,3.5,6752,6.3,4.8,274,Social Media,2,7026,Young High Spender,Upsell premium services
29,Male,Jaipur,OnePlus,Android,3.8,5.4,96.8,94,4.9,5612,6.3,5.0,528,Education,2,6140,Young High Spender,Upsell premium services
23,Other,Mumbai,Apple,Android,4.1,8.4,296.9,25,4.1,8405,2.3,1.3,416,Entertainment,2,8821,Young High Spender,Upsell premium services
24,Female,Pune,Oppo,Android,7.9,11.3,23.7,100,4.5,6324,2.1,2.8,173,Work,2,6497,Young High Spender,Upsell premium services
25,Male,Kolkata,Apple,iOS,5.4,26.6,75.5,95,4.1,9836,5.2,2.4,872,Entertainment,2,10708,Young High Spender,Upsell premium services
37,Other,Delhi,Realme,Android,8.9,40.6,203.6,196,5.7,7245,5.1,4.4,412,Work,2,7657,Young High Spender,Upsell premium services
49,Male,Mumbai,Nokia,iOS,3.6,20.4,42.3,151,3.8,8043,6.1,1.3,361,Gaming,2,8404,Young High Spender,Upsell premium services
35,Male,Pune,Oppo,iOS,5.2,21.2,241.8,67,3.4,5848,7.5,4.8,1211,Education,2,7059,Young High Spender,Upsell premium services
35,Other,Kolkata,Xiaomi,iOS,6.1,44.8,71.3,57,5.2,8817,0.5,2.2,215,Work,2,9032,Young High Spender,Upsell premium services
16,Female,Lucknow,Vivo,iOS,6.4,45.1,211.5,108,4.6,5974,3.4,1.8,1737,Work,2,7711,Young High Spender,Upsell premium services
41,Male,Kolkata,Apple,Android,11.7,6.4,212.4,25,4.7,9750,1.0,2.2,483,Education,2,10233,Young High Spender,Upsell premium services
47,Female,Ahmedabad,Oppo,iOS,1.5,44.0,83.7,19,4.1,8312,7.9,5.0,970,Work,2,9282,Young High Spender,Upsell premium services
20,Female,Lucknow,Xiaomi,iOS,4.1,21.0,5.4,177,5.8,7080,3.9,3.8,832,Education,2,7912,Young High Spender,Upsell premium services
50,Male,Hyderabad,Motorola,Android,8.0,18.1,215.7,189,5.1,9551,4.0,2.7,1348,Gaming,2,10899,Young High Spender,Upsell premium services
40,Female,Hyderabad,OnePlus,Android,11.7,23.3,268.9,126,3.6,9857,1.5,2.1,653,Social Media,2,10510,Young High Spender,Upsell premium services
30,Male,Mumbai,Nokia,Android,11.3,6.3,162.3,177,3.7,5960,7.0,3.8,329,Entertainment,2,6289,Young High Spender,Upsell premium services
39,Male,Delhi,Motorola,Android,5.7,6.1,46.2,90,3.1,7611,3.2,0.4,438,Education,2,8049,Young High Spender,Upsell premium services
40,Male,Bangalore,Apple,Android,10.0,26.9,79.4,97,5.6,8443,5.7,1.6,999,Social Media,2,9442,Young High Spender,Upsell premium services
19,Other,Lucknow,Apple,iOS,11.4,38.8,150.0,164,2.7,8410,5.6,4.3,936,Gaming,2,9346,Young High Spender,Upsell premium services
43,Other,Hyderabad,Apple,iOS,3.5,22.8,76.3,30,5.6,4754,2.5,2.8,696,Gaming,2,5450,Young High Spender,Upsell premium services
19,Other,Bangalore,Nokia,Android,3.7,29.7,31.3,59,3.9,7909,7.5,1.7,376,Work,2,8285,Young High Spender,Upsell premium services
50,Other,Bangalore,Samsung,Android,1.3,17.6,146.3,118,3.6,7328,3.0,0.8,192,Social Media,2,7520,Young High Spender,Upsell premium services
32,Female,Jaipur,Vivo,iOS,7.0,45.1,122.4,67,4.9,8326,6.4,2.9,1800,Social Media,2,10126,Young High Spender,Upsell premium services
26,Other,Jaipur,Xiaomi,iOS,5.5,15.4,132.7,101,4.2,7065,7.9,4.7,1360,Work,2,8425,Young High Spender,Upsell premium services
41,Female,Ahmedabad,Google Pixel,iOS,4.8,42.4,262.2,199,5.9,4815,5.5,1.0,1476,Social Media,2,6291,Young High Spender,Upsell premium services
23,Male,Chennai,Xiaomi,iOS,11.2,17.0,174.2,88,5.8,8418,5.5,1.3,1011,Social Media,2,9429,Young High Spender,Upsell premium services
33,Other,Delhi,OnePlus,Android,2.7,38.9,22.2,167,4.2,4918,6.4,2.4,1558,Gaming,2,6476,Young High Spender,Upsell premium services
33,Other,Pune,Vivo,Android,1.8,47.4,66.4,73,4.9,7757,6.6,3.1,419,Entertainment,2,8176,Young High Spender,Upsell premium services
34,Male,Bangalore,Nokia,iOS,11.3,36.5,215.5,149,3.5,9654,6.0,0.6,1148,Work,2,10802,Young High Spender,Upsell premium services
29,Male,Hyderabad,Vivo,iOS,8.5,31.3,113.9,51,5.4,6680,3.3,2.2,886,Education,2,7566,Young High Spender,Upsell premium services
37,Male,Bangalore,Xiaomi,Android,10.2,11.5,146.0,23,5.2,7952,7.7,3.0,1563,Entertainment,2,9515,Young High Spender,Upsell premium services
29,Female,Mumbai,Nokia,iOS,2.5,20.5,102.1,198,3.5,5625,7.5,0.3,607,Work,2,6232,Young High Spender,Upsell premium services
17,Male,Delhi,Vivo,iOS,8.4,44.2,182.7,72,3.2,8241,3.5,2.0,1156,Education,2,9397,Young High Spender,Upsell premium services
50,Female,Pune,Google Pixel,iOS,5.3,20.9,70.2,122,5.0,7727,8.0,0.7,593,Work,2,8320,Young High Spender,Upsell premium services
22,Male,Lucknow,Apple,iOS,2.2,45.8,218.5,62,4.8,9647,4.2,3.5,192,Education,2,9839,Young High Spender,Upsell premium services
24,Male,Hyderabad,Google Pixel,iOS,11.7,13.6,10.4,146,5.0,7139,1.1,0.0,1628,Gaming,2,8767,Young High Spender,Upsell premium services
31,Other,Jaipur,Realme,iOS,7.0,37.8,122.4,56,4.7,8574,5.1,1.3,135,Education,2,8709,Young High Spender,Upsell premium services
15,Other,Kolkata,OnePlus,iOS,10.0,37.8,137.2,184,5.6,6413,2.3,1.1,1046,Work,2,7459,Young High Spender,Upsell premium services
43,Other,Chennai,Oppo,iOS,6.4,16.8,54.3,70,4.8,5336,4.2,1.0,1613,Gaming,2,6949,Young High Spender,Upsell premium services
26,Female,Mumbai,Nokia,iOS,5.3,30.5,282.5,135,4.2,6140,1.8,2.7,289,Education,2,6429,Young High Spender,Upsell premium services
18,Female,Bangalore,Xiaomi,iOS,11.3,12.9,220.0,184,5.2,5505,3.2,0.6,557,Social Media,2,6062,Young High Spender,Upsell premium services
44,Female,Pune,Vivo,iOS,4.7,9.8,54.7,27,3.9,7482,3.5,1.1,208,Work,2,7690,Young High Spender,Upsell premium services
35,Female,Ahmedabad,Oppo,iOS,7.2,33.5,10.3,33,4.5,8812,6.1,3.5,1917,Social Media,2,10729,Young High Spender,Upsell premium services
34,Female,Bangalore,Oppo,iOS,8.1,32.0,68.5,26,5.5,5710,2.0,2.2,260,Entertainment,2,5970,Young High Spender,Upsell premium services
40,Female,Delhi,Realme,iOS,3.4,3.1,261.1,189,5.9,7541,6.2,0.3,759,Work,2,8300,Young High Spender,Upsell premium services
39,Male,Chennai,Realme,iOS,6.6,2.4,299.3,68,5.1,7095,5.8,3.2,561,Gaming,2,7656,Young High Spender,Upsell premium services
30,Female,Kolkata,Apple,Android,10.1,12.8,203.0,164,4.4,5197,2.7,0.5,984,Gaming,2,6181,Young High Spender,Upsell premium services
28,Male,Bangalore,OnePlus,iOS,11.2,4.5,193.4,79,5.8,6806,6.2,0.1,1210,Work,2,8016,Young High Spender,Upsell premium services
34,Male,Lucknow,Oppo,Android,11.4,27.9,241.4,59,4.7,8023,0.9,3.9,1267,Entertainment,2,9290,Young High Spender,Upsell premium services
44,Other,Mumbai,Vivo,Android,6.7,28.3,75.1,142,5.3,4503,0.6,3.3,379,Work,2,4882,Young High Spender,Upsell premium services
47,Female,Ahmedabad,Motorola,Android,9.2,5.9,67.2,95,5.7,8557,4.2,3.4,819,Gaming,2,9376,Young High Spender,Upsell premium services
46,Other,Ahmedabad,Apple,iOS,9.1,41.7,199.3,75,5.5,5652,5.3,3.0,856,Education,2,6508,Young High Spender,Upsell premium services
19,Male,Mumbai,Realme,iOS,10.9,32.0,264.8,124,3.9,8474,5.3,4.6,1151,Gaming,2,9625,Young High Spender,Upsell premium services
57,Female,Delhi,Apple,Android,5.6,40.9,238.0,22,5.7,7178,5.4,2.3,1003,Entertainment,2,8181,Young High Spender,Upsell premium services
37,Male,Chennai,Google Pixel,Android,8.9,31.3,39.4,20,5.0,4011,4.2,2.0,1218,Gaming,2,5229,Young High Spender,Upsell premium services
30,Male,Pune,Xiaomi,iOS,8.6,15.1,224.4,109,3.2,8154,5.3,0.1,657,Entertainment,2,8811,Young High Spender,Upsell premium services
20,Female,Jaipur,Vivo,iOS,10.8,23.8,261.8,163,5.0,9613,7.0,1.3,461,Entertainment,2,10074,Young High Spender,Upsell premium services
50,Male,Mumbai,Apple,iOS,10.5,37.3,117.6,17,5.3,7258,1.3,0.1,1836,Work,2,9094,Young High Spender,Upsell premium services
41,Other,Ahmedabad,Realme,iOS,9.6,27.5,211.4,34,3.7,5964,2.8,0.3,156,Gaming,2,6120,Young High Spender,Upsell premium services
29,Female,Lucknow,Google Pixel,Android,4.7,28.3,257.1,88,5.3,6804,1.8,4.6,914,Entertainment,2,7718,Young High Spender,Upsell premium services
58,Male,Bangalore,Apple,Android,9.4,46.3,63.9,81,3.9,8919,5.9,2.0,1637,Social Media,2,10556,Young High Spender,Upsell premium services
17,Male,Kolkata,Xiaomi,Android,4.7,34.3,101.2,17,2.7,8577,6.1,4.1,718,Social Media,2,9295,Young High Spender,Upsell premium services
46,Other,Pune,Nokia,iOS,10.8,1.7,44.7,150,5.1,5603,6.7,0.7,1357,Work,2,6960,Young High Spender,Upsell premium services
18,Other,Pune,OnePlus,Android,11.3,34.6,215.2,63,4.6,8906,3.9,3.8,673,Social Media,2,9579,Young High Spender,Upsell premium services
38,Female,Chennai,OnePlus,iOS,2.0,20.2,47.2,121,4.7,4152,1.6,4.5,1148,Entertainment,2,5300,Young High Spender,Upsell premium services
31,Male,Ahmedabad,Xiaomi,Android,4.2,21.1,103.4,61,5.4,8184,7.3,2.2,529,Social Media,2,8713,Young High Spender,Upsell premium services
32,Male,Kolkata,Xiaomi,Android,8.3,15.5,191.3,123,3.8,9187,2.3,4.7,218,Gaming,2,9405,Young High Spender,Upsell premium services
22,Female,Chennai,Realme,Android,8.9,45.5,11.5,138,4.2,6099,4.3,4.1,936,Work,2,7035,Young High Spender,Upsell premium services
43,Male,Jaipur,Motorola,iOS,9.9,49.6,95.6,93,4.6,7797,3.7,3.8,1626,Gaming,2,9423,Young High Spender,Upsell premium services
44,Female,Jaipur,Realme,Android,4.7,2.4,138.6,172,3.9,7780,6.7,1.9,281,Work,2,8061,Young High Spender,Upsell premium services
32,Male,Hyderabad,Nokia,iOS,3.9,40.1,90.2,199,5.9,2656,2.0,0.8,335,Social Media,2,2991,Young High Spender,Upsell premium services
27,Other,Mumbai,Motorola,iOS,3.5,48.9,143.9,190,5.6,9316,3.8,1.9,300,Work,2,9616,Young High Spender,Upsell premium services
31,Female,Delhi,Motorola,iOS,8.0,23.1,113.7,141,5.7,3687,7.8,1.3,1928,Social Media,2,5615,Young High Spender,Upsell premium services
23,Other,Mumbai,Vivo,iOS,6.6,45.3,186.2,145,4.8,9628,3.7,3.8,1168,Social Media,2,10796,Young High Spender,Upsell premium services
41,Other,Kolkata,Xiaomi,iOS,9.6,25.9,153.7,69,4.9,8081,0.6,3.5,1024,Gaming,2,9105,Young High Spender,Upsell premium services
17,Male,Delhi,Xiaomi,Android,10.6,30.5,298.3,99,4.1,7064,4.5,4.9,1684,Gaming,2,8748,Young High Spender,Upsell premium services
26,Other,Hyderabad,Google Pixel,Android,8.4,21.0,257.4,112,4.5,8175,1.4,3.6,1725,Education,2,9900,Young High Spender,Upsell premium services
50,Male,Pune,Nokia,iOS,2.1,46.1,86.5,25,4.6,9099,3.8,2.8,258,Work,2,9357,Young High Spender,Upsell premium services
44,Female,Ahmedabad,Vivo,iOS,6.0,9.3,48.7,27,4.3,8473,5.3,2.7,1701,Social Media,2,10174,Young High Spender,Upsell premium services
35,Male,Lucknow,Vivo,iOS,11.0,31.8,225.5,198,3.9,9336,5.8,1.5,832,Entertainment,2,10168,Young High Spender,Upsell premium services
31,Other,Bangalore,Google Pixel,Android,8.9,5.6,254.7,47,3.6,7908,7.1,3.4,808,Work,2,8716,Young High Spender,Upsell premium services
30,Female,Chennai,Realme,Android,1.1,48.1,41.5,53,4.3,6714,6.2,4.1,843,Education,2,7557,Young High Spender,Upsell premium services
53,Other,Ahmedabad,Apple,Android,7.6,37.2,166.3,19,4.4,7310,6.7,0.7,1895,Work,2,9205,Young High Spender,Upsell premium services
28,Female,Ahmedabad,Realme,iOS,11.2,41.0,185.9,114,5.8,6405,6.2,4.7,1575,Social Media,2,7980,Young High Spender,Upsell premium services
30,Female,Chennai,Xiaomi,iOS,11.5,48.7,123.9,133,3.5,8899,1.6,1.0,547,Education,2,9446,Young High Spender,Upsell premium services
37,Other,Lucknow,Oppo,Android,3.8,13.6,282.6,119,4.9,7113,4.9,2.0,1978,Education,2,9091,Young High Spender,Upsell premium services
26,Female,Ahmedabad,Apple,Android,4.3,46.7,82.0,59,5.2,9845,6.4,0.8,736,Education,2,10581,Young High Spender,Upsell premium services
18,Female,Jaipur,Google Pixel,iOS,1.7,5.7,68.0,78,5.5,7796,6.7,1.8,913,Gaming,2,8709,Young High Spender,Upsell premium services
43,Other,Jaipur,Nokia,Android,10.4,26.8,271.1,175,4.2,8924,2.0,3.8,1368,Education,2,10292,Young High Spender,Upsell premium services
26,Male,Pune,Xiaomi,iOS,1.3,5.8,77.7,198,5.0,8457,5.0,1.4,1129,Gaming,2,9586,Young High Spender,Upsell premium services
40,Male,Lucknow,Samsung,iOS,9.5,10.2,158.9,88,3.3,8265,3.6,4.4,1202,Work,2,9467,Young High Spender,Upsell premium services
17,Other,Kolkata,Apple,Android,3.0,11.6,9.2,35,4.8,8131,7.5,0.4,1234,Gaming,2,9365,Young High Spender,Upsell premium services
42,Male,Bangalore,Motorola,Android,2.5,18.2,153.6,195,3.8,9297,3.6,2.9,766,Gaming,2,10063,Young High Spender,Upsell premium services
34,Other,Delhi,Vivo,iOS,4.3,46.5,120.2,147,5.3,4552,6.8,0.2,1038,Social Media,2,5590,Young High Spender,Upsell premium services
40,Male,Mumbai,Apple,Android,4.7,5.7,65.4,80,5.3,6504,1.8,3.1,1710,Gaming,2,8214,Young High Spender,Upsell premium services
59,Female,Kolkata,Vivo,Android,5.2,6.5,232.5,16,4.5,9295,3.7,1.0,1050,Entertainment,2,10345,Young High Spender,Upsell premium services
16,Other,Hyderabad,Oppo,Android,1.6,17.6,22.7,22,4.9,7853,8.0,1.4,1492,Work,2,9345,Young High Spender,Upsell premium services
23,Female,Chennai,Oppo,Android,2.3,31.7,154.4,121,4.8,7660,6.4,0.7,1927,Work,2,9587,Young High Spender,Upsell premium services
27,Male,Chennai,Vivo,iOS,6.3,47.5,187.1,24,5.6,6217,6.3,0.8,1682,Gaming,2,7899,Young High Spender,Upsell premium services
54,Female,Lucknow,Motorola,Android,1.5,37.9,165.4,184,5.4,8730,4.5,4.0,918,Entertainment,2,9648,Young High Spender,Upsell premium services
19,Female,Chennai,Realme,Android,4.4,10.3,104.9,190,4.1,8782,5.0,1.2,756,Work,2,9538,Young High Spender,Upsell premium services
34,Male,Bangalore,Oppo,Android,11.1,39.8,26.4,126,5.1,7577,3.3,1.7,1053,Education,2,8630,Young High Spender,Upsell premium services
33,Male,Ahmedabad,Xiaomi,Android,3.7,3.0,50.5,59,5.3,4058,0.6,2.9,1888,Gaming,2,5946,Young High Spender,Upsell premium services
54,Female,Chennai,Oppo,Android,1.7,45.8,148.6,145,5.6,7409,3.1,0.5,861,Work,2,8270,Young High Spender,Upsell premium services
26,Male,Mumbai,Apple,Android,2.6,4.9,136.6,54,3.4,7478,6.3,4.7,1161,Gaming,2,8639,Young High Spender,Upsell premium services
57,Female,Delhi,Vivo,iOS,5.8,5.8,134.2,180,5.6,9545,4.0,2.7,995,Work,2,10540,Young High Spender,Upsell premium services
52,Other,Jaipur,Nokia,Android,5.5,42.6,25.5,172,5.2,5724,5.3,0.7,465,Gaming,2,6189,Young High Spender,Upsell premium services
28,Female,Kolkata,Samsung,iOS,2.4,40.2,141.8,127,4.0,8758,7.2,2.6,1254,Work,2,10012,Young High Spender,Upsell premium services
27,Male,Jaipur,Samsung,iOS,1.6,29.2,239.1,116,4.6,6722,0.7,4.6,1082,Work,2,7804,Young High Spender,Upsell premium services
33,Other,Pune,Xiaomi,Android,5.0,34.6,158.5,94,4.4,4407,2.1,4.9,1411,Education,2,5818,Young High Spender,Upsell premium services
42,Male,Chennai,Xiaomi,iOS,10.0,10.2,215.9,74,5.8,9256,3.9,3.3,375,Work,2,9631,Young High Spender,Upsell premium services
47,Male,Lucknow,OnePlus,Android,4.3,31.0,247.3,85,5.2,7020,2.9,1.7,1624,Work,2,8644,Young High Spender,Upsell premium services
17,Male,Bangalore,Apple,Android,1.1,37.3,113.4,93,4.6,9448,7.3,3.4,1495,Gaming,2,10943,Young High Spender,Upsell premium services
51,Female,Lucknow,Google Pixel,iOS,5.2,30.4,62.1,161,4.2,7159,6.7,5.0,1289,Education,2,8448,Young High Spender,Upsell premium services
26,Female,Hyderabad,Xiaomi,Android,1.6,16.9,254.5,97,5.9,7421,6.2,3.4,1882,Education,2,9303,Young High Spender,Upsell premium services
23,Male,Ahmedabad,Oppo,Android,2.7,46.2,151.1,75,5.7,6478,5.0,4.9,258,Education,2,6736,Young High Spender,Upsell premium services
36,Other,Delhi,OnePlus,Android,8.4,23.4,53.5,181,3.8,4540,1.5,2.3,1057,Gaming,2,5597,Young High Spender,Upsell premium services
28,Male,Lucknow,Apple,iOS,11.8,28.1,252.9,33,5.4,4036,4.3,3.0,1315,Work,2,5351,Young High Spender,Upsell premium services
17,Male,Delhi,Apple,Android,10.6,40.0,241.5,67,4.8,7836,2.1,4.5,738,Gaming,2,8574,Young High Spender,Upsell premium services
40,Female,Mumbai,Motorola,iOS,3.8,8.2,186.8,71,5.3,6462,2.9,2.7,1347,Gaming,2,7809,Young High Spender,Upsell premium services
21,Other,Delhi,Vivo,iOS,3.3,37.4,242.1,10,4.2,6723,5.6,1.9,861,Gaming,2,7584,Young High Spender,Upsell premium services
54,Male,Delhi,Vivo,Android,11.5,3.0,19.8,183,4.5,8310,2.1,2.5,1720,Work,2,10030,Young High Spender,Upsell premium services
38,Female,Hyderabad,Motorola,iOS,2.1,3.0,196.0,160,3.6,8359,0.8,4.8,1391,Gaming,2,9750,Young High Spender,Upsell premium services
30,Male,Lucknow,Vivo,iOS,11.8,12.0,255.1,57,5.5,5264,6.0,3.6,1680,Gaming,2,6944,Young High Spender,Upsell premium services
58,Female,Chennai,Oppo,iOS,4.9,22.4,223.3,135,5.6,8556,0.8,2.4,650,Social Media,2,9206,Young High Spender,Upsell premium services
32,Other,Bangalore,Oppo,Android,11.9,48.0,251.7,53,4.7,4671,0.8,0.9,678,Entertainment,2,5349,Young High Spender,Upsell premium services
25,Other,Jaipur,Realme,iOS,10.6,29.6,139.3,52,5.3,6279,4.6,3.9,1567,Gaming,2,7846,Young High Spender,Upsell premium services
42,Other,Lucknow,Vivo,iOS,7.8,21.7,180.2,129,4.5,7162,2.9,4.0,805,Gaming,2,7967,Young High Spender,Upsell premium services
48,Male,Hyderabad,Nokia,Android,2.9,17.8,197.6,190,4.7,5670,5.9,1.6,724,Work,2,6394,Young High Spender,Upsell premium services
26,Female,Ahmedabad,Oppo,Android,4.2,10.2,223.1,73,4.2,6770,2.2,0.2,616,Education,2,7386,Young High Spender,Upsell premium services
46,Male,Mumbai,Motorola,iOS,10.1,21.5,42.9,191,5.5,5842,4.5,3.9,435,Social Media,2,6277,Young High Spender,Upsell premium services
44,Male,Pune,Xiaomi,Android,5.7,8.2,109.8,170,5.4,4583,3.3,0.2,1792,Gaming,2,6375,Young High Spender,Upsell premium services
27,Other,Lucknow,Realme,iOS,1.5,12.3,162.3,174,4.0,8519,7.8,4.9,1694,Social Media,2,10213,Young High Spender,Upsell premium services
30,Male,Hyderabad,Samsung,Android,3.2,31.2,92.2,65,5.6,9490,6.3,4.9,267,Work,2,9757,Young High Spender,Upsell premium services
19,Female,Bangalore,Vivo,iOS,7.4,9.0,190.3,104,3.8,8897,7.0,4.0,921,Gaming,2,9818,Young High Spender,Upsell premium services
51,Male,Delhi,Google Pixel,iOS,6.5,36.9,265.6,89,3.9,8996,2.6,3.0,364,Social Media,2,9360,Young High Spender,Upsell premium services
42,Male,Bangalore,Realme,Android,10.6,12.4,94.4,21,5.3,7644,1.2,2.0,1526,Social Media,2,9170,Young High Spender,Upsell premium services
37,Female,Lucknow,Xiaomi,Android,5.8,15.7,12.9,100,5.9,7838,3.0,3.2,630,Social Media,2,8468,Young High Spender,Upsell premium services
21,Other,Pune,Vivo,iOS,1.8,1.1,275.0,197,5.4,9856,6.8,2.8,862,Education,2,10718,Young High Spender,Upsell premium services
34,Male,Mumbai,Nokia,iOS,4.1,27.3,14.1,18,4.3,4040,2.5,1.9,302,Education,2,4342,Young High Spender,Upsell premium services
52,Other,Kolkata,OnePlus,Android,2.4,22.6,207.9,51,4.2,7554,7.5,4.4,505,Work,2,8059,Young High Spender,Upsell premium services
15,Female,Mumbai,Google Pixel,Android,2.0,39.6,27.8,41,5.6,9551,1.7,4.3,1476,Gaming,2,11027,Young High Spender,Upsell premium services
19,Male,Jaipur,Vivo,Android,1.5,23.4,23.8,15,4.4,8588,7.7,1.9,1003,Work,2,9591,Young High Spender,Upsell premium services
57,Male,Jaipur,OnePlus,iOS,5.9,39.6,199.9,142,5.4,8206,0.7,1.8,422,Social Media,2,8628,Young High Spender,Upsell premium services
17,Male,Kolkata,Vivo,Android,1.1,33.9,248.0,136,3.3,7759,1.0,1.5,234,Entertainment,2,7993,Young High Spender,Upsell premium services
25,Other,Mumbai,Google Pixel,Android,9.5,31.5,270.7,179,4.9,6810,3.5,4.0,1466,Education,2,8276,Young High Spender,Upsell premium services
33,Other,Bangalore,Motorola,Android,4.8,22.0,42.4,152,4.1,8652,3.6,2.5,517,Work,2,9169,Young High Spender,Upsell premium services
21,Male,Kolkata,Vivo,Android,8.8,43.7,23.0,199,5.5,6685,3.8,3.4,358,Social Media,2,7043,Young High Spender,Upsell premium services
16,Female,Hyderabad,OnePlus,iOS,11.9,14.0,78.8,127,5.0,7829,0.6,4.3,776,Entertainment,2,8605,Young High Spender,Upsell premium services
21,Male,Hyderabad,Oppo,Android,6.7,25.3,224.8,170,4.2,8917,1.1,4.5,1617,Education,2,10534,Young High Spender,Upsell premium services
46,Other,Chennai,Vivo,Android,4.9,8.6,7.2,107,3.8,6476,6.5,2.2,445,Entertainment,2,6921,Young High Spender,Upsell premium services
23,Female,Pune,OnePlus,iOS,5.0,42.3,10.7,184,4.3,8889,7.6,1.9,1829,Gaming,2,10718,Young High Spender,Upsell premium services
38,Female,Bangalore,Xiaomi,Android,11.7,32.9,82.0,31,5.6,8694,5.0,0.0,1269,Entertainment,2,9963,Young High Spender,Upsell premium services
29,Male,Kolkata,Xiaomi,Android,3.1,16.8,24.4,42,4.8,6984,7.9,4.2,1980,Gaming,2,8964,Young High Spender,Upsell premium services
16,Male,Delhi,Apple,Android,7.1,42.8,106.5,23,3.0,9784,4.2,2.4,1155,Education,2,10939,Young High Spender,Upsell premium services
22,Female,Bangalore,Oppo,Android,1.4,14.0,169.1,89,4.8,8032,5.4,0.6,981,Gaming,2,9013,Young High Spender,Upsell premium services
40,Other,Pune,Nokia,iOS,11.9,1.1,168.3,169,3.6,6303,6.8,4.9,742,Gaming,2,7045,Young High Spender,Upsell premium services
53,Other,Lucknow,Apple,iOS,10.8,3.7,135.1,196,5.1,7146,2.7,2.4,1384,Gaming,2,8530,Young High Spender,Upsell premium services
46,Male,Lucknow,Motorola,iOS,3.7,47.3,278.8,80,4.2,8779,0.5,1.4,886,Entertainment,2,9665,Young High Spender,Upsell premium services
47,Other,Mumbai,OnePlus,iOS,11.4,9.5,15.1,62,4.7,9076,7.8,5.0,599,Education,2,9675,Young High Spender,Upsell premium services
58,Other,Hyderabad,Oppo,Android,7.2,42.9,69.6,68,5.7,7827,3.9,4.1,1382,Social Media,2,9209,Young High Spender,Upsell premium services
23,Female,Delhi,OnePlus,Android,9.1,33.2,225.8,65,5.7,7021,6.6,4.2,1851,Gaming,2,8872,Young High Spender,Upsell premium services
33,Other,Ahmedabad,Vivo,iOS,8.0,5.0,235.8,131,4.1,5767,4.2,3.2,602,Education,2,6369,Young High Spender,Upsell premium services
15,Other,Chennai,Vivo,iOS,2.2,4.7,267.9,59,5.5,9807,2.4,1.9,323,Entertainment,2,10130,Young High Spender,Upsell premium services
17,Male,Kolkata,Xiaomi,iOS,8.3,25.8,290.8,114,5.8,7868,1.8,2.2,830,Entertainment,2,8698,Young High Spender,Upsell premium services
16,Other,Hyderabad,Nokia,iOS,9.6,13.0,216.4,184,4.1,9613,0.7,3.8,1131,Work,2,10744,Young High Spender,Upsell premium services
25,Other,Hyderabad,Oppo,iOS,6.6,44.4,145.4,32,5.1,7354,7.2,0.8,316,Work,2,7670,Young High Spender,Upsell premium services
34,Other,Ahmedabad,Xiaomi,iOS,6.8,41.9,162.0,106,4.5,9749,2.4,0.7,1867,Entertainment,2,11616,Young High Spender,Upsell premium services
17,Male,Hyderabad,Apple,iOS,3.1,28.8,102.6,148,2.6,9307,7.2,3.0,406,Entertainment,2,9713,Young High Spender,Upsell premium services
25,Male,Chennai,Motorola,Android,6.5,39.0,20.9,38,3.0,7469,4.6,3.4,444,Gaming,2,7913,Young High Spender,Upsell premium services
22,Female,Kolkata,OnePlus,iOS,6.4,42.9,179.6,37,5.3,5239,3.5,0.6,1523,Social Media,2,6762,Young High Spender,Upsell premium services
37,Female,Hyderabad,Realme,Android,5.9,42.2,199.8,84,4.5,6956,7.5,0.7,1969,Education,2,8925,Young High Spender,Upsell premium services
34,Other,Mumbai,Vivo,iOS,4.2,37.3,265.2,194,5.5,5619,2.2,3.3,1336,Education,2,6955,Young High Spender,Upsell premium services
42,Male,Lucknow,Nokia,iOS,5.0,48.4,107.1,195,5.6,9856,6.5,0.0,1682,Gaming,2,11538,Young High Spender,Upsell premium services
24,Female,Bangalore,Realme,iOS,4.6,7.5,49.9,51,5.8,5602,7.3,2.8,842,Social Media,2,6444,Young High Spender,Upsell premium services
20,Other,Bangalore,Oppo,Android,4.3,7.4,6.9,135,4.9,7209,6.6,3.5,443,Work,2,7652,Young High Spender,Upsell premium services
50,Other,Mumbai,Xiaomi,iOS,10.5,32.5,123.4,189,5.0,7802,3.5,2.4,844,Entertainment,2,8646,Young High Spender,Upsell premium services
49,Other,Hyderabad,Xiaomi,iOS,2.9,2.8,209.1,97,4.4,8753,4.9,4.1,1820,Education,2,10573,Young High Spender,Upsell premium services
45,Female,Hyderabad,Nokia,iOS,10.2,8.8,186.4,157,5.8,7030,7.9,4.9,654,Gaming,2,7684,Young High Spender,Upsell premium services
30,Male,Ahmedabad,Apple,Android,7.3,9.9,6.1,133,4.3,7306,7.2,1.3,1434,Social Media,2,8740,Young High Spender,Upsell premium services
58,Male,Chennai,Xiaomi,iOS,3.7,13.9,183.6,144,5.5,9250,1.0,1.2,1148,Work,2,10398,Young High Spender,Upsell premium services
38,Female,Bangalore,Realme,Android,1.6,10.3,263.6,145,5.9,7983,4.5,4.5,1392,Education,2,9375,Young High Spender,Upsell premium services
19,Male,Delhi,Nokia,Android,3.8,23.3,267.7,113,4.0,7028,6.2,5.0,851,Entertainment,2,7879,Young High Spender,Upsell premium services
25,Other,Lucknow,Realme,iOS,11.9,17.0,140.9,152,5.6,8990,2.3,0.4,1346,Work,2,10336,Young High Spender,Upsell premium services
29,Female,Ahmedabad,Samsung,iOS,8.5,11.5,206.6,18,3.8,7327,2.5,4.1,1357,Social Media,2,8684,Young High Spender,Upsell premium services
36,Male,Hyderabad,Vivo,Android,1.2,29.3,165.5,181,4.0,7211,3.1,1.5,1029,Education,2,8240,Young High Spender,Upsell premium services
41,Male,Lucknow,Motorola,iOS,9.2,43.5,63.6,113,3.9,5629,2.3,1.5,1295,Social Media,2,6924,Young High Spender,Upsell premium services
15,Other,Mumbai,Apple,Android,11.9,6.4,165.5,86,5.9,4762,4.3,0.2,1882,Work,2,6644,Young High Spender,Upsell premium services
58,Female,Kolkata,Xiaomi,iOS,9.9,30.1,144.3,46,4.2,8108,7.2,4.3,839,Entertainment,2,8947,Young High Spender,Upsell premium services
44,Male,Jaipur,Oppo,Android,5.3,45.2,124.3,143,6.0,9889,4.1,0.1,646,Work,2,10535,Young High Spender,Upsell premium services
59,Other,Ahmedabad,Vivo,iOS,2.5,5.2,57.2,127,5.9,7590,2.1,2.3,997,Work,2,8587,Young High Spender,Upsell premium services
31,Other,Hyderabad,Vivo,Android,2.8,2.7,130.3,90,3.4,6676,5.8,3.6,116,Social Media,2,6792,Young High Spender,Upsell premium services
27,Female,Pune,Nokia,iOS,9.5,9.6,131.5,169,4.4,9341,5.5,2.2,634,Gaming,2,9975,Young High Spender,Upsell premium services
41,Female,Chennai,OnePlus,Android,4.3,11.5,111.1,118,4.9,7364,7.0,1.8,1674,Education,2,9038,Young High Spender,Upsell premium services
38,Male,Delhi,Nokia,Android,9.4,12.5,78.5,128,4.7,9632,6.0,4.1,1220,Social Media,2,10852,Young High Spender,Upsell premium services
15,Other,Delhi,Vivo,iOS,4.0,7.6,14.9,98,3.8,7583,6.6,0.9,1048,Education,2,8631,Young High Spender,Upsell premium services
23,Other,Jaipur,Xiaomi,iOS,7.5,39.7,48.7,100,4.0,7349,1.2,0.8,1757,Social Media,2,9106,Young High Spender,Upsell premium services
21,Female,Chennai,Nokia,iOS,8.2,26.0,299.2,186,5.4,6110,5.3,4.8,1687,Work,2,7797,Young High Spender,Upsell premium services
39,Other,Lucknow,Samsung,Android,2.8,5.8,185.4,189,4.3,8606,3.0,1.1,267,Work,2,8873,Young High Spender,Upsell premium services
39,Female,Chennai,Oppo,iOS,5.5,20.0,265.9,169,4.7,5711,7.6,4.7,825,Education,2,6536,Young High Spender,Upsell premium services
41,Male,Lucknow,Google Pixel,Android,2.7,7.3,201.8,194,4.0,7410,5.8,4.1,1880,Work,2,9290,Young High Spender,Upsell premium services
43,Female,Kolkata,Samsung,Android,9.2,2.9,66.4,161,4.7,8705,7.3,0.3,1664,Education,2,10369,Young High Spender,Upsell premium services
46,Male,Delhi,Samsung,Android,2.7,32.2,19.0,19,3.3,7838,0.9,2.2,1146,Entertainment,2,8984,Young High Spender,Upsell premium services
33,Other,Kolkata,Samsung,iOS,2.2,1.9,186.9,94,5.8,6890,1.3,2.8,1873,Entertainment,2,8763,Young High Spender,Upsell premium services
18,Female,Mumbai,Vivo,iOS,9.3,35.0,42.6,77,3.9,7089,6.7,3.5,1523,Education,2,8612,Young High Spender,Upsell premium services
31,Female,Bangalore,Xiaomi,Android,5.1,22.4,204.1,111,3.4,5973,1.8,3.6,827,Entertainment,2,6800,Young High Spender,Upsell premium services
39,Other,Ahmedabad,OnePlus,Android,10.9,11.6,91.6,44,4.4,5621,4.0,0.9,1049,Education,2,6670,Young High Spender,Upsell premium services
32,Other,Bangalore,Google Pixel,iOS,8.7,47.3,111.9,172,5.9,4154,3.7,1.7,917,Social Media,2,5071,Young High Spender,Upsell premium services
27,Female,Mumbai,Realme,Android,10.6,10.7,241.9,200,4.8,5761,2.3,1.7,1718,Social Media,2,7479,Young High Spender,Upsell premium services
25,Other,Mumbai,Apple,iOS,1.2,7.7,286.3,146,3.6,8246,1.5,4.5,811,Education,2,9057,Young High Spender,Upsell premium services
25,Male,Jaipur,Vivo,Android,7.5,15.2,122.0,89,3.7,8939,7.4,3.9,1221,Entertainment,2,10160,Young High Spender,Upsell premium services
34,Female,Jaipur,Samsung,iOS,8.8,6.4,298.6,26,3.6,7355,4.8,4.5,1031,Education,2,8386,Young High Spender,Upsell premium services
47,Female,Pune,Vivo,Android,11.2,21.5,168.7,166,6.0,6444,2.3,0.3,260,Education,2,6704,Young High Spender,Upsell premium services
48,Male,Kolkata,Oppo,iOS,1.6,44.3,242.5,28,3.8,8501,1.7,2.4,1046,Work,2,9547,Young High Spender,Upsell premium services
24,Male,Ahmedabad,Realme,iOS,11.3,38.9,136.4,30,3.0,6812,3.1,1.3,995,Social Media,2,7807,Young High Spender,Upsell premium services
29,Other,Ahmedabad,OnePlus,iOS,3.2,21.3,294.1,135,3.3,7063,6.2,4.1,1460,Gaming,2,8523,Young High Spender,Upsell premium services
58,Other,Mumbai,OnePlus,iOS,7.6,33.4,186.9,167,4.9,8005,3.1,4.0,593,Entertainment,2,8598,Young High Spender,Upsell premium services
18,Male,Lucknow,Nokia,iOS,2.1,29.2,53.0,175,2.9,7779,3.2,4.5,871,Social Media,2,8650,Young High Spender,Upsell premium services
58,Female,Lucknow,OnePlus,Android,11.9,11.7,120.3,15,5.6,8319,2.9,1.1,704,Entertainment,2,9023,Young High Spender,Upsell premium services
52,Other,Kolkata,Samsung,Android,9.6,6.1,129.9,196,5.6,8745,4.6,4.7,1668,Entertainment,2,10413,Young High Spender,Upsell premium services
24,Other,Jaipur,OnePlus,iOS,2.3,5.3,206.4,118,4.4,7051,3.4,3.8,1918,Work,2,8969,Young High Spender,Upsell premium services
54,Female,Delhi,Apple,iOS,3.7,43.9,68.6,159,4.9,9743,1.1,0.7,1824,Gaming,2,11567,Young High Spender,Upsell premium services
22,Female,Hyderabad,Xiaomi,iOS,5.7,2.3,30.3,107,4.2,8190,6.8,2.1,209,Entertainment,2,8399,Young High Spender,Upsell premium services
46,Female,Mumbai,Nokia,Android,11.7,7.1,88.5,82,3.6,9429,3.2,2.6,230,Gaming,2,9659,Young High Spender,Upsell premium services
54,Female,Jaipur,Motorola,Android,5.0,49.6,78.6,70,5.4,9916,0.6,0.4,1729,Gaming,2,11645,Young High Spender,Upsell premium services
28,Male,Mumbai,Motorola,iOS,7.1,22.2,211.7,64,5.5,5956,7.1,1.5,966,Work,2,6922,Young High Spender,Upsell premium services
30,Other,Hyderabad,OnePlus,Android,9.9,32.7,66.9,96,5.6,4401,3.2,3.7,124,Social Media,2,4525,Young High Spender,Upsell premium services
27,Other,Pune,OnePlus,iOS,5.6,9.2,157.2,33,5.7,8820,2.9,2.2,718,Entertainment,2,9538,Young High Spender,Upsell premium services
58,Other,Delhi,OnePlus,iOS,10.3,39.7,78.3,113,5.5,9373,6.1,1.1,1009,Education,2,10382,Young High Spender,Upsell premium services
56,Male,Lucknow,Motorola,Android,5.2,19.5,102.6,84,5.1,8280,2.7,3.4,1802,Entertainment,2,10082,Young High Spender,Upsell premium services
39,Male,Chennai,OnePlus,Android,2.3,28.7,76.8,58,5.9,7020,2.4,3.9,1749,Social Media,2,8769,Young High Spender,Upsell premium services
31,Female,Ahmedabad,Xiaomi,iOS,9.3,33.8,150.1,84,4.8,4416,2.6,3.4,910,Work,2,5326,Young High Spender,Upsell premium services
32,Male,Delhi,Nokia,iOS,5.2,7.4,244.7,37,5.7,3805,5.0,4.7,1924,Social Media,2,5729,Young High Spender,Upsell premium services
43,Male,Mumbai,Xiaomi,Android,4.6,1.6,212.6,83,5.8,4757,2.4,0.1,866,Gaming,2,5623,Young High Spender,Upsell premium services
30,Other,Chennai,Google Pixel,iOS,9.1,17.7,39.9,111,4.4,8211,4.0,3.9,210,Gaming,2,8421,Young High Spender,Upsell premium services
16,Other,Lucknow,Vivo,iOS,3.3,9.4,44.4,163,5.9,5726,5.0,3.9,708,Work,2,6434,Young High Spender,Upsell premium services
31,Female,Lucknow,Samsung,iOS,10.7,43.4,34.7,168,3.3,9670,1.7,4.6,1075,Work,2,10745,Young High Spender,Upsell premium services
22,Other,Jaipur,Oppo,Android,9.8,47.7,42.4,122,4.0,7304,1.0,2.0,1998,Education,2,9302,Young High Spender,Upsell premium services
22,Other,Chennai,Apple,iOS,5.3,37.5,259.9,149,3.2,9646,2.2,2.5,1631,Entertainment,2,11277,Young High Spender,Upsell premium services
29,Other,Pune,Oppo,Android,6.0,15.2,251.0,155,4.8,7579,0.7,2.7,714,Entertainment,2,8293,Young High Spender,Upsell premium services
36,Female,Lucknow,Oppo,iOS,1.5,48.2,161.2,44,5.3,6884,4.8,2.7,1321,Entertainment,2,8205,Young High Spender,Upsell premium services
34,Female,Jaipur,OnePlus,Android,2.6,41.1,138.7,199,5.3,9447,1.4,4.1,725,Education,2,10172,Young High Spender,Upsell premium services
47,Other,Kolkata,Nokia,Android,3.4,5.8,6.4,82,4.7,9054,3.6,0.7,378,Education,2,9432,Young High Spender,Upsell premium services
19,Female,Ahmedabad,Motorola,Android,3.6,7.7,203.8,27,5.6,9740,5.7,0.6,246,Entertainment,2,9986,Young High Spender,Upsell premium services
26,Male,Lucknow,Apple,iOS,8.3,24.4,120.3,166,3.9,9177,5.6,0.7,1646,Gaming,2,10823,Young High Spender,Upsell premium services
30,Other,Bangalore,Samsung,Android,7.2,10.1,48.8,187,4.5,5151,1.9,3.8,1632,Education,2,6783,Young High Spender,Upsell premium services
50,Male,Chennai,Nokia,Android,10.6,43.0,247.6,12,3.8,9711,4.7,2.6,1318,Gaming,2,11029,Young High Spender,Upsell premium services
15,Male,Hyderabad,Apple,Android,6.4,44.9,10.1,110,4.3,7419,6.1,3.8,1020,Social Media,2,8439,Young High Spender,Upsell premium services
18,Other,Jaipur,Motorola,iOS,2.3,42.1,38.9,99,2.6,8908,2.7,4.1,298,Entertainment,2,9206,Young High Spender,Upsell premium services
40,Male,Chennai,Vivo,iOS,7.1,21.1,71.3,134,3.9,8012,5.2,3.8,1046,Entertainment,2,9058,Young High Spender,Upsell premium services
41,Female,Ahmedabad,Samsung,iOS,3.6,49.3,76.9,146,4.6,7084,6.2,3.1,410,Education,2,7494,Young High Spender,Upsell premium services
25,Male,Chennai,Vivo,Android,9.4,2.1,67.1,45,5.7,8006,7.8,3.8,112,Gaming,2,8118,Young High Spender,Upsell premium services
32,Male,Hyderabad,Samsung,iOS,2.8,12.9,150.7,151,5.1,4427,4.1,1.5,301,Gaming,2,4728,Young High Spender,Upsell premium services
28,Female,Kolkata,Xiaomi,iOS,7.1,36.1,237.4,129,5.1,9694,5.4,1.1,1992,Entertainment,2,11686,Young High Spender,Upsell premium services
21,Male,Kolkata,Vivo,iOS,10.6,16.9,178.6,40,5.7,6385,4.1,2.0,500,Work,2,6885,Young High Spender,Upsell premium services
48,Male,Kolkata,Realme,Android,1.3,36.9,117.2,14,5.1,6260,6.7,0.5,457,Entertainment,2,6717,Young High Spender,Upsell premium services
16,Female,Mumbai,Apple,iOS,8.6,47.6,294.5,49,5.5,8245,1.9,1.8,1885,Gaming,2,10130,Young High Spender,Upsell premium services
40,Female,Jaipur,Vivo,Android,4.4,39.4,97.4,71,4.6,5923,6.4,4.7,771,Social Media,2,6694,Young High Spender,Upsell premium services
40,Other,Ahmedabad,Google Pixel,iOS,1.1,30.0,56.7,107,4.8,6899,7.2,1.1,230,Gaming,2,7129,Young High Spender,Upsell premium services
36,Male,Jaipur,Vivo,iOS,1.5,28.3,155.5,178,3.5,9127,6.0,4.8,1823,Entertainment,2,10950,Young High Spender,Upsell premium services
28,Female,Mumbai,Google Pixel,iOS,6.4,13.3,42.5,181,5.5,7377,4.8,4.6,1313,Social Media,2,8690,Young High Spender,Upsell premium services
28,Other,Ahmedabad,Realme,Android,10.3,18.2,110.0,44,5.4,6241,1.7,3.7,853,Entertainment,2,7094,Young High Spender,Upsell premium services
35,Male,Lucknow,Oppo,Android,8.7,20.4,47.7,66,4.4,8167,6.7,4.1,1707,Education,2,9874,Young High Spender,Upsell premium services
47,Female,Bangalore,Nokia,iOS,9.0,7.4,189.6,151,4.6,9574,2.6,4.8,1762,Social Media,2,11336,Young High Spender,Upsell premium services
43,Other,Kolkata,Xiaomi,iOS,11.4,27.3,39.9,111,5.5,5038,5.7,2.9,443,Social Media,2,5481,Young High Spender,Upsell premium services
31,Other,Hyderabad,Motorola,iOS,9.2,36.9,242.1,59,4.0,5342,1.4,3.9,733,Gaming,2,6075,Young High Spender,Upsell premium services
51,Other,Ahmedabad,Google Pixel,iOS,5.6,47.9,287.9,48,5.1,9073,3.6,4.0,1008,Gaming,2,10081,Young High Spender,Upsell premium services
42,Other,Lucknow,Oppo,iOS,8.1,48.1,209.9,153,5.3,5255,2.0,2.0,790,Gaming,2,6045,Young High Spender,Upsell premium services
22,Female,Ahmedabad,Apple,Android,1.4,44.1,38.5,181,5.8,7528,1.3,2.2,1843,Work,2,9371,Young High Spender,Upsell premium services
40,Female,Ahmedabad,Apple,iOS,1.3,23.0,267.0,19,5.2,8210,7.9,2.3,296,Education,2,8506,Young High Spender,Upsell premium services
43,Female,Ahmedabad,Samsung,iOS,10.3,38.8,226.8,51,5.4,9312,4.5,3.1,1068,Social Media,2,10380,Young High Spender,Upsell premium services
44,Female,Ahmedabad,Google Pixel,Android,2.0,29.3,10.2,38,5.4,8486,0.6,2.1,691,Entertainment,2,9177,Young High Spender,Upsell premium services
32,Female,Mumbai,Oppo,Android,8.3,2.8,228.6,135,3.8,7954,6.5,1.6,974,Entertainment,2,8928,Young High Spender,Upsell premium services
34,Male,Mumbai,Samsung,iOS,11.8,21.5,266.5,81,6.0,7627,5.0,1.4,626,Social Media,2,8253,Young High Spender,Upsell premium services
20,Other,Mumbai,Oppo,iOS,3.1,15.4,98.2,173,5.8,6540,7.2,4.1,133,Social Media,2,6673,Young High Spender,Upsell premium services
15,Female,Mumbai,Xiaomi,Android,3.0,49.7,119.0,104,4.5,9122,5.2,1.5,1133,Education,2,10255,Young High Spender,Upsell premium services
18,Male,Delhi,Samsung,Android,7.7,18.7,33.8,146,3.1,9175,6.4,2.5,1807,Social Media,2,10982,Young High Spender,Upsell premium services
22,Other,Jaipur,Google Pixel,iOS,5.4,39.5,33.3,60,4.4,5454,5.6,2.6,1857,Social Media,2,7311,Young High Spender,Upsell premium services
34,Male,Delhi,Vivo,Android,10.0,20.4,20.8,32,4.4,7774,4.6,2.6,1117,Gaming,2,8891,Young High Spender,Upsell premium services
33,Male,Kolkata,Realme,iOS,3.7,5.2,26.1,197,5.6,9933,1.0,4.4,1504,Work,2,11437,Young High Spender,Upsell premium services
43,Male,Mumbai,Google Pixel,iOS,4.5,22.2,22.3,47,4.7,6084,6.2,3.0,1295,Social Media,2,7379,Young High Spender,Upsell premium services
30,Other,Hyderabad,Nokia,iOS,2.8,12.8,268.8,113,5.6,6882,4.8,1.2,1708,Social Media,2,8590,Young High Spender,Upsell premium services
27,Other,Lucknow,Oppo,iOS,6.4,10.2,189.1,194,5.6,9953,5.8,1.0,1723,Entertainment,2,11676,Young High Spender,Upsell premium services
33,Male,Jaipur,Realme,Android,11.0,36.7,149.8,150,5.5,6626,7.1,2.2,660,Social Media,2,7286,Young High Spender,Upsell premium services
22,Other,Jaipur,Vivo,iOS,5.0,14.1,40.3,143,5.5,5822,8.0,0.3,1958,Entertainment,2,7780,Young High Spender,Upsell premium services
32,Other,Jaipur,Vivo,iOS,11.9,9.0,9.1,18,3.2,7925,3.1,2.6,458,Work,2,8383,Young High Spender,Upsell premium services
40,Female,Hyderabad,Nokia,Android,2.6,21.1,153.4,71,4.5,6269,2.6,2.4,411,Work,2,6680,Young High Spender,Upsell premium services
27,Other,Ahmedabad,Samsung,iOS,7.2,28.3,177.9,198,4.4,5694,7.2,1.3,460,Work,2,6154,Young High Spender,Upsell premium services
50,Female,Delhi,Samsung,Android,3.6,46.7,243.0,139,4.8,6564,0.5,4.8,507,Education,2,7071,Young High Spender,Upsell premium services
15,Female,Mumbai,Nokia,iOS,9.2,23.5,91.1,70,5.0,8447,6.7,1.8,1079,Education,2,9526,Young High Spender,Upsell premium services
33,Female,Mumbai,Xiaomi,iOS,3.0,41.8,258.7,177,4.4,8755,4.2,3.5,1506,Work,2,10261,Young High Spender,Upsell premium services
26,Other,Hyderabad,Google Pixel,Android,9.2,44.6,35.5,197,5.4,3181,3.1,2.7,786,Social Media,2,3967,Young High Spender,Upsell premium services
38,Other,Jaipur,Oppo,iOS,7.8,30.6,61.9,88,3.9,6923,8.0,1.3,1250,Entertainment,2,8173,Young High Spender,Upsell premium services
16,Female,Jaipur,Vivo,Android,7.2,22.4,292.8,163,5.9,8438,6.0,3.1,1524,Gaming,2,9962,Young High Spender,Upsell premium services
34,Male,Hyderabad,Samsung,iOS,5.4,34.5,217.6,122,4.6,4289,0.7,0.9,1841,Education,2,6130,Young High Spender,Upsell premium services
34,Other,Kolkata,OnePlus,Android,10.0,9.3,270.4,183,4.5,5212,6.4,0.7,1264,Work,2,6476,Young High Spender,Upsell premium services
33,Female,Jaipur,Samsung,Android,5.6,27.1,298.5,85,4.5,9684,0.8,2.9,1409,Entertainment,2,11093,Young High Spender,Upsell premium services
44,Female,Hyderabad,Samsung,iOS,1.5,7.0,174.0,51,3.6,5863,6.0,0.9,650,Social Media,2,6513,Young High Spender,Upsell premium services
17,Other,Delhi,Xiaomi,iOS,4.7,43.7,73.4,25,4.6,9169,5.8,1.5,412,Gaming,2,9581,Young High Spender,Upsell premium services
39,Female,Jaipur,Nokia,iOS,7.7,5.7,138.7,123,3.9,7814,2.8,1.7,1832,Entertainment,2,9646,Young High Spender,Upsell premium services
31,Other,Chennai,OnePlus,iOS,6.1,39.7,247.3,110,5.4,5698,5.4,4.5,378,Education,2,6076,Young High Spender,Upsell premium services
29,Male,Jaipur,Realme,Android,7.9,34.5,269.4,135,5.2,9605,1.9,0.0,1142,Entertainment,2,10747,Young High Spender,Upsell premium services
32,Other,Jaipur,Oppo,Android,6.0,34.0,106.5,152,3.5,6278,2.2,4.0,1372,Work,2,7650,Young High Spender,Upsell premium services
44,Male,Ahmedabad,OnePlus,Android,10.1,14.7,258.0,163,4.7,5127,0.7,3.4,240,Work,2,5367,Young High Spender,Upsell premium services
43,Female,Hyderabad,Nokia,Android,10.4,31.3,33.3,194,4.7,5911,0.8,3.1,136,Entertainment,2,6047,Young High Spender,Upsell premium services
48,Other,Chennai,Google Pixel,Android,3.6,34.7,73.6,145,5.7,8068,2.6,2.6,495,Social Media,2,8563,Young High Spender,Upsell premium services
49,Male,Pune,OnePlus,Android,11.2,30.0,125.2,193,4.9,7161,2.6,4.3,282,Gaming,2,7443,Young High Spender,Upsell premium services
60,Other,Pune,Motorola,iOS,6.3,30.5,14.8,113,5.7,9019,7.2,0.2,1789,Gaming,2,10808,Young High Spender,Upsell premium services
53,Male,Lucknow,Realme,iOS,3.4,6.4,100.0,76,5.0,8593,1.4,3.0,1642,Entertainment,2,10235,Young High Spender,Upsell premium services
22,Other,Kolkata,Vivo,Android,7.3,47.0,95.5,130,4.4,5956,4.9,2.1,1784,Education,2,7740,Young High Spender,Upsell premium services
31,Male,Bangalore,Nokia,iOS,5.7,49.9,10.4,92,3.9,5699,7.9,2.3,979,Work,2,6678,Young High Spender,Upsell premium services
43,Male,Mumbai,Xiaomi,iOS,10.1,35.4,239.5,59,6.0,6844,1.2,0.2,524,Social Media,2,7368,Young High Spender,Upsell premium services
24,Female,Pune,OnePlus,Android,9.6,34.1,146.3,188,5.9,9526,4.1,4.2,1294,Entertainment,2,10820,Young High Spender,Upsell premium services
38,Female,Delhi,Samsung,iOS,9.1,21.6,68.8,110,4.2,6739,5.5,3.5,790,Gaming,2,7529,Young High Spender,Upsell premium services
36,Male,Kolkata,OnePlus,Android,3.4,31.7,238.5,120,4.8,4003,7.4,4.8,1794,Entertainment,2,5797,Young High Spender,Upsell premium services
20,Male,Mumbai,Xiaomi,Android,9.3,44.4,208.0,170,5.2,8912,5.1,3.5,1053,Work,2,9965,Young High Spender,Upsell premium services
29,Female,Mumbai,Xiaomi,Android,8.6,21.2,251.3,108,5.3,9895,3.8,2.4,570,Gaming,2,10465,Young High Spender,Upsell premium services
18,Female,Delhi,Google Pixel,iOS,8.6,27.2,162.0,19,3.7,7997,3.1,3.6,1945,Social Media,2,9942,Young High Spender,Upsell premium services
25,Female,Pune,Nokia,Android,3.8,48.2,29.1,114,3.7,5601,5.8,2.1,628,Education,2,6229,Young High Spender,Upsell premium services
30,Female,Kolkata,Realme,Android,6.4,3.1,203.7,35,4.3,7674,1.5,3.7,386,Work,2,8060,Young High Spender,Upsell premium services
22,Male,Bangalore,Realme,iOS,1.5,36.0,176.2,164,4.1,9825,5.4,0.3,417,Social Media,2,10242,Young High Spender,Upsell premium services
26,Female,Bangalore,Google Pixel,iOS,7.3,7.9,157.6,193,4.4,5215,4.4,2.0,446,Gaming,2,5661,Young High Spender,Upsell premium services
17,Male,Pune,OnePlus,iOS,11.4,11.0,69.7,123,4.2,7695,5.3,2.9,1358,Entertainment,2,9053,Young High Spender,Upsell premium services
46,Female,Pune,Oppo,iOS,9.8,5.2,12.9,166,3.4,9883,2.6,1.4,1012,Work,2,10895,Young High Spender,Upsell premium services
52,Female,Mumbai,Vivo,Android,6.9,31.2,262.6,196,5.4,7815,2.8,2.8,855,Gaming,2,8670,Young High Spender,Upsell premium services
33,Female,Kolkata,Apple,iOS,5.3,38.2,232.0,186,3.7,7074,7.6,2.4,1430,Gaming,2,8504,Young High Spender,Upsell premium services
33,Female,Chennai,Vivo,Android,1.8,33.6,174.2,83,5.2,5609,1.7,4.6,695,Gaming,2,6304,Young High Spender,Upsell premium services
24,Female,Pune,Apple,iOS,1.8,27.8,72.3,40,4.4,8390,1.1,3.9,839,Entertainment,2,9229,Young High Spender,Upsell premium services
27,Male,Lucknow,OnePlus,iOS,11.5,2.9,174.8,136,4.3,6614,4.0,1.2,272,Education,2,6886,Young High Spender,Upsell premium services
29,Female,Bangalore,Oppo,iOS,4.1,43.1,120.8,102,5.7,3256,3.4,0.7,1880,Entertainment,2,5136,Young High Spender,Upsell premium services
39,Male,Mumbai,Apple,Android,2.8,32.7,177.1,55,3.4,9225,7.9,3.6,367,Gaming,2,9592,Young High Spender,Upsell premium services
42,Female,Lucknow,Motorola,iOS,10.4,9.7,155.2,54,5.4,6878,6.5,1.4,316,Education,2,7194,Young High Spender,Upsell premium services
30,Male,Pune,Oppo,Android,11.2,2.2,117.1,130,4.6,5055,1.3,4.7,1368,Education,2,6423,Young High Spender,Upsell premium services
54,Female,Delhi,Xiaomi,Android,3.4,33.7,9.6,135,3.7,9695,5.0,1.6,1863,Entertainment,2,11558,Young High Spender,Upsell premium services
23,Female,Pune,Nokia,iOS,3.5,3.7,157.2,87,3.1,8078,3.5,0.4,1842,Gaming,2,9920,Young High Spender,Upsell premium services
36,Other,Lucknow,Realme,iOS,1.4,24.3,142.8,186,3.9,8882,7.0,1.9,1959,Education,2,10841,Young High Spender,Upsell premium services
37,Other,Pune,Oppo,Android,8.8,39.4,166.0,113,3.9,7719,1.4,3.6,1591,Social Media,2,9310,Young High Spender,Upsell premium services
28,Male,Lucknow,Realme,Android,10.4,27.6,32.6,41,3.7,8630,6.3,3.8,1805,Work,2,10435,Young High Spender,Upsell premium services
21,Male,Mumbai,Nokia,Android,10.1,3.6,165.6,174,4.0,8421,7.6,4.6,1508,Social Media,2,9929,Young High Spender,Upsell premium services
41,Male,Chennai,Motorola,iOS,11.0,36.4,87.4,32,5.8,8369,6.1,0.4,1648,Education,2,10017,Young High Spender,Upsell premium services
28,Female,Mumbai,Oppo,Android,5.7,45.6,30.7,171,4.8,7197,6.8,1.1,1557,Gaming,2,8754,Young High Spender,Upsell premium services
56,Female,Jaipur,Apple,iOS,9.1,30.6,160.5,43,4.1,8914,5.7,4.6,1715,Entertainment,2,10629,Young High Spender,Upsell premium services
31,Other,Hyderabad,OnePlus,Android,8.6,16.9,232.1,112,4.4,8150,2.4,4.5,1480,Entertainment,2,9630,Young High Spender,Upsell premium services
20,Male,Pune,Nokia,Android,6.9,31.8,109.3,80,3.7,8597,0.6,3.6,847,Education,2,9444,Young High Spender,Upsell premium services
29,Male,Ahmedabad,Apple,Android,5.4,48.3,51.8,82,4.1,7125,4.6,0.1,694,Gaming,2,7819,Young High Spender,Upsell premium services
51,Male,Mumbai,Oppo,iOS,11.7,25.4,115.1,63,3.7,9840,4.4,4.9,288,Entertainment,2,10128,Young High Spender,Upsell premium services
29,Female,Kolkata,Apple,iOS,3.4,39.5,19.0,22,4.9,4760,7.7,1.3,960,Education,2,5720,Young High Spender,Upsell premium services
21,Male,Ahmedabad,Realme,iOS,1.7,30.2,120.8,79,6.0,9023,5.3,3.9,1033,Work,2,10056,Young High Spender,Upsell premium services
59,Other,Chennai,Xiaomi,iOS,11.2,43.7,68.0,59,5.6,6971,5.5,1.6,979,Gaming,2,7950,Young High Spender,Upsell premium services
47,Other,Chennai,Google Pixel,Android,5.8,48.6,259.3,78,4.1,6785,6.4,1.2,381,Gaming,2,7166,Young High Spender,Upsell premium services
26,Female,Pune,Vivo,Android,2.3,46.9,226.3,19,5.1,4567,4.0,2.4,408,Work,2,4975,Young High Spender,Upsell premium services
28,Male,Ahmedabad,Realme,Android,2.2,22.4,117.5,180,4.1,9670,4.9,1.6,776,Entertainment,2,10446,Young High Spender,Upsell premium services
46,Male,Mumbai,Google Pixel,Android,9.8,44.4,215.6,136,5.6,9158,3.8,1.0,770,Social Media,2,9928,Young High Spender,Upsell premium services
37,Other,Kolkata,Xiaomi,Android,9.9,39.2,276.8,50,5.8,4721,3.5,3.0,450,Social Media,2,5171,Young High Spender,Upsell premium services
49,Female,Chennai,Oppo,iOS,7.2,23.9,231.1,36,4.3,9116,6.9,4.2,1363,Education,2,10479,Young High Spender,Upsell premium services
55,Male,Lucknow,Oppo,Android,10.3,35.4,81.3,184,5.3,7636,2.5,0.7,792,Gaming,2,8428,Young High Spender,Upsell premium services
45,Other,Chennai,Vivo,Android,4.5,7.2,98.3,114,5.8,8628,1.5,1.5,1921,Gaming,2,10549,Young High Spender,Upsell premium services
19,Other,Chennai,Xiaomi,Android,3.5,2.3,113.5,156,5.2,7894,6.5,3.2,986,Gaming,2,8880,Young High Spender,Upsell premium services
25,Female,Delhi,Vivo,iOS,6.4,20.0,86.5,62,4.4,6986,2.6,0.2,1535,Education,2,8521,Young High Spender,Upsell premium services
53,Female,Hyderabad,Realme,iOS,10.5,11.8,82.7,136,4.0,7751,6.0,0.8,1765,Entertainment,2,9516,Young High Spender,Upsell premium services
39,Male,Pune,Vivo,iOS,3.6,33.7,37.7,98,3.8,8772,3.7,3.1,946,Gaming,2,9718,Young High Spender,Upsell premium services
51,Female,Lucknow,Nokia,Android,3.9,26.9,227.5,131,4.0,8352,4.9,0.8,1652,Entertainment,2,10004,Young High Spender,Upsell premium services
20,Other,Lucknow,OnePlus,Android,5.2,11.3,37.9,80,4.3,9924,2.5,3.3,1247,Entertainment,2,11171,Young High Spender,Upsell premium services
20,Other,Lucknow,Realme,iOS,2.8,23.0,21.6,193,5.9,4718,4.3,3.0,1755,Gaming,2,6473,Young High Spender,Upsell premium services
46,Other,Mumbai,Apple,iOS,1.7,7.6,127.1,28,4.2,7336,3.9,1.7,805,Social Media,2,8141,Young High Spender,Upsell premium services
39,Male,Delhi,Realme,iOS,4.5,8.7,240.7,81,5.7,9108,4.6,0.7,747,Social Media,2,9855,Young High Spender,Upsell premium services
48,Other,Bangalore,Nokia,iOS,7.1,21.4,84.4,117,5.8,9854,1.7,1.8,694,Work,2,10548,Young High Spender,Upsell premium services
33,Male,Pune,Apple,Android,6.9,30.8,293.4,69,5.2,8785,2.7,0.6,1032,Education,2,9817,Young High Spender,Upsell premium services
40,Female,Hyderabad,Apple,iOS,5.6,26.6,98.7,180,5.4,8759,4.2,1.2,1849,Gaming,2,10608,Young High Spender,Upsell premium services
29,Other,Pune,Xiaomi,Android,10.6,34.9,209.8,93,5.7,7707,7.7,1.2,1760,Work,2,9467,Young High Spender,Upsell premium services
29,Male,Hyderabad,Google Pixel,Android,5.8,41.3,271.5,200,5.9,6885,2.7,2.7,1256,Work,2,8141,Young High Spender,Upsell premium services
32,Female,Bangalore,Google Pixel,Android,2.0,15.2,281.6,148,4.8,7414,3.4,1.0,481,Entertainment,2,7895,Young High Spender,Upsell premium services
28,Female,Kolkata,Vivo,Android,8.3,45.2,206.3,75,6.0,8012,3.1,0.3,1740,Social Media,2,9752,Young High Spender,Upsell premium services
53,Female,Hyderabad,Realme,Android,5.5,17.8,159.7,46,6.0,8641,5.2,4.4,326,Gaming,2,8967,Young High Spender,Upsell premium services
59,Male,Ahmedabad,Samsung,Android,6.3,4.0,273.3,68,4.7,9271,0.7,0.5,173,Social Media,2,9444,Young High Spender,Upsell premium services
35,Male,Pune,Realme,iOS,11.9,41.6,206.5,174,4.2,8597,0.7,4.7,1914,Education,2,10511,Young High Spender,Upsell premium services
54,Female,Jaipur,Xiaomi,iOS,11.7,23.6,94.2,130,5.9,9602,3.9,4.0,580,Gaming,2,10182,Young High Spender,Upsell premium services
21,Female,Bangalore,Xiaomi,iOS,9.1,25.0,255.3,38,5.0,6043,3.4,3.1,209,Education,2,6252,Young High Spender,Upsell premium services
36,Female,Delhi,Samsung,Android,8.8,13.4,23.3,186,4.8,9568,7.6,0.1,984,Social Media,2,10552,Young High Spender,Upsell premium services
29,Female,Kolkata,Motorola,iOS,9.3,38.8,241.7,155,4.9,9510,5.3,1.1,1791,Entertainment,2,11301,Young High Spender,Upsell premium services
55,Female,Pune,Realme,iOS,1.0,9.2,222.4,77,5.9,6985,1.3,1.9,1822,Entertainment,2,8807,Young High Spender,Upsell premium services
48,Male,Delhi,Google Pixel,Android,6.2,39.4,181.4,50,4.0,7041,7.2,4.1,404,Education,2,7445,Young High Spender,Upsell premium services
60,Other,Mumbai,OnePlus,iOS,6.1,34.1,237.5,135,4.2,8478,6.3,2.8,228,Education,2,8706,Young High Spender,Upsell premium services
40,Other,Delhi,Motorola,Android,9.9,30.1,62.3,58,5.6,7812,6.5,0.8,136,Gaming,2,7948,Young High Spender,Upsell premium services
39,Male,Kolkata,Apple,Android,5.8,17.8,176.6,118,4.5,7320,5.8,1.0,382,Work,2,7702,Young High Spender,Upsell premium services
39,Other,Pune,Nokia,Android,5.6,11.0,170.3,31,5.2,6570,3.3,3.8,1003,Work,2,7573,Young High Spender,Upsell premium services
60,Male,Kolkata,Motorola,Android,3.9,25.8,228.2,20,4.1,9524,1.7,4.2,1844,Social Media,2,11368,Young High Spender,Upsell premium services
28,Female,Lucknow,Realme,iOS,9.0,24.8,256.6,123,5.1,4762,5.7,0.9,889,Education,2,5651,Young High Spender,Upsell premium services
18,Female,Ahmedabad,Apple,iOS,11.1,30.5,164.2,39,4.5,6766,3.2,2.5,930,Social Media,2,7696,Young High Spender,Upsell premium services
28,Male,Kolkata,Samsung,iOS,11.8,38.9,265.8,110,4.8,9103,2.8,3.9,1042,Entertainment,2,10145,Young High Spender,Upsell premium services
54,Female,Chennai,Samsung,Android,2.5,21.0,247.5,102,4.6,7771,0.6,3.3,901,Education,2,8672,Young High Spender,Upsell premium services
21,Male,Hyderabad,Realme,Android,11.3,21.2,263.8,117,5.0,8778,5.0,4.8,1328,Education,2,10106,Young High Spender,Upsell premium services
25,Female,Chennai,Samsung,Android,9.3,33.4,294.3,152,4.6,7015,3.3,3.1,140,Education,2,7155,Young High Spender,Upsell premium services
32,Female,Bangalore,Samsung,iOS,4.7,48.6,166.3,49,5.6,7610,1.9,3.3,888,Work,2,8498,Young High Spender,Upsell premium services
50,Female,Jaipur,Xiaomi,iOS,3.5,28.1,266.7,166,3.8,8899,2.2,2.0,582,Social Media,2,9481,Young High Spender,Upsell premium services
24,Female,Jaipur,Oppo,iOS,1.2,1.5,27.1,74,5.1,8353,5.4,3.5,1310,Work,2,9663,Young High Spender,Upsell premium services
27,Female,Pune,Motorola,Android,2.1,40.2,132.7,125,4.2,8075,5.0,3.3,1243,Education,2,9318,Young High Spender,Upsell premium services
25,Other,Lucknow,Motorola,iOS,8.6,22.0,41.2,149,4.5,4667,1.1,1.9,1067,Social Media,2,5734,Young High Spender,Upsell premium services
16,Female,Ahmedabad,Google Pixel,iOS,1.7,21.9,239.1,123,5.1,6805,8.0,2.8,1335,Social Media,2,8140,Young High Spender,Upsell premium services
56,Other,Bangalore,Samsung,Android,3.8,18.8,268.5,196,5.5,7937,4.9,2.0,1629,Gaming,2,9566,Young High Spender,Upsell premium services
48,Other,Chennai,Nokia,iOS,9.2,14.6,125.7,128,4.4,9269,7.4,0.8,964,Education,2,10233,Young High Spender,Upsell premium services
37,Male,Lucknow,Oppo,Android,10.1,6.7,165.0,146,5.1,7025,6.0,0.7,1680,Education,2,8705,Young High Spender,Upsell premium services
60,Female,Bangalore,Samsung,iOS,2.9,10.7,44.9,109,5.7,8460,4.1,0.7,811,Education,2,9271,Young High Spender,Upsell premium services
45,Other,Chennai,Samsung,iOS,8.4,47.9,40.6,103,5.4,7647,3.9,1.2,1265,Work,2,8912,Young High Spender,Upsell premium services
45,Male,Lucknow,Samsung,iOS,9.6,17.5,119.7,86,4.0,7573,0.5,4.1,1524,Work,2,9097,Young High Spender,Upsell premium services
39,Female,Lucknow,Vivo,Android,9.1,38.1,225.8,120,3.8,7060,7.2,2.1,1185,Entertainment,2,8245,Young High Spender,Upsell premium services
40,Male,Mumbai,Apple,iOS,4.7,46.8,297.0,24,4.1,9198,1.7,0.6,518,Education,2,9716,Young High Spender,Upsell premium services
26,Other,Jaipur,OnePlus,Android,7.7,3.5,243.2,43,3.6,9275,3.1,3.5,1526,Social Media,2,10801,Young High Spender,Upsell premium services
16,Male,Hyderabad,Realme,Android,11.5,49.3,225.2,21,5.5,8406,7.2,2.8,1973,Work,2,10379,Young High Spender,Upsell premium services
51,Other,Delhi,Google Pixel,Android,5.6,41.0,232.2,78,4.7,7334,5.7,3.7,1517,Entertainment,2,8851,Young High Spender,Upsell premium services
32,Male,Mumbai,Oppo,Android,7.6,22.0,189.8,113,5.9,6080,5.5,2.0,1419,Work,2,7499,Young High Spender,Upsell premium services
28,Male,Bangalore,Apple,iOS,10.1,4.9,140.0,86,5.0,4593,5.5,4.5,1731,Gaming,2,6324,Young High Spender,Upsell premium services
45,Male,Kolkata,Realme,Android,8.7,16.0,222.3,146,4.5,8002,3.6,2.9,650,Entertainment,2,8652,Young High Spender,Upsell premium services
44,Female,Chennai,Motorola,Android,8.7,2.0,192.6,134,4.7,6007,3.8,1.1,203,Education,2,6210,Young High Spender,Upsell premium services
22,Male,Jaipur,Vivo,iOS,4.5,30.1,92.8,11,5.5,6244,1.8,3.5,478,Education,2,6722,Young High Spender,Upsell premium services
43,Other,Chennai,Google Pixel,Android,2.0,42.3,10.2,10,3.7,6501,5.5,0.6,250,Work,2,6751,Young High Spender,Upsell premium services
18,Female,Lucknow,Xiaomi,Android,11.7,42.2,115.4,176,6.0,8436,4.6,0.2,115,Gaming,2,8551,Young High Spender,Upsell premium services
54,Male,Lucknow,Xiaomi,iOS,1.8,18.2,254.7,106,5.6,8926,3.4,4.4,396,Gaming,2,9322,Young High Spender,Upsell premium services
22,Other,Mumbai,Motorola,Android,3.6,48.2,229.4,101,4.4,8414,7.4,4.2,429,Gaming,2,8843,Young High Spender,Upsell premium services
30,Female,Bangalore,Vivo,iOS,10.5,11.5,234.7,156,5.4,6462,5.7,1.4,1621,Social Media,2,8083,Young High Spender,Upsell premium services
18,Female,Hyderabad,Google Pixel,iOS,11.2,24.5,281.9,34,4.7,9292,6.6,2.6,1892,Gaming,2,11184,Young High Spender,Upsell premium services
47,Other,Lucknow,Vivo,Android,7.9,48.8,36.3,69,5.0,8859,4.5,2.0,588,Education,2,9447,Young High Spender,Upsell premium services
54,Other,Delhi,Vivo,Android,1.2,20.3,207.0,71,5.6,7207,3.6,1.9,724,Social Media,2,7931,Young High Spender,Upsell premium services
17,Female,Kolkata,OnePlus,Android,2.7,21.3,245.2,94,3.3,8816,4.1,4.8,126,Gaming,2,8942,Young High Spender,Upsell premium services
41,Other,Lucknow,Samsung,Android,4.5,1.8,299.1,154,5.4,5304,3.2,1.3,222,Entertainment,2,5526,Young High Spender,Upsell premium services
55,Female,Mumbai,Vivo,iOS,8.3,48.1,221.1,189,5.2,8511,4.4,0.3,349,Education,2,8860,Young High Spender,Upsell premium services
43,Other,Chennai,Motorola,Android,5.6,19.7,80.3,185,5.7,8856,4.3,2.4,1257,Entertainment,2,10113,Young High Spender,Upsell premium services
25,Other,Kolkata,Vivo,Android,2.9,3.2,215.5,97,3.3,7618,6.7,2.6,400,Social Media,2,8018,Young High Spender,Upsell premium services
18,Female,Pune,Apple,Android,8.4,33.8,41.1,192,3.1,6935,1.7,4.5,397,Social Media,2,7332,Young High Spender,Upsell premium services
17,Female,Bangalore,Motorola,Android,3.3,38.2,226.5,162,5.9,5625,2.7,3.4,1962,Gaming,2,7587,Young High Spender,Upsell premium services
58,Female,Kolkata,OnePlus,Android,7.9,26.8,216.0,135,5.3,8675,6.5,0.5,516,Work,2,9191,Young High Spender,Upsell premium services
20,Female,Kolkata,Google Pixel,iOS,3.8,49.4,139.9,36,3.1,9081,6.1,1.6,1005,Entertainment,2,10086,Young High Spender,Upsell premium services
23,Male,Jaipur,Nokia,iOS,2.5,25.9,149.9,118,4.4,8637,6.6,1.1,149,Education,2,8786,Young High Spender,Upsell premium services
55,Other,Hyderabad,Realme,Android,4.0,2.2,126.4,31,5.9,7237,7.1,0.2,897,Education,2,8134,Young High Spender,Upsell premium services
20,Other,Ahmedabad,Motorola,iOS,8.7,28.7,33.7,117,2.7,7687,7.7,1.9,1425,Education,2,9112,Young High Spender,Upsell premium services
20,Female,Pune,Oppo,iOS,8.4,35.9,222.4,187,3.1,8667,4.3,0.8,310,Entertainment,2,8977,Young High Spender,Upsell premium services
22,Other,Jaipur,Xiaomi,Android,10.5,27.8,74.7,152,5.1,9350,6.8,4.8,1045,Social Media,2,10395,Young High Spender,Upsell premium services
21,Other,Jaipur,Nokia,Android,9.2,43.3,16.5,24,4.2,9767,5.4,1.8,221,Social Media,2,9988,Young High Spender,Upsell premium services
25,Female,Bangalore,Apple,iOS,5.1,15.5,159.4,142,5.9,9823,5.4,1.6,595,Gaming,2,10418,Young High Spender,Upsell premium services
31,Female,Bangalore,Nokia,Android,8.3,23.3,160.6,77,3.2,9968,5.9,2.7,238,Education,2,10206,Young High Spender,Upsell premium services
44,Other,Chennai,Apple,iOS,2.7,14.6,111.6,86,4.4,7333,2.5,2.0,235,Gaming,2,7568,Young High Spender,Upsell premium services
18,Other,Pune,Samsung,iOS,2.7,9.7,73.4,73,3.5,8001,3.3,2.0,1010,Entertainment,2,9011,Young High Spender,Upsell premium services
16,Other,Bangalore,Google Pixel,iOS,9.1,20.4,35.8,61,4.2,9814,3.5,4.7,1424,Work,2,11238,Young High Spender,Upsell premium services
34,Female,Pune,Vivo,iOS,7.7,7.0,122.1,130,5.6,3806,5.9,3.0,538,Education,2,4344,Young High Spender,Upsell premium services
29,Male,Pune,Xiaomi,Android,8.6,16.4,154.1,196,3.7,7864,1.3,3.1,1331,Gaming,2,9195,Young High Spender,Upsell premium services
27,Other,Hyderabad,Apple,iOS,8.3,7.2,227.8,142,5.8,6553,7.7,1.0,100,Entertainment,2,6653,Young High Spender,Upsell premium services
26,Other,Bangalore,Vivo,Android,6.1,12.1,174.3,151,4.5,5428,3.6,1.8,318,Gaming,2,5746,Young High Spender,Upsell premium services
59,Other,Delhi,Google Pixel,Android,2.2,42.8,13.8,181,4.5,8083,2.5,3.9,421,Social Media,2,8504,Young High Spender,Upsell premium services
49,Male,Jaipur,Nokia,Android,4.9,31.5,185.8,141,5.3,9783,3.3,3.3,1263,Education,2,11046,Young High Spender,Upsell premium services
41,Male,Mumbai,Google Pixel,iOS,3.2,39.3,105.9,119,5.8,3718,4.9,1.9,148,Education,2,3866,Young High Spender,Upsell premium services
31,Other,Chennai,Motorola,iOS,3.0,9.0,63.2,182,5.3,4777,6.5,1.4,674,Gaming,2,5451,Young High Spender,Upsell premium services
45,Male,Bangalore,Oppo,iOS,10.6,37.7,237.2,27,5.3,9254,5.9,4.5,1077,Work,2,10331,Young High Spender,Upsell premium services
43,Male,Jaipur,Realme,Android,10.2,28.9,181.6,81,5.0,4651,3.5,2.1,894,Social Media,2,5545,Young High Spender,Upsell premium services
37,Female,Jaipur,Motorola,iOS,1.7,39.7,245.8,130,4.2,6648,0.6,4.8,426,Work,2,7074,Young High Spender,Upsell premium services
44,Other,Lucknow,Google Pixel,Android,10.5,48.7,62.8,79,5.5,9051,2.8,1.9,1246,Education,2,10297,Young High Spender,Upsell premium services
27,Other,Hyderabad,Google Pixel,iOS,10.1,27.7,200.9,124,4.6,6748,4.9,2.0,1666,Social Media,2,8414,Young High Spender,Upsell premium services
43,Female,Ahmedabad,Oppo,iOS,5.5,41.7,157.5,16,3.7,5826,2.1,0.6,1710,Work,2,7536,Young High Spender,Upsell premium services
38,Female,Bangalore,Motorola,iOS,9.3,33.8,142.3,164,4.2,7379,6.0,2.5,1670,Entertainment,2,9049,Young High Spender,Upsell premium services
25,Male,Hyderabad,Nokia,iOS,3.5,8.7,136.2,22,4.4,6887,6.2,3.5,995,Work,2,7882,Young High Spender,Upsell premium services
41,Other,Kolkata,OnePlus,Android,3.7,18.4,294.1,117,4.9,6225,3.4,4.0,1700,Education,2,7925,Young High Spender,Upsell premium services
37,Male,Kolkata,Nokia,iOS,2.1,20.7,264.8,62,5.3,9840,5.8,2.0,893,Social Media,2,10733,Young High Spender,Upsell premium services
28,Female,Delhi,Realme,iOS,3.0,6.8,290.8,28,5.1,7526,4.3,1.8,792,Work,2,8318,Young High Spender,Upsell premium services
36,Other,Jaipur,OnePlus,iOS,11.0,28.0,22.2,127,5.6,3163,4.4,2.9,329,Work,2,3492,Young High Spender,Upsell premium services
53,Female,Delhi,OnePlus,iOS,10.3,15.2,177.7,193,4.4,9901,4.3,3.0,609,Gaming,2,10510,Young High Spender,Upsell premium services
29,Other,Hyderabad,Apple,Android,7.2,47.6,67.6,187,4.2,7686,2.5,3.9,1431,Social Media,2,9117,Young High Spender,Upsell premium services
48,Female,Bangalore,Apple,Android,7.1,15.9,164.5,13,6.0,8209,0.8,0.4,1162,Gaming,2,9371,Young High Spender,Upsell premium services
31,Other,Mumbai,Vivo,Android,8.2,22.0,129.6,130,5.0,3911,4.6,2.7,1518,Entertainment,2,5429,Young High Spender,Upsell premium services
37,Female,Chennai,Google Pixel,Android,2.2,39.0,192.7,149,5.7,4452,3.3,0.6,631,Work,2,5083,Young High Spender,Upsell premium services
35,Female,Pune,Apple,Android,9.8,44.9,272.8,60,3.7,5600,7.7,2.2,822,Education,2,6422,Young High Spender,Upsell premium services
32,Other,Pune,Xiaomi,iOS,7.7,5.3,101.5,198,5.8,9094,5.6,1.6,855,Gaming,2,9949,Young High Spender,Upsell premium services
15,Other,Pune,Samsung,Android,8.3,13.8,84.5,120,5.8,8221,2.7,2.8,717,Work,2,8938,Young High Spender,Upsell premium services
30,Other,Mumbai,Vivo,iOS,8.1,42.2,62.5,140,5.8,3320,5.3,2.0,709,Education,2,4029,Young High Spender,Upsell premium services
15,Female,Lucknow,Motorola,Android,8.2,23.3,109.7,58,5.4,9511,2.3,3.6,268,Gaming,2,9779,Young High Spender,Upsell premium services
33,Other,Lucknow,Vivo,iOS,5.8,49.2,46.7,82,4.2,9379,7.5,2.9,258,Work,2,9637,Young High Spender,Upsell premium services
20,Female,Chennai,Oppo,iOS,10.1,2.0,166.3,137,3.8,6419,4.6,1.5,223,Education,2,6642,Young High Spender,Upsell premium services
33,Female,Ahmedabad,Samsung,Android,10.1,25.5,228.5,149,4.0,5414,3.9,1.7,1801,Social Media,2,7215,Young High Spender,Upsell premium services
34,Other,Mumbai,Nokia,Android,1.4,38.4,41.9,43,4.4,8474,6.7,1.5,1921,Social Media,2,10395,Young High Spender,Upsell premium services
30,Other,Lucknow,Samsung,Android,8.1,40.9,144.3,13,4.4,7610,2.5,3.2,1959,Education,2,9569,Young High Spender,Upsell premium services
34,Male,Jaipur,Realme,iOS,5.0,40.3,12.4,123,4.2,8175,2.7,0.7,1164,Work,2,9339,Young High Spender,Upsell premium services
46,Male,Delhi,Nokia,iOS,3.5,14.2,280.7,107,5.7,9271,3.0,1.2,785,Education,2,10056,Young High Spender,Upsell premium services
27,Male,Bangalore,OnePlus,Android,11.7,27.6,122.9,78,3.0,8426,1.5,2.6,919,Entertainment,2,9345,Young High Spender,Upsell premium services
41,Other,Delhi,Motorola,iOS,12.0,16.2,33.3,177,4.4,6053,0.6,0.8,1376,Education,2,7429,Young High Spender,Upsell premium services
36,Other,Mumbai,Nokia,iOS,8.1,45.9,148.9,15,5.7,8934,3.7,3.1,194,Education,2,9128,Young High Spender,Upsell premium services
47,Male,Lucknow,Motorola,iOS,9.8,30.6,169.8,32,3.6,6534,6.1,1.5,1628,Work,2,8162,Young High Spender,Upsell premium services
25,Male,Mumbai,Apple,Android,4.7,1.8,154.0,10,4.6,6343,6.2,4.9,505,Social Media,2,6848,Young High Spender,Upsell premium services
42,Other,Delhi,Motorola,Android,6.3,36.2,188.0,40,6.0,6621,4.8,1.5,1034,Gaming,2,7655,Young High Spender,Upsell premium services
23,Male,Ahmedabad,OnePlus,Android,3.1,8.5,267.7,111,5.9,7565,8.0,2.3,487,Entertainment,2,8052,Young High Spender,Upsell premium services
45,Other,Mumbai,Motorola,Android,7.5,27.3,55.9,48,5.7,7377,7.0,2.6,645,Social Media,2,8022,Young High Spender,Upsell premium services
44,Other,Hyderabad,Motorola,iOS,11.8,45.2,9.5,134,4.1,9602,6.2,3.7,641,Education,2,10243,Young High Spender,Upsell premium services
15,Female,Jaipur,Google Pixel,Android,7.4,22.2,123.7,112,5.4,8469,6.2,3.7,161,Education,2,8630,Young High Spender,Upsell premium services
27,Female,Ahmedabad,Realme,Android,2.6,6.9,174.4,167,5.2,4740,6.9,0.8,1455,Social Media,2,6195,Young High Spender,Upsell premium services
56,Male,Pune,Nokia,Android,4.9,40.3,228.0,64,5.0,7523,3.7,3.5,935,Entertainment,2,8458,Young High Spender,Upsell premium services
21,Other,Kolkata,Realme,Android,7.6,3.1,97.2,68,5.7,8292,3.2,1.6,1231,Education,2,9523,Young High Spender,Upsell premium services
58,Male,Pune,Oppo,iOS,3.4,15.4,288.1,35,5.6,9294,3.7,3.7,1877,Entertainment,2,11171,Young High Spender,Upsell premium services
29,Other,Pune,Vivo,iOS,4.3,25.1,153.1,27,5.6,9797,7.9,1.4,1558,Social Media,2,11355,Young High Spender,Upsell premium services
29,Male,Mumbai,Motorola,Android,5.6,39.1,137.3,34,5.7,7746,2.1,0.5,1670,Education,2,9416,Young High Spender,Upsell premium services
36,Female,Chennai,Apple,iOS,5.9,36.9,113.7,161,5.4,5493,2.8,1.3,910,Social Media,2,6403,Young High Spender,Upsell premium services
51,Female,Chennai,Nokia,iOS,8.9,18.6,83.8,34,4.5,6785,7.1,4.0,473,Gaming,2,7258,Young High Spender,Upsell premium services
21,Female,Lucknow,Vivo,Android,1.8,12.0,38.1,50,4.3,6686,3.5,5.0,183,Work,2,6869,Young High Spender,Upsell premium services
32,Male,Pune,OnePlus,iOS,6.5,19.8,23.7,23,5.2,3291,2.8,1.8,230,Gaming,2,3521,Young High Spender,Upsell premium services
18,Male,Ahmedabad,Motorola,Android,1.6,20.2,224.3,158,5.5,5037,6.3,1.1,323,Work,2,5360,Young High Spender,Upsell premium services
56,Female,Ahmedabad,OnePlus,Android,8.8,43.8,293.2,56,4.6,7863,3.3,3.5,293,Work,2,8156,Young High Spender,Upsell premium services
28,Female,Mumbai,Samsung,iOS,9.6,33.9,27.4,14,4.2,6129,7.4,0.5,361,Education,2,6490,Young High Spender,Upsell premium services
58,Other,Chennai,Nokia,iOS,1.2,47.9,218.7,146,4.7,9659,1.6,4.7,1684,Entertainment,2,11343,Young High Spender,Upsell premium services
23,Other,Bangalore,Oppo,Android,11.2,43.5,27.8,62,5.7,3183,1.6,2.9,995,Social Media,2,4178,Young High Spender,Upsell premium services
27,Other,Bangalore,Realme,Android,4.5,16.7,120.8,37,3.4,8087,7.0,0.4,1727,Entertainment,2,9814,Young High Spender,Upsell premium services
37,Other,Pune,Motorola,Android,5.9,25.6,219.0,48,3.7,5919,7.0,2.5,276,Work,2,6195,Young High Spender,Upsell premium services
34,Male,Hyderabad,Vivo,Android,1.1,15.3,267.4,19,5.4,8216,6.5,4.3,671,Entertainment,2,8887,Young High Spender,Upsell premium services
29,Female,Delhi,Oppo,iOS,11.2,29.4,126.7,77,4.4,5291,5.3,1.8,1358,Entertainment,2,6649,Young High Spender,Upsell premium services
27,Other,Mumbai,Apple,iOS,7.2,36.6,90.4,81,5.1,4007,3.8,3.3,1380,Entertainment,2,5387,Young High Spender,Upsell premium services
40,Female,Chennai,Oppo,iOS,9.5,12.9,243.0,166,4.3,8550,3.4,0.7,222,Education,2,8772,Young High Spender,Upsell premium services
34,Female,Ahmedabad,Realme,Android,1.1,48.9,74.7,70,5.3,5516,0.7,4.0,1612,Entertainment,2,7128,Young High Spender,Upsell premium services
43,Other,Kolkata,Oppo,iOS,5.6,22.5,215.2,78,5.1,5332,0.8,3.6,1098,Gaming,2,6430,Young High Spender,Upsell premium services
