Age,Gender,Location,Phone Brand,OS,Screen Time (hrs/day),Data Usage (GB/month),Calls Duration (mins/day),Number of Apps Installed,Social Media Time (hrs/day),E-commerce Spend (INR/month),Streaming Time (hrs/day),Gaming Time (hrs/day),Monthly Recharge Cost (INR),Primary Use,Cluster,Total expenditure,Cluster Name,Actionable Insight
56,Other,Kolkata,Realme,iOS,3.1,43.5,125.3,188,2.3,9767,5.2,5.0,1136,Entertainment,0,10903,Mature High Spender,Upsell premium services
55,Other,Lucknow,Nokia,Android,1.6,23.7,192.0,27,3.1,9330,1.2,2.3,1098,Work,0,10428,Mature High Spender,Upsell premium services
46,Other,Mumbai,Apple,Android,3.1,23.6,153.9,183,2.5,6242,6.2,0.4,1679,Education,0,7921,Mature High Spender,Upsell premium services
40,Other,Hyderabad,Motorola,iOS,9.0,38.9,289.6,62,2.4,8012,7.7,2.0,1224,Work,0,9236,Mature High Spender,Upsell premium services
41,Other,Jaipur,Realme,Android,8.1,44.1,81.8,25,1.9,5545,5.7,3.7,1488,Education,0,7033,Mature High Spender,Upsell premium services
39,Female,Jaipur,Motorola,Android,4.0,9.4,194.2,32,1.5,8314,6.7,3.5,447,Entertainment,0,8761,Mature High Spender,Upsell premium services
28,Female,Chennai,Xiaomi,iOS,5.3,16.8,264.9,84,1.3,9222,7.2,3.0,1699,Social Media,0,10921,Mature High Spender,Upsell premium services
54,Male,Ahmedabad,Vivo,iOS,2.2,22.0,30.8,156,1.8,8307,1.1,3.0,1788,Social Media,0,10095,Mature High Spender,Upsell premium services
17,Other,Lucknow,Apple,iOS,4.7,30.4,157.7,187,2.6,9189,4.3,4.9,801,Entertainment,0,9990,Mature High Spender,Upsell premium services
49,Other,Jaipur,OnePlus,Android,8.6,46.0,181.8,154,1.6,4264,7.5,0.4,1142,Social Media,0,5406,Mature High Spender,Upsell premium services
49,Male,Pune,Motorola,iOS,3.4,17.0,235.4,52,2.8,7018,7.3,4.7,2000,Education,0,9018,Mature High Spender,Upsell premium services
35,Male,Hyderabad,Xiaomi,iOS,3.0,8.3,253.1,18,2.5,9494,3.1,4.6,479,Gaming,0,9973,Mature High Spender,Upsell premium services
38,Other,Jaipur,Oppo,iOS,1.3,9.0,119.7,36,2.0,5666,4.0,4.1,1605,Education,0,7271,Mature High Spender,Upsell premium services
41,Female,Delhi,Realme,Android,2.5,9.3,111.0,69,0.6,2918,6.5,1.9,1699,Education,0,4617,Mature High Spender,Upsell premium services
43,Male,Kolkata,Google Pixel,iOS,3.0,24.3,151.7,143,1.1,4443,6.3,0.3,546,Education,0,4989,Mature High Spender,Upsell premium services
28,Male,Chennai,Xiaomi,iOS,5.7,49.5,98.2,190,2.1,8715,7.9,3.2,195,Gaming,0,8910,Mature High Spender,Upsell premium services
23,Female,Hyderabad,Samsung,Android,4.5,44.3,298.9,166,2.2,9243,1.2,4.4,1355,Entertainment,0,10598,Mature High Spender,Upsell premium services
43,Other,Lucknow,Vivo,iOS,11.4,45.5,215.1,28,1.1,6568,7.4,0.5,505,Social Media,0,7073,Mature High Spender,Upsell premium services
39,Male,Jaipur,Samsung,Android,8.8,40.8,237.2,190,2.8,5779,6.6,1.3,1767,Social Media,0,7546,Mature High Spender,Upsell premium services
59,Male,Pune,Google Pixel,Android,2.3,11.6,52.3,136,2.9,6699,1.5,4.2,1239,Entertainment,0,7938,Mature High Spender,Upsell premium services
21,Other,Kolkata,Vivo,Android,7.2,29.6,180.6,88,1.4,9995,1.1,0.4,1727,Gaming,0,11722,Mature High Spender,Upsell premium services
15,Other,Mumbai,Realme,iOS,10.5,39.3,77.1,137,2.2,8230,3.1,3.1,687,Work,0,8917,Mature High Spender,Upsell premium services
56,Male,Hyderabad,Motorola,iOS,11.6,31.6,123.1,150,2.0,7124,6.7,3.4,1037,Entertainment,0,8161,Mature High Spender,Upsell premium services
38,Other,Hyderabad,Realme,iOS,4.5,20.9,62.8,198,0.5,5339,0.6,3.3,767,Social Media,0,6106,Mature High Spender,Upsell premium services
27,Male,Jaipur,Apple,iOS,1.5,7.8,50.7,151,1.1,5508,3.4,2.8,392,Education,0,5900,Mature High Spender,Upsell premium services
44,Other,Chennai,Nokia,iOS,10.8,15.8,152.4,81,3.1,8153,7.3,1.6,1350,Gaming,0,9503,Mature High Spender,Upsell premium services
49,Male,Pune,Google Pixel,Android,10.1,9.4,69.5,125,0.7,5893,4.2,4.6,837,Social Media,0,6730,Mature High Spender,Upsell premium services
21,Other,Lucknow,Vivo,Android,2.9,27.6,202.1,85,1.8,6866,3.3,4.2,1149,Entertainment,0,8015,Mature High Spender,Upsell premium services
42,Male,Chennai,Google Pixel,Android,5.5,49.4,55.7,117,1.4,9032,2.0,4.5,332,Entertainment,0,9364,Mature High Spender,Upsell premium services
39,Male,Hyderabad,Oppo,Android,3.1,9.3,165.3,199,2.6,8547,1.4,3.5,186,Social Media,0,8733,Mature High Spender,Upsell premium services
50,Other,Delhi,Motorola,iOS,3.8,15.6,264.9,183,0.9,4894,0.7,4.2,1740,Work,0,6634,Mature High Spender,Upsell premium services
29,Female,Lucknow,Vivo,iOS,3.9,19.0,64.4,106,1.0,9942,3.3,0.3,612,Social Media,0,10554,Mature High Spender,Upsell premium services
51,Female,Lucknow,OnePlus,Android,7.3,44.2,211.4,80,0.5,6983,6.1,2.5,1150,Gaming,0,8133,Mature High Spender,Upsell premium services
39,Male,Pune,Oppo,Android,7.2,12.1,281.8,58,1.9,5116,7.6,4.5,1271,Social Media,0,6387,Mature High Spender,Upsell premium services
58,Other,Mumbai,Apple,iOS,7.1,43.3,248.5,57,2.6,8474,2.0,0.9,160,Gaming,0,8634,Mature High Spender,Upsell premium services
20,Female,Jaipur,Google Pixel,iOS,9.0,6.0,137.9,49,0.7,8615,0.8,2.3,223,Education,0,8838,Mature High Spender,Upsell premium services
29,Male,Chennai,Oppo,iOS,10.1,33.3,168.3,40,2.5,8182,4.9,0.2,621,Gaming,0,8803,Mature High Spender,Upsell premium services
43,Male,Pune,Nokia,Android,5.4,21.2,244.2,140,3.3,8206,7.9,1.0,1178,Social Media,0,9384,Mature High Spender,Upsell premium services
48,Female,Chennai,Google Pixel,Android,9.4,35.8,256.5,160,1.6,8873,5.1,1.6,882,Work,0,9755,Mature High Spender,Upsell premium services
51,Female,Delhi,Nokia,iOS,6.1,46.3,38.1,89,2.1,6856,5.3,0.9,1328,Entertainment,0,8184,Mature High Spender,Upsell premium services
58,Female,Jaipur,Motorola,Android,4.5,7.3,126.7,174,2.6,8052,7.3,2.4,779,Gaming,0,8831,Mature High Spender,Upsell premium services
49,Female,Ahmedabad,Realme,iOS,8.4,28.8,62.6,16,0.7,3036,3.3,3.7,1184,Gaming,0,4220,Mature High Spender,Upsell premium services
16,Male,Chennai,Oppo,Android,8.2,8.4,233.3,142,0.9,8059,1.2,4.6,1804,Work,0,9863,Mature High Spender,Upsell premium services
18,Other,Bangalore,Google Pixel,Android,10.7,24.8,170.7,184,1.0,9616,2.0,3.8,1542,Work,0,11158,Mature High Spender,Upsell premium services
33,Other,Delhi,Samsung,Android,8.3,46.6,28.4,175,0.6,9944,7.4,4.2,1390,Social Media,0,11334,Mature High Spender,Upsell premium services
26,Other,Kolkata,Google Pixel,iOS,9.4,16.1,121.1,52,0.8,5732,1.0,4.4,1882,Work,0,7614,Mature High Spender,Upsell premium services
55,Female,Chennai,Motorola,Android,7.5,4.2,71.0,171,1.0,8505,4.6,3.7,364,Work,0,8869,Mature High Spender,Upsell premium services
20,Other,Chennai,Samsung,iOS,8.5,49.5,199.5,136,0.5,8540,2.2,4.4,880,Social Media,0,9420,Mature High Spender,Upsell premium services
40,Female,Kolkata,Realme,Android,6.9,16.6,65.1,164,1.2,5691,4.3,3.3,872,Entertainment,0,6563,Mature High Spender,Upsell premium services
52,Male,Bangalore,OnePlus,iOS,1.3,15.1,241.0,72,0.9,6597,1.0,1.0,1841,Social Media,0,8438,Mature High Spender,Upsell premium services
54,Other,Pune,Oppo,iOS,4.5,42.6,61.8,96,1.5,4443,6.0,0.5,1786,Education,0,6229,Mature High Spender,Upsell premium services
22,Other,Jaipur,Realme,Android,9.3,21.2,227.5,48,0.8,7296,3.0,5.0,546,Work,0,7842,Mature High Spender,Upsell premium services
41,Other,Jaipur,Google Pixel,iOS,8.0,47.9,210.7,156,3.1,7026,5.2,2.0,354,Work,0,7380,Mature High Spender,Upsell premium services
50,Other,Jaipur,Nokia,iOS,6.9,15.0,295.9,173,2.4,8166,4.1,4.8,525,Work,0,8691,Mature High Spender,Upsell premium services
60,Female,Chennai,Xiaomi,Android,3.1,4.4,259.8,73,0.9,5023,2.4,1.1,1188,Gaming,0,6211,Mature High Spender,Upsell premium services
28,Other,Ahmedabad,Samsung,iOS,8.5,25.1,150.0,142,0.9,7911,6.0,2.8,1083,Work,0,8994,Mature High Spender,Upsell premium services
23,Other,Hyderabad,Nokia,Android,4.1,14.0,246.6,26,1.1,7727,4.8,1.1,555,Social Media,0,8282,Mature High Spender,Upsell premium services
16,Male,Delhi,Apple,Android,9.1,9.9,133.5,89,2.0,9075,4.2,2.0,663,Social Media,0,9738,Mature High Spender,Upsell premium services
39,Other,Ahmedabad,Xiaomi,Android,9.7,13.3,87.6,93,1.7,4550,3.0,3.9,1461,Entertainment,0,6011,Mature High Spender,Upsell premium services
55,Other,Jaipur,Nokia,Android,1.6,37.6,227.7,126,1.8,6117,7.4,1.9,1819,Entertainment,0,7936,Mature High Spender,Upsell premium services
39,Other,Hyderabad,Motorola,Android,10.6,26.3,40.7,20,0.9,2643,4.2,0.9,1591,Work,0,4234,Mature High Spender,Upsell premium services
47,Other,Bangalore,OnePlus,Android,5.5,42.2,97.5,147,1.0,6769,7.5,2.7,1703,Education,0,8472,Mature High Spender,Upsell premium services
25,Other,Bangalore,OnePlus,Android,5.7,4.6,279.5,88,3.0,9903,3.8,2.6,1330,Entertainment,0,11233,Mature High Spender,Upsell premium services
41,Other,Bangalore,Realme,iOS,4.7,12.3,132.9,169,3.3,5953,7.5,2.6,415,Education,0,6368,Mature High Spender,Upsell premium services
29,Male,Bangalore,OnePlus,iOS,3.0,46.4,244.8,59,1.9,6411,4.3,1.3,219,Education,0,6630,Mature High Spender,Upsell premium services
25,Male,Bangalore,Nokia,Android,6.2,22.1,91.1,110,1.4,6597,2.1,3.7,912,Social Media,0,7509,Mature High Spender,Upsell premium services
22,Other,Hyderabad,Oppo,Android,1.2,34.9,34.7,39,2.0,8410,2.3,4.2,1723,Entertainment,0,10133,Mature High Spender,Upsell premium services
35,Male,Jaipur,Vivo,Android,11.7,5.2,100.0,96,1.7,4499,3.8,3.0,1197,Entertainment,0,5696,Mature High Spender,Upsell premium services
20,Male,Pune,Realme,iOS,11.0,38.4,16.6,117,1.2,7812,1.6,4.7,975,Entertainment,0,8787,Mature High Spender,Upsell premium services
27,Other,Pune,Vivo,Android,5.1,36.5,56.9,151,2.3,6454,4.2,4.4,358,Entertainment,0,6812,Mature High Spender,Upsell premium services
52,Male,Kolkata,Xiaomi,Android,5.1,16.6,10.2,109,1.7,9210,3.1,2.7,575,Gaming,0,9785,Mature High Spender,Upsell premium services
25,Other,Pune,Vivo,iOS,4.8,32.1,216.9,146,2.0,6665,3.3,4.2,481,Education,0,7146,Mature High Spender,Upsell premium services
59,Female,Chennai,Oppo,iOS,11.5,46.7,233.0,23,3.0,7990,8.0,4.5,730,Social Media,0,8720,Mature High Spender,Upsell premium services
36,Female,Kolkata,Nokia,Android,10.3,2.8,90.2,55,1.7,4561,2.9,0.6,111,Gaming,0,4672,Mature High Spender,Upsell premium services
50,Male,Mumbai,Xiaomi,iOS,9.5,41.5,48.5,174,2.8,9353,2.4,3.9,655,Social Media,0,10008,Mature High Spender,Upsell premium services
31,Other,Bangalore,Realme,Android,4.2,34.3,228.0,170,2.7,9848,7.9,1.9,1375,Education,0,11223,Mature High Spender,Upsell premium services
58,Other,Pune,Xiaomi,iOS,3.0,17.6,165.5,68,1.1,6788,1.8,2.2,868,Education,0,7656,Mature High Spender,Upsell premium services
41,Other,Hyderabad,Nokia,Android,7.7,22.0,194.3,31,1.1,6911,5.3,0.7,207,Social Media,0,7118,Mature High Spender,Upsell premium services
57,Male,Chennai,Vivo,iOS,5.1,29.4,103.5,13,1.7,5617,1.5,2.4,360,Gaming,0,5977,Mature High Spender,Upsell premium services
47,Male,Pune,OnePlus,iOS,2.7,44.9,279.4,108,3.6,7854,3.8,1.3,211,Social Media,0,8065,Mature High Spender,Upsell premium services
53,Female,Hyderabad,Nokia,Android,11.7,34.3,210.6,63,3.4,7823,4.3,4.0,1375,Education,0,9198,Mature High Spender,Upsell premium services
31,Female,Kolkata,Vivo,iOS,8.6,42.5,290.1,182,1.7,4949,1.5,4.5,326,Gaming,0,5275,Mature High Spender,Upsell premium services
39,Male,Hyderabad,Nokia,iOS,8.3,36.4,245.8,77,2.8,9856,4.6,1.9,229,Social Media,0,10085,Mature High Spender,Upsell premium services
48,Female,Mumbai,OnePlus,iOS,8.5,20.9,184.1,78,2.1,8186,7.2,3.3,188,Gaming,0,8374,Mature High Spender,Upsell premium services
28,Other,Hyderabad,Vivo,Android,10.0,2.7,104.9,66,0.6,4988,4.0,1.5,1802,Social Media,0,6790,Mature High Spender,Upsell premium services
57,Other,Mumbai,OnePlus,iOS,4.7,8.2,193.8,186,1.5,8126,2.8,0.1,764,Entertainment,0,8890,Mature High Spender,Upsell premium services
41,Male,Bangalore,Samsung,iOS,5.4,36.7,269.3,55,2.4,8944,6.7,1.5,1954,Gaming,0,10898,Mature High Spender,Upsell premium services
49,Female,Bangalore,OnePlus,iOS,3.9,11.0,151.1,57,2.9,8521,4.6,3.6,609,Gaming,0,9130,Mature High Spender,Upsell premium services
26,Other,Delhi,Oppo,Android,9.0,16.1,290.8,181,1.9,9051,3.6,1.0,222,Education,0,9273,Mature High Spender,Upsell premium services
20,Male,Bangalore,Motorola,iOS,9.2,35.7,130.7,60,2.0,7998,5.7,0.7,847,Entertainment,0,8845,Mature High Spender,Upsell premium services
58,Male,Mumbai,Apple,Android,7.7,2.6,255.0,127,2.1,9817,2.4,3.9,1651,Entertainment,0,11468,Mature High Spender,Upsell premium services
60,Female,Hyderabad,Realme,Android,8.4,11.8,291.5,171,0.6,7149,5.5,1.8,1646,Work,0,8795,Mature High Spender,Upsell premium services
35,Female,Ahmedabad,Motorola,iOS,7.5,43.1,283.8,46,1.5,6544,3.9,3.3,1016,Gaming,0,7560,Mature High Spender,Upsell premium services
53,Male,Hyderabad,Nokia,iOS,11.5,39.3,167.8,191,3.2,7747,6.5,1.5,1346,Entertainment,0,9093,Mature High Spender,Upsell premium services
55,Female,Kolkata,Apple,Android,2.9,17.9,12.6,28,2.4,5844,7.3,2.9,1512,Social Media,0,7356,Mature High Spender,Upsell premium services
44,Other,Pune,Xiaomi,iOS,4.6,9.6,239.9,91,1.4,6773,4.1,2.7,535,Entertainment,0,7308,Mature High Spender,Upsell premium services
33,Female,Jaipur,Apple,Android,7.7,18.7,189.4,109,1.8,8766,5.1,1.6,1212,Gaming,0,9978,Mature High Spender,Upsell premium services
42,Female,Delhi,OnePlus,Android,5.4,48.3,280.7,23,3.5,8797,6.3,1.3,1786,Work,0,10583,Mature High Spender,Upsell premium services
28,Other,Kolkata,OnePlus,Android,9.1,25.4,128.5,43,2.5,8489,7.6,1.3,1664,Gaming,0,10153,Mature High Spender,Upsell premium services
50,Other,Lucknow,Apple,iOS,4.6,18.2,216.6,191,2.4,6884,6.9,4.4,1998,Education,0,8882,Mature High Spender,Upsell premium services
35,Other,Ahmedabad,Xiaomi,iOS,1.6,22.1,28.6,190,2.8,7460,4.4,4.8,1960,Work,0,9420,Mature High Spender,Upsell premium services
38,Male,Bangalore,Vivo,iOS,3.2,25.2,66.9,121,1.1,8121,1.6,3.4,1469,Entertainment,0,9590,Mature High Spender,Upsell premium services
52,Other,Kolkata,Realme,Android,9.5,9.5,174.6,86,0.7,5434,6.8,3.1,1012,Entertainment,0,6446,Mature High Spender,Upsell premium services
21,Male,Kolkata,OnePlus,iOS,11.6,23.3,100.6,13,2.6,8849,5.4,0.1,327,Gaming,0,9176,Mature High Spender,Upsell premium services
27,Female,Ahmedabad,Google Pixel,iOS,10.3,3.3,117.3,123,1.7,6088,6.9,3.8,1388,Work,0,7476,Mature High Spender,Upsell premium services
35,Other,Lucknow,OnePlus,Android,7.4,10.7,219.6,76,1.0,7666,5.5,2.5,1563,Work,0,9229,Mature High Spender,Upsell premium services
47,Male,Pune,Samsung,Android,10.8,7.1,260.0,111,0.6,6423,5.2,3.3,1346,Work,0,7769,Mature High Spender,Upsell premium services
57,Other,Bangalore,Samsung,Android,10.9,10.2,282.0,27,1.0,7920,4.3,4.3,1209,Social Media,0,9129,Mature High Spender,Upsell premium services
55,Male,Lucknow,Xiaomi,iOS,9.4,44.6,105.8,83,2.1,6577,6.4,3.5,1302,Gaming,0,7879,Mature High Spender,Upsell premium services
15,Male,Lucknow,Motorola,Android,1.7,38.8,114.5,164,2.0,7945,1.5,4.7,1965,Social Media,0,9910,Mature High Spender,Upsell premium services
21,Male,Ahmedabad,Motorola,Android,5.2,38.6,256.8,79,2.5,8420,5.2,4.5,661,Entertainment,0,9081,Mature High Spender,Upsell premium services
51,Male,Mumbai,Vivo,Android,11.2,13.8,218.5,117,0.8,3796,1.3,1.4,436,Work,0,4232,Mature High Spender,Upsell premium services
16,Female,Jaipur,Vivo,Android,4.5,9.7,207.6,188,1.7,9777,2.4,3.2,1864,Work,0,11641,Mature High Spender,Upsell premium services
40,Male,Bangalore,Realme,Android,9.0,14.8,176.3,124,2.0,9648,5.5,2.0,1826,Gaming,0,11474,Mature High Spender,Upsell premium services
57,Male,Delhi,Apple,iOS,5.9,34.9,149.6,37,2.0,9041,2.5,2.0,787,Education,0,9828,Mature High Spender,Upsell premium services
34,Male,Lucknow,Realme,Android,10.4,42.9,217.7,62,1.5,4715,7.1,0.1,1010,Work,0,5725,Mature High Spender,Upsell premium services
29,Female,Mumbai,Google Pixel,iOS,10.0,11.3,212.1,24,1.0,6311,5.3,3.7,1032,Entertainment,0,7343,Mature High Spender,Upsell premium services
39,Female,Ahmedabad,Nokia,Android,11.1,25.3,116.6,79,1.4,8748,6.1,3.4,1726,Work,0,10474,Mature High Spender,Upsell premium services
18,Male,Pune,Samsung,iOS,2.0,21.4,118.3,195,2.2,8432,1.5,4.4,1158,Social Media,0,9590,Mature High Spender,Upsell premium services
60,Male,Ahmedabad,Vivo,iOS,1.3,28.3,175.2,174,1.7,9817,0.7,0.2,956,Education,0,10773,Mature High Spender,Upsell premium services
31,Other,Chennai,Xiaomi,iOS,2.9,26.0,121.8,179,2.1,5628,4.8,1.2,1163,Work,0,6791,Mature High Spender,Upsell premium services
38,Female,Bangalore,Motorola,Android,6.3,22.9,106.2,184,2.8,7458,2.3,1.2,1993,Social Media,0,9451,Mature High Spender,Upsell premium services
20,Male,Kolkata,Oppo,Android,8.6,19.7,166.8,23,1.9,7714,1.2,2.1,388,Social Media,0,8102,Mature High Spender,Upsell premium services
49,Other,Delhi,Realme,iOS,4.1,46.5,65.6,178,1.1,7339,4.8,4.4,573,Social Media,0,7912,Mature High Spender,Upsell premium services
28,Female,Hyderabad,Oppo,iOS,6.7,42.3,277.0,140,1.6,7891,2.7,3.4,482,Work,0,8373,Mature High Spender,Upsell premium services
28,Other,Chennai,Motorola,Android,7.9,23.3,66.2,134,0.7,8992,1.5,1.9,755,Gaming,0,9747,Mature High Spender,Upsell premium services
26,Female,Delhi,Nokia,Android,11.6,27.0,138.8,66,0.5,6429,5.2,4.0,622,Social Media,0,7051,Mature High Spender,Upsell premium services
48,Other,Pune,Vivo,iOS,4.8,13.7,184.6,127,1.0,3945,7.1,2.4,1234,Gaming,0,5179,Mature High Spender,Upsell premium services
26,Male,Jaipur,Xiaomi,Android,11.5,28.2,31.4,49,1.2,9052,5.1,2.8,1087,Entertainment,0,10139,Mature High Spender,Upsell premium services
56,Male,Ahmedabad,OnePlus,Android,7.2,39.1,92.5,45,2.1,7871,1.9,1.2,188,Education,0,8059,Mature High Spender,Upsell premium services
31,Male,Bangalore,Realme,Android,8.3,37.2,20.1,14,1.7,4912,4.7,4.1,288,Gaming,0,5200,Mature High Spender,Upsell premium services
25,Other,Kolkata,OnePlus,iOS,1.8,31.0,192.4,41,2.3,8874,1.5,2.3,742,Gaming,0,9616,Mature High Spender,Upsell premium services
17,Male,Delhi,Xiaomi,Android,4.9,5.8,290.2,60,1.8,8701,4.7,1.0,1047,Social Media,0,9748,Mature High Spender,Upsell premium services
46,Other,Pune,Google Pixel,iOS,2.3,45.8,176.4,42,0.7,9715,5.2,1.4,1731,Gaming,0,11446,Mature High Spender,Upsell premium services
44,Female,Hyderabad,Realme,Android,8.7,25.7,161.6,90,2.7,8409,5.9,3.9,995,Work,0,9404,Mature High Spender,Upsell premium services
56,Female,Mumbai,Nokia,Android,4.4,4.1,238.8,44,1.9,9670,6.0,4.8,222,Social Media,0,9892,Mature High Spender,Upsell premium services
37,Female,Chennai,Realme,Android,5.8,37.2,231.1,167,3.0,5057,2.5,0.1,507,Social Media,0,5564,Mature High Spender,Upsell premium services
47,Other,Jaipur,Motorola,Android,1.3,14.4,210.0,12,2.5,6467,1.6,4.6,1007,Work,0,7474,Mature High Spender,Upsell premium services
57,Male,Jaipur,Apple,iOS,8.8,15.2,94.6,33,2.9,9241,6.4,4.4,1817,Work,0,11058,Mature High Spender,Upsell premium services
56,Female,Jaipur,Oppo,Android,5.5,48.5,254.6,113,2.1,6598,3.6,1.2,1943,Gaming,0,8541,Mature High Spender,Upsell premium services
28,Other,Chennai,Apple,iOS,10.3,30.8,124.0,147,0.7,8405,1.0,2.6,728,Gaming,0,9133,Mature High Spender,Upsell premium services
43,Other,Delhi,Apple,iOS,4.7,4.8,278.9,73,2.1,6123,3.5,2.5,1518,Work,0,7641,Mature High Spender,Upsell premium services
44,Female,Bangalore,Nokia,iOS,11.8,17.0,108.0,86,1.5,5974,4.1,4.1,1289,Entertainment,0,7263,Mature High Spender,Upsell premium services
36,Other,Bangalore,Nokia,Android,8.9,34.3,286.9,14,0.7,8888,5.1,3.5,1026,Gaming,0,9914,Mature High Spender,Upsell premium services
54,Female,Hyderabad,Samsung,iOS,7.4,46.1,148.6,82,0.8,7460,6.8,4.3,1904,Gaming,0,9364,Mature High Spender,Upsell premium services
37,Other,Bangalore,Nokia,iOS,9.8,42.4,270.9,22,2.8,6891,4.3,0.2,490,Entertainment,0,7381,Mature High Spender,Upsell premium services
25,Female,Hyderabad,Apple,Android,11.7,43.3,207.1,75,1.3,6700,4.0,0.1,1785,Education,0,8485,Mature High Spender,Upsell premium services
30,Female,Mumbai,Vivo,iOS,7.6,49.9,156.2,12,1.7,9530,1.8,1.2,948,Education,0,10478,Mature High Spender,Upsell premium services
23,Male,Hyderabad,Apple,iOS,9.3,34.5,46.0,106,1.0,6203,3.2,1.8,278,Entertainment,0,6481,Mature High Spender,Upsell premium services
20,Female,Lucknow,Nokia,iOS,11.8,33.1,284.3,170,1.1,9996,6.5,1.0,727,Education,0,10723,Mature High Spender,Upsell premium services
43,Female,Jaipur,Apple,Android,5.5,24.3,75.9,183,2.5,7721,3.2,0.9,422,Social Media,0,8143,Mature High Spender,Upsell premium services
54,Female,Bangalore,OnePlus,Android,8.8,16.1,133.4,166,2.1,8830,1.6,1.6,963,Entertainment,0,9793,Mature High Spender,Upsell premium services
36,Female,Lucknow,Vivo,Android,1.1,22.8,65.5,166,2.1,6116,1.1,2.4,1024,Work,0,7140,Mature High Spender,Upsell premium services
45,Other,Bangalore,Nokia,iOS,10.2,34.1,175.0,74,1.1,9930,4.5,0.5,1768,Entertainment,0,11698,Mature High Spender,Upsell premium services
22,Other,Bangalore,Motorola,Android,1.3,45.9,182.0,20,0.7,6391,4.9,3.2,1235,Social Media,0,7626,Mature High Spender,Upsell premium services
26,Other,Lucknow,Apple,iOS,10.5,4.2,249.0,189,1.6,6107,1.3,1.0,953,Entertainment,0,7060,Mature High Spender,Upsell premium services
37,Other,Ahmedabad,Motorola,Android,8.5,35.2,236.9,140,2.9,7286,2.6,0.9,327,Work,0,7613,Mature High Spender,Upsell premium services
36,Other,Jaipur,Oppo,Android,7.9,10.8,46.1,96,1.7,8147,6.4,1.2,876,Gaming,0,9023,Mature High Spender,Upsell premium services
43,Male,Lucknow,Vivo,Android,3.6,5.1,216.7,172,1.9,9361,6.3,3.2,1722,Social Media,0,11083,Mature High Spender,Upsell premium services
24,Male,Ahmedabad,Samsung,iOS,4.2,12.7,296.7,125,2.9,9602,1.6,1.4,464,Education,0,10066,Mature High Spender,Upsell premium services
20,Male,Ahmedabad,Motorola,Android,6.3,10.4,37.8,93,0.8,7597,1.9,3.0,834,Entertainment,0,8431,Mature High Spender,Upsell premium services
30,Male,Mumbai,OnePlus,iOS,7.7,13.2,250.0,134,1.6,7801,7.2,2.8,1432,Social Media,0,9233,Mature High Spender,Upsell premium services
56,Male,Mumbai,Nokia,Android,3.9,45.3,298.4,184,1.2,7588,5.4,4.6,422,Work,0,8010,Mature High Spender,Upsell premium services
36,Other,Bangalore,Oppo,iOS,9.5,11.5,71.6,161,1.5,9992,6.5,2.3,532,Work,0,10524,Mature High Spender,Upsell premium services
38,Female,Mumbai,Realme,iOS,9.1,20.2,162.1,65,1.7,4614,5.9,4.3,670,Gaming,0,5284,Mature High Spender,Upsell premium services
49,Other,Chennai,Motorola,iOS,10.2,20.6,126.6,92,2.6,8250,3.0,3.9,1620,Social Media,0,9870,Mature High Spender,Upsell premium services
36,Male,Jaipur,Apple,iOS,9.3,2.9,37.6,163,1.2,5610,5.5,0.7,594,Gaming,0,6204,Mature High Spender,Upsell premium services
43,Other,Hyderabad,Apple,iOS,11.7,2.5,13.0,39,2.2,4577,3.9,1.0,746,Social Media,0,5323,Mature High Spender,Upsell premium services
41,Female,Jaipur,OnePlus,Android,9.6,15.9,110.4,153,1.9,8623,2.1,3.0,1370,Entertainment,0,9993,Mature High Spender,Upsell premium services
57,Other,Bangalore,Motorola,Android,3.3,25.1,91.3,109,1.4,5664,5.2,2.7,967,Education,0,6631,Mature High Spender,Upsell premium services
48,Male,Kolkata,Apple,Android,4.4,12.3,276.9,124,2.0,7493,5.9,1.6,1963,Work,0,9456,Mature High Spender,Upsell premium services
42,Female,Lucknow,Motorola,iOS,8.2,3.3,142.1,183,1.4,9502,2.6,1.1,1366,Entertainment,0,10868,Mature High Spender,Upsell premium services
16,Female,Pune,Xiaomi,Android,10.4,12.1,23.8,168,0.9,6999,7.9,0.9,306,Entertainment,0,7305,Mature High Spender,Upsell premium services
28,Female,Chennai,Nokia,iOS,2.5,17.5,21.1,140,1.7,5386,5.5,3.7,192,Education,0,5578,Mature High Spender,Upsell premium services
37,Female,Jaipur,Realme,iOS,10.0,34.5,34.6,38,1.3,9990,6.5,2.2,267,Education,0,10257,Mature High Spender,Upsell premium services
52,Male,Kolkata,Samsung,iOS,5.2,36.4,245.1,143,0.6,2986,7.1,3.8,1639,Social Media,0,4625,Mature High Spender,Upsell premium services
35,Female,Jaipur,Samsung,Android,12.0,3.1,48.3,14,2.3,5294,3.7,2.3,1284,Social Media,0,6578,Mature High Spender,Upsell premium services
48,Other,Jaipur,Google Pixel,iOS,5.0,16.8,187.2,23,1.0,5720,6.0,2.0,1310,Entertainment,0,7030,Mature High Spender,Upsell premium services
40,Female,Jaipur,Xiaomi,iOS,6.0,34.0,107.3,138,1.4,3634,1.8,2.2,768,Work,0,4402,Mature High Spender,Upsell premium services
47,Female,Lucknow,Motorola,Android,8.2,3.8,282.8,95,3.6,9068,7.2,2.6,1969,Work,0,11037,Mature High Spender,Upsell premium services
43,Other,Jaipur,OnePlus,Android,9.8,20.0,281.4,190,0.5,3707,2.1,0.3,181,Work,0,3888,Mature High Spender,Upsell premium services
46,Other,Jaipur,Samsung,Android,12.0,8.9,44.2,135,1.4,8085,5.9,4.5,785,Social Media,0,8870,Mature High Spender,Upsell premium services
15,Other,Mumbai,Apple,iOS,6.6,38.2,54.1,129,1.2,9288,7.0,4.3,1200,Entertainment,0,10488,Mature High Spender,Upsell premium services
31,Male,Pune,Vivo,Android,4.6,11.8,127.9,120,2.5,5773,7.5,1.6,629,Education,0,6402,Mature High Spender,Upsell premium services
39,Other,Hyderabad,Realme,Android,11.7,46.1,175.7,160,2.2,5950,7.0,2.8,393,Entertainment,0,6343,Mature High Spender,Upsell premium services
55,Female,Jaipur,Motorola,iOS,5.9,21.2,180.5,98,2.0,7191,3.5,4.4,1306,Work,0,8497,Mature High Spender,Upsell premium services
31,Male,Kolkata,Nokia,Android,5.5,10.4,285.3,160,0.6,5656,7.9,1.3,1140,Education,0,6796,Mature High Spender,Upsell premium services
42,Female,Pune,Google Pixel,iOS,10.0,47.9,264.7,69,3.2,5503,3.8,1.1,980,Work,0,6483,Mature High Spender,Upsell premium services
44,Female,Pune,Motorola,iOS,2.1,27.6,289.0,65,2.9,7310,3.2,4.1,1181,Social Media,0,8491,Mature High Spender,Upsell premium services
47,Female,Jaipur,OnePlus,iOS,10.4,17.3,158.0,132,1.4,6952,3.8,1.8,1111,Entertainment,0,8063,Mature High Spender,Upsell premium services
53,Female,Hyderabad,Oppo,Android,11.9,25.2,225.0,133,3.5,7042,0.6,0.9,466,Social Media,0,7508,Mature High Spender,Upsell premium services
56,Other,Bangalore,Oppo,Android,9.6,32.2,24.8,19,1.0,4659,7.1,0.1,916,Work,0,5575,Mature High Spender,Upsell premium services
22,Male,Mumbai,Xiaomi,Android,6.0,9.8,294.9,100,0.8,7561,5.4,3.4,111,Social Media,0,7672,Mature High Spender,Upsell premium services
46,Male,Lucknow,Google Pixel,iOS,11.9,37.3,285.9,122,1.5,6613,2.0,0.9,313,Work,0,6926,Mature High Spender,Upsell premium services
59,Other,Lucknow,Xiaomi,iOS,8.7,16.4,8.0,98,2.1,9491,3.1,4.3,618,Work,0,10109,Mature High Spender,Upsell premium services
50,Female,Jaipur,Apple,iOS,10.2,11.4,27.4,87,1.1,5261,2.5,0.0,261,Education,0,5522,Mature High Spender,Upsell premium services
48,Male,Ahmedabad,Vivo,Android,10.4,39.1,157.1,88,0.9,4065,3.1,3.7,1869,Entertainment,0,5934,Mature High Spender,Upsell premium services
21,Other,Kolkata,Vivo,Android,7.8,27.1,140.2,135,2.0,7330,3.6,4.9,798,Gaming,0,8128,Mature High Spender,Upsell premium services
57,Female,Jaipur,Xiaomi,iOS,2.8,39.2,81.9,83,1.2,4579,6.9,0.3,513,Entertainment,0,5092,Mature High Spender,Upsell premium services
51,Male,Hyderabad,Apple,iOS,1.0,17.9,10.4,30,2.5,7470,5.4,0.2,1261,Social Media,0,8731,Mature High Spender,Upsell premium services
41,Female,Kolkata,Xiaomi,Android,5.4,10.8,281.7,81,2.1,5542,7.4,1.0,571,Entertainment,0,6113,Mature High Spender,Upsell premium services
22,Female,Mumbai,Realme,iOS,7.0,10.2,36.4,43,1.3,9364,3.8,0.1,143,Gaming,0,9507,Mature High Spender,Upsell premium services
24,Other,Pune,Vivo,Android,11.3,17.0,200.8,70,2.7,9925,2.3,4.7,473,Entertainment,0,10398,Mature High Spender,Upsell premium services
38,Male,Hyderabad,Realme,Android,7.2,45.8,297.5,11,0.8,6883,0.8,4.7,802,Entertainment,0,7685,Mature High Spender,Upsell premium services
60,Other,Chennai,OnePlus,iOS,2.3,6.0,100.7,51,2.6,9237,7.1,4.5,1795,Gaming,0,11032,Mature High Spender,Upsell premium services
56,Female,Lucknow,Samsung,Android,10.7,42.6,282.7,20,1.8,8340,8.0,2.7,1866,Social Media,0,10206,Mature High Spender,Upsell premium services
47,Other,Pune,Xiaomi,iOS,4.5,7.1,48.0,114,1.3,6084,2.8,1.3,462,Entertainment,0,6546,Mature High Spender,Upsell premium services
42,Other,Ahmedabad,Samsung,iOS,3.8,31.3,259.4,139,2.3,4836,3.6,4.9,1364,Education,0,6200,Mature High Spender,Upsell premium services
32,Male,Kolkata,Vivo,Android,9.0,45.0,174.6,19,2.2,9057,7.4,2.9,914,Entertainment,0,9971,Mature High Spender,Upsell premium services
41,Other,Bangalore,OnePlus,Android,9.2,10.0,170.1,130,0.8,9993,4.4,2.1,1118,Gaming,0,11111,Mature High Spender,Upsell premium services
38,Other,Hyderabad,Nokia,Android,2.4,23.3,173.1,117,1.4,5517,6.0,2.4,912,Social Media,0,6429,Mature High Spender,Upsell premium services
39,Female,Delhi,Xiaomi,iOS,7.6,40.7,200.6,182,0.8,3639,6.1,3.3,1967,Gaming,0,5606,Mature High Spender,Upsell premium services
44,Male,Jaipur,Apple,Android,11.3,28.7,25.7,108,2.1,7890,7.1,2.4,677,Entertainment,0,8567,Mature High Spender,Upsell premium services
51,Other,Ahmedabad,Vivo,Android,8.0,29.4,58.2,12,2.7,9758,3.7,1.1,963,Gaming,0,10721,Mature High Spender,Upsell premium services
43,Other,Mumbai,Oppo,iOS,9.8,39.7,193.1,15,1.5,7793,6.9,1.5,724,Entertainment,0,8517,Mature High Spender,Upsell premium services
23,Other,Bangalore,Samsung,iOS,6.7,45.7,97.9,90,2.7,7070,1.1,4.1,1742,Work,0,8812,Mature High Spender,Upsell premium services
33,Other,Chennai,Samsung,iOS,9.6,30.3,136.1,164,2.9,8365,4.4,4.6,1904,Gaming,0,10269,Mature High Spender,Upsell premium services
49,Other,Jaipur,Google Pixel,iOS,4.3,15.2,272.9,142,2.4,9435,0.6,0.5,115,Education,0,9550,Mature High Spender,Upsell premium services
57,Male,Jaipur,Motorola,Android,6.0,47.3,95.5,24,2.5,7876,7.1,4.5,1547,Work,0,9423,Mature High Spender,Upsell premium services
45,Male,Ahmedabad,Apple,iOS,7.9,21.7,126.1,168,1.1,9505,2.9,4.2,1170,Social Media,0,10675,Mature High Spender,Upsell premium services
37,Female,Kolkata,Motorola,Android,11.7,45.9,239.7,123,2.6,5853,3.8,1.6,1274,Work,0,7127,Mature High Spender,Upsell premium services
42,Female,Mumbai,Xiaomi,Android,6.6,26.4,273.9,176,2.4,8637,4.2,4.2,1251,Social Media,0,9888,Mature High Spender,Upsell premium services
58,Male,Kolkata,Samsung,iOS,8.6,18.7,23.0,115,1.4,7775,6.0,2.3,937,Work,0,8712,Mature High Spender,Upsell premium services
26,Male,Jaipur,Xiaomi,Android,10.4,22.2,181.5,62,1.0,5587,2.5,0.1,1984,Social Media,0,7571,Mature High Spender,Upsell premium services
25,Male,Bangalore,Realme,Android,3.2,16.0,65.0,26,1.3,9263,4.8,2.9,1845,Gaming,0,11108,Mature High Spender,Upsell premium services
19,Other,Lucknow,Oppo,iOS,4.3,19.3,15.5,59,0.8,7340,7.9,3.1,1301,Social Media,0,8641,Mature High Spender,Upsell premium services
48,Female,Bangalore,Apple,Android,2.1,30.4,270.6,163,1.0,4977,5.2,3.6,1610,Entertainment,0,6587,Mature High Spender,Upsell premium services
32,Other,Chennai,Realme,Android,5.4,37.7,260.0,43,3.2,8278,5.8,3.1,1242,Gaming,0,9520,Mature High Spender,Upsell premium services
48,Male,Lucknow,OnePlus,Android,10.5,18.7,47.4,10,2.6,8845,1.8,4.0,1397,Gaming,0,10242,Mature High Spender,Upsell premium services
29,Female,Jaipur,Realme,iOS,3.1,37.4,5.0,78,0.7,5613,7.7,3.9,112,Education,0,5725,Mature High Spender,Upsell premium services
31,Female,Kolkata,Google Pixel,iOS,1.6,40.0,257.5,199,1.0,8201,3.3,3.2,925,Education,0,9126,Mature High Spender,Upsell premium services
39,Other,Ahmedabad,Xiaomi,iOS,2.0,16.6,114.3,169,0.5,2617,1.0,3.7,845,Gaming,0,3462,Mature High Spender,Upsell premium services
41,Female,Chennai,Xiaomi,iOS,5.4,41.4,134.6,22,1.9,8905,5.7,0.4,546,Entertainment,0,9451,Mature High Spender,Upsell premium services
39,Female,Kolkata,Motorola,Android,1.6,36.1,132.0,74,3.2,7131,5.4,3.3,208,Gaming,0,7339,Mature High Spender,Upsell premium services
53,Female,Delhi,Google Pixel,iOS,7.6,13.6,97.7,165,1.3,4709,1.2,3.0,1541,Gaming,0,6250,Mature High Spender,Upsell premium services
26,Female,Kolkata,Xiaomi,Android,9.2,26.0,268.3,186,0.7,9028,0.8,1.0,648,Work,0,9676,Mature High Spender,Upsell premium services
53,Other,Hyderabad,Realme,Android,11.3,6.3,272.6,84,2.1,7125,5.6,1.5,471,Education,0,7596,Mature High Spender,Upsell premium services
60,Female,Pune,OnePlus,iOS,9.1,3.5,44.0,170,1.7,8897,3.4,0.2,1199,Social Media,0,10096,Mature High Spender,Upsell premium services
50,Female,Pune,Oppo,iOS,1.8,16.4,288.3,83,3.3,7587,4.6,0.5,1348,Entertainment,0,8935,Mature High Spender,Upsell premium services
29,Other,Delhi,Motorola,Android,6.4,35.1,185.3,189,1.8,8202,1.7,2.4,1434,Gaming,0,9636,Mature High Spender,Upsell premium services
55,Other,Lucknow,Motorola,iOS,1.5,35.1,119.5,28,2.2,7606,5.8,3.4,832,Work,0,8438,Mature High Spender,Upsell premium services
20,Female,Lucknow,Apple,Android,8.4,35.1,288.1,135,1.5,9479,3.4,2.7,1991,Education,0,11470,Mature High Spender,Upsell premium services
47,Female,Delhi,OnePlus,Android,11.4,4.7,50.4,133,2.3,8829,3.7,3.5,1704,Gaming,0,10533,Mature High Spender,Upsell premium services
53,Other,Kolkata,OnePlus,iOS,2.0,32.7,60.2,106,1.5,5020,3.7,0.7,1357,Education,0,6377,Mature High Spender,Upsell premium services
32,Female,Bangalore,Motorola,Android,8.7,35.4,136.1,67,1.1,6807,1.9,4.6,1729,Entertainment,0,8536,Mature High Spender,Upsell premium services
56,Male,Delhi,OnePlus,Android,5.0,27.0,202.2,179,1.8,8288,3.3,3.1,927,Entertainment,0,9215,Mature High Spender,Upsell premium services
46,Male,Pune,Samsung,iOS,8.1,5.0,294.3,85,1.4,5845,1.6,2.4,376,Education,0,6221,Mature High Spender,Upsell premium services
29,Other,Kolkata,Vivo,Android,4.1,9.7,279.2,147,2.3,6409,5.2,0.2,734,Social Media,0,7143,Mature High Spender,Upsell premium services
43,Male,Mumbai,Apple,Android,6.6,31.8,244.4,117,1.0,9336,0.6,1.6,1674,Social Media,0,11010,Mature High Spender,Upsell premium services
24,Other,Mumbai,Motorola,iOS,9.4,2.6,144.5,62,0.7,5681,7.9,2.7,1997,Entertainment,0,7678,Mature High Spender,Upsell premium services
48,Female,Bangalore,Realme,iOS,9.4,33.0,283.9,99,0.7,4308,1.5,3.4,1058,Work,0,5366,Mature High Spender,Upsell premium services
31,Male,Hyderabad,Nokia,Android,2.1,9.8,144.9,68,1.6,5312,1.8,2.6,1220,Work,0,6532,Mature High Spender,Upsell premium services
51,Male,Mumbai,Realme,Android,11.2,21.8,280.1,84,1.1,5537,3.7,4.1,1969,Entertainment,0,7506,Mature High Spender,Upsell premium services
30,Female,Pune,Vivo,Android,8.4,41.2,55.4,34,0.8,9855,6.1,3.5,1423,Entertainment,0,11278,Mature High Spender,Upsell premium services
42,Female,Jaipur,Google Pixel,Android,7.4,6.5,120.6,171,0.7,4008,8.0,0.8,435,Work,0,4443,Mature High Spender,Upsell premium services
20,Female,Lucknow,Nokia,Android,3.8,13.1,218.8,156,1.1,7861,5.0,2.6,862,Social Media,0,8723,Mature High Spender,Upsell premium services
43,Female,Bangalore,Apple,iOS,2.4,35.2,250.3,73,3.0,8472,5.8,2.6,272,Work,0,8744,Mature High Spender,Upsell premium services
60,Male,Kolkata,Motorola,iOS,10.5,39.4,230.3,164,2.4,6663,4.0,2.3,1511,Social Media,0,8174,Mature High Spender,Upsell premium services
40,Other,Bangalore,Google Pixel,Android,8.4,33.4,219.2,145,2.0,5294,4.9,0.4,490,Education,0,5784,Mature High Spender,Upsell premium services
24,Female,Pune,Realme,Android,8.7,30.6,21.9,193,0.9,8429,4.4,2.2,684,Social Media,0,9113,Mature High Spender,Upsell premium services
50,Female,Hyderabad,Realme,iOS,8.3,10.5,57.3,184,1.1,6312,3.9,4.7,1324,Work,0,7636,Mature High Spender,Upsell premium services
35,Female,Pune,Nokia,iOS,11.2,46.2,35.1,156,1.2,7506,5.2,4.9,899,Social Media,0,8405,Mature High Spender,Upsell premium services
48,Other,Jaipur,Apple,Android,10.5,32.4,253.3,98,2.4,9696,1.1,0.2,231,Gaming,0,9927,Mature High Spender,Upsell premium services
36,Female,Chennai,Oppo,Android,3.3,29.3,120.6,144,0.6,9804,7.1,3.2,1375,Entertainment,0,11179,Mature High Spender,Upsell premium services
40,Female,Jaipur,Vivo,Android,6.9,31.3,207.1,96,2.3,8678,1.0,3.0,1989,Work,0,10667,Mature High Spender,Upsell premium services
26,Female,Chennai,Vivo,Android,8.7,27.5,95.4,76,2.1,6211,0.8,1.9,339,Social Media,0,6550,Mature High Spender,Upsell premium services
51,Female,Pune,Xiaomi,Android,3.6,20.7,123.8,38,0.9,4230,3.1,4.8,786,Education,0,5016,Mature High Spender,Upsell premium services
39,Other,Mumbai,Realme,iOS,4.1,20.0,36.6,93,2.1,3943,7.0,3.5,837,Education,0,4780,Mature High Spender,Upsell premium services
49,Female,Bangalore,Nokia,iOS,6.3,8.3,186.0,141,1.4,5948,4.3,3.0,1692,Education,0,7640,Mature High Spender,Upsell premium services
38,Female,Mumbai,Vivo,Android,6.5,28.7,130.3,85,0.6,9596,1.0,5.0,1426,Work,0,11022,Mature High Spender,Upsell premium services
51,Male,Hyderabad,Samsung,iOS,3.7,19.7,28.2,129,3.1,8763,6.2,3.5,293,Entertainment,0,9056,Mature High Spender,Upsell premium services
48,Male,Mumbai,Apple,Android,8.8,24.8,47.0,113,0.8,3586,4.9,4.2,416,Work,0,4002,Mature High Spender,Upsell premium services
33,Male,Delhi,Google Pixel,Android,2.3,29.0,72.2,36,2.9,9716,3.1,3.2,733,Gaming,0,10449,Mature High Spender,Upsell premium services
37,Male,Pune,Nokia,Android,3.3,4.6,287.3,154,0.8,5132,1.1,0.5,1590,Entertainment,0,6722,Mature High Spender,Upsell premium services
55,Male,Lucknow,Nokia,Android,2.1,46.9,190.7,113,0.5,9378,7.8,1.9,953,Social Media,0,10331,Mature High Spender,Upsell premium services
57,Male,Ahmedabad,Vivo,iOS,1.9,1.1,243.5,48,2.4,7944,7.4,4.6,1388,Gaming,0,9332,Mature High Spender,Upsell premium services
41,Female,Chennai,Xiaomi,Android,9.6,39.5,189.1,113,1.6,7727,1.6,0.8,207,Education,0,7934,Mature High Spender,Upsell premium services
21,Female,Kolkata,Realme,iOS,1.6,48.1,57.3,91,0.9,7212,7.8,3.9,208,Social Media,0,7420,Mature High Spender,Upsell premium services
58,Other,Kolkata,Apple,iOS,9.6,29.9,189.9,85,3.8,8975,4.3,1.7,1118,Gaming,0,10093,Mature High Spender,Upsell premium services
48,Female,Jaipur,Vivo,Android,7.1,24.0,106.3,182,0.7,8460,2.9,2.1,879,Education,0,9339,Mature High Spender,Upsell premium services
51,Other,Bangalore,Apple,iOS,8.0,18.7,298.1,173,1.6,3951,6.3,3.9,395,Gaming,0,4346,Mature High Spender,Upsell premium services
21,Other,Bangalore,Nokia,Android,5.5,37.3,43.6,63,0.6,7099,0.7,1.3,975,Work,0,8074,Mature High Spender,Upsell premium services
48,Other,Lucknow,Google Pixel,Android,5.8,44.9,95.9,47,3.2,8263,4.8,4.6,688,Gaming,0,8951,Mature High Spender,Upsell premium services
46,Male,Lucknow,Vivo,Android,7.2,11.6,105.3,180,2.1,9162,6.7,1.1,762,Gaming,0,9924,Mature High Spender,Upsell premium services
44,Female,Hyderabad,Samsung,Android,8.5,42.1,256.0,110,2.7,5974,3.3,4.7,1018,Social Media,0,6992,Mature High Spender,Upsell premium services
37,Female,Pune,Samsung,iOS,6.1,26.9,165.8,40,2.8,9491,6.3,1.9,1078,Social Media,0,10569,Mature High Spender,Upsell premium services
26,Male,Lucknow,OnePlus,Android,11.9,22.2,140.4,51,1.4,5516,5.9,1.5,1850,Work,0,7366,Mature High Spender,Upsell premium services
59,Male,Jaipur,Google Pixel,iOS,2.6,38.2,21.2,138,2.2,8081,2.4,1.0,1273,Work,0,9354,Mature High Spender,Upsell premium services
39,Male,Hyderabad,Vivo,Android,8.6,35.5,109.6,138,1.9,5141,3.7,0.0,1160,Gaming,0,6301,Mature High Spender,Upsell premium services
38,Male,Lucknow,Nokia,iOS,10.4,43.1,223.7,168,3.0,5079,5.5,3.2,1591,Social Media,0,6670,Mature High Spender,Upsell premium services
36,Female,Chennai,Oppo,iOS,2.4,7.9,194.2,39,1.2,8179,7.0,3.8,1778,Education,0,9957,Mature High Spender,Upsell premium services
37,Other,Hyderabad,Realme,iOS,9.0,42.7,273.2,35,0.6,7568,3.6,3.4,1112,Work,0,8680,Mature High Spender,Upsell premium services
44,Male,Delhi,Oppo,Android,7.6,28.0,17.4,118,1.2,7805,6.6,3.3,273,Entertainment,0,8078,Mature High Spender,Upsell premium services
37,Female,Mumbai,Motorola,Android,4.1,22.0,272.8,127,0.7,8219,1.8,4.5,756,Work,0,8975,Mature High Spender,Upsell premium services
38,Other,Lucknow,Google Pixel,iOS,7.6,30.4,18.0,176,0.7,8849,2.1,2.2,1337,Work,0,10186,Mature High Spender,Upsell premium services
56,Other,Delhi,Realme,Android,11.4,42.0,223.3,128,2.2,8450,3.5,0.2,891,Work,0,9341,Mature High Spender,Upsell premium services
58,Male,Kolkata,Samsung,iOS,6.6,35.1,282.7,189,1.6,9016,5.1,0.1,1631,Social Media,0,10647,Mature High Spender,Upsell premium services
48,Female,Kolkata,Vivo,Android,6.7,28.5,41.9,28,0.9,9476,3.8,3.1,212,Work,0,9688,Mature High Spender,Upsell premium services
33,Male,Delhi,Google Pixel,iOS,4.3,16.3,85.6,70,1.0,5995,6.5,4.2,447,Work,0,6442,Mature High Spender,Upsell premium services
47,Female,Mumbai,Oppo,iOS,8.0,3.0,112.1,113,2.3,6672,3.9,4.7,1176,Social Media,0,7848,Mature High Spender,Upsell premium services
25,Male,Kolkata,Apple,Android,9.5,46.1,285.9,58,1.0,8415,4.1,2.9,517,Education,0,8932,Mature High Spender,Upsell premium services
50,Female,Kolkata,Oppo,Android,7.6,47.9,269.5,133,0.8,9019,0.7,2.6,554,Gaming,0,9573,Mature High Spender,Upsell premium services
34,Male,Kolkata,Xiaomi,Android,5.3,24.8,104.9,80,2.3,6308,3.8,3.3,1528,Social Media,0,7836,Mature High Spender,Upsell premium services
47,Female,Kolkata,Nokia,iOS,10.8,22.2,99.3,96,2.0,4608,2.5,2.8,1273,Gaming,0,5881,Mature High Spender,Upsell premium services
52,Male,Chennai,Vivo,Android,6.0,20.2,161.5,47,1.3,7541,2.2,2.3,899,Entertainment,0,8440,Mature High Spender,Upsell premium services
30,Other,Pune,OnePlus,Android,8.2,18.6,79.7,175,1.1,4539,3.4,1.4,697,Work,0,5236,Mature High Spender,Upsell premium services
59,Other,Bangalore,Vivo,iOS,11.3,41.1,232.7,169,2.0,9265,1.8,0.9,1609,Education,0,10874,Mature High Spender,Upsell premium services
58,Male,Chennai,Apple,iOS,4.4,8.5,246.9,98,0.6,3404,5.7,1.2,912,Work,0,4316,Mature High Spender,Upsell premium services
50,Female,Hyderabad,Motorola,Android,8.0,38.8,172.8,165,1.2,4008,7.0,1.9,302,Education,0,4310,Mature High Spender,Upsell premium services
56,Other,Hyderabad,Motorola,Android,6.9,29.2,162.3,134,1.0,4453,1.4,2.8,926,Entertainment,0,5379,Mature High Spender,Upsell premium services
55,Male,Mumbai,Nokia,iOS,5.6,6.5,270.9,79,1.4,6287,3.1,4.1,1298,Gaming,0,7585,Mature High Spender,Upsell premium services
60,Other,Ahmedabad,OnePlus,Android,7.4,39.9,204.3,85,2.7,9040,5.3,3.3,1763,Entertainment,0,10803,Mature High Spender,Upsell premium services
34,Female,Pune,Realme,iOS,9.4,49.8,119.3,108,1.1,6859,2.9,0.2,925,Work,0,7784,Mature High Spender,Upsell premium services
30,Male,Jaipur,Realme,Android,11.4,30.4,16.2,89,1.4,7421,0.5,2.5,785,Social Media,0,8206,Mature High Spender,Upsell premium services
25,Other,Chennai,Motorola,iOS,3.1,43.5,55.8,36,1.0,5656,5.7,0.5,476,Gaming,0,6132,Mature High Spender,Upsell premium services
34,Other,Mumbai,Oppo,iOS,10.2,24.6,15.3,190,2.8,7872,3.8,2.2,937,Social Media,0,8809,Mature High Spender,Upsell premium services
51,Other,Hyderabad,Samsung,Android,8.0,13.1,155.3,92,3.4,6900,7.3,3.2,795,Work,0,7695,Mature High Spender,Upsell premium services
49,Female,Mumbai,Realme,Android,7.9,26.2,202.6,192,1.2,8539,1.9,1.6,1178,Work,0,9717,Mature High Spender,Upsell premium services
46,Female,Delhi,OnePlus,Android,10.6,43.8,198.5,151,1.7,6848,4.5,2.6,1862,Education,0,8710,Mature High Spender,Upsell premium services
19,Male,Mumbai,Vivo,iOS,8.5,18.4,149.0,79,1.7,9031,7.7,3.4,1985,Gaming,0,11016,Mature High Spender,Upsell premium services
39,Other,Delhi,Nokia,Android,11.4,47.2,246.2,97,2.1,9160,7.4,2.5,1684,Education,0,10844,Mature High Spender,Upsell premium services
57,Female,Pune,Apple,iOS,4.6,26.9,134.5,194,1.2,9842,2.5,4.6,1903,Education,0,11745,Mature High Spender,Upsell premium services
55,Male,Bangalore,Nokia,iOS,8.2,16.9,198.2,187,2.6,5821,4.3,2.1,1071,Education,0,6892,Mature High Spender,Upsell premium services
44,Other,Jaipur,Google Pixel,iOS,4.0,11.6,130.1,165,3.2,9623,6.5,1.7,707,Work,0,10330,Mature High Spender,Upsell premium services
55,Other,Hyderabad,Apple,Android,5.8,3.2,168.6,67,3.5,7214,4.3,1.3,954,Education,0,8168,Mature High Spender,Upsell premium services
55,Male,Chennai,Google Pixel,iOS,6.9,4.5,51.6,50,0.6,8958,2.2,4.5,518,Entertainment,0,9476,Mature High Spender,Upsell premium services
46,Female,Kolkata,Realme,iOS,6.5,3.2,24.2,131,1.3,5731,3.8,3.9,1333,Work,0,7064,Mature High Spender,Upsell premium services
20,Female,Jaipur,Vivo,iOS,7.0,15.1,150.5,172,0.6,8968,4.9,3.4,1115,Gaming,0,10083,Mature High Spender,Upsell premium services
42,Other,Chennai,Nokia,iOS,11.0,22.4,203.8,58,1.7,7986,4.0,3.0,528,Education,0,8514,Mature High Spender,Upsell premium services
34,Female,Lucknow,Nokia,Android,11.5,36.5,260.4,198,1.8,5556,6.1,4.7,384,Work,0,5940,Mature High Spender,Upsell premium services
26,Male,Pune,Nokia,Android,11.5,25.1,109.8,115,1.1,9342,4.6,2.0,632,Education,0,9974,Mature High Spender,Upsell premium services
50,Other,Lucknow,Oppo,Android,1.7,14.1,167.6,32,1.9,5635,1.5,3.3,820,Education,0,6455,Mature High Spender,Upsell premium services
50,Male,Kolkata,Realme,iOS,6.2,29.2,100.2,20,0.7,9751,7.4,4.8,1705,Entertainment,0,11456,Mature High Spender,Upsell premium services
31,Female,Bangalore,Motorola,Android,1.2,28.8,271.4,173,2.4,7858,6.9,2.0,1708,Education,0,9566,Mature High Spender,Upsell premium services
47,Other,Jaipur,Motorola,Android,11.9,37.3,8.0,164,2.1,4709,3.4,4.6,303,Entertainment,0,5012,Mature High Spender,Upsell premium services
43,Female,Ahmedabad,Samsung,Android,3.0,16.7,192.4,87,1.3,6277,2.6,4.4,851,Entertainment,0,7128,Mature High Spender,Upsell premium services
38,Other,Lucknow,Motorola,iOS,1.7,3.0,231.6,66,2.0,5289,0.9,4.1,1338,Social Media,0,6627,Mature High Spender,Upsell premium services
40,Other,Jaipur,Xiaomi,Android,7.6,43.2,55.7,69,2.2,9410,5.4,4.6,1420,Gaming,0,10830,Mature High Spender,Upsell premium services
39,Other,Bangalore,Nokia,iOS,11.5,44.9,291.9,80,2.1,5469,0.5,2.0,788,Education,0,6257,Mature High Spender,Upsell premium services
32,Other,Pune,OnePlus,Android,1.4,9.2,276.6,123,0.9,8735,2.6,2.9,1723,Education,0,10458,Mature High Spender,Upsell premium services
60,Male,Kolkata,Xiaomi,Android,9.1,5.8,207.8,154,1.0,5198,3.0,1.8,804,Entertainment,0,6002,Mature High Spender,Upsell premium services
15,Other,Lucknow,Xiaomi,Android,9.8,7.5,148.2,118,1.4,9231,6.6,3.9,742,Entertainment,0,9973,Mature High Spender,Upsell premium services
50,Male,Pune,Xiaomi,iOS,9.2,16.5,224.7,13,0.5,8349,7.8,4.7,487,Education,0,8836,Mature High Spender,Upsell premium services
50,Other,Chennai,Google Pixel,Android,11.0,2.0,193.5,105,3.4,6973,6.7,2.8,1110,Social Media,0,8083,Mature High Spender,Upsell premium services
51,Female,Bangalore,Realme,Android,4.1,15.1,131.8,34,1.8,7212,7.8,1.9,574,Social Media,0,7786,Mature High Spender,Upsell premium services
53,Female,Delhi,Realme,iOS,10.1,2.6,124.3,172,3.0,8111,7.0,0.9,1381,Education,0,9492,Mature High Spender,Upsell premium services
47,Male,Jaipur,Vivo,iOS,4.6,42.2,223.1,143,1.7,4270,3.5,1.6,1177,Education,0,5447,Mature High Spender,Upsell premium services
51,Male,Kolkata,Realme,iOS,8.6,15.2,299.4,125,3.4,9163,3.3,0.9,1406,Work,0,10569,Mature High Spender,Upsell premium services
40,Other,Hyderabad,Apple,iOS,2.2,21.4,34.9,145,2.3,5264,5.5,4.5,532,Entertainment,0,5796,Mature High Spender,Upsell premium services
34,Other,Hyderabad,Nokia,iOS,1.6,44.7,18.6,51,1.2,4064,7.6,1.3,259,Work,0,4323,Mature High Spender,Upsell premium services
44,Female,Mumbai,Motorola,iOS,10.8,18.2,151.7,144,2.8,7084,1.4,2.7,1649,Gaming,0,8733,Mature High Spender,Upsell premium services
45,Male,Pune,Vivo,Android,7.1,24.2,280.9,199,2.8,8851,1.1,2.4,829,Entertainment,0,9680,Mature High Spender,Upsell premium services
16,Female,Kolkata,Oppo,iOS,8.1,38.8,275.4,123,2.2,8145,3.0,3.2,1759,Social Media,0,9904,Mature High Spender,Upsell premium services
59,Female,Delhi,Xiaomi,iOS,1.5,45.9,157.0,153,1.1,8549,3.0,1.7,888,Social Media,0,9437,Mature High Spender,Upsell premium services
51,Male,Kolkata,Google Pixel,iOS,2.5,32.8,102.9,133,0.6,7686,7.9,0.5,1894,Work,0,9580,Mature High Spender,Upsell premium services
38,Other,Ahmedabad,Apple,iOS,7.5,19.6,220.4,170,3.0,7870,3.2,2.7,177,Social Media,0,8047,Mature High Spender,Upsell premium services
38,Female,Delhi,Nokia,iOS,11.5,45.7,257.8,191,1.9,9129,0.5,2.1,226,Work,0,9355,Mature High Spender,Upsell premium services
44,Male,Hyderabad,Motorola,Android,11.9,44.2,22.5,189,0.5,4715,0.9,1.1,1374,Entertainment,0,6089,Mature High Spender,Upsell premium services
33,Female,Jaipur,Motorola,iOS,5.3,9.5,228.4,188,1.5,5006,4.7,2.6,526,Gaming,0,5532,Mature High Spender,Upsell premium services
59,Male,Bangalore,Xiaomi,iOS,10.7,16.3,172.1,122,3.8,7709,0.7,1.8,353,Gaming,0,8062,Mature High Spender,Upsell premium services
41,Other,Jaipur,Apple,Android,8.4,19.2,28.3,135,0.8,7572,4.1,1.6,183,Social Media,0,7755,Mature High Spender,Upsell premium services
42,Male,Chennai,OnePlus,iOS,3.8,26.8,250.0,31,1.4,3061,5.6,0.7,997,Education,0,4058,Mature High Spender,Upsell premium services
44,Female,Jaipur,Xiaomi,Android,1.2,1.2,278.2,156,2.4,5422,6.5,3.7,525,Work,0,5947,Mature High Spender,Upsell premium services
50,Female,Lucknow,Samsung,iOS,11.7,4.7,90.8,154,2.4,9583,2.1,0.0,1661,Education,0,11244,Mature High Spender,Upsell premium services
57,Male,Delhi,Vivo,Android,10.1,17.9,21.0,117,2.7,7192,2.8,1.0,1253,Education,0,8445,Mature High Spender,Upsell premium services
29,Other,Kolkata,Apple,iOS,2.1,20.5,100.1,172,1.6,7288,8.0,1.3,918,Social Media,0,8206,Mature High Spender,Upsell premium services
41,Female,Kolkata,Motorola,Android,11.6,25.2,38.1,24,0.7,5309,3.4,1.5,1195,Work,0,6504,Mature High Spender,Upsell premium services
35,Other,Jaipur,Apple,iOS,5.2,1.1,202.9,94,0.7,4888,3.8,0.6,1662,Gaming,0,6550,Mature High Spender,Upsell premium services
35,Female,Lucknow,Motorola,Android,1.2,16.6,228.8,197,2.0,5669,2.0,2.8,1844,Gaming,0,7513,Mature High Spender,Upsell premium services
47,Other,Mumbai,Motorola,iOS,1.6,24.0,91.5,137,1.5,4259,6.8,4.9,108,Education,0,4367,Mature High Spender,Upsell premium services
31,Female,Delhi,Vivo,iOS,4.5,49.6,222.7,19,1.1,9405,6.9,3.3,170,Education,0,9575,Mature High Spender,Upsell premium services
32,Other,Bangalore,Motorola,iOS,10.4,21.7,69.0,86,2.2,8725,1.4,3.4,1101,Social Media,0,9826,Mature High Spender,Upsell premium services
58,Male,Bangalore,Oppo,iOS,6.2,48.4,188.6,53,1.5,6015,1.1,2.9,518,Social Media,0,6533,Mature High Spender,Upsell premium services
50,Other,Delhi,Xiaomi,iOS,10.5,21.9,173.0,155,2.2,7269,7.7,1.9,1699,Social Media,0,8968,Mature High Spender,Upsell premium services
55,Female,Mumbai,Motorola,iOS,9.7,2.3,22.9,198,0.9,8694,1.3,3.6,147,Gaming,0,8841,Mature High Spender,Upsell premium services
17,Other,Pune,Nokia,Android,1.6,15.1,164.7,121,1.7,7607,0.9,4.2,1124,Education,0,8731,Mature High Spender,Upsell premium services
59,Male,Jaipur,OnePlus,Android,10.7,30.2,79.5,110,3.5,8368,5.8,1.9,625,Work,0,8993,Mature High Spender,Upsell premium services
19,Female,Mumbai,Realme,iOS,1.9,15.7,200.5,194,1.6,9356,5.5,3.8,554,Education,0,9910,Mature High Spender,Upsell premium services
48,Female,Delhi,Apple,iOS,3.4,16.1,97.9,36,1.3,6811,1.0,4.7,1204,Work,0,8015,Mature High Spender,Upsell premium services
35,Male,Bangalore,Samsung,Android,8.3,14.5,229.7,77,2.7,7039,5.8,4.6,747,Work,0,7786,Mature High Spender,Upsell premium services
58,Male,Lucknow,OnePlus,Android,5.7,41.6,289.4,121,2.0,7759,5.7,0.7,1443,Entertainment,0,9202,Mature High Spender,Upsell premium services
29,Female,Mumbai,Oppo,Android,9.4,24.9,30.1,174,0.9,5172,6.3,4.9,421,Education,0,5593,Mature High Spender,Upsell premium services
51,Female,Hyderabad,Motorola,iOS,4.7,18.6,156.1,193,0.9,4842,6.7,0.1,555,Education,0,5397,Mature High Spender,Upsell premium services
34,Female,Pune,Vivo,iOS,6.6,19.3,299.7,150,2.0,6130,7.8,4.9,1225,Entertainment,0,7355,Mature High Spender,Upsell premium services
52,Male,Pune,Realme,Android,4.9,41.3,238.4,74,2.7,6977,2.0,1.0,434,Work,0,7411,Mature High Spender,Upsell premium services
40,Male,Bangalore,Xiaomi,Android,7.6,37.8,84.7,140,2.1,8957,6.3,0.3,719,Social Media,0,9676,Mature High Spender,Upsell premium services
51,Other,Jaipur,Samsung,Android,1.0,47.2,247.5,43,0.5,3778,6.1,0.6,1123,Education,0,4901,Mature High Spender,Upsell premium services
58,Other,Delhi,Oppo,iOS,4.0,49.8,154.6,191,3.2,7453,3.6,2.3,1926,Social Media,0,9379,Mature High Spender,Upsell premium services
36,Male,Lucknow,Samsung,Android,5.8,47.3,182.2,59,1.2,3704,5.2,4.0,259,Work,0,3963,Mature High Spender,Upsell premium services
50,Female,Hyderabad,Realme,iOS,10.1,3.4,101.4,141,0.7,7492,5.6,0.8,1496,Education,0,8988,Mature High Spender,Upsell premium services
46,Female,Kolkata,Apple,iOS,1.0,44.1,89.4,65,2.3,8457,6.7,1.1,644,Social Media,0,9101,Mature High Spender,Upsell premium services
60,Male,Hyderabad,Realme,Android,8.3,9.7,111.4,200,0.5,4410,4.6,2.8,1908,Work,0,6318,Mature High Spender,Upsell premium services
27,Female,Kolkata,OnePlus,Android,3.0,37.8,18.3,55,0.5,9725,2.4,3.4,1945,Gaming,0,11670,Mature High Spender,Upsell premium services
22,Female,Kolkata,Samsung,Android,2.3,31.7,213.9,39,2.3,7264,1.4,3.1,1123,Social Media,0,8387,Mature High Spender,Upsell premium services
37,Other,Lucknow,Samsung,Android,11.9,41.0,238.2,132,1.2,8927,3.9,3.3,1640,Social Media,0,10567,Mature High Spender,Upsell premium services
54,Other,Ahmedabad,Apple,Android,4.1,11.4,51.8,124,1.3,9214,4.3,3.9,148,Work,0,9362,Mature High Spender,Upsell premium services
37,Female,Kolkata,OnePlus,iOS,1.2,16.0,12.3,121,2.4,9632,4.6,1.6,441,Gaming,0,10073,Mature High Spender,Upsell premium services
45,Male,Lucknow,Vivo,Android,1.1,16.2,156.3,131,2.1,7806,2.2,0.6,1292,Entertainment,0,9098,Mature High Spender,Upsell premium services
36,Male,Ahmedabad,Samsung,Android,11.0,37.8,144.1,184,1.3,9241,3.8,3.4,1580,Social Media,0,10821,Mature High Spender,Upsell premium services
37,Female,Jaipur,OnePlus,iOS,7.8,40.5,109.2,199,2.4,9738,5.8,0.5,1846,Gaming,0,11584,Mature High Spender,Upsell premium services
53,Female,Bangalore,Xiaomi,iOS,9.6,7.7,224.3,164,1.3,9554,0.7,0.1,1591,Gaming,0,11145,Mature High Spender,Upsell premium services
55,Female,Mumbai,Apple,Android,7.4,37.0,294.1,200,2.2,9506,2.2,0.7,1849,Social Media,0,11355,Mature High Spender,Upsell premium services
44,Other,Jaipur,Samsung,Android,5.6,29.3,290.1,24,3.1,7577,1.7,1.1,1475,Work,0,9052,Mature High Spender,Upsell premium services
34,Other,Jaipur,OnePlus,Android,11.4,14.7,51.5,50,1.9,8523,7.5,1.6,1673,Social Media,0,10196,Mature High Spender,Upsell premium services
34,Male,Ahmedabad,Motorola,Android,2.3,12.8,233.3,129,0.9,6949,7.1,0.0,1712,Gaming,0,8661,Mature High Spender,Upsell premium services
30,Female,Delhi,Realme,iOS,11.3,5.5,151.3,30,1.8,9044,0.9,3.9,1571,Social Media,0,10615,Mature High Spender,Upsell premium services
40,Male,Bangalore,Nokia,iOS,9.3,26.0,266.4,11,1.3,4528,4.1,2.7,1629,Work,0,6157,Mature High Spender,Upsell premium services
48,Other,Pune,Motorola,iOS,10.1,22.4,212.9,13,0.5,4989,2.5,0.8,1961,Gaming,0,6950,Mature High Spender,Upsell premium services
56,Other,Hyderabad,Xiaomi,iOS,8.9,43.7,79.3,113,2.1,7086,1.4,4.1,938,Gaming,0,8024,Mature High Spender,Upsell premium services
24,Female,Chennai,Xiaomi,Android,8.6,21.8,84.3,38,1.5,6642,1.4,3.4,1418,Work,0,8060,Mature High Spender,Upsell premium services
22,Female,Chennai,Xiaomi,Android,6.2,31.2,54.1,31,0.7,7647,1.9,4.3,1332,Work,0,8979,Mature High Spender,Upsell premium services
55,Other,Lucknow,Realme,Android,10.8,27.8,75.8,114,1.9,7872,3.8,2.9,1660,Gaming,0,9532,Mature High Spender,Upsell premium services
46,Other,Ahmedabad,Xiaomi,Android,3.9,45.6,291.0,159,1.8,5072,6.4,0.5,554,Education,0,5626,Mature High Spender,Upsell premium services
18,Other,Bangalore,Apple,iOS,6.6,2.7,102.6,123,0.9,9014,5.1,4.4,404,Gaming,0,9418,Mature High Spender,Upsell premium services
60,Female,Mumbai,Vivo,iOS,6.9,39.8,289.7,71,3.5,7723,3.7,3.2,1915,Education,0,9638,Mature High Spender,Upsell premium services
36,Female,Chennai,Apple,Android,11.6,48.6,123.7,63,2.6,7008,6.9,1.7,1055,Education,0,8063,Mature High Spender,Upsell premium services
35,Male,Jaipur,Samsung,iOS,6.1,46.8,147.5,159,2.9,6664,4.5,2.6,290,Entertainment,0,6954,Mature High Spender,Upsell premium services
58,Female,Kolkata,Samsung,Android,7.2,27.0,222.3,199,2.5,7046,6.2,1.4,214,Education,0,7260,Mature High Spender,Upsell premium services
56,Male,Ahmedabad,Google Pixel,Android,11.3,44.3,173.0,65,0.8,6455,3.2,2.5,929,Social Media,0,7384,Mature High Spender,Upsell premium services
52,Other,Pune,Vivo,iOS,9.4,26.3,24.7,139,0.8,8919,6.7,0.4,448,Social Media,0,9367,Mature High Spender,Upsell premium services
20,Female,Chennai,Oppo,Android,4.3,27.5,254.5,133,2.7,9806,0.9,3.2,705,Education,0,10511,Mature High Spender,Upsell premium services
40,Other,Chennai,OnePlus,Android,7.3,33.8,24.7,95,1.7,6210,6.9,0.9,1584,Education,0,7794,Mature High Spender,Upsell premium services
39,Female,Jaipur,OnePlus,iOS,9.2,18.6,276.9,199,0.7,9225,5.5,4.3,192,Gaming,0,9417,Mature High Spender,Upsell premium services
54,Female,Ahmedabad,OnePlus,iOS,7.6,15.1,176.6,142,2.2,7513,1.3,1.8,1893,Education,0,9406,Mature High Spender,Upsell premium services
28,Male,Jaipur,Google Pixel,iOS,3.6,44.4,187.0,151,2.9,8529,4.3,1.9,1551,Work,0,10080,Mature High Spender,Upsell premium services
40,Male,Chennai,Google Pixel,Android,5.3,43.7,149.2,142,0.8,6221,3.9,1.7,116,Education,0,6337,Mature High Spender,Upsell premium services
35,Other,Hyderabad,Nokia,iOS,5.8,6.9,190.2,191,2.4,5689,1.6,2.8,1651,Social Media,0,7340,Mature High Spender,Upsell premium services
43,Other,Chennai,Apple,iOS,5.3,11.9,294.9,185,1.7,6800,1.2,3.2,1788,Work,0,8588,Mature High Spender,Upsell premium services
21,Male,Kolkata,Xiaomi,Android,3.8,18.4,102.6,13,1.1,6869,5.5,1.2,959,Social Media,0,7828,Mature High Spender,Upsell premium services
27,Female,Pune,Samsung,Android,5.4,41.3,99.8,88,2.6,6820,4.6,4.6,258,Work,0,7078,Mature High Spender,Upsell premium services
16,Male,Kolkata,Oppo,Android,11.8,43.1,19.6,194,2.1,9375,1.0,4.8,445,Social Media,0,9820,Mature High Spender,Upsell premium services
60,Other,Jaipur,Vivo,iOS,6.1,24.5,39.3,180,1.2,5774,3.3,0.3,838,Work,0,6612,Mature High Spender,Upsell premium services
29,Female,Lucknow,Oppo,Android,1.9,21.4,81.3,107,1.9,9358,4.4,4.6,763,Work,0,10121,Mature High Spender,Upsell premium services
55,Female,Pune,OnePlus,Android,7.1,24.6,165.7,178,1.4,8925,3.9,4.1,301,Gaming,0,9226,Mature High Spender,Upsell premium services
56,Other,Hyderabad,Vivo,Android,3.9,49.2,295.7,103,2.4,8159,6.0,1.7,1606,Social Media,0,9765,Mature High Spender,Upsell premium services
56,Other,Mumbai,Realme,iOS,1.8,30.8,234.3,46,1.9,6874,0.8,3.7,1743,Entertainment,0,8617,Mature High Spender,Upsell premium services
44,Male,Lucknow,Realme,iOS,9.0,21.5,198.5,31,1.4,5689,2.2,4.2,1538,Social Media,0,7227,Mature High Spender,Upsell premium services
23,Male,Mumbai,Apple,Android,3.4,2.2,275.5,155,2.7,9288,3.2,2.3,1199,Social Media,0,10487,Mature High Spender,Upsell premium services
43,Other,Lucknow,Vivo,Android,8.4,5.4,83.3,120,2.3,7399,8.0,0.6,1165,Gaming,0,8564,Mature High Spender,Upsell premium services
41,Female,Ahmedabad,Apple,Android,10.5,32.2,120.1,36,1.1,3420,7.4,1.8,1891,Education,0,5311,Mature High Spender,Upsell premium services
42,Male,Bangalore,Xiaomi,iOS,3.3,6.3,172.4,115,1.3,3101,7.4,2.8,844,Work,0,3945,Mature High Spender,Upsell premium services
59,Male,Hyderabad,Apple,Android,6.4,43.4,170.3,60,2.5,9010,6.7,4.7,918,Gaming,0,9928,Mature High Spender,Upsell premium services
23,Male,Kolkata,Vivo,iOS,8.2,16.0,198.4,43,1.9,8419,6.6,3.3,1687,Gaming,0,10106,Mature High Spender,Upsell premium services
27,Female,Lucknow,Google Pixel,iOS,3.2,16.9,184.7,27,2.4,6186,5.9,4.8,282,Social Media,0,6468,Mature High Spender,Upsell premium services
57,Other,Jaipur,Apple,Android,6.1,32.5,111.7,106,2.7,7188,3.9,2.4,1087,Social Media,0,8275,Mature High Spender,Upsell premium services
57,Male,Kolkata,OnePlus,Android,8.1,2.3,125.5,123,0.6,7205,2.3,3.1,1707,Gaming,0,8912,Mature High Spender,Upsell premium services
23,Female,Ahmedabad,OnePlus,Android,7.4,6.3,212.2,14,2.1,9110,1.5,4.8,1970,Entertainment,0,11080,Mature High Spender,Upsell premium services
49,Male,Jaipur,Motorola,Android,9.3,46.2,234.7,47,2.3,4843,1.3,0.5,865,Entertainment,0,5708,Mature High Spender,Upsell premium services
34,Other,Pune,Google Pixel,Android,2.3,32.7,241.9,125,2.1,9197,1.7,1.4,1959,Gaming,0,11156,Mature High Spender,Upsell premium services
29,Male,Hyderabad,Samsung,iOS,11.8,23.0,291.5,134,1.6,9838,2.6,2.0,667,Work,0,10505,Mature High Spender,Upsell premium services
39,Other,Chennai,OnePlus,Android,3.5,37.7,102.4,64,3.0,6649,3.8,3.4,1074,Entertainment,0,7723,Mature High Spender,Upsell premium services
16,Other,Kolkata,Vivo,Android,11.8,30.6,279.1,94,0.8,9829,7.7,4.4,1720,Gaming,0,11549,Mature High Spender,Upsell premium services
50,Female,Delhi,Vivo,Android,9.1,47.5,28.5,111,2.3,8428,1.7,2.9,164,Gaming,0,8592,Mature High Spender,Upsell premium services
41,Male,Pune,Google Pixel,Android,7.0,14.7,294.9,53,1.6,9355,6.0,4.9,748,Social Media,0,10103,Mature High Spender,Upsell premium services
25,Other,Bangalore,Oppo,iOS,2.7,5.5,297.6,122,0.8,6927,5.4,2.6,612,Entertainment,0,7539,Mature High Spender,Upsell premium services
34,Other,Chennai,Apple,iOS,4.3,11.5,258.6,39,2.3,9162,6.9,1.4,401,Work,0,9563,Mature High Spender,Upsell premium services
52,Other,Mumbai,Realme,iOS,9.2,20.3,291.9,180,0.5,5210,4.6,0.1,261,Education,0,5471,Mature High Spender,Upsell premium services
55,Female,Kolkata,Realme,iOS,3.1,27.5,51.1,26,3.2,6832,0.6,4.7,1219,Work,0,8051,Mature High Spender,Upsell premium services
45,Male,Pune,Realme,iOS,4.8,20.5,113.0,46,2.6,8626,4.0,3.0,1955,Education,0,10581,Mature High Spender,Upsell premium services
24,Other,Bangalore,Google Pixel,Android,2.3,42.9,290.6,54,0.6,5385,5.1,0.5,1434,Work,0,6819,Mature High Spender,Upsell premium services
35,Other,Lucknow,Samsung,iOS,2.6,14.7,213.6,69,3.0,6808,4.1,1.6,443,Education,0,7251,Mature High Spender,Upsell premium services
58,Female,Pune,Realme,iOS,3.8,3.5,28.4,20,2.1,7799,1.6,1.9,1389,Gaming,0,9188,Mature High Spender,Upsell premium services
54,Female,Mumbai,Oppo,Android,1.5,21.8,160.7,134,1.6,4361,7.0,3.0,1466,Gaming,0,5827,Mature High Spender,Upsell premium services
59,Other,Bangalore,Vivo,Android,8.1,28.0,28.8,76,1.4,6211,2.6,1.5,463,Entertainment,0,6674,Mature High Spender,Upsell premium services
39,Other,Pune,Vivo,iOS,5.8,8.7,91.9,19,3.0,5102,0.5,1.5,176,Gaming,0,5278,Mature High Spender,Upsell premium services
53,Other,Kolkata,Oppo,iOS,10.7,38.6,173.5,76,3.0,7478,5.4,1.1,149,Work,0,7627,Mature High Spender,Upsell premium services
36,Female,Bangalore,Oppo,Android,2.9,43.1,122.3,185,2.4,5473,3.1,3.5,931,Education,0,6404,Mature High Spender,Upsell premium services
24,Female,Chennai,Motorola,iOS,8.0,39.2,235.9,36,1.1,7168,7.6,5.0,692,Work,0,7860,Mature High Spender,Upsell premium services
33,Male,Mumbai,Nokia,Android,4.1,29.3,91.3,10,1.5,6442,2.6,3.0,1569,Work,0,8011,Mature High Spender,Upsell premium services
38,Male,Hyderabad,Samsung,iOS,8.2,42.8,228.9,58,3.3,9565,2.1,0.4,379,Work,0,9944,Mature High Spender,Upsell premium services
24,Female,Jaipur,Oppo,iOS,5.4,26.8,128.0,24,2.5,7738,4.5,2.2,1537,Education,0,9275,Mature High Spender,Upsell premium services
16,Other,Pune,Oppo,Android,4.5,18.6,108.1,199,1.7,8179,2.7,4.4,269,Gaming,0,8448,Mature High Spender,Upsell premium services
16,Female,Pune,Google Pixel,Android,11.8,31.4,60.0,35,0.7,6364,1.7,0.8,1297,Work,0,7661,Mature High Spender,Upsell premium services
23,Female,Mumbai,Xiaomi,Android,8.2,21.2,271.9,69,1.3,9452,6.7,0.4,382,Work,0,9834,Mature High Spender,Upsell premium services
32,Female,Jaipur,Vivo,Android,2.5,35.9,38.0,10,0.8,7070,6.4,1.9,1452,Social Media,0,8522,Mature High Spender,Upsell premium services
42,Female,Mumbai,Realme,Android,4.5,42.6,175.0,29,2.1,3952,7.7,3.3,351,Social Media,0,4303,Mature High Spender,Upsell premium services
52,Male,Kolkata,Motorola,iOS,9.2,17.3,261.3,22,1.7,4476,6.1,2.6,1907,Gaming,0,6383,Mature High Spender,Upsell premium services
40,Other,Hyderabad,OnePlus,Android,8.6,2.3,207.3,83,0.9,7203,3.6,2.9,1888,Social Media,0,9091,Mature High Spender,Upsell premium services
31,Other,Lucknow,Xiaomi,Android,5.6,42.5,285.0,168,1.7,8292,2.7,3.9,1625,Gaming,0,9917,Mature High Spender,Upsell premium services
40,Male,Jaipur,Xiaomi,Android,9.3,44.9,168.4,192,2.9,5357,2.0,1.8,1630,Social Media,0,6987,Mature High Spender,Upsell premium services
54,Other,Ahmedabad,Xiaomi,Android,3.2,45.1,179.2,183,1.5,6468,1.0,4.5,885,Entertainment,0,7353,Mature High Spender,Upsell premium services
43,Other,Pune,Vivo,Android,6.9,45.9,195.2,47,1.9,4685,0.7,1.8,268,Gaming,0,4953,Mature High Spender,Upsell premium services
49,Other,Mumbai,Motorola,Android,6.3,22.7,271.2,86,2.9,5657,2.7,3.3,1173,Social Media,0,6830,Mature High Spender,Upsell premium services
33,Male,Bangalore,Realme,Android,10.8,9.4,168.2,75,0.9,9406,1.7,2.2,1901,Gaming,0,11307,Mature High Spender,Upsell premium services
34,Other,Lucknow,Xiaomi,Android,8.2,20.5,45.2,87,2.1,7373,5.9,0.5,247,Education,0,7620,Mature High Spender,Upsell premium services
37,Other,Hyderabad,Apple,iOS,8.3,41.0,195.9,122,2.5,9591,6.2,4.0,969,Work,0,10560,Mature High Spender,Upsell premium services
37,Male,Hyderabad,Oppo,Android,2.0,46.9,39.5,44,2.9,6065,3.5,3.9,1571,Work,0,7636,Mature High Spender,Upsell premium services
21,Male,Delhi,Vivo,Android,10.6,48.6,64.4,15,1.7,9665,0.8,0.5,1865,Gaming,0,11530,Mature High Spender,Upsell premium services
60,Other,Bangalore,Realme,Android,2.9,12.7,170.0,82,0.7,5701,3.2,4.0,1406,Gaming,0,7107,Mature High Spender,Upsell premium services
35,Other,Chennai,Motorola,iOS,9.1,43.9,171.5,150,1.0,8707,7.2,3.4,976,Gaming,0,9683,Mature High Spender,Upsell premium services
32,Male,Bangalore,Motorola,iOS,6.9,39.4,25.6,97,0.6,3746,6.5,2.9,1929,Education,0,5675,Mature High Spender,Upsell premium services
28,Other,Bangalore,Google Pixel,Android,11.8,28.8,267.9,200,2.5,9071,7.7,1.8,547,Entertainment,0,9618,Mature High Spender,Upsell premium services
25,Male,Pune,Nokia,iOS,10.4,17.3,271.7,60,1.1,9526,1.4,1.7,138,Gaming,0,9664,Mature High Spender,Upsell premium services
35,Female,Kolkata,Vivo,Android,6.8,27.8,151.0,48,0.8,7425,6.0,5.0,731,Gaming,0,8156,Mature High Spender,Upsell premium services
49,Other,Pune,Apple,iOS,6.9,32.9,271.5,141,0.6,3251,2.9,1.5,1466,Social Media,0,4717,Mature High Spender,Upsell premium services
41,Other,Kolkata,Vivo,Android,9.3,4.2,296.7,29,0.7,4117,1.4,1.5,1339,Work,0,5456,Mature High Spender,Upsell premium services
56,Female,Kolkata,Samsung,iOS,5.9,13.5,238.6,54,0.9,7845,7.0,3.4,703,Social Media,0,8548,Mature High Spender,Upsell premium services
45,Female,Delhi,Google Pixel,iOS,10.6,19.1,74.6,115,0.7,9799,6.4,3.0,1711,Social Media,0,11510,Mature High Spender,Upsell premium services
45,Female,Ahmedabad,Realme,Android,10.0,7.3,103.2,145,1.9,8667,5.2,3.3,259,Social Media,0,8926,Mature High Spender,Upsell premium services
46,Other,Jaipur,Apple,Android,11.0,22.4,185.2,109,0.7,2647,6.3,0.4,928,Gaming,0,3575,Mature High Spender,Upsell premium services
41,Male,Chennai,OnePlus,Android,6.5,36.3,213.1,160,3.0,6162,7.6,1.1,1264,Work,0,7426,Mature High Spender,Upsell premium services
57,Other,Bangalore,Motorola,iOS,6.5,16.8,166.5,133,3.6,7249,6.3,3.4,666,Entertainment,0,7915,Mature High Spender,Upsell premium services
44,Other,Lucknow,Oppo,iOS,2.2,26.3,78.1,135,1.9,8254,2.4,0.4,786,Education,0,9040,Mature High Spender,Upsell premium services
60,Female,Mumbai,Vivo,Android,1.6,18.8,26.7,86,1.9,7142,5.4,2.2,402,Work,0,7544,Mature High Spender,Upsell premium services
52,Male,Jaipur,Google Pixel,Android,2.0,28.3,291.4,21,1.8,6489,5.9,2.0,975,Gaming,0,7464,Mature High Spender,Upsell premium services
34,Female,Mumbai,Samsung,Android,1.3,3.3,75.2,85,1.3,5567,7.7,4.3,1993,Gaming,0,7560,Mature High Spender,Upsell premium services
55,Female,Ahmedabad,Motorola,iOS,2.9,5.4,47.8,133,2.9,8548,5.1,2.2,267,Education,0,8815,Mature High Spender,Upsell premium services
49,Male,Ahmedabad,Apple,Android,3.7,17.1,173.1,48,0.7,8978,1.2,1.5,1252,Gaming,0,10230,Mature High Spender,Upsell premium services
59,Male,Ahmedabad,Vivo,Android,1.4,18.5,216.2,75,2.1,6298,2.2,2.9,177,Work,0,6475,Mature High Spender,Upsell premium services
32,Female,Bangalore,Vivo,Android,8.7,39.8,156.9,75,1.3,9833,1.5,3.9,1324,Entertainment,0,11157,Mature High Spender,Upsell premium services
53,Male,Jaipur,Oppo,Android,5.3,25.2,150.4,106,1.9,6863,2.9,2.2,797,Education,0,7660,Mature High Spender,Upsell premium services
33,Female,Delhi,Apple,Android,9.6,42.9,277.9,86,1.0,6412,6.5,4.4,575,Entertainment,0,6987,Mature High Spender,Upsell premium services
48,Male,Pune,Google Pixel,Android,3.3,35.1,224.9,34,3.2,9710,2.2,1.3,1499,Work,0,11209,Mature High Spender,Upsell premium services
44,Male,Chennai,Oppo,iOS,3.0,47.9,98.4,154,1.7,7279,6.9,2.0,583,Education,0,7862,Mature High Spender,Upsell premium services
28,Other,Jaipur,Nokia,Android,10.0,37.5,245.0,11,1.9,8829,5.0,1.3,807,Education,0,9636,Mature High Spender,Upsell premium services
42,Other,Jaipur,Vivo,Android,9.2,15.3,252.7,130,2.6,9884,5.7,1.6,143,Gaming,0,10027,Mature High Spender,Upsell premium services
54,Female,Delhi,OnePlus,Android,11.9,16.5,134.4,190,2.4,7536,0.9,0.5,1384,Education,0,8920,Mature High Spender,Upsell premium services
28,Female,Pune,Samsung,Android,2.4,20.3,299.2,11,1.3,7001,7.4,0.6,104,Entertainment,0,7105,Mature High Spender,Upsell premium services
45,Female,Bangalore,Oppo,Android,10.6,47.5,227.2,95,1.1,6339,2.7,2.3,630,Work,0,6969,Mature High Spender,Upsell premium services
24,Male,Chennai,Xiaomi,iOS,8.6,3.1,260.9,40,1.0,6668,1.0,0.6,1427,Education,0,8095,Mature High Spender,Upsell premium services
51,Other,Chennai,Google Pixel,iOS,2.4,41.4,203.7,130,3.2,9374,4.6,2.4,119,Entertainment,0,9493,Mature High Spender,Upsell premium services
20,Other,Mumbai,Oppo,Android,2.6,35.4,181.4,154,0.9,6261,4.3,4.2,579,Social Media,0,6840,Mature High Spender,Upsell premium services
59,Male,Ahmedabad,Oppo,iOS,2.2,3.0,296.8,113,1.3,6488,4.1,1.1,137,Work,0,6625,Mature High Spender,Upsell premium services
53,Other,Chennai,Xiaomi,iOS,9.1,9.8,134.2,127,1.5,5627,6.1,0.4,1057,Social Media,0,6684,Mature High Spender,Upsell premium services
26,Male,Hyderabad,Vivo,iOS,9.3,7.9,210.4,192,0.6,6986,6.8,0.3,1478,Entertainment,0,8464,Mature High Spender,Upsell premium services
32,Male,Pune,Apple,iOS,3.7,35.5,40.4,163,2.4,9705,5.7,2.1,469,Work,0,10174,Mature High Spender,Upsell premium services
32,Male,Chennai,Samsung,iOS,2.4,24.7,47.2,119,1.0,8896,2.0,1.8,1881,Work,0,10777,Mature High Spender,Upsell premium services
35,Other,Bangalore,Samsung,Android,8.7,37.6,251.5,114,2.2,9173,1.6,2.9,1309,Gaming,0,10482,Mature High Spender,Upsell premium services
26,Male,Mumbai,Nokia,iOS,10.1,10.8,100.7,21,1.3,9089,3.9,0.7,1171,Education,0,10260,Mature High Spender,Upsell premium services
36,Other,Ahmedabad,Nokia,Android,7.7,42.8,222.4,27,1.0,8230,2.7,2.4,1818,Education,0,10048,Mature High Spender,Upsell premium services
41,Other,Jaipur,Google Pixel,Android,10.1,3.7,151.2,47,2.2,8720,5.6,1.2,630,Gaming,0,9350,Mature High Spender,Upsell premium services
57,Other,Hyderabad,OnePlus,iOS,5.0,47.9,283.5,187,2.6,7063,2.5,2.5,424,Social Media,0,7487,Mature High Spender,Upsell premium services
19,Male,Kolkata,Xiaomi,Android,4.0,28.7,182.9,160,1.4,8124,1.4,0.6,575,Social Media,0,8699,Mature High Spender,Upsell premium services
34,Female,Delhi,Vivo,Android,11.7,37.6,21.0,73,1.8,7125,3.1,2.1,1924,Education,0,9049,Mature High Spender,Upsell premium services
47,Female,Lucknow,Motorola,Android,11.7,3.7,61.5,20,3.3,7932,1.6,1.1,448,Work,0,8380,Mature High Spender,Upsell premium services
44,Male,Kolkata,Motorola,iOS,4.6,43.0,168.3,66,2.5,7342,1.4,0.1,1358,Education,0,8700,Mature High Spender,Upsell premium services
37,Male,Mumbai,Apple,iOS,8.1,38.1,273.2,140,1.0,5464,3.4,4.7,1214,Entertainment,0,6678,Mature High Spender,Upsell premium services
17,Female,Lucknow,Vivo,iOS,2.4,28.2,159.2,183,0.8,6921,2.2,4.1,169,Work,0,7090,Mature High Spender,Upsell premium services
42,Male,Delhi,Oppo,Android,3.0,5.0,149.9,22,2.9,7864,7.1,4.1,602,Gaming,0,8466,Mature High Spender,Upsell premium services
17,Other,Kolkata,Samsung,Android,9.1,12.7,221.1,72,1.1,8962,3.2,2.3,1092,Education,0,10054,Mature High Spender,Upsell premium services
36,Other,Delhi,Xiaomi,Android,1.9,19.7,112.1,75,2.8,8036,2.0,4.8,1409,Education,0,9445,Mature High Spender,Upsell premium services
41,Male,Jaipur,Google Pixel,iOS,10.8,36.7,84.3,135,1.5,3866,1.9,1.8,122,Work,0,3988,Mature High Spender,Upsell premium services
17,Male,Lucknow,OnePlus,iOS,1.7,26.0,133.7,38,1.2,7850,7.3,3.1,1721,Gaming,0,9571,Mature High Spender,Upsell premium services
44,Male,Lucknow,Oppo,iOS,1.4,35.7,98.3,178,2.6,8894,4.2,2.3,949,Gaming,0,9843,Mature High Spender,Upsell premium services
30,Male,Chennai,Realme,iOS,6.1,42.6,72.8,70,2.0,5450,6.0,3.2,877,Education,0,6327,Mature High Spender,Upsell premium services
31,Other,Ahmedabad,Vivo,iOS,4.2,29.5,227.4,10,1.1,6977,4.7,2.8,151,Work,0,7128,Mature High Spender,Upsell premium services
24,Male,Kolkata,OnePlus,Android,11.5,34.2,129.3,168,1.0,6636,1.3,2.9,674,Entertainment,0,7310,Mature High Spender,Upsell premium services
30,Male,Bangalore,Nokia,iOS,9.0,22.1,207.6,34,0.5,6991,1.3,1.0,1506,Social Media,0,8497,Mature High Spender,Upsell premium services
26,Female,Hyderabad,Samsung,iOS,10.0,5.7,297.8,28,2.4,9187,5.8,1.6,853,Work,0,10040,Mature High Spender,Upsell premium services
47,Female,Ahmedabad,Vivo,iOS,8.4,7.6,172.8,65,1.5,8419,6.9,1.1,1299,Education,0,9718,Mature High Spender,Upsell premium services
33,Male,Hyderabad,Vivo,iOS,8.8,27.4,261.6,136,2.7,8760,7.8,4.7,204,Education,0,8964,Mature High Spender,Upsell premium services
24,Other,Kolkata,Xiaomi,Android,7.2,26.9,76.7,24,0.6,9101,2.8,0.9,258,Social Media,0,9359,Mature High Spender,Upsell premium services
60,Female,Hyderabad,Apple,iOS,8.3,42.9,92.2,135,1.0,8256,2.4,4.3,1830,Work,0,10086,Mature High Spender,Upsell premium services
54,Other,Bangalore,Apple,Android,7.7,36.8,30.5,16,2.1,9153,1.2,1.4,1378,Education,0,10531,Mature High Spender,Upsell premium services
43,Other,Kolkata,Oppo,Android,6.1,9.5,66.0,127,2.7,8514,2.8,1.1,1688,Work,0,10202,Mature High Spender,Upsell premium services
58,Female,Ahmedabad,Motorola,iOS,3.2,7.9,284.4,160,3.1,7161,5.7,4.0,220,Entertainment,0,7381,Mature High Spender,Upsell premium services
28,Other,Lucknow,Nokia,Android,4.2,32.7,254.0,194,1.6,7760,6.9,2.4,219,Entertainment,0,7979,Mature High Spender,Upsell premium services
36,Male,Delhi,Vivo,iOS,9.9,24.5,68.3,179,1.8,5310,3.9,1.6,1943,Work,0,7253,Mature High Spender,Upsell premium services
56,Other,Lucknow,Samsung,iOS,5.3,7.7,35.3,25,0.9,9549,6.0,4.0,1452,Work,0,11001,Mature High Spender,Upsell premium services
58,Other,Jaipur,Vivo,iOS,7.5,12.1,59.0,179,2.8,7721,2.5,2.4,1193,Social Media,0,8914,Mature High Spender,Upsell premium services
57,Female,Ahmedabad,Vivo,iOS,1.4,32.0,279.9,28,2.0,5083,4.5,1.3,1100,Entertainment,0,6183,Mature High Spender,Upsell premium services
15,Male,Kolkata,Vivo,iOS,5.4,38.7,98.7,61,1.5,9352,2.6,3.3,1776,Education,0,11128,Mature High Spender,Upsell premium services
50,Other,Bangalore,Nokia,Android,7.4,46.4,250.2,19,1.8,9862,4.6,4.6,329,Education,0,10191,Mature High Spender,Upsell premium services
34,Other,Delhi,Xiaomi,iOS,2.8,9.9,220.1,182,2.1,8957,3.7,0.3,1319,Education,0,10276,Mature High Spender,Upsell premium services
37,Male,Delhi,OnePlus,Android,1.2,40.6,205.7,38,1.5,6489,5.3,0.9,1697,Education,0,8186,Mature High Spender,Upsell premium services
24,Female,Bangalore,Oppo,iOS,7.3,46.8,167.8,191,1.7,6761,3.1,4.7,999,Entertainment,0,7760,Mature High Spender,Upsell premium services
57,Other,Pune,Xiaomi,iOS,9.1,44.0,24.7,134,1.9,9520,7.0,3.3,570,Social Media,0,10090,Mature High Spender,Upsell premium services
39,Female,Bangalore,Vivo,iOS,6.8,31.0,145.8,101,0.8,8250,2.4,4.5,663,Gaming,0,8913,Mature High Spender,Upsell premium services
44,Male,Delhi,Vivo,iOS,7.6,45.8,199.6,191,1.6,9638,3.7,1.9,660,Gaming,0,10298,Mature High Spender,Upsell premium services
58,Male,Lucknow,Xiaomi,iOS,8.6,1.2,295.5,142,2.0,5858,4.4,4.9,202,Education,0,6060,Mature High Spender,Upsell premium services
49,Other,Bangalore,Nokia,iOS,2.0,46.9,196.2,125,0.9,7211,2.1,3.4,620,Entertainment,0,7831,Mature High Spender,Upsell premium services
58,Female,Delhi,Vivo,iOS,2.1,33.6,212.5,80,0.8,4137,4.1,0.1,130,Education,0,4267,Mature High Spender,Upsell premium services
36,Male,Pune,Realme,Android,9.3,33.2,38.3,66,0.8,7017,2.5,4.4,1459,Work,0,8476,Mature High Spender,Upsell premium services
56,Female,Delhi,Oppo,Android,1.9,38.3,63.7,44,1.8,9990,6.7,3.8,579,Education,0,10569,Mature High Spender,Upsell premium services
55,Other,Chennai,Samsung,Android,3.8,19.9,145.5,147,2.9,8236,7.9,3.4,1168,Entertainment,0,9404,Mature High Spender,Upsell premium services
50,Other,Kolkata,OnePlus,Android,3.9,2.1,285.2,169,2.5,6381,6.4,3.8,120,Entertainment,0,6501,Mature High Spender,Upsell premium services
57,Female,Lucknow,OnePlus,iOS,9.5,18.6,142.9,133,0.7,9010,0.7,4.2,1876,Entertainment,0,10886,Mature High Spender,Upsell premium services
35,Female,Kolkata,Samsung,Android,12.0,45.7,246.9,29,2.2,6024,6.9,3.0,1078,Social Media,0,7102,Mature High Spender,Upsell premium services
36,Female,Mumbai,Motorola,iOS,6.2,45.6,217.7,32,2.9,7549,6.7,2.5,1285,Entertainment,0,8834,Mature High Spender,Upsell premium services
23,Other,Ahmedabad,Realme,Android,5.0,25.0,88.1,54,2.6,7868,1.8,0.5,1578,Work,0,9446,Mature High Spender,Upsell premium services
30,Male,Mumbai,Nokia,Android,9.6,46.9,86.1,64,0.9,7838,3.6,2.7,497,Social Media,0,8335,Mature High Spender,Upsell premium services
40,Other,Kolkata,Oppo,iOS,1.1,21.9,261.1,23,1.8,3515,6.4,3.9,941,Work,0,4456,Mature High Spender,Upsell premium services
57,Female,Kolkata,Motorola,iOS,1.6,22.0,256.5,172,3.2,7567,2.4,2.7,976,Education,0,8543,Mature High Spender,Upsell premium services
58,Male,Mumbai,OnePlus,Android,7.0,44.5,7.3,114,1.4,9977,3.9,3.5,932,Entertainment,0,10909,Mature High Spender,Upsell premium services
49,Other,Kolkata,Vivo,iOS,5.9,45.2,25.8,31,2.1,7135,4.0,4.5,1769,Entertainment,0,8904,Mature High Spender,Upsell premium services
28,Other,Bangalore,OnePlus,Android,6.6,25.1,227.7,120,2.0,9719,1.3,2.4,424,Gaming,0,10143,Mature High Spender,Upsell premium services
36,Female,Bangalore,Apple,iOS,4.5,25.0,173.8,148,1.7,4602,5.1,2.5,546,Education,0,5148,Mature High Spender,Upsell premium services
50,Male,Bangalore,Samsung,Android,11.4,2.1,188.3,190,0.9,6564,2.4,4.7,278,Entertainment,0,6842,Mature High Spender,Upsell premium services
37,Other,Pune,OnePlus,Android,8.5,48.3,170.1,127,1.8,6951,3.8,2.6,1623,Education,0,8574,Mature High Spender,Upsell premium services
25,Other,Chennai,OnePlus,Android,10.8,32.1,274.9,22,0.6,5890,6.3,1.8,943,Social Media,0,6833,Mature High Spender,Upsell premium services
35,Female,Jaipur,Motorola,iOS,3.7,21.8,219.8,161,2.8,5845,6.5,3.2,1136,Social Media,0,6981,Mature High Spender,Upsell premium services
36,Female,Hyderabad,OnePlus,iOS,1.8,45.6,158.3,43,2.8,6867,5.1,2.1,465,Social Media,0,7332,Mature High Spender,Upsell premium services
54,Male,Jaipur,Nokia,Android,10.4,5.0,91.0,127,1.5,9854,2.5,1.8,1072,Work,0,10926,Mature High Spender,Upsell premium services
49,Male,Kolkata,Motorola,iOS,4.5,11.5,153.6,15,1.4,7513,1.1,2.6,656,Work,0,8169,Mature High Spender,Upsell premium services
43,Other,Mumbai,Apple,Android,6.7,17.5,87.3,95,2.0,7975,2.7,1.2,1968,Social Media,0,9943,Mature High Spender,Upsell premium services
42,Male,Pune,Google Pixel,iOS,11.7,21.4,228.7,24,1.4,5760,5.2,0.1,1230,Entertainment,0,6990,Mature High Spender,Upsell premium services
41,Male,Mumbai,Realme,Android,11.2,21.9,48.7,129,1.1,7512,5.7,4.6,644,Gaming,0,8156,Mature High Spender,Upsell premium services
60,Male,Mumbai,Nokia,Android,5.7,2.5,109.2,23,0.9,8515,0.8,3.8,633,Education,0,9148,Mature High Spender,Upsell premium services
37,Other,Delhi,Vivo,iOS,11.1,4.2,131.1,27,0.7,4040,7.2,0.9,1911,Entertainment,0,5951,Mature High Spender,Upsell premium services
59,Female,Kolkata,Vivo,iOS,1.0,7.0,192.7,72,1.0,7509,6.3,2.7,1489,Social Media,0,8998,Mature High Spender,Upsell premium services
58,Male,Lucknow,Google Pixel,iOS,8.9,49.9,109.9,124,1.4,8636,3.7,0.8,609,Work,0,9245,Mature High Spender,Upsell premium services
38,Other,Mumbai,OnePlus,Android,4.2,32.0,76.9,199,1.3,6315,6.2,3.1,996,Education,0,7311,Mature High Spender,Upsell premium services
46,Other,Lucknow,Realme,iOS,8.4,1.8,248.8,136,3.5,7000,1.6,3.1,165,Entertainment,0,7165,Mature High Spender,Upsell premium services
38,Other,Bangalore,Google Pixel,Android,6.1,8.7,42.8,41,0.8,8017,1.4,2.6,667,Gaming,0,8684,Mature High Spender,Upsell premium services
39,Other,Hyderabad,Google Pixel,iOS,2.3,36.2,114.0,18,2.7,6517,5.4,1.4,1911,Entertainment,0,8428,Mature High Spender,Upsell premium services
48,Other,Pune,Xiaomi,iOS,11.7,45.0,104.9,102,2.4,10000,5.9,1.8,1237,Work,0,11237,Mature High Spender,Upsell premium services
37,Female,Delhi,Samsung,iOS,3.9,15.3,190.0,10,2.1,7245,7.0,4.3,445,Education,0,7690,Mature High Spender,Upsell premium services
37,Other,Kolkata,OnePlus,iOS,7.5,16.8,152.7,76,0.7,9147,3.0,3.8,1550,Entertainment,0,10697,Mature High Spender,Upsell premium services
54,Male,Pune,Oppo,iOS,3.0,45.7,117.4,79,1.3,9468,5.4,4.1,1834,Social Media,0,11302,Mature High Spender,Upsell premium services
37,Female,Delhi,Oppo,iOS,8.5,43.4,209.0,14,1.1,6470,1.7,1.0,129,Work,0,6599,Mature High Spender,Upsell premium services
57,Male,Jaipur,Xiaomi,Android,3.1,42.3,95.5,148,2.6,6110,5.1,2.5,1893,Gaming,0,8003,Mature High Spender,Upsell premium services
27,Male,Bangalore,Motorola,Android,7.0,11.7,214.1,95,0.8,5565,2.8,1.8,1252,Work,0,6817,Mature High Spender,Upsell premium services
49,Female,Kolkata,Realme,iOS,1.6,3.5,15.7,125,2.2,6530,5.8,0.7,1419,Gaming,0,7949,Mature High Spender,Upsell premium services
40,Male,Mumbai,Nokia,iOS,3.2,33.3,203.8,144,0.7,5579,1.5,3.4,643,Gaming,0,6222,Mature High Spender,Upsell premium services
39,Female,Pune,Apple,Android,11.7,34.7,21.2,157,2.0,8240,4.3,3.4,191,Gaming,0,8431,Mature High Spender,Upsell premium services
56,Male,Lucknow,Samsung,iOS,7.4,47.8,208.0,115,1.4,5867,1.5,1.4,1915,Work,0,7782,Mature High Spender,Upsell premium services
34,Male,Kolkata,Oppo,iOS,6.9,23.8,165.4,30,1.8,6881,4.2,2.3,1871,Gaming,0,8752,Mature High Spender,Upsell premium services
58,Female,Ahmedabad,Apple,iOS,2.7,4.6,206.4,47,2.3,6700,4.4,1.3,1153,Education,0,7853,Mature High Spender,Upsell premium services
54,Other,Delhi,Oppo,iOS,1.6,10.1,229.6,140,2.5,6609,4.1,4.7,209,Gaming,0,6818,Mature High Spender,Upsell premium services
52,Female,Hyderabad,OnePlus,Android,11.9,10.6,276.9,32,0.8,7649,2.9,0.2,738,Gaming,0,8387,Mature High Spender,Upsell premium services
34,Other,Mumbai,Oppo,iOS,1.9,33.5,167.4,137,1.6,8652,7.7,3.5,772,Education,0,9424,Mature High Spender,Upsell premium services
35,Other,Chennai,Apple,iOS,6.8,5.7,12.3,102,1.9,8333,4.0,4.8,1137,Social Media,0,9470,Mature High Spender,Upsell premium services
57,Female,Kolkata,OnePlus,Android,9.6,32.1,166.3,155,0.7,5178,6.5,3.1,1272,Social Media,0,6450,Mature High Spender,Upsell premium services
35,Female,Mumbai,Nokia,Android,9.0,17.3,26.9,153,2.6,5206,4.5,0.7,1407,Education,0,6613,Mature High Spender,Upsell premium services
37,Male,Chennai,Xiaomi,Android,4.1,1.7,92.6,196,1.6,6920,7.0,3.5,1812,Education,0,8732,Mature High Spender,Upsell premium services
45,Male,Mumbai,Realme,iOS,7.3,26.0,74.8,179,0.7,4357,7.5,0.6,1396,Work,0,5753,Mature High Spender,Upsell premium services
27,Male,Chennai,Samsung,iOS,10.4,28.6,188.9,137,1.1,5797,0.7,0.5,364,Social Media,0,6161,Mature High Spender,Upsell premium services
36,Male,Mumbai,Google Pixel,iOS,3.9,43.4,223.9,97,2.4,8173,7.3,2.5,752,Gaming,0,8925,Mature High Spender,Upsell premium services
18,Other,Bangalore,Oppo,iOS,4.8,48.5,254.6,165,0.8,9960,4.9,4.9,1243,Work,0,11203,Mature High Spender,Upsell premium services
17,Female,Jaipur,OnePlus,iOS,4.8,49.1,115.3,139,0.7,8641,5.6,1.1,955,Education,0,9596,Mature High Spender,Upsell premium services
22,Female,Lucknow,Nokia,iOS,10.6,40.5,190.2,26,2.6,9564,1.7,0.8,493,Social Media,0,10057,Mature High Spender,Upsell premium services
58,Female,Bangalore,Google Pixel,iOS,9.3,24.0,256.1,79,1.0,6847,5.2,4.9,434,Entertainment,0,7281,Mature High Spender,Upsell premium services
59,Other,Chennai,Oppo,Android,4.4,21.5,210.6,30,1.2,8790,7.3,4.3,1659,Work,0,10449,Mature High Spender,Upsell premium services
47,Male,Kolkata,Oppo,iOS,3.7,8.8,126.7,177,1.9,4290,7.7,4.4,1217,Education,0,5507,Mature High Spender,Upsell premium services
19,Female,Pune,Vivo,Android,4.5,42.5,294.6,80,1.6,9518,1.8,0.8,144,Work,0,9662,Mature High Spender,Upsell premium services
27,Male,Jaipur,Realme,Android,11.0,19.8,275.4,185,1.3,6603,2.6,2.2,1922,Social Media,0,8525,Mature High Spender,Upsell premium services
31,Female,Hyderabad,Samsung,iOS,10.6,6.2,268.6,198,1.5,5469,2.7,3.2,1841,Gaming,0,7310,Mature High Spender,Upsell premium services
53,Male,Jaipur,OnePlus,iOS,11.3,18.8,58.1,99,3.1,7605,4.9,0.2,843,Work,0,8448,Mature High Spender,Upsell premium services
19,Other,Kolkata,Oppo,iOS,5.7,18.8,57.4,48,2.3,9762,4.2,0.3,1180,Social Media,0,10942,Mature High Spender,Upsell premium services
60,Female,Pune,Oppo,Android,5.8,38.0,259.9,88,2.0,6060,6.0,4.9,1817,Entertainment,0,7877,Mature High Spender,Upsell premium services
47,Other,Ahmedabad,Oppo,iOS,2.1,17.1,135.4,131,0.6,6008,7.0,4.8,1038,Gaming,0,7046,Mature High Spender,Upsell premium services
38,Male,Ahmedabad,Realme,iOS,5.3,28.4,211.6,124,2.4,8367,5.0,1.7,196,Education,0,8563,Mature High Spender,Upsell premium services
35,Other,Chennai,Google Pixel,iOS,11.2,13.5,182.2,182,1.7,5719,3.5,4.6,373,Education,0,6092,Mature High Spender,Upsell premium services
47,Male,Jaipur,Motorola,iOS,3.6,2.5,99.7,175,0.9,9478,5.6,1.9,1764,Social Media,0,11242,Mature High Spender,Upsell premium services
33,Female,Chennai,Oppo,Android,1.9,50.0,218.5,83,2.5,8412,5.0,5.0,1245,Entertainment,0,9657,Mature High Spender,Upsell premium services
38,Female,Mumbai,Nokia,iOS,9.0,13.1,277.9,37,1.1,5897,5.3,0.3,492,Education,0,6389,Mature High Spender,Upsell premium services
29,Female,Delhi,Google Pixel,Android,5.2,21.9,260.2,49,2.2,7716,2.8,4.5,1837,Social Media,0,9553,Mature High Spender,Upsell premium services
37,Other,Kolkata,OnePlus,Android,4.8,12.6,22.9,142,2.9,9168,7.7,0.6,1923,Entertainment,0,11091,Mature High Spender,Upsell premium services
17,Other,Mumbai,Google Pixel,Android,10.4,43.3,128.8,68,0.8,8803,1.2,1.2,1071,Entertainment,0,9874,Mature High Spender,Upsell premium services
58,Male,Chennai,Samsung,Android,9.3,27.3,118.3,174,0.5,8586,5.3,1.0,423,Work,0,9009,Mature High Spender,Upsell premium services
31,Female,Jaipur,Vivo,iOS,8.2,9.9,152.8,145,1.0,9403,7.4,4.5,983,Work,0,10386,Mature High Spender,Upsell premium services
38,Male,Bangalore,Apple,iOS,12.0,1.6,105.0,152,0.5,7973,3.7,4.5,300,Work,0,8273,Mature High Spender,Upsell premium services
36,Female,Jaipur,Oppo,iOS,9.6,48.7,154.4,115,0.9,3503,2.9,2.7,1959,Work,0,5462,Mature High Spender,Upsell premium services
32,Male,Jaipur,Google Pixel,Android,6.3,42.8,61.9,80,1.0,4855,7.6,4.9,229,Entertainment,0,5084,Mature High Spender,Upsell premium services
59,Female,Delhi,Nokia,Android,4.8,42.7,50.6,60,2.9,8758,7.9,2.8,1904,Gaming,0,10662,Mature High Spender,Upsell premium services
38,Other,Kolkata,Google Pixel,Android,1.1,22.8,89.4,36,1.0,4471,6.7,4.5,685,Gaming,0,5156,Mature High Spender,Upsell premium services
60,Female,Delhi,Xiaomi,iOS,8.9,11.2,290.8,13,3.9,9272,5.7,0.1,870,Education,0,10142,Mature High Spender,Upsell premium services
50,Female,Bangalore,OnePlus,Android,6.9,22.3,120.4,65,2.5,9550,4.3,3.3,1191,Social Media,0,10741,Mature High Spender,Upsell premium services
50,Female,Mumbai,Oppo,Android,2.3,29.6,111.1,134,1.3,6758,5.9,3.7,1258,Social Media,0,8016,Mature High Spender,Upsell premium services
33,Female,Delhi,Realme,iOS,10.2,10.8,237.6,65,1.0,9187,1.9,0.4,1772,Entertainment,0,10959,Mature High Spender,Upsell premium services
37,Male,Delhi,Xiaomi,Android,11.3,31.7,295.2,39,1.2,7710,7.6,3.0,1875,Education,0,9585,Mature High Spender,Upsell premium services
36,Female,Pune,Oppo,iOS,8.7,26.9,271.5,16,2.8,5940,0.5,4.7,1994,Social Media,0,7934,Mature High Spender,Upsell premium services
28,Male,Mumbai,Nokia,Android,10.6,3.6,205.5,58,2.9,7612,2.2,4.8,803,Gaming,0,8415,Mature High Spender,Upsell premium services
28,Other,Chennai,Samsung,iOS,9.5,10.6,297.5,172,1.2,7201,0.8,0.9,863,Work,0,8064,Mature High Spender,Upsell premium services
35,Female,Pune,Google Pixel,iOS,8.3,20.8,267.3,168,1.9,9341,1.7,0.0,1416,Gaming,0,10757,Mature High Spender,Upsell premium services
54,Male,Jaipur,Realme,iOS,4.3,33.9,134.8,12,2.0,7593,3.1,2.8,1631,Entertainment,0,9224,Mature High Spender,Upsell premium services
57,Other,Chennai,Samsung,iOS,4.6,18.0,249.0,46,1.6,6689,7.1,4.3,1079,Gaming,0,7768,Mature High Spender,Upsell premium services
57,Female,Delhi,Vivo,Android,9.3,42.0,192.4,21,1.6,9499,2.7,0.8,750,Gaming,0,10249,Mature High Spender,Upsell premium services
24,Male,Delhi,Xiaomi,Android,6.7,32.8,19.7,170,1.3,8760,4.8,0.2,937,Gaming,0,9697,Mature High Spender,Upsell premium services
38,Female,Lucknow,Xiaomi,iOS,1.2,2.9,58.9,90,1.0,8286,5.8,3.8,1068,Social Media,0,9354,Mature High Spender,Upsell premium services
52,Other,Kolkata,Realme,iOS,2.0,15.2,96.6,77,1.0,4475,0.9,2.9,974,Work,0,5449,Mature High Spender,Upsell premium services
43,Female,Mumbai,Samsung,iOS,5.4,18.1,27.6,60,2.6,5378,7.1,3.2,432,Entertainment,0,5810,Mature High Spender,Upsell premium services
20,Other,Chennai,Apple,Android,9.9,29.8,232.8,100,1.4,9617,7.3,4.6,1888,Gaming,0,11505,Mature High Spender,Upsell premium services
58,Male,Jaipur,Samsung,Android,11.1,39.1,233.5,173,0.5,4878,6.5,3.1,1458,Gaming,0,6336,Mature High Spender,Upsell premium services
24,Other,Mumbai,Oppo,Android,4.8,24.3,171.6,164,1.0,9938,3.9,4.9,465,Entertainment,0,10403,Mature High Spender,Upsell premium services
27,Other,Delhi,Vivo,iOS,10.6,33.6,133.2,195,1.4,6178,6.0,0.1,412,Work,0,6590,Mature High Spender,Upsell premium services
53,Male,Pune,Oppo,Android,9.8,20.3,183.0,191,1.5,7817,6.0,3.1,323,Social Media,0,8140,Mature High Spender,Upsell premium services
53,Female,Jaipur,Google Pixel,iOS,8.6,34.2,193.9,187,1.1,7630,6.3,1.5,1056,Work,0,8686,Mature High Spender,Upsell premium services
29,Other,Bangalore,OnePlus,Android,2.6,20.4,112.7,156,2.9,6948,6.0,3.5,1682,Gaming,0,8630,Mature High Spender,Upsell premium services
29,Female,Bangalore,Nokia,Android,5.0,36.3,68.3,15,1.3,7213,6.9,2.1,1480,Social Media,0,8693,Mature High Spender,Upsell premium services
55,Male,Pune,Google Pixel,iOS,6.7,46.4,49.0,112,2.2,7907,2.1,3.9,324,Education,0,8231,Mature High Spender,Upsell premium services
17,Female,Delhi,Google Pixel,iOS,8.1,41.3,148.8,150,0.6,8587,5.8,3.7,1810,Social Media,0,10397,Mature High Spender,Upsell premium services
31,Other,Kolkata,Realme,Android,7.6,35.7,101.4,23,0.7,8393,7.1,2.4,1599,Social Media,0,9992,Mature High Spender,Upsell premium services
56,Male,Pune,Samsung,Android,10.3,27.6,155.3,98,1.5,5373,5.4,4.9,103,Gaming,0,5476,Mature High Spender,Upsell premium services
39,Male,Mumbai,OnePlus,Android,11.9,29.9,117.3,106,0.7,9625,0.7,2.7,1171,Social Media,0,10796,Mature High Spender,Upsell premium services
56,Female,Hyderabad,Oppo,Android,4.5,17.3,147.8,74,2.3,8337,6.2,3.4,1695,Gaming,0,10032,Mature High Spender,Upsell premium services
29,Female,Bangalore,Google Pixel,Android,8.4,47.1,99.6,67,2.5,9120,6.5,0.5,1179,Work,0,10299,Mature High Spender,Upsell premium services
40,Other,Bangalore,Oppo,Android,10.1,11.2,131.0,190,0.9,8643,2.8,0.6,1623,Work,0,10266,Mature High Spender,Upsell premium services
43,Other,Bangalore,Nokia,Android,9.8,38.4,95.1,163,3.2,8765,6.2,4.9,1364,Entertainment,0,10129,Mature High Spender,Upsell premium services
59,Other,Pune,Nokia,Android,10.9,24.2,269.6,15,1.9,8923,6.2,4.5,447,Gaming,0,9370,Mature High Spender,Upsell premium services
37,Female,Hyderabad,Vivo,Android,11.4,36.4,191.3,54,2.3,7677,5.9,2.7,1498,Entertainment,0,9175,Mature High Spender,Upsell premium services
35,Female,Chennai,Oppo,iOS,3.2,4.0,120.1,190,2.0,6789,5.2,2.5,1035,Education,0,7824,Mature High Spender,Upsell premium services
55,Other,Chennai,Xiaomi,iOS,6.8,39.9,86.9,48,2.9,8433,5.2,1.6,1573,Education,0,10006,Mature High Spender,Upsell premium services
40,Other,Delhi,Samsung,iOS,9.8,27.6,208.9,92,0.9,3450,2.7,3.1,724,Social Media,0,4174,Mature High Spender,Upsell premium services
47,Female,Mumbai,Samsung,Android,3.5,27.3,227.3,52,3.5,9831,7.2,4.3,191,Education,0,10022,Mature High Spender,Upsell premium services
54,Other,Delhi,Realme,Android,1.6,32.4,215.9,139,2.0,7692,1.6,2.4,1736,Entertainment,0,9428,Mature High Spender,Upsell premium services
40,Other,Lucknow,OnePlus,Android,8.6,6.1,204.2,75,1.2,3325,7.6,4.0,1525,Education,0,4850,Mature High Spender,Upsell premium services
56,Other,Delhi,Vivo,Android,1.1,41.1,230.1,116,0.7,4068,5.0,3.0,1368,Social Media,0,5436,Mature High Spender,Upsell premium services
60,Female,Hyderabad,Samsung,iOS,1.0,10.1,141.4,159,0.8,5463,5.8,4.3,122,Education,0,5585,Mature High Spender,Upsell premium services
36,Female,Mumbai,Xiaomi,iOS,10.8,47.6,254.8,39,1.0,4651,6.1,3.0,1195,Work,0,5846,Mature High Spender,Upsell premium services
44,Other,Lucknow,Motorola,Android,9.6,5.9,72.0,75,1.2,9373,3.1,4.4,1862,Entertainment,0,11235,Mature High Spender,Upsell premium services
38,Other,Bangalore,Xiaomi,iOS,5.4,42.2,265.6,69,1.2,8349,1.6,3.6,387,Education,0,8736,Mature High Spender,Upsell premium services
42,Female,Bangalore,Realme,iOS,5.3,22.1,254.3,40,1.1,8143,2.4,3.4,831,Work,0,8974,Mature High Spender,Upsell premium services
59,Other,Mumbai,Google Pixel,iOS,2.7,10.4,111.4,155,3.2,8451,4.1,1.7,1416,Work,0,9867,Mature High Spender,Upsell premium services
51,Male,Kolkata,Nokia,Android,9.3,28.4,287.1,73,1.4,3935,6.8,4.9,740,Education,0,4675,Mature High Spender,Upsell premium services
45,Other,Pune,Google Pixel,iOS,6.1,43.0,210.6,127,1.7,4135,5.7,3.5,1487,Gaming,0,5622,Mature High Spender,Upsell premium services
51,Other,Hyderabad,Nokia,Android,1.3,23.1,94.8,71,1.1,4387,1.0,1.4,559,Entertainment,0,4946,Mature High Spender,Upsell premium services
51,Female,Lucknow,Realme,Android,10.4,43.3,205.6,70,1.9,7559,1.2,0.8,1540,Gaming,0,9099,Mature High Spender,Upsell premium services
21,Female,Mumbai,OnePlus,iOS,10.6,30.0,252.8,60,2.6,7600,7.5,1.3,1974,Gaming,0,9574,Mature High Spender,Upsell premium services
57,Female,Bangalore,Google Pixel,Android,1.7,38.1,268.0,82,1.5,6821,5.5,3.5,992,Education,0,7813,Mature High Spender,Upsell premium services
47,Female,Kolkata,Oppo,Android,6.6,37.1,133.7,70,1.1,3647,7.9,1.5,637,Education,0,4284,Mature High Spender,Upsell premium services
24,Other,Kolkata,Nokia,iOS,8.9,1.2,18.7,28,2.0,8831,6.3,4.4,1524,Social Media,0,10355,Mature High Spender,Upsell premium services
49,Female,Chennai,Google Pixel,iOS,8.3,26.2,148.8,127,0.5,5564,3.3,3.4,1732,Entertainment,0,7296,Mature High Spender,Upsell premium services
31,Female,Kolkata,Samsung,iOS,3.0,2.3,141.1,102,1.7,7543,1.2,0.7,1029,Gaming,0,8572,Mature High Spender,Upsell premium services
35,Other,Kolkata,Google Pixel,iOS,6.1,23.2,55.0,59,2.1,8715,5.1,1.2,1617,Gaming,0,10332,Mature High Spender,Upsell premium services
55,Female,Mumbai,Oppo,Android,6.2,36.3,267.0,162,2.0,9160,1.1,0.2,229,Entertainment,0,9389,Mature High Spender,Upsell premium services
26,Male,Chennai,Xiaomi,iOS,1.6,39.1,59.0,180,0.7,5460,4.5,3.4,1763,Entertainment,0,7223,Mature High Spender,Upsell premium services
37,Other,Lucknow,Google Pixel,Android,11.6,18.9,155.4,76,1.6,5070,7.8,1.0,122,Gaming,0,5192,Mature High Spender,Upsell premium services
48,Other,Mumbai,Xiaomi,Android,5.5,49.0,252.3,200,2.4,6742,7.4,2.7,831,Education,0,7573,Mature High Spender,Upsell premium services
35,Female,Kolkata,Xiaomi,iOS,8.0,9.8,13.8,34,2.6,8513,2.5,3.8,149,Education,0,8662,Mature High Spender,Upsell premium services
52,Other,Kolkata,Xiaomi,Android,8.6,46.9,120.6,153,1.0,7351,2.4,2.0,1682,Entertainment,0,9033,Mature High Spender,Upsell premium services
37,Female,Lucknow,Realme,Android,4.3,15.8,31.1,42,2.5,4689,1.4,2.3,656,Entertainment,0,5345,Mature High Spender,Upsell premium services
60,Male,Lucknow,Nokia,Android,7.3,28.7,78.6,52,1.9,6252,6.6,0.7,755,Gaming,0,7007,Mature High Spender,Upsell premium services
37,Female,Mumbai,OnePlus,iOS,2.6,10.0,84.0,88,0.8,4870,6.7,3.3,1567,Education,0,6437,Mature High Spender,Upsell premium services
40,Female,Kolkata,Realme,iOS,3.0,26.9,267.7,99,1.0,3318,5.8,2.0,1970,Social Media,0,5288,Mature High Spender,Upsell premium services
25,Male,Hyderabad,OnePlus,iOS,8.2,44.1,73.5,130,1.4,9618,2.9,0.2,453,Entertainment,0,10071,Mature High Spender,Upsell premium services
27,Other,Lucknow,Xiaomi,Android,11.0,1.8,42.5,171,2.7,7572,1.5,1.9,1802,Gaming,0,9374,Mature High Spender,Upsell premium services
52,Male,Mumbai,OnePlus,iOS,9.3,34.3,19.9,116,3.2,7422,2.8,0.8,1427,Social Media,0,8849,Mature High Spender,Upsell premium services
28,Male,Chennai,Realme,iOS,7.8,14.7,121.7,149,1.1,8351,7.8,0.6,1936,Social Media,0,10287,Mature High Spender,Upsell premium services
21,Male,Lucknow,Nokia,Android,1.9,10.5,220.8,83,1.4,6514,5.4,1.0,1558,Social Media,0,8072,Mature High Spender,Upsell premium services
30,Male,Delhi,Samsung,iOS,2.1,23.4,188.5,148,3.0,7081,4.4,0.2,1481,Social Media,0,8562,Mature High Spender,Upsell premium services
33,Female,Chennai,Nokia,iOS,10.1,30.9,184.3,144,0.9,4382,3.4,1.3,1966,Education,0,6348,Mature High Spender,Upsell premium services
54,Male,Hyderabad,Apple,Android,1.4,29.7,205.1,167,1.6,9991,1.6,4.4,267,Gaming,0,10258,Mature High Spender,Upsell premium services
43,Female,Ahmedabad,Oppo,iOS,7.4,16.9,204.3,47,0.9,9706,7.5,0.1,1494,Social Media,0,11200,Mature High Spender,Upsell premium services
50,Other,Chennai,Xiaomi,iOS,7.0,32.5,262.3,157,2.8,6576,4.2,2.7,570,Gaming,0,7146,Mature High Spender,Upsell premium services
20,Other,Pune,Realme,iOS,7.8,28.1,52.8,108,0.7,8326,7.1,2.1,768,Education,0,9094,Mature High Spender,Upsell premium services
40,Male,Lucknow,Xiaomi,iOS,11.9,7.7,137.1,72,2.9,5081,3.1,0.0,769,Education,0,5850,Mature High Spender,Upsell premium services
45,Other,Delhi,Nokia,iOS,7.5,19.9,110.0,122,1.9,7542,4.0,4.9,1811,Work,0,9353,Mature High Spender,Upsell premium services
59,Female,Chennai,Oppo,iOS,8.4,37.4,96.4,186,2.1,9953,2.9,0.1,1172,Social Media,0,11125,Mature High Spender,Upsell premium services
37,Other,Hyderabad,Motorola,Android,7.0,23.7,211.7,53,1.8,6360,7.0,4.7,1901,Gaming,0,8261,Mature High Spender,Upsell premium services
35,Female,Kolkata,Google Pixel,Android,5.1,41.6,30.4,47,2.1,5953,6.3,0.9,820,Gaming,0,6773,Mature High Spender,Upsell premium services
46,Male,Bangalore,Apple,Android,6.6,2.1,242.7,28,0.7,5301,7.0,1.8,699,Education,0,6000,Mature High Spender,Upsell premium services
39,Male,Pune,Nokia,iOS,2.7,21.2,254.5,109,3.4,7839,5.6,3.2,398,Work,0,8237,Mature High Spender,Upsell premium services
39,Male,Hyderabad,Vivo,iOS,2.5,15.2,84.1,200,1.8,5197,1.9,1.3,968,Entertainment,0,6165,Mature High Spender,Upsell premium services
30,Male,Lucknow,Vivo,iOS,10.8,31.0,94.4,186,2.3,8345,7.0,1.7,1133,Education,0,9478,Mature High Spender,Upsell premium services
19,Female,Kolkata,OnePlus,Android,8.1,8.2,241.3,104,1.8,8919,0.8,2.2,349,Gaming,0,9268,Mature High Spender,Upsell premium services
50,Other,Pune,Motorola,Android,1.8,1.6,196.6,29,2.3,4899,0.5,3.9,1271,Education,0,6170,Mature High Spender,Upsell premium services
40,Female,Lucknow,Xiaomi,iOS,3.2,16.7,82.9,168,2.2,8873,2.1,0.7,849,Gaming,0,9722,Mature High Spender,Upsell premium services
40,Other,Bangalore,Realme,iOS,10.2,35.2,267.9,16,2.4,6445,2.6,1.7,252,Entertainment,0,6697,Mature High Spender,Upsell premium services
45,Male,Kolkata,Motorola,Android,4.7,34.8,244.6,39,1.9,6955,6.1,2.1,392,Work,0,7347,Mature High Spender,Upsell premium services
34,Female,Delhi,Vivo,iOS,11.7,3.8,175.6,90,2.0,8302,3.0,1.0,522,Gaming,0,8824,Mature High Spender,Upsell premium services
55,Other,Kolkata,Realme,iOS,4.9,34.1,71.8,138,3.4,9082,3.3,1.5,916,Education,0,9998,Mature High Spender,Upsell premium services
57,Female,Hyderabad,Xiaomi,Android,9.3,45.0,294.1,123,1.8,5509,3.5,2.6,961,Social Media,0,6470,Mature High Spender,Upsell premium services
39,Male,Pune,Realme,iOS,2.5,1.3,115.7,21,1.3,8256,4.8,1.0,1610,Entertainment,0,9866,Mature High Spender,Upsell premium services
41,Male,Pune,Apple,Android,8.0,6.3,111.4,162,2.2,9535,2.8,0.2,504,Education,0,10039,Mature High Spender,Upsell premium services
42,Other,Chennai,OnePlus,Android,1.3,4.5,228.7,129,0.9,7482,6.6,2.0,237,Social Media,0,7719,Mature High Spender,Upsell premium services
28,Other,Bangalore,OnePlus,Android,8.3,39.5,159.5,185,1.2,5558,4.6,0.1,1867,Education,0,7425,Mature High Spender,Upsell premium services
39,Other,Bangalore,Realme,iOS,7.8,30.6,135.2,45,1.5,8894,4.1,4.5,716,Social Media,0,9610,Mature High Spender,Upsell premium services
56,Female,Chennai,Vivo,Android,3.5,35.2,146.9,196,2.0,7427,4.4,0.0,911,Work,0,8338,Mature High Spender,Upsell premium services
50,Other,Ahmedabad,OnePlus,Android,7.2,34.7,240.6,34,1.2,5128,5.0,0.7,541,Gaming,0,5669,Mature High Spender,Upsell premium services
40,Male,Chennai,Apple,iOS,6.3,1.6,284.5,187,1.9,8107,6.8,2.8,417,Education,0,8524,Mature High Spender,Upsell premium services
60,Other,Mumbai,Oppo,Android,1.9,15.8,279.3,63,3.0,6962,3.0,3.6,1726,Entertainment,0,8688,Mature High Spender,Upsell premium services
59,Male,Hyderabad,Google Pixel,iOS,2.8,46.4,23.1,119,2.0,7216,5.3,2.5,767,Gaming,0,7983,Mature High Spender,Upsell premium services
33,Female,Ahmedabad,Google Pixel,Android,6.9,43.9,109.3,16,2.7,5557,5.7,1.9,366,Work,0,5923,Mature High Spender,Upsell premium services
57,Female,Delhi,Nokia,Android,4.2,46.3,96.5,126,1.3,4505,3.9,4.8,517,Entertainment,0,5022,Mature High Spender,Upsell premium services
35,Other,Delhi,Vivo,Android,10.1,39.8,30.7,74,2.1,4761,1.5,1.1,1350,Entertainment,0,6111,Mature High Spender,Upsell premium services
28,Male,Delhi,Realme,iOS,8.1,49.9,23.0,42,0.9,8012,4.8,0.7,1036,Entertainment,0,9048,Mature High Spender,Upsell premium services
52,Male,Hyderabad,Xiaomi,Android,11.1,42.6,218.2,135,3.5,8562,2.2,3.1,870,Education,0,9432,Mature High Spender,Upsell premium services
35,Female,Jaipur,Xiaomi,Android,5.8,2.8,139.4,140,1.9,6261,5.9,0.0,1756,Work,0,8017,Mature High Spender,Upsell premium services
49,Female,Kolkata,Apple,Android,2.6,45.1,144.9,16,1.0,7411,4.5,4.3,979,Social Media,0,8390,Mature High Spender,Upsell premium services
54,Female,Pune,OnePlus,Android,8.2,5.0,163.1,46,3.1,7268,1.1,2.7,1687,Social Media,0,8955,Mature High Spender,Upsell premium services
48,Male,Chennai,Motorola,iOS,9.0,18.7,102.2,196,1.3,9668,0.6,2.6,820,Education,0,10488,Mature High Spender,Upsell premium services
55,Male,Chennai,Realme,Android,8.3,37.3,134.1,81,2.9,9213,1.4,0.0,1399,Education,0,10612,Mature High Spender,Upsell premium services
44,Male,Ahmedabad,Vivo,Android,3.8,49.0,132.9,174,1.4,3683,4.6,0.2,1946,Gaming,0,5629,Mature High Spender,Upsell premium services
50,Female,Chennai,Realme,Android,1.7,10.6,19.7,100,2.6,6512,5.4,2.6,288,Gaming,0,6800,Mature High Spender,Upsell premium services
31,Female,Pune,Realme,Android,11.5,43.9,151.5,101,0.5,6679,7.6,3.9,663,Gaming,0,7342,Mature High Spender,Upsell premium services
43,Other,Delhi,Nokia,Android,6.1,23.2,256.2,51,2.2,5371,2.4,0.4,1056,Gaming,0,6427,Mature High Spender,Upsell premium services
58,Male,Chennai,Xiaomi,Android,1.8,26.2,177.6,32,2.5,8651,1.4,1.6,1987,Education,0,10638,Mature High Spender,Upsell premium services
46,Other,Kolkata,Xiaomi,iOS,8.3,42.9,203.7,74,3.1,5787,0.6,3.8,1677,Education,0,7464,Mature High Spender,Upsell premium services
52,Female,Mumbai,Vivo,iOS,10.4,39.4,298.9,100,2.2,6950,4.3,0.1,251,Work,0,7201,Mature High Spender,Upsell premium services
31,Female,Bangalore,Google Pixel,Android,5.3,38.0,52.6,85,0.6,7324,5.7,4.5,140,Entertainment,0,7464,Mature High Spender,Upsell premium services
33,Male,Lucknow,Google Pixel,iOS,11.8,18.1,116.9,40,1.5,5743,3.4,1.7,326,Work,0,6069,Mature High Spender,Upsell premium services
40,Female,Mumbai,Samsung,Android,10.3,31.4,148.9,21,0.5,9405,2.9,0.6,1306,Social Media,0,10711,Mature High Spender,Upsell premium services
58,Other,Pune,Google Pixel,Android,2.9,2.3,239.8,19,2.9,7069,4.8,0.4,1382,Education,0,8451,Mature High Spender,Upsell premium services
39,Female,Delhi,Samsung,iOS,4.0,32.8,121.7,155,0.5,9962,2.0,2.6,250,Social Media,0,10212,Mature High Spender,Upsell premium services
49,Other,Kolkata,Nokia,iOS,9.3,2.2,121.1,70,2.6,8445,7.2,2.9,985,Work,0,9430,Mature High Spender,Upsell premium services
40,Female,Bangalore,Motorola,Android,1.7,10.8,129.8,75,2.1,9847,8.0,0.3,258,Gaming,0,10105,Mature High Spender,Upsell premium services
32,Female,Mumbai,Xiaomi,Android,1.7,11.2,161.3,72,1.7,9601,1.3,0.4,455,Entertainment,0,10056,Mature High Spender,Upsell premium services
37,Female,Bangalore,Realme,Android,2.0,27.1,19.4,181,1.8,6664,2.2,1.5,382,Work,0,7046,Mature High Spender,Upsell premium services
44,Female,Kolkata,OnePlus,iOS,5.2,9.5,159.9,198,0.5,9002,7.2,4.9,585,Education,0,9587,Mature High Spender,Upsell premium services
33,Other,Delhi,Apple,iOS,6.4,16.7,167.8,54,1.3,4986,4.8,2.5,1491,Entertainment,0,6477,Mature High Spender,Upsell premium services
19,Female,Hyderabad,Apple,iOS,2.7,8.6,147.9,92,2.0,9427,5.0,2.8,1970,Gaming,0,11397,Mature High Spender,Upsell premium services
31,Other,Chennai,Samsung,Android,1.1,28.6,150.5,114,1.4,4936,5.1,0.8,1504,Social Media,0,6440,Mature High Spender,Upsell premium services
37,Other,Bangalore,Oppo,iOS,3.2,21.1,27.4,183,1.3,7494,7.5,2.5,1853,Education,0,9347,Mature High Spender,Upsell premium services
41,Other,Mumbai,Vivo,iOS,6.6,10.7,81.4,186,1.9,9691,1.5,2.7,1642,Social Media,0,11333,Mature High Spender,Upsell premium services
52,Other,Lucknow,Oppo,Android,9.1,42.2,76.4,148,2.2,8207,6.6,1.8,1275,Social Media,0,9482,Mature High Spender,Upsell premium services
49,Female,Lucknow,OnePlus,Android,5.4,4.8,187.9,77,2.6,5287,5.3,4.9,1549,Education,0,6836,Mature High Spender,Upsell premium services
54,Male,Pune,Google Pixel,iOS,10.8,7.1,293.2,171,1.6,5866,3.3,0.5,1438,Gaming,0,7304,Mature High Spender,Upsell premium services
32,Other,Lucknow,Apple,Android,10.5,10.4,151.3,200,2.4,7958,2.0,4.5,316,Entertainment,0,8274,Mature High Spender,Upsell premium services
39,Female,Ahmedabad,Samsung,Android,7.4,21.7,294.1,141,2.0,9730,4.9,0.7,939,Gaming,0,10669,Mature High Spender,Upsell premium services
49,Female,Ahmedabad,Motorola,Android,1.2,32.1,292.3,79,2.6,8231,6.0,3.7,616,Social Media,0,8847,Mature High Spender,Upsell premium services
48,Male,Chennai,Motorola,Android,7.6,21.1,211.6,81,2.0,5915,7.9,2.9,1036,Education,0,6951,Mature High Spender,Upsell premium services
20,Other,Bangalore,Vivo,Android,6.5,49.9,197.2,43,2.7,9320,0.9,4.9,266,Entertainment,0,9586,Mature High Spender,Upsell premium services
38,Female,Bangalore,Motorola,Android,5.9,12.2,248.5,60,1.3,9454,0.7,1.9,1970,Work,0,11424,Mature High Spender,Upsell premium services
47,Female,Jaipur,OnePlus,iOS,6.4,12.5,70.5,79,2.7,7433,6.0,1.7,1805,Entertainment,0,9238,Mature High Spender,Upsell premium services
43,Female,Jaipur,Samsung,Android,10.6,8.8,153.7,135,0.6,6867,2.7,1.7,835,Gaming,0,7702,Mature High Spender,Upsell premium services
29,Other,Kolkata,Motorola,iOS,5.0,5.7,245.5,68,1.5,9752,4.3,2.6,1244,Entertainment,0,10996,Mature High Spender,Upsell premium services
60,Other,Kolkata,Apple,Android,7.4,32.8,166.0,113,1.3,8207,2.8,1.7,1313,Gaming,0,9520,Mature High Spender,Upsell premium services
26,Male,Mumbai,OnePlus,Android,10.9,28.2,210.8,123,2.6,9833,2.7,3.1,444,Work,0,10277,Mature High Spender,Upsell premium services
44,Female,Hyderabad,Nokia,iOS,7.9,32.3,94.4,176,1.8,5868,1.7,1.7,1845,Education,0,7713,Mature High Spender,Upsell premium services
42,Male,Chennai,Oppo,Android,11.4,27.8,178.8,193,0.8,6748,3.2,1.8,1682,Gaming,0,8430,Mature High Spender,Upsell premium services
25,Female,Jaipur,Oppo,iOS,8.0,1.0,186.7,62,2.1,9962,7.7,1.2,556,Entertainment,0,10518,Mature High Spender,Upsell premium services
52,Female,Jaipur,Samsung,iOS,4.5,29.5,247.6,98,2.7,6970,0.8,0.4,575,Education,0,7545,Mature High Spender,Upsell premium services
31,Male,Ahmedabad,Realme,Android,7.7,32.1,225.3,108,3.1,6559,6.1,0.1,205,Education,0,6764,Mature High Spender,Upsell premium services
46,Other,Ahmedabad,Nokia,iOS,6.9,6.4,77.9,27,1.4,5552,1.7,4.1,1916,Work,0,7468,Mature High Spender,Upsell premium services
42,Male,Delhi,Realme,Android,8.1,16.4,42.6,146,1.3,6464,1.9,4.5,1631,Entertainment,0,8095,Mature High Spender,Upsell premium services
20,Female,Lucknow,Google Pixel,Android,1.4,46.5,281.4,33,1.1,8189,1.5,5.0,498,Education,0,8687,Mature High Spender,Upsell premium services
41,Male,Hyderabad,Vivo,Android,11.0,30.2,56.2,133,1.3,7121,5.8,0.1,723,Social Media,0,7844,Mature High Spender,Upsell premium services
53,Male,Ahmedabad,OnePlus,iOS,2.1,47.6,107.1,58,0.7,6294,4.7,3.4,370,Work,0,6664,Mature High Spender,Upsell premium services
41,Other,Bangalore,Nokia,Android,2.9,24.4,232.1,117,1.2,8447,3.2,4.0,169,Gaming,0,8616,Mature High Spender,Upsell premium services
23,Male,Jaipur,Realme,Android,6.3,8.9,103.2,189,1.2,8484,5.9,0.7,1661,Gaming,0,10145,Mature High Spender,Upsell premium services
46,Other,Mumbai,Xiaomi,Android,7.1,12.1,57.7,65,2.1,6583,3.6,2.2,987,Gaming,0,7570,Mature High Spender,Upsell premium services
34,Female,Bangalore,Xiaomi,Android,1.1,44.4,18.9,167,1.7,6802,3.8,2.3,1194,Work,0,7996,Mature High Spender,Upsell premium services
58,Other,Bangalore,Apple,iOS,5.0,21.2,24.9,10,2.1,9954,1.4,0.4,1025,Gaming,0,10979,Mature High Spender,Upsell premium services
35,Male,Delhi,Google Pixel,iOS,7.9,26.5,110.5,40,2.7,9979,4.3,3.3,139,Work,0,10118,Mature High Spender,Upsell premium services
18,Male,Delhi,Google Pixel,iOS,11.3,32.3,201.5,190,1.3,7423,0.6,2.9,101,Work,0,7524,Mature High Spender,Upsell premium services
47,Female,Jaipur,Xiaomi,Android,8.3,46.1,113.9,46,0.7,3181,5.2,2.5,376,Education,0,3557,Mature High Spender,Upsell premium services
41,Male,Kolkata,Xiaomi,Android,7.6,22.2,266.4,155,3.3,7208,5.3,1.0,319,Gaming,0,7527,Mature High Spender,Upsell premium services
44,Male,Ahmedabad,Google Pixel,iOS,4.3,47.5,235.6,70,0.8,9698,3.6,1.7,1977,Social Media,0,11675,Mature High Spender,Upsell premium services
38,Female,Hyderabad,Nokia,Android,11.2,8.2,155.8,136,1.4,5455,1.5,4.3,1139,Gaming,0,6594,Mature High Spender,Upsell premium services
31,Female,Kolkata,OnePlus,Android,9.8,25.9,9.4,39,2.4,5998,1.3,2.3,1905,Work,0,7903,Mature High Spender,Upsell premium services
60,Other,Kolkata,Apple,Android,11.6,14.3,46.5,126,1.0,6533,4.8,2.9,1072,Entertainment,0,7605,Mature High Spender,Upsell premium services
37,Male,Delhi,Xiaomi,iOS,4.7,16.6,48.8,151,2.0,5612,1.4,3.1,973,Gaming,0,6585,Mature High Spender,Upsell premium services
56,Female,Hyderabad,Apple,Android,7.3,23.7,117.9,198,1.9,9410,4.5,0.5,1861,Gaming,0,11271,Mature High Spender,Upsell premium services
56,Male,Hyderabad,Samsung,iOS,9.2,34.3,224.9,80,1.3,8104,3.6,4.8,1304,Education,0,9408,Mature High Spender,Upsell premium services
47,Male,Chennai,OnePlus,Android,10.8,29.0,102.8,173,1.6,5769,3.6,1.7,676,Social Media,0,6445,Mature High Spender,Upsell premium services
43,Female,Hyderabad,Motorola,iOS,8.1,13.4,229.8,28,0.7,9586,2.8,1.6,1540,Education,0,11126,Mature High Spender,Upsell premium services
42,Male,Pune,Motorola,Android,7.0,4.4,140.5,32,1.7,6203,1.2,4.5,1238,Entertainment,0,7441,Mature High Spender,Upsell premium services
37,Female,Delhi,Apple,iOS,3.2,40.6,26.6,176,0.7,5172,1.8,1.6,955,Gaming,0,6127,Mature High Spender,Upsell premium services
37,Male,Jaipur,Realme,Android,7.1,12.7,293.6,98,1.3,6558,5.8,2.1,397,Gaming,0,6955,Mature High Spender,Upsell premium services
37,Other,Mumbai,Vivo,iOS,4.9,27.9,180.2,109,0.7,4367,7.1,0.1,451,Work,0,4818,Mature High Spender,Upsell premium services
50,Other,Delhi,Motorola,Android,3.9,31.6,252.0,16,1.9,5725,1.8,2.9,1325,Entertainment,0,7050,Mature High Spender,Upsell premium services
39,Other,Hyderabad,Google Pixel,Android,8.3,27.0,62.5,106,0.7,5811,3.7,3.3,1985,Work,0,7796,Mature High Spender,Upsell premium services
51,Female,Delhi,Nokia,Android,10.9,11.7,133.2,174,2.4,7407,6.5,3.6,1699,Gaming,0,9106,Mature High Spender,Upsell premium services
41,Female,Ahmedabad,Oppo,iOS,6.9,37.4,64.8,11,2.6,9138,4.4,4.4,1955,Social Media,0,11093,Mature High Spender,Upsell premium services
41,Other,Lucknow,Samsung,iOS,6.1,28.6,105.3,54,2.4,6203,6.7,1.3,2000,Education,0,8203,Mature High Spender,Upsell premium services
42,Other,Kolkata,Nokia,iOS,3.4,39.7,163.9,80,1.6,7451,4.9,0.3,1282,Gaming,0,8733,Mature High Spender,Upsell premium services
27,Other,Jaipur,Apple,iOS,10.3,16.7,40.1,151,2.7,9683,1.7,0.6,807,Entertainment,0,10490,Mature High Spender,Upsell premium services
22,Male,Bangalore,Apple,Android,2.2,41.4,30.9,57,0.5,6999,6.5,5.0,1515,Education,0,8514,Mature High Spender,Upsell premium services
35,Female,Kolkata,Realme,Android,7.7,20.9,150.8,69,2.7,8074,5.6,4.5,199,Gaming,0,8273,Mature High Spender,Upsell premium services
30,Female,Chennai,Samsung,iOS,7.9,6.4,254.9,87,2.0,9735,0.9,3.4,1937,Gaming,0,11672,Mature High Spender,Upsell premium services
31,Other,Jaipur,OnePlus,Android,3.7,24.2,154.6,138,2.9,9295,4.5,0.4,1903,Gaming,0,11198,Mature High Spender,Upsell premium services
47,Other,Chennai,Realme,iOS,11.9,4.1,207.4,189,1.6,9900,5.4,4.3,510,Work,0,10410,Mature High Spender,Upsell premium services
47,Female,Kolkata,Motorola,iOS,3.8,3.3,75.0,38,2.1,6256,3.1,0.7,826,Social Media,0,7082,Mature High Spender,Upsell premium services
37,Female,Bangalore,Vivo,Android,3.8,7.7,152.7,153,2.0,7986,6.2,3.6,1865,Gaming,0,9851,Mature High Spender,Upsell premium services
18,Female,Chennai,Samsung,iOS,8.4,13.1,293.1,160,0.6,9602,7.1,5.0,449,Education,0,10051,Mature High Spender,Upsell premium services
47,Male,Delhi,Oppo,Android,11.9,39.2,125.3,177,0.6,4943,7.9,0.5,160,Gaming,0,5103,Mature High Spender,Upsell premium services
43,Female,Kolkata,Vivo,Android,2.1,33.3,18.8,20,1.3,4413,7.2,2.3,481,Gaming,0,4894,Mature High Spender,Upsell premium services
48,Female,Bangalore,Xiaomi,iOS,7.3,37.9,240.0,61,1.8,5347,4.8,0.6,1852,Gaming,0,7199,Mature High Spender,Upsell premium services
53,Other,Kolkata,OnePlus,iOS,11.4,21.7,167.4,51,2.3,9867,7.7,0.4,1677,Entertainment,0,11544,Mature High Spender,Upsell premium services
28,Male,Hyderabad,Realme,Android,10.2,7.6,239.0,187,0.8,6358,1.6,4.2,1228,Education,0,7586,Mature High Spender,Upsell premium services
28,Female,Hyderabad,Vivo,iOS,9.3,14.6,265.0,144,2.3,8400,2.7,4.7,136,Social Media,0,8536,Mature High Spender,Upsell premium services
35,Female,Jaipur,Apple,iOS,11.8,11.0,217.7,85,1.5,9121,5.8,2.4,252,Work,0,9373,Mature High Spender,Upsell premium services
36,Female,Jaipur,Vivo,iOS,8.0,22.2,151.1,46,0.8,6429,6.7,0.1,1842,Entertainment,0,8271,Mature High Spender,Upsell premium services
17,Female,Delhi,Google Pixel,Android,1.1,42.1,103.6,77,1.3,8695,2.8,1.3,652,Education,0,9347,Mature High Spender,Upsell premium services
36,Other,Mumbai,Apple,Android,6.8,24.0,280.1,167,1.8,8143,7.4,2.1,1329,Social Media,0,9472,Mature High Spender,Upsell premium services
38,Other,Jaipur,Motorola,Android,2.0,19.2,258.7,13,2.3,7691,0.5,2.9,1339,Work,0,9030,Mature High Spender,Upsell premium services
36,Other,Kolkata,OnePlus,Android,4.5,3.9,58.8,150,2.3,7400,3.2,3.9,1985,Education,0,9385,Mature High Spender,Upsell premium services
15,Female,Pune,Xiaomi,iOS,10.5,3.5,98.8,160,2.0,9061,7.1,4.6,1311,Work,0,10372,Mature High Spender,Upsell premium services
41,Female,Ahmedabad,Xiaomi,iOS,10.4,30.4,191.4,46,1.0,5932,6.7,1.2,1752,Education,0,7684,Mature High Spender,Upsell premium services
29,Female,Jaipur,OnePlus,Android,10.9,20.7,130.8,170,1.4,7802,6.1,2.0,1536,Work,0,9338,Mature High Spender,Upsell premium services
46,Male,Ahmedabad,Samsung,Android,11.8,5.7,263.2,69,1.1,7755,1.5,0.6,1767,Social Media,0,9522,Mature High Spender,Upsell premium services
57,Male,Chennai,Xiaomi,Android,7.3,23.1,63.3,160,2.1,8152,3.2,3.6,247,Entertainment,0,8399,Mature High Spender,Upsell premium services
27,Female,Lucknow,Nokia,iOS,4.3,17.4,68.6,45,0.6,9953,0.5,3.8,140,Gaming,0,10093,Mature High Spender,Upsell premium services
48,Male,Bangalore,Vivo,Android,1.7,46.7,8.3,95,2.8,8119,4.3,3.2,1343,Social Media,0,9462,Mature High Spender,Upsell premium services
52,Other,Kolkata,Xiaomi,Android,3.2,15.2,152.9,18,3.4,8965,2.2,3.9,1453,Work,0,10418,Mature High Spender,Upsell premium services
22,Female,Kolkata,Realme,iOS,11.6,4.0,38.2,119,1.8,8133,0.6,4.5,153,Education,0,8286,Mature High Spender,Upsell premium services
57,Female,Delhi,Samsung,Android,7.0,21.0,51.0,199,1.7,7046,1.3,1.6,367,Entertainment,0,7413,Mature High Spender,Upsell premium services
38,Male,Bangalore,Motorola,iOS,7.7,37.1,70.2,114,1.7,3625,5.7,4.1,1331,Work,0,4956,Mature High Spender,Upsell premium services
34,Other,Ahmedabad,Xiaomi,iOS,10.6,7.2,251.4,83,1.2,8005,1.6,3.2,1679,Entertainment,0,9684,Mature High Spender,Upsell premium services
47,Other,Ahmedabad,Apple,iOS,6.0,34.7,141.0,113,3.0,5760,5.0,2.2,691,Entertainment,0,6451,Mature High Spender,Upsell premium services
59,Female,Chennai,Apple,iOS,6.7,28.9,275.4,78,1.9,7766,5.1,4.0,261,Entertainment,0,8027,Mature High Spender,Upsell premium services
51,Female,Delhi,Google Pixel,Android,9.7,5.0,246.3,183,1.4,6592,4.5,4.9,590,Gaming,0,7182,Mature High Spender,Upsell premium services
55,Other,Bangalore,Samsung,iOS,9.5,37.9,217.8,81,2.1,8175,5.5,0.3,744,Social Media,0,8919,Mature High Spender,Upsell premium services
55,Female,Mumbai,Nokia,iOS,11.4,25.0,23.0,14,1.0,4709,1.3,1.5,562,Education,0,5271,Mature High Spender,Upsell premium services
50,Other,Pune,Apple,Android,7.7,48.5,239.8,168,0.9,6871,2.8,1.8,709,Work,0,7580,Mature High Spender,Upsell premium services
21,Other,Bangalore,Motorola,Android,11.4,42.9,217.5,156,2.1,7582,7.1,0.9,386,Social Media,0,7968,Mature High Spender,Upsell premium services
46,Other,Pune,Vivo,Android,4.7,24.2,155.8,95,2.3,6971,3.4,4.2,1033,Education,0,8004,Mature High Spender,Upsell premium services
37,Female,Hyderabad,Vivo,Android,8.1,48.6,108.1,39,0.9,8050,5.5,0.4,233,Entertainment,0,8283,Mature High Spender,Upsell premium services
36,Male,Mumbai,Samsung,iOS,4.1,1.5,147.2,124,0.8,9738,5.5,2.4,925,Social Media,0,10663,Mature High Spender,Upsell premium services
26,Female,Delhi,Oppo,iOS,5.2,47.9,140.4,190,1.2,6947,7.3,1.7,1461,Social Media,0,8408,Mature High Spender,Upsell premium services
23,Female,Lucknow,OnePlus,iOS,1.6,14.7,120.4,83,0.7,9002,1.5,0.0,312,Gaming,0,9314,Mature High Spender,Upsell premium services
18,Female,Jaipur,Vivo,iOS,11.4,3.6,228.1,121,0.7,6991,7.4,2.4,1745,Education,0,8736,Mature High Spender,Upsell premium services
58,Female,Pune,Realme,Android,4.3,40.3,163.8,197,0.5,9939,6.0,0.8,1484,Work,0,11423,Mature High Spender,Upsell premium services
54,Female,Jaipur,Vivo,Android,4.3,38.5,216.6,200,3.3,7494,4.6,1.6,1697,Work,0,9191,Mature High Spender,Upsell premium services
39,Other,Kolkata,Motorola,Android,3.7,14.9,65.1,121,0.7,4975,3.0,0.2,1191,Social Media,0,6166,Mature High Spender,Upsell premium services
51,Other,Ahmedabad,Realme,iOS,7.0,19.1,274.3,183,1.4,6038,7.7,3.0,1715,Gaming,0,7753,Mature High Spender,Upsell premium services
49,Female,Pune,Google Pixel,Android,6.4,27.1,82.9,68,1.2,5944,3.8,3.0,1130,Entertainment,0,7074,Mature High Spender,Upsell premium services
22,Other,Chennai,Vivo,Android,5.6,44.6,29.9,80,1.0,8845,5.7,4.2,659,Education,0,9504,Mature High Spender,Upsell premium services
27,Female,Bangalore,Samsung,Android,8.0,35.4,23.1,161,1.6,7562,3.9,3.1,1944,Education,0,9506,Mature High Spender,Upsell premium services
47,Female,Pune,Realme,iOS,5.7,4.8,273.9,94,2.6,9091,2.5,3.9,1283,Gaming,0,10374,Mature High Spender,Upsell premium services
43,Female,Pune,Xiaomi,iOS,6.0,33.6,108.8,137,2.2,4967,3.3,1.0,792,Work,0,5759,Mature High Spender,Upsell premium services
40,Female,Kolkata,OnePlus,iOS,3.0,1.0,72.5,128,2.7,9406,6.6,2.8,1474,Social Media,0,10880,Mature High Spender,Upsell premium services
39,Male,Kolkata,Google Pixel,iOS,9.2,24.8,132.3,184,1.6,8503,3.9,0.4,1676,Gaming,0,10179,Mature High Spender,Upsell premium services
46,Other,Jaipur,Realme,iOS,6.3,38.6,102.1,102,3.1,5770,2.8,4.9,1246,Education,0,7016,Mature High Spender,Upsell premium services
40,Male,Lucknow,Google Pixel,iOS,4.3,23.7,22.9,80,1.6,4890,6.3,1.3,158,Social Media,0,5048,Mature High Spender,Upsell premium services
55,Male,Ahmedabad,Google Pixel,iOS,11.5,25.0,264.7,150,1.0,9018,6.9,2.0,382,Entertainment,0,9400,Mature High Spender,Upsell premium services
36,Female,Lucknow,Motorola,Android,4.1,43.2,289.4,114,2.1,7224,0.6,3.5,724,Social Media,0,7948,Mature High Spender,Upsell premium services
48,Other,Delhi,Xiaomi,Android,3.5,6.0,223.7,64,2.3,8124,2.1,1.5,1797,Gaming,0,9921,Mature High Spender,Upsell premium services
25,Male,Hyderabad,Apple,iOS,6.0,26.1,257.9,130,2.7,6806,6.2,0.1,1635,Entertainment,0,8441,Mature High Spender,Upsell premium services
32,Other,Hyderabad,Vivo,Android,5.0,29.2,39.0,132,0.8,9060,3.8,0.9,1700,Social Media,0,10760,Mature High Spender,Upsell premium services
21,Male,Pune,Realme,iOS,6.3,29.2,26.7,184,1.9,7673,1.1,0.1,1932,Gaming,0,9605,Mature High Spender,Upsell premium services
58,Male,Hyderabad,OnePlus,iOS,9.1,47.9,115.3,143,1.4,7350,1.8,4.8,1036,Work,0,8386,Mature High Spender,Upsell premium services
39,Male,Bangalore,Realme,Android,2.5,30.4,27.0,135,2.9,6093,3.2,0.9,1804,Work,0,7897,Mature High Spender,Upsell premium services
42,Male,Jaipur,Motorola,iOS,4.5,10.8,136.1,161,2.3,9299,7.7,2.8,1745,Work,0,11044,Mature High Spender,Upsell premium services
35,Female,Delhi,Nokia,iOS,12.0,43.9,203.0,18,1.4,8091,3.1,0.5,671,Gaming,0,8762,Mature High Spender,Upsell premium services
42,Male,Delhi,Nokia,Android,9.4,19.6,273.4,185,2.9,9197,4.9,2.7,168,Education,0,9365,Mature High Spender,Upsell premium services
23,Female,Chennai,Motorola,Android,1.6,44.1,271.9,175,2.3,8866,1.3,1.0,376,Gaming,0,9242,Mature High Spender,Upsell premium services
27,Other,Lucknow,Motorola,Android,2.5,36.9,274.4,74,2.6,7563,7.3,0.1,1296,Education,0,8859,Mature High Spender,Upsell premium services
46,Female,Jaipur,Xiaomi,iOS,8.3,14.9,70.5,83,1.6,8560,5.0,3.9,415,Entertainment,0,8975,Mature High Spender,Upsell premium services
33,Male,Delhi,Motorola,Android,4.9,17.5,149.7,156,1.3,4407,6.2,0.6,1766,Education,0,6173,Mature High Spender,Upsell premium services
49,Other,Pune,Xiaomi,iOS,6.9,21.3,258.0,107,1.8,9873,5.5,3.9,1419,Social Media,0,11292,Mature High Spender,Upsell premium services
44,Female,Delhi,Realme,Android,6.7,48.1,138.4,149,1.5,4258,4.2,3.8,1832,Entertainment,0,6090,Mature High Spender,Upsell premium services
36,Male,Mumbai,Oppo,Android,10.1,19.3,99.1,128,0.7,6002,2.8,2.3,1355,Gaming,0,7357,Mature High Spender,Upsell premium services
49,Other,Pune,OnePlus,Android,2.0,43.2,203.0,157,3.4,6841,3.1,0.1,1755,Education,0,8596,Mature High Spender,Upsell premium services
38,Female,Lucknow,Apple,Android,3.6,32.8,76.2,97,1.6,3731,3.1,1.1,1109,Education,0,4840,Mature High Spender,Upsell premium services
52,Female,Ahmedabad,Vivo,Android,9.2,39.3,85.2,94,2.9,6409,7.3,1.9,1308,Gaming,0,7717,Mature High Spender,Upsell premium services
52,Other,Lucknow,Vivo,Android,6.4,11.1,120.0,162,1.3,5820,3.2,0.6,1070,Entertainment,0,6890,Mature High Spender,Upsell premium services
44,Male,Pune,Apple,iOS,11.4,12.9,217.3,24,3.1,8798,7.0,2.9,496,Social Media,0,9294,Mature High Spender,Upsell premium services
40,Other,Kolkata,Realme,Android,6.2,9.9,191.7,173,1.4,8669,2.8,4.4,1320,Work,0,9989,Mature High Spender,Upsell premium services
31,Male,Kolkata,Google Pixel,Android,10.6,22.8,68.8,91,1.0,7346,6.5,4.6,1046,Work,0,8392,Mature High Spender,Upsell premium services
37,Female,Kolkata,Xiaomi,Android,8.5,36.2,75.4,54,0.5,9276,4.9,3.3,1592,Gaming,0,10868,Mature High Spender,Upsell premium services
18,Male,Delhi,Samsung,Android,2.2,40.8,98.8,170,2.3,8012,4.8,1.7,1983,Entertainment,0,9995,Mature High Spender,Upsell premium services
47,Other,Ahmedabad,Oppo,iOS,4.7,33.0,199.0,51,3.4,6715,0.7,0.9,223,Gaming,0,6938,Mature High Spender,Upsell premium services
51,Other,Pune,Vivo,iOS,7.2,16.3,124.4,147,0.8,7736,6.5,2.3,892,Education,0,8628,Mature High Spender,Upsell premium services
49,Other,Hyderabad,Google Pixel,iOS,10.0,13.2,170.8,47,1.1,3337,7.4,1.7,546,Entertainment,0,3883,Mature High Spender,Upsell premium services
21,Other,Mumbai,Oppo,iOS,9.9,3.5,172.0,45,1.4,8935,4.3,4.7,1051,Education,0,9986,Mature High Spender,Upsell premium services
30,Other,Hyderabad,Samsung,Android,10.1,49.6,213.0,191,0.8,6796,4.7,2.0,166,Gaming,0,6962,Mature High Spender,Upsell premium services
35,Male,Mumbai,Motorola,Android,3.9,36.4,234.0,77,2.4,8966,3.7,0.6,1203,Entertainment,0,10169,Mature High Spender,Upsell premium services
48,Other,Bangalore,Samsung,iOS,3.5,37.9,130.4,59,2.3,5470,4.2,1.4,257,Gaming,0,5727,Mature High Spender,Upsell premium services
57,Other,Jaipur,Xiaomi,Android,5.1,27.3,198.0,181,0.6,4096,5.6,2.3,518,Education,0,4614,Mature High Spender,Upsell premium services
55,Male,Kolkata,Realme,Android,5.4,40.0,94.3,10,0.8,6233,5.6,2.0,1082,Entertainment,0,7315,Mature High Spender,Upsell premium services
60,Male,Hyderabad,Apple,iOS,6.9,47.2,189.0,174,1.7,8676,1.2,3.5,486,Education,0,9162,Mature High Spender,Upsell premium services
52,Female,Bangalore,Google Pixel,iOS,5.3,46.2,46.6,172,2.0,6894,3.5,3.0,979,Entertainment,0,7873,Mature High Spender,Upsell premium services
50,Male,Delhi,Vivo,iOS,1.3,18.8,78.9,14,2.8,9684,2.1,4.3,673,Social Media,0,10357,Mature High Spender,Upsell premium services
40,Male,Lucknow,Nokia,Android,11.9,41.0,84.6,15,2.0,7548,7.0,4.0,202,Work,0,7750,Mature High Spender,Upsell premium services
30,Female,Mumbai,Xiaomi,iOS,1.2,17.5,28.7,150,1.9,5571,1.6,2.0,413,Gaming,0,5984,Mature High Spender,Upsell premium services
52,Male,Delhi,Oppo,Android,6.5,22.1,194.6,175,1.4,5970,2.9,2.6,765,Work,0,6735,Mature High Spender,Upsell premium services
57,Other,Chennai,Apple,iOS,3.8,42.8,225.2,36,0.8,7761,0.8,3.8,278,Education,0,8039,Mature High Spender,Upsell premium services
36,Female,Jaipur,Motorola,Android,3.1,7.5,231.5,134,0.6,6076,5.4,0.2,1000,Social Media,0,7076,Mature High Spender,Upsell premium services
39,Other,Pune,Samsung,iOS,5.9,47.1,32.8,73,0.6,6573,7.2,2.2,1371,Entertainment,0,7944,Mature High Spender,Upsell premium services
22,Other,Bangalore,Google Pixel,iOS,3.5,48.9,82.7,67,1.9,7258,5.1,3.6,1298,Work,0,8556,Mature High Spender,Upsell premium services
55,Other,Hyderabad,Nokia,iOS,10.8,33.0,138.5,152,0.8,3673,6.3,3.5,667,Entertainment,0,4340,Mature High Spender,Upsell premium services
51,Female,Jaipur,Google Pixel,iOS,3.3,48.0,190.8,78,1.6,6166,3.0,2.2,1938,Entertainment,0,8104,Mature High Spender,Upsell premium services
36,Female,Bangalore,Oppo,iOS,5.5,1.8,275.3,94,2.1,8309,3.0,2.6,1412,Entertainment,0,9721,Mature High Spender,Upsell premium services
48,Male,Pune,OnePlus,iOS,2.7,4.2,59.8,182,0.6,4738,2.6,3.5,1331,Work,0,6069,Mature High Spender,Upsell premium services
40,Other,Jaipur,Apple,Android,1.5,43.7,113.2,166,1.5,8006,4.9,0.4,261,Gaming,0,8267,Mature High Spender,Upsell premium services
22,Other,Mumbai,Vivo,iOS,3.1,41.0,84.5,24,2.1,9880,3.6,4.9,742,Gaming,0,10622,Mature High Spender,Upsell premium services
31,Female,Delhi,OnePlus,iOS,1.6,31.8,92.8,82,1.4,5620,2.7,3.2,1111,Education,0,6731,Mature High Spender,Upsell premium services
54,Female,Jaipur,Nokia,iOS,2.6,36.5,137.0,113,3.6,8211,2.1,0.4,1109,Work,0,9320,Mature High Spender,Upsell premium services
53,Other,Kolkata,Samsung,iOS,5.7,18.6,151.6,161,2.3,5942,4.2,0.8,170,Gaming,0,6112,Mature High Spender,Upsell premium services
58,Other,Pune,Oppo,iOS,3.2,38.9,111.8,13,1.4,6808,5.9,2.9,928,Gaming,0,7736,Mature High Spender,Upsell premium services
43,Male,Delhi,Motorola,iOS,8.8,20.4,181.0,171,1.6,7490,6.1,3.2,128,Work,0,7618,Mature High Spender,Upsell premium services
44,Male,Ahmedabad,Google Pixel,Android,5.8,32.2,179.2,116,2.5,5014,4.7,0.1,1634,Entertainment,0,6648,Mature High Spender,Upsell premium services
30,Male,Chennai,Xiaomi,Android,1.6,10.4,266.4,112,2.0,7840,6.9,1.8,1030,Gaming,0,8870,Mature High Spender,Upsell premium services
34,Other,Lucknow,Nokia,iOS,7.0,27.0,170.6,126,0.6,8638,7.7,2.0,1123,Social Media,0,9761,Mature High Spender,Upsell premium services
49,Male,Jaipur,Vivo,iOS,9.6,39.7,208.6,135,1.0,5992,3.6,0.9,1816,Social Media,0,7808,Mature High Spender,Upsell premium services
43,Male,Pune,Oppo,iOS,2.7,22.0,104.1,22,1.2,6642,5.5,1.3,275,Gaming,0,6917,Mature High Spender,Upsell premium services
48,Male,Pune,Google Pixel,iOS,5.2,19.4,83.0,29,3.1,9284,2.4,4.9,1476,Work,0,10760,Mature High Spender,Upsell premium services
44,Female,Hyderabad,OnePlus,iOS,10.9,32.1,85.9,33,0.6,3839,1.3,3.0,157,Entertainment,0,3996,Mature High Spender,Upsell premium services
53,Male,Delhi,Oppo,iOS,10.4,46.6,26.1,40,2.2,9316,1.3,1.2,765,Education,0,10081,Mature High Spender,Upsell premium services
48,Female,Kolkata,Xiaomi,iOS,11.1,11.7,67.9,128,1.1,9935,4.2,5.0,697,Education,0,10632,Mature High Spender,Upsell premium services
25,Male,Pune,Xiaomi,iOS,6.4,48.7,154.6,15,0.5,7206,6.3,0.4,975,Entertainment,0,8181,Mature High Spender,Upsell premium services
16,Male,Hyderabad,Realme,Android,5.7,17.1,151.8,81,2.6,9353,0.8,1.4,599,Work,0,9952,Mature High Spender,Upsell premium services
60,Other,Ahmedabad,Samsung,Android,7.0,35.7,75.8,128,0.8,6691,3.6,4.2,320,Education,0,7011,Mature High Spender,Upsell premium services
24,Female,Lucknow,Samsung,Android,2.0,5.0,57.2,199,0.7,8727,3.6,3.7,1110,Entertainment,0,9837,Mature High Spender,Upsell premium services
41,Other,Jaipur,Xiaomi,iOS,6.4,49.9,75.7,49,0.8,3364,5.2,0.2,1940,Education,0,5304,Mature High Spender,Upsell premium services
40,Other,Ahmedabad,Realme,iOS,2.9,3.4,194.0,57,2.4,6700,7.0,4.3,344,Social Media,0,7044,Mature High Spender,Upsell premium services
32,Male,Pune,Nokia,Android,10.2,13.4,34.5,165,1.9,5322,4.4,2.3,896,Work,0,6218,Mature High Spender,Upsell premium services
57,Male,Delhi,Vivo,iOS,2.5,49.1,173.3,37,2.6,9693,6.9,3.8,1422,Education,0,11115,Mature High Spender,Upsell premium services
31,Male,Ahmedabad,OnePlus,Android,10.3,11.4,281.4,60,1.7,5853,0.5,4.5,1118,Education,0,6971,Mature High Spender,Upsell premium services
54,Male,Lucknow,Samsung,Android,10.5,34.4,216.1,141,0.7,3958,5.2,3.0,1322,Social Media,0,5280,Mature High Spender,Upsell premium services
16,Female,Chennai,Vivo,Android,10.2,42.2,226.4,80,1.8,9604,7.3,0.2,731,Entertainment,0,10335,Mature High Spender,Upsell premium services
27,Other,Jaipur,Samsung,Android,9.7,17.0,182.7,136,1.7,9787,1.1,1.2,1110,Entertainment,0,10897,Mature High Spender,Upsell premium services
56,Female,Lucknow,Nokia,Android,5.2,30.0,285.5,86,0.6,9534,6.4,2.7,1040,Work,0,10574,Mature High Spender,Upsell premium services
50,Other,Lucknow,OnePlus,Android,3.1,37.3,121.6,34,0.9,4752,5.1,2.9,1077,Education,0,5829,Mature High Spender,Upsell premium services
56,Male,Pune,Samsung,Android,11.3,1.6,52.0,140,1.7,7451,2.9,4.1,446,Work,0,7897,Mature High Spender,Upsell premium services
24,Female,Lucknow,Realme,Android,1.8,19.0,283.9,22,2.0,7242,3.9,2.7,1062,Gaming,0,8304,Mature High Spender,Upsell premium services
47,Male,Pune,Samsung,iOS,11.1,33.5,146.0,134,1.8,6744,6.4,1.1,1203,Work,0,7947,Mature High Spender,Upsell premium services
39,Male,Bangalore,Motorola,iOS,9.4,14.4,241.6,41,1.2,8881,6.4,1.2,203,Social Media,0,9084,Mature High Spender,Upsell premium services
59,Other,Chennai,Oppo,Android,5.3,11.9,276.5,173,2.2,5697,5.6,3.4,1145,Entertainment,0,6842,Mature High Spender,Upsell premium services
41,Male,Ahmedabad,Realme,iOS,2.4,19.5,259.0,195,1.2,4902,7.7,3.3,1897,Gaming,0,6799,Mature High Spender,Upsell premium services
28,Male,Jaipur,Oppo,iOS,8.5,28.2,61.1,43,1.4,9056,1.2,4.1,299,Work,0,9355,Mature High Spender,Upsell premium services
41,Female,Delhi,Google Pixel,iOS,2.5,24.6,234.8,60,0.8,2627,7.4,1.2,236,Education,0,2863,Mature High Spender,Upsell premium services
37,Female,Jaipur,Google Pixel,Android,7.3,41.1,253.2,97,1.2,6592,3.4,0.4,998,Social Media,0,7590,Mature High Spender,Upsell premium services
37,Male,Pune,OnePlus,Android,11.3,38.6,276.7,132,0.8,6693,1.6,3.4,1905,Entertainment,0,8598,Mature High Spender,Upsell premium services
38,Male,Hyderabad,Oppo,iOS,10.7,21.9,250.4,183,3.0,8839,7.2,4.5,258,Work,0,9097,Mature High Spender,Upsell premium services
42,Other,Jaipur,OnePlus,Android,10.2,4.1,146.3,69,0.9,5265,1.8,1.9,1893,Social Media,0,7158,Mature High Spender,Upsell premium services
37,Female,Mumbai,OnePlus,iOS,7.9,18.0,282.4,160,2.5,4836,0.7,3.0,180,Education,0,5016,Mature High Spender,Upsell premium services
54,Male,Chennai,Google Pixel,iOS,1.6,3.2,63.5,113,1.0,4956,4.1,3.9,1678,Gaming,0,6634,Mature High Spender,Upsell premium services
45,Other,Jaipur,OnePlus,Android,6.1,5.7,140.9,79,1.5,3964,4.7,3.7,1397,Entertainment,0,5361,Mature High Spender,Upsell premium services
30,Other,Mumbai,Nokia,iOS,8.6,13.3,272.2,102,0.5,5824,4.2,3.3,389,Work,0,6213,Mature High Spender,Upsell premium services
59,Other,Chennai,Oppo,iOS,1.0,22.6,33.3,45,1.6,6841,3.5,3.6,755,Work,0,7596,Mature High Spender,Upsell premium services
56,Female,Lucknow,Realme,iOS,7.4,10.7,103.8,63,0.9,3695,6.0,3.7,1635,Social Media,0,5330,Mature High Spender,Upsell premium services
58,Other,Bangalore,Apple,iOS,5.2,11.8,164.1,134,1.0,3926,1.6,2.1,216,Work,0,4142,Mature High Spender,Upsell premium services
25,Other,Jaipur,OnePlus,Android,8.2,32.4,241.9,85,0.7,8893,6.2,2.4,1029,Entertainment,0,9922,Mature High Spender,Upsell premium services
44,Other,Delhi,Apple,Android,4.1,12.1,17.1,72,0.6,7176,0.7,0.3,487,Entertainment,0,7663,Mature High Spender,Upsell premium services
43,Other,Mumbai,Google Pixel,iOS,1.3,16.7,146.8,145,0.7,9314,0.7,0.7,1805,Gaming,0,11119,Mature High Spender,Upsell premium services
54,Other,Chennai,Google Pixel,iOS,7.3,40.4,187.3,46,1.5,6408,7.0,1.6,1088,Gaming,0,7496,Mature High Spender,Upsell premium services
25,Other,Ahmedabad,Nokia,Android,1.6,34.4,131.5,16,1.9,9683,2.7,1.9,1656,Entertainment,0,11339,Mature High Spender,Upsell premium services
18,Female,Kolkata,Realme,iOS,10.9,25.3,50.1,113,1.8,9825,6.0,1.7,1457,Education,0,11282,Mature High Spender,Upsell premium services
58,Other,Ahmedabad,Google Pixel,Android,5.3,49.7,183.2,126,1.8,6091,3.5,0.9,741,Education,0,6832,Mature High Spender,Upsell premium services
57,Male,Chennai,OnePlus,Android,7.0,13.8,115.4,104,0.6,6906,0.9,0.8,1045,Education,0,7951,Mature High Spender,Upsell premium services
45,Female,Ahmedabad,Google Pixel,iOS,6.7,13.4,188.7,125,0.7,6328,2.6,2.7,412,Gaming,0,6740,Mature High Spender,Upsell premium services
44,Female,Ahmedabad,Google Pixel,Android,7.6,42.7,123.4,199,3.1,8505,3.9,2.1,1651,Gaming,0,10156,Mature High Spender,Upsell premium services
44,Other,Hyderabad,Vivo,iOS,8.0,9.4,6.0,81,1.1,7942,5.6,1.9,1181,Social Media,0,9123,Mature High Spender,Upsell premium services
49,Male,Bangalore,Google Pixel,iOS,7.3,45.4,80.3,124,2.7,5591,4.1,0.3,135,Entertainment,0,5726,Mature High Spender,Upsell premium services
33,Other,Ahmedabad,OnePlus,iOS,7.8,26.5,293.9,105,0.8,5390,0.7,1.0,1296,Work,0,6686,Mature High Spender,Upsell premium services
53,Other,Delhi,Motorola,Android,11.1,4.0,261.9,142,1.8,8092,6.3,0.8,142,Gaming,0,8234,Mature High Spender,Upsell premium services
56,Female,Delhi,Vivo,Android,6.9,18.4,245.6,34,0.9,4650,7.3,1.5,657,Education,0,5307,Mature High Spender,Upsell premium services
60,Female,Lucknow,Xiaomi,Android,5.0,42.6,229.0,32,2.4,7447,4.0,0.8,769,Education,0,8216,Mature High Spender,Upsell premium services
41,Other,Hyderabad,Motorola,iOS,4.4,43.3,19.9,101,2.9,6242,4.5,5.0,660,Work,0,6902,Mature High Spender,Upsell premium services
28,Female,Pune,Realme,Android,1.2,22.5,178.6,126,1.3,9982,4.8,3.6,1684,Education,0,11666,Mature High Spender,Upsell premium services
45,Female,Bangalore,Apple,iOS,2.5,15.7,243.4,32,2.4,9739,6.2,1.4,805,Entertainment,0,10544,Mature High Spender,Upsell premium services
32,Male,Jaipur,Samsung,Android,6.8,10.3,70.0,177,0.9,6806,1.1,1.3,842,Entertainment,0,7648,Mature High Spender,Upsell premium services
43,Other,Ahmedabad,Apple,iOS,1.5,40.6,119.5,39,1.6,7543,7.4,2.5,1659,Education,0,9202,Mature High Spender,Upsell premium services
27,Other,Ahmedabad,Xiaomi,iOS,7.3,44.9,46.3,29,2.7,8878,7.9,2.0,1457,Entertainment,0,10335,Mature High Spender,Upsell premium services
56,Male,Kolkata,Oppo,iOS,5.9,5.5,151.2,149,2.4,7699,6.8,0.2,468,Work,0,8167,Mature High Spender,Upsell premium services
21,Other,Ahmedabad,Motorola,iOS,5.5,39.8,43.9,118,1.6,9722,4.3,3.4,753,Social Media,0,10475,Mature High Spender,Upsell premium services
59,Female,Ahmedabad,Google Pixel,Android,11.8,28.4,63.1,101,3.0,7974,2.9,3.6,938,Gaming,0,8912,Mature High Spender,Upsell premium services
47,Female,Lucknow,Oppo,Android,2.6,42.5,192.8,62,0.9,5624,7.1,2.2,616,Gaming,0,6240,Mature High Spender,Upsell premium services
40,Other,Ahmedabad,Motorola,Android,5.8,41.9,216.2,123,2.8,6390,7.7,4.7,355,Work,0,6745,Mature High Spender,Upsell premium services
44,Male,Chennai,Google Pixel,iOS,6.0,32.8,30.5,112,1.5,4391,4.1,1.9,1588,Work,0,5979,Mature High Spender,Upsell premium services
41,Male,Delhi,Google Pixel,iOS,2.9,42.1,11.5,82,1.5,7800,1.3,1.2,1536,Social Media,0,9336,Mature High Spender,Upsell premium services
39,Female,Jaipur,OnePlus,iOS,3.7,4.9,220.6,167,1.9,4415,7.5,0.3,315,Work,0,4730,Mature High Spender,Upsell premium services
53,Female,Delhi,Google Pixel,iOS,10.0,1.4,54.8,150,2.3,9543,4.5,2.6,1494,Work,0,11037,Mature High Spender,Upsell premium services
60,Other,Hyderabad,Motorola,iOS,6.4,24.8,193.3,159,0.7,8080,1.3,0.6,1781,Education,0,9861,Mature High Spender,Upsell premium services
47,Female,Lucknow,Realme,Android,7.3,23.3,196.9,131,2.6,5323,6.4,0.9,1490,Work,0,6813,Mature High Spender,Upsell premium services
48,Other,Kolkata,Nokia,iOS,9.0,21.2,112.3,45,3.0,6127,2.0,5.0,419,Entertainment,0,6546,Mature High Spender,Upsell premium services
53,Female,Pune,Xiaomi,Android,11.1,39.7,71.3,193,0.9,9711,5.5,2.3,1152,Social Media,0,10863,Mature High Spender,Upsell premium services
44,Other,Lucknow,Samsung,Android,7.8,18.0,98.5,51,2.6,8596,6.0,4.3,1167,Education,0,9763,Mature High Spender,Upsell premium services
48,Other,Kolkata,Apple,Android,3.3,9.2,38.6,104,2.7,9327,5.0,3.5,1567,Education,0,10894,Mature High Spender,Upsell premium services
55,Other,Bangalore,Nokia,iOS,4.0,41.0,169.4,99,2.8,8395,7.8,2.5,341,Gaming,0,8736,Mature High Spender,Upsell premium services
42,Male,Chennai,Oppo,Android,10.4,35.3,233.2,156,2.5,8275,6.2,3.5,924,Education,0,9199,Mature High Spender,Upsell premium services
20,Female,Pune,Google Pixel,Android,8.6,7.8,137.8,30,1.9,6938,7.7,0.5,1818,Gaming,0,8756,Mature High Spender,Upsell premium services
45,Female,Ahmedabad,Motorola,Android,3.8,37.8,281.2,72,3.0,9534,1.5,4.9,1951,Work,0,11485,Mature High Spender,Upsell premium services
40,Male,Hyderabad,Samsung,Android,8.4,40.9,120.9,161,0.9,2829,1.7,1.8,552,Gaming,0,3381,Mature High Spender,Upsell premium services
51,Female,Jaipur,OnePlus,iOS,10.0,3.1,66.7,104,1.5,8640,7.7,0.3,706,Gaming,0,9346,Mature High Spender,Upsell premium services
33,Other,Jaipur,OnePlus,Android,5.8,26.3,217.0,56,1.0,4908,2.0,3.9,545,Gaming,0,5453,Mature High Spender,Upsell premium services
43,Male,Mumbai,Google Pixel,iOS,11.1,8.2,71.9,17,1.0,3151,3.2,1.5,1297,Social Media,0,4448,Mature High Spender,Upsell premium services
47,Male,Chennai,Apple,iOS,11.2,32.4,187.1,119,2.3,7837,3.5,0.6,924,Work,0,8761,Mature High Spender,Upsell premium services
57,Male,Kolkata,Google Pixel,Android,1.3,29.4,191.7,164,2.8,9326,1.7,4.1,160,Work,0,9486,Mature High Spender,Upsell premium services
49,Female,Jaipur,Realme,Android,3.0,49.0,156.3,175,2.4,4969,1.6,0.6,154,Entertainment,0,5123,Mature High Spender,Upsell premium services
59,Female,Chennai,Apple,iOS,9.4,4.2,208.4,51,0.9,9006,1.9,0.5,241,Gaming,0,9247,Mature High Spender,Upsell premium services
57,Male,Kolkata,Google Pixel,Android,3.9,46.6,183.7,58,1.4,6039,2.1,3.1,1830,Gaming,0,7869,Mature High Spender,Upsell premium services
55,Other,Ahmedabad,Google Pixel,Android,5.1,4.9,45.0,116,2.1,7953,4.5,0.7,1462,Work,0,9415,Mature High Spender,Upsell premium services
60,Female,Kolkata,Motorola,iOS,9.7,36.7,144.5,59,1.8,7848,6.1,0.6,1130,Gaming,0,8978,Mature High Spender,Upsell premium services
43,Other,Kolkata,Vivo,Android,8.8,39.3,79.0,50,0.6,8694,4.6,0.9,1014,Education,0,9708,Mature High Spender,Upsell premium services
47,Male,Lucknow,Samsung,iOS,9.9,39.4,18.7,67,0.7,2958,1.9,1.9,1137,Gaming,0,4095,Mature High Spender,Upsell premium services
39,Other,Delhi,Vivo,Android,9.3,47.3,227.8,46,0.7,6686,7.3,2.2,902,Social Media,0,7588,Mature High Spender,Upsell premium services
31,Female,Pune,OnePlus,Android,3.7,2.5,21.0,68,2.4,6330,7.3,2.9,1909,Entertainment,0,8239,Mature High Spender,Upsell premium services
30,Female,Jaipur,OnePlus,iOS,6.0,12.6,110.9,165,0.8,4545,4.7,1.8,1522,Work,0,6067,Mature High Spender,Upsell premium services
49,Female,Mumbai,Vivo,iOS,11.1,13.8,100.3,156,1.2,7616,5.2,4.6,327,Social Media,0,7943,Mature High Spender,Upsell premium services
20,Other,Pune,Apple,Android,10.7,20.6,154.8,84,0.5,9935,6.5,0.4,535,Entertainment,0,10470,Mature High Spender,Upsell premium services
52,Male,Pune,Xiaomi,Android,11.5,42.2,261.9,77,0.7,9352,4.6,2.6,1813,Gaming,0,11165,Mature High Spender,Upsell premium services
47,Other,Pune,Realme,iOS,7.7,10.6,16.3,159,2.1,6610,1.0,0.9,1256,Gaming,0,7866,Mature High Spender,Upsell premium services
51,Female,Mumbai,Google Pixel,Android,2.8,40.9,50.2,119,2.7,9940,4.6,0.2,1857,Work,0,11797,Mature High Spender,Upsell premium services
45,Male,Chennai,Google Pixel,iOS,3.3,2.6,192.9,43,2.6,4952,6.0,3.2,853,Work,0,5805,Mature High Spender,Upsell premium services
59,Female,Mumbai,Nokia,iOS,5.9,21.0,47.3,163,1.4,8003,1.8,2.1,1098,Education,0,9101,Mature High Spender,Upsell premium services
29,Female,Ahmedabad,Samsung,iOS,1.2,43.1,229.8,13,2.8,6603,2.9,3.3,1231,Work,0,7834,Mature High Spender,Upsell premium services
37,Other,Hyderabad,Nokia,Android,11.6,44.0,238.5,128,0.9,5246,6.7,4.3,748,Entertainment,0,5994,Mature High Spender,Upsell premium services
38,Male,Kolkata,Oppo,iOS,3.7,14.1,195.1,198,2.0,5798,3.0,2.2,680,Gaming,0,6478,Mature High Spender,Upsell premium services
32,Other,Mumbai,OnePlus,Android,1.9,43.1,293.0,17,0.8,7711,6.2,3.4,921,Entertainment,0,8632,Mature High Spender,Upsell premium services
51,Other,Ahmedabad,OnePlus,Android,2.1,6.5,191.6,158,1.6,6622,2.4,3.1,1042,Social Media,0,7664,Mature High Spender,Upsell premium services
15,Male,Delhi,Realme,iOS,8.2,8.4,78.0,195,0.5,9175,5.7,3.4,1288,Entertainment,0,10463,Mature High Spender,Upsell premium services
58,Female,Bangalore,Xiaomi,Android,1.0,4.8,78.4,49,2.6,8891,5.6,1.2,1545,Work,0,10436,Mature High Spender,Upsell premium services
37,Male,Delhi,Samsung,Android,5.9,24.1,200.6,11,0.6,3021,3.2,2.5,697,Entertainment,0,3718,Mature High Spender,Upsell premium services
42,Other,Kolkata,OnePlus,Android,10.9,26.2,252.1,71,2.0,6921,6.8,1.1,1766,Education,0,8687,Mature High Spender,Upsell premium services
60,Female,Jaipur,Oppo,Android,10.0,28.0,297.5,62,1.8,5726,1.9,1.4,652,Gaming,0,6378,Mature High Spender,Upsell premium services
58,Female,Lucknow,Nokia,iOS,8.5,42.0,59.0,17,2.3,7466,2.4,4.2,1235,Work,0,8701,Mature High Spender,Upsell premium services
17,Male,Kolkata,Vivo,Android,10.0,3.2,139.9,180,0.9,6337,4.3,4.5,814,Entertainment,0,7151,Mature High Spender,Upsell premium services
58,Male,Kolkata,Vivo,Android,7.6,22.5,58.2,83,0.8,9247,2.9,3.4,501,Social Media,0,9748,Mature High Spender,Upsell premium services
26,Female,Delhi,Apple,Android,3.9,29.9,9.4,89,0.9,6524,3.7,1.8,898,Work,0,7422,Mature High Spender,Upsell premium services
47,Other,Delhi,Nokia,Android,11.3,23.2,34.0,161,2.6,9143,2.7,1.9,542,Gaming,0,9685,Mature High Spender,Upsell premium services
54,Female,Pune,Oppo,Android,11.4,44.9,96.3,164,1.0,9959,2.4,2.0,1734,Entertainment,0,11693,Mature High Spender,Upsell premium services
40,Female,Lucknow,Motorola,Android,6.6,31.4,109.0,81,0.8,6229,7.8,1.1,1323,Work,0,7552,Mature High Spender,Upsell premium services
51,Male,Hyderabad,Realme,Android,2.2,5.7,215.7,100,1.6,7367,3.4,2.3,624,Work,0,7991,Mature High Spender,Upsell premium services
44,Female,Bangalore,Google Pixel,Android,2.1,18.1,54.6,182,1.7,6079,2.0,3.6,1556,Work,0,7635,Mature High Spender,Upsell premium services
53,Other,Ahmedabad,Samsung,Android,8.0,5.8,31.1,90,1.8,5723,7.4,1.8,1931,Education,0,7654,Mature High Spender,Upsell premium services
43,Male,Jaipur,Xiaomi,Android,12.0,17.4,66.7,76,0.6,2761,8.0,0.7,507,Social Media,0,3268,Mature High Spender,Upsell premium services
31,Male,Lucknow,Google Pixel,Android,4.9,13.6,150.4,64,2.3,8720,0.9,0.9,141,Work,0,8861,Mature High Spender,Upsell premium services
22,Other,Hyderabad,Motorola,Android,1.3,5.8,256.3,56,1.4,9388,5.8,0.8,1027,Education,0,10415,Mature High Spender,Upsell premium services
37,Other,Ahmedabad,Apple,iOS,4.9,14.1,79.1,151,2.9,7618,6.9,2.7,1918,Gaming,0,9536,Mature High Spender,Upsell premium services
31,Other,Chennai,OnePlus,iOS,8.0,49.9,110.8,41,1.3,5828,3.7,0.2,315,Work,0,6143,Mature High Spender,Upsell premium services
53,Other,Lucknow,Xiaomi,iOS,9.6,25.7,38.5,171,3.0,9333,5.0,3.3,1216,Work,0,10549,Mature High Spender,Upsell premium services
19,Male,Pune,Nokia,Android,11.3,27.9,260.5,33,1.0,7016,1.8,3.4,1634,Gaming,0,8650,Mature High Spender,Upsell premium services
24,Other,Pune,Motorola,iOS,6.6,46.8,149.3,146,1.5,8032,2.3,1.8,759,Work,0,8791,Mature High Spender,Upsell premium services
22,Female,Bangalore,OnePlus,iOS,1.8,8.7,244.3,144,1.1,7258,7.5,0.5,407,Entertainment,0,7665,Mature High Spender,Upsell premium services
22,Female,Hyderabad,Apple,iOS,4.0,22.4,139.6,76,2.6,7350,1.6,2.2,270,Work,0,7620,Mature High Spender,Upsell premium services
46,Other,Kolkata,Samsung,Android,8.8,9.8,178.9,140,2.5,7063,0.7,4.5,1388,Social Media,0,8451,Mature High Spender,Upsell premium services
56,Male,Delhi,Samsung,iOS,8.3,47.7,152.7,127,0.9,9395,7.1,1.5,1059,Work,0,10454,Mature High Spender,Upsell premium services
32,Other,Jaipur,Realme,Android,3.5,10.8,94.8,169,0.8,9936,2.1,1.5,738,Work,0,10674,Mature High Spender,Upsell premium services
34,Female,Lucknow,Google Pixel,Android,6.5,8.5,136.1,155,0.9,7862,0.8,1.9,1219,Gaming,0,9081,Mature High Spender,Upsell premium services
36,Male,Bangalore,OnePlus,Android,3.6,49.9,260.1,133,1.5,7203,5.6,0.7,770,Work,0,7973,Mature High Spender,Upsell premium services
20,Female,Bangalore,Samsung,iOS,11.3,18.8,282.1,37,0.7,7336,6.8,0.6,1882,Work,0,9218,Mature High Spender,Upsell premium services
27,Male,Hyderabad,Google Pixel,iOS,8.6,22.1,167.9,42,2.4,8348,1.6,2.5,1948,Education,0,10296,Mature High Spender,Upsell premium services
19,Female,Bangalore,Nokia,Android,7.5,5.3,133.0,49,0.6,6400,5.3,0.2,154,Work,0,6554,Mature High Spender,Upsell premium services
43,Other,Hyderabad,Realme,iOS,7.7,3.7,297.7,149,2.2,4904,6.1,3.4,1504,Social Media,0,6408,Mature High Spender,Upsell premium services
53,Female,Chennai,Samsung,iOS,3.1,29.9,247.8,47,1.1,5596,4.4,3.4,756,Work,0,6352,Mature High Spender,Upsell premium services
40,Other,Kolkata,Realme,Android,8.6,10.6,198.8,93,2.8,6549,1.5,2.2,233,Social Media,0,6782,Mature High Spender,Upsell premium services
35,Other,Pune,Realme,iOS,9.5,31.1,180.1,175,2.0,7238,0.7,3.2,1694,Social Media,0,8932,Mature High Spender,Upsell premium services
30,Other,Ahmedabad,OnePlus,Android,7.0,25.2,176.2,39,2.0,5526,7.7,4.6,749,Work,0,6275,Mature High Spender,Upsell premium services
23,Male,Kolkata,Motorola,Android,7.2,36.8,178.9,157,0.6,9068,1.1,4.8,1893,Entertainment,0,10961,Mature High Spender,Upsell premium services
40,Female,Delhi,OnePlus,iOS,5.8,31.3,278.0,158,2.5,7524,4.6,0.7,536,Social Media,0,8060,Mature High Spender,Upsell premium services
18,Female,Jaipur,Google Pixel,Android,10.6,18.0,204.0,190,0.6,7097,4.1,3.7,1139,Education,0,8236,Mature High Spender,Upsell premium services
52,Other,Bangalore,Realme,Android,10.9,31.2,67.1,83,0.9,8033,3.4,2.4,1208,Work,0,9241,Mature High Spender,Upsell premium services
43,Other,Lucknow,Realme,iOS,11.7,8.4,295.7,155,3.4,8192,6.9,3.1,1712,Gaming,0,9904,Mature High Spender,Upsell premium services
53,Female,Jaipur,Apple,iOS,4.1,9.1,153.4,81,0.7,9523,7.0,2.7,473,Gaming,0,9996,Mature High Spender,Upsell premium services
33,Male,Pune,Motorola,Android,3.7,38.7,276.5,66,1.3,8131,1.1,1.1,1654,Education,0,9785,Mature High Spender,Upsell premium services
38,Male,Mumbai,Xiaomi,Android,9.2,49.3,59.6,93,2.6,6264,6.5,0.1,1218,Education,0,7482,Mature High Spender,Upsell premium services
52,Female,Pune,Oppo,iOS,3.3,32.1,71.7,143,1.1,8701,0.5,1.8,466,Education,0,9167,Mature High Spender,Upsell premium services
17,Male,Jaipur,Nokia,Android,7.6,15.2,46.5,27,0.8,8234,2.0,4.0,1659,Gaming,0,9893,Mature High Spender,Upsell premium services
25,Other,Lucknow,Apple,iOS,1.2,22.5,135.8,20,2.4,7191,3.3,2.2,1318,Education,0,8509,Mature High Spender,Upsell premium services
55,Female,Hyderabad,Nokia,iOS,8.3,34.5,299.4,60,1.9,8993,7.4,1.2,1381,Gaming,0,10374,Mature High Spender,Upsell premium services
41,Other,Ahmedabad,Apple,iOS,4.4,47.4,233.0,125,2.5,6632,6.0,1.6,270,Education,0,6902,Mature High Spender,Upsell premium services
16,Male,Delhi,Samsung,iOS,2.4,15.8,243.2,125,2.1,9901,4.1,0.9,1282,Work,0,11183,Mature High Spender,Upsell premium services
47,Male,Hyderabad,Samsung,Android,1.1,2.7,231.0,163,0.7,4026,2.4,2.5,1274,Social Media,0,5300,Mature High Spender,Upsell premium services
33,Other,Jaipur,Nokia,Android,2.1,43.7,175.4,118,1.8,7762,6.9,4.8,346,Gaming,0,8108,Mature High Spender,Upsell premium services
37,Male,Chennai,Apple,Android,2.8,6.8,5.1,121,1.4,8982,1.9,1.5,711,Education,0,9693,Mature High Spender,Upsell premium services
44,Female,Jaipur,Nokia,iOS,10.1,9.5,207.1,132,1.6,3933,1.2,0.5,1222,Work,0,5155,Mature High Spender,Upsell premium services
38,Male,Hyderabad,Realme,Android,1.3,19.8,182.4,127,0.5,7109,0.9,1.3,1867,Education,0,8976,Mature High Spender,Upsell premium services
42,Female,Mumbai,Vivo,iOS,4.5,22.2,170.0,75,0.5,8829,2.5,4.6,1845,Education,0,10674,Mature High Spender,Upsell premium services
56,Other,Jaipur,OnePlus,iOS,5.4,46.4,74.3,118,1.3,8374,8.0,3.4,1678,Social Media,0,10052,Mature High Spender,Upsell premium services
25,Other,Chennai,OnePlus,Android,3.2,26.7,189.4,13,0.9,6595,3.7,4.7,1397,Entertainment,0,7992,Mature High Spender,Upsell premium services
60,Other,Hyderabad,Xiaomi,iOS,5.8,25.7,287.2,194,2.9,6699,4.2,0.5,501,Social Media,0,7200,Mature High Spender,Upsell premium services
49,Female,Bangalore,Google Pixel,iOS,5.3,23.9,110.9,122,2.1,5436,6.4,3.9,1489,Work,0,6925,Mature High Spender,Upsell premium services
21,Female,Bangalore,Realme,iOS,1.7,14.6,239.2,170,0.9,9085,7.2,3.9,159,Gaming,0,9244,Mature High Spender,Upsell premium services
36,Male,Hyderabad,Apple,Android,11.7,15.8,46.6,32,1.6,3961,2.3,3.0,1106,Entertainment,0,5067,Mature High Spender,Upsell premium services
28,Other,Chennai,Xiaomi,Android,7.4,13.6,167.3,198,1.2,7148,2.9,4.0,431,Social Media,0,7579,Mature High Spender,Upsell premium services
51,Female,Bangalore,Motorola,iOS,4.2,7.8,30.9,20,1.0,3502,7.9,2.4,1965,Work,0,5467,Mature High Spender,Upsell premium services
57,Female,Pune,Oppo,Android,5.2,26.7,47.5,55,1.5,5522,7.7,0.3,1400,Work,0,6922,Mature High Spender,Upsell premium services
34,Male,Ahmedabad,Samsung,iOS,3.2,34.1,257.2,89,0.5,9801,5.1,3.6,510,Social Media,0,10311,Mature High Spender,Upsell premium services
40,Female,Hyderabad,Google Pixel,iOS,6.5,34.6,41.9,131,2.4,5109,7.5,3.4,1782,Social Media,0,6891,Mature High Spender,Upsell premium services
42,Female,Ahmedabad,Xiaomi,Android,5.9,42.3,131.3,187,2.0,4783,5.9,0.7,472,Social Media,0,5255,Mature High Spender,Upsell premium services
51,Other,Kolkata,Xiaomi,Android,2.9,33.6,208.8,117,3.6,6644,4.9,4.3,1444,Work,0,8088,Mature High Spender,Upsell premium services
22,Male,Hyderabad,Oppo,Android,6.0,8.5,40.8,17,1.6,6257,6.1,0.9,257,Social Media,0,6514,Mature High Spender,Upsell premium services
33,Other,Ahmedabad,Apple,iOS,9.2,16.8,21.8,134,2.8,8073,7.7,4.4,790,Work,0,8863,Mature High Spender,Upsell premium services
50,Male,Hyderabad,Xiaomi,Android,4.7,17.8,209.1,91,1.6,4308,5.8,2.3,868,Education,0,5176,Mature High Spender,Upsell premium services
39,Other,Lucknow,Google Pixel,iOS,6.2,38.8,214.1,11,2.8,4671,2.1,1.8,717,Entertainment,0,5388,Mature High Spender,Upsell premium services
54,Female,Pune,Google Pixel,Android,10.2,5.2,258.9,47,0.7,6047,5.1,4.1,1392,Entertainment,0,7439,Mature High Spender,Upsell premium services
21,Other,Hyderabad,Samsung,Android,8.1,9.3,83.9,52,0.7,6118,3.1,1.3,1352,Gaming,0,7470,Mature High Spender,Upsell premium services
23,Female,Mumbai,Apple,iOS,5.3,40.3,130.9,155,0.9,9971,6.9,2.7,1992,Gaming,0,11963,Mature High Spender,Upsell premium services
42,Female,Delhi,Samsung,iOS,11.1,5.4,32.4,35,2.2,8099,2.4,4.3,904,Work,0,9003,Mature High Spender,Upsell premium services
53,Female,Bangalore,Xiaomi,Android,4.0,49.8,5.5,111,0.9,9909,3.6,0.1,1608,Entertainment,0,11517,Mature High Spender,Upsell premium services
34,Female,Jaipur,Nokia,Android,10.5,2.5,225.3,102,1.0,8594,7.7,0.4,1543,Entertainment,0,10137,Mature High Spender,Upsell premium services
37,Male,Pune,Nokia,iOS,10.7,49.1,11.1,112,1.7,8406,2.0,0.8,1575,Social Media,0,9981,Mature High Spender,Upsell premium services
45,Female,Bangalore,Oppo,iOS,2.9,31.5,136.4,175,1.1,7447,3.0,1.2,739,Social Media,0,8186,Mature High Spender,Upsell premium services
28,Female,Delhi,Realme,Android,7.4,40.9,53.8,193,1.0,7965,1.8,0.6,654,Education,0,8619,Mature High Spender,Upsell premium services
37,Male,Chennai,Motorola,Android,10.6,6.3,79.0,11,2.1,8389,7.7,1.8,557,Entertainment,0,8946,Mature High Spender,Upsell premium services
53,Other,Pune,Oppo,Android,1.5,17.7,181.2,75,0.6,5403,2.3,4.4,1987,Entertainment,0,7390,Mature High Spender,Upsell premium services
50,Male,Bangalore,Samsung,Android,8.2,7.8,244.3,26,3.1,9178,0.6,1.0,1238,Work,0,10416,Mature High Spender,Upsell premium services
47,Other,Chennai,Google Pixel,Android,7.0,42.3,13.1,135,0.6,6957,6.4,1.0,526,Social Media,0,7483,Mature High Spender,Upsell premium services
46,Male,Jaipur,Realme,iOS,7.6,37.8,61.3,29,1.7,5517,0.5,2.7,1303,Education,0,6820,Mature High Spender,Upsell premium services
35,Female,Bangalore,OnePlus,Android,5.8,8.2,234.3,143,3.2,6266,6.7,2.8,1141,Gaming,0,7407,Mature High Spender,Upsell premium services
25,Female,Delhi,Realme,iOS,3.4,30.7,92.5,68,1.5,7659,2.2,4.7,1719,Education,0,9378,Mature High Spender,Upsell premium services
46,Other,Kolkata,Nokia,iOS,5.7,25.7,267.4,133,0.9,2945,2.7,2.4,1222,Education,0,4167,Mature High Spender,Upsell premium services
46,Other,Pune,Vivo,iOS,5.5,48.9,193.3,92,2.3,6980,6.2,3.5,1351,Education,0,8331,Mature High Spender,Upsell premium services
48,Female,Pune,Oppo,iOS,2.6,42.7,235.5,138,1.2,9746,3.5,1.3,509,Gaming,0,10255,Mature High Spender,Upsell premium services
46,Other,Ahmedabad,Samsung,Android,10.1,43.1,43.2,148,1.1,9983,6.1,3.0,950,Work,0,10933,Mature High Spender,Upsell premium services
59,Male,Lucknow,Apple,iOS,1.5,17.5,31.9,113,0.6,5588,7.5,3.1,1533,Social Media,0,7121,Mature High Spender,Upsell premium services
45,Male,Jaipur,Motorola,iOS,8.4,42.1,62.7,69,1.8,5254,3.3,0.5,1805,Social Media,0,7059,Mature High Spender,Upsell premium services
52,Other,Jaipur,Vivo,iOS,5.6,24.5,272.8,84,3.7,7215,0.8,3.2,424,Education,0,7639,Mature High Spender,Upsell premium services
49,Other,Chennai,OnePlus,iOS,1.9,14.3,131.8,44,1.7,7809,4.3,4.9,1370,Work,0,9179,Mature High Spender,Upsell premium services
40,Male,Jaipur,Google Pixel,iOS,1.4,42.0,237.5,130,2.4,7951,2.7,3.5,253,Gaming,0,8204,Mature High Spender,Upsell premium services
56,Female,Kolkata,OnePlus,Android,8.9,41.0,233.0,72,2.0,8574,2.3,2.0,902,Social Media,0,9476,Mature High Spender,Upsell premium services
23,Female,Lucknow,Apple,Android,4.9,27.3,53.2,21,2.6,8667,3.8,0.8,1688,Social Media,0,10355,Mature High Spender,Upsell premium services
48,Female,Mumbai,Oppo,Android,10.3,11.9,15.0,88,0.6,9352,7.7,0.0,357,Gaming,0,9709,Mature High Spender,Upsell premium services
41,Other,Delhi,Motorola,Android,4.1,46.8,157.6,123,0.5,4293,4.6,4.3,1274,Work,0,5567,Mature High Spender,Upsell premium services
58,Male,Ahmedabad,Apple,iOS,2.2,9.7,28.1,22,1.1,4891,0.9,4.1,762,Social Media,0,5653,Mature High Spender,Upsell premium services
55,Male,Ahmedabad,Realme,iOS,8.9,3.8,75.4,66,2.4,7135,0.8,2.2,566,Social Media,0,7701,Mature High Spender,Upsell premium services
26,Other,Jaipur,Realme,iOS,5.8,1.8,169.3,52,0.9,8510,7.9,1.5,957,Gaming,0,9467,Mature High Spender,Upsell premium services
19,Female,Kolkata,Google Pixel,Android,2.9,37.0,296.1,197,1.8,9947,7.2,0.7,1315,Work,0,11262,Mature High Spender,Upsell premium services
39,Male,Delhi,Oppo,iOS,3.7,29.8,235.2,132,1.1,3594,4.6,5.0,1545,Work,0,5139,Mature High Spender,Upsell premium services
40,Female,Ahmedabad,Xiaomi,iOS,9.1,29.2,147.6,51,0.7,4225,2.7,4.4,260,Work,0,4485,Mature High Spender,Upsell premium services
33,Female,Jaipur,OnePlus,iOS,5.7,18.8,127.4,123,0.5,4452,6.2,2.5,1470,Gaming,0,5922,Mature High Spender,Upsell premium services
33,Female,Kolkata,Apple,Android,2.9,12.4,125.1,53,2.7,7940,1.3,3.0,1378,Gaming,0,9318,Mature High Spender,Upsell premium services
22,Male,Hyderabad,Nokia,iOS,1.1,16.6,196.4,107,2.0,9750,4.3,3.9,1305,Work,0,11055,Mature High Spender,Upsell premium services
18,Male,Pune,Samsung,Android,1.6,39.5,206.8,21,0.6,7721,2.9,4.7,1259,Education,0,8980,Mature High Spender,Upsell premium services
60,Other,Ahmedabad,Xiaomi,Android,6.2,35.8,205.1,126,2.1,7040,1.9,4.0,1019,Work,0,8059,Mature High Spender,Upsell premium services
22,Male,Mumbai,Vivo,iOS,3.9,7.1,268.1,108,1.8,8758,6.2,0.1,1420,Gaming,0,10178,Mature High Spender,Upsell premium services
50,Other,Kolkata,OnePlus,Android,7.2,2.6,43.2,54,0.6,4835,7.6,3.4,894,Entertainment,0,5729,Mature High Spender,Upsell premium services
39,Male,Lucknow,Oppo,iOS,1.2,38.9,270.3,47,1.1,5149,5.4,0.2,973,Social Media,0,6122,Mature High Spender,Upsell premium services
31,Male,Bangalore,Oppo,iOS,3.7,38.7,218.1,171,1.6,8659,6.6,3.5,1152,Gaming,0,9811,Mature High Spender,Upsell premium services
58,Female,Lucknow,Motorola,iOS,12.0,47.3,116.2,75,2.9,9171,6.0,3.5,1054,Education,0,10225,Mature High Spender,Upsell premium services
43,Other,Ahmedabad,Vivo,Android,6.4,16.3,260.5,114,1.6,4295,2.7,3.4,427,Education,0,4722,Mature High Spender,Upsell premium services
43,Other,Ahmedabad,Xiaomi,Android,8.3,21.4,249.9,48,3.4,6441,2.4,3.9,1267,Work,0,7708,Mature High Spender,Upsell premium services
56,Male,Hyderabad,Google Pixel,iOS,8.6,50.0,224.1,72,0.6,6437,6.6,1.4,304,Entertainment,0,6741,Mature High Spender,Upsell premium services
37,Female,Ahmedabad,Google Pixel,iOS,5.5,47.7,290.7,70,2.8,7002,4.5,2.8,1364,Social Media,0,8366,Mature High Spender,Upsell premium services
45,Female,Mumbai,OnePlus,iOS,3.5,27.9,292.1,82,1.3,4227,0.8,0.5,1631,Work,0,5858,Mature High Spender,Upsell premium services
29,Other,Ahmedabad,Motorola,iOS,2.2,34.3,228.8,95,2.1,8969,7.9,3.4,384,Social Media,0,9353,Mature High Spender,Upsell premium services
45,Other,Delhi,Samsung,Android,8.2,5.3,292.8,74,2.4,5688,3.6,3.0,672,Education,0,6360,Mature High Spender,Upsell premium services
40,Other,Chennai,Apple,Android,4.9,7.9,118.8,178,2.2,8373,7.2,4.5,457,Work,0,8830,Mature High Spender,Upsell premium services
49,Other,Bangalore,Xiaomi,Android,5.8,41.9,163.0,191,0.7,8674,6.1,2.5,856,Education,0,9530,Mature High Spender,Upsell premium services
36,Other,Pune,Xiaomi,Android,5.2,14.6,47.1,85,2.4,8538,6.1,5.0,1608,Gaming,0,10146,Mature High Spender,Upsell premium services
48,Other,Lucknow,Nokia,Android,4.2,34.1,259.0,26,2.4,4854,5.8,3.0,990,Education,0,5844,Mature High Spender,Upsell premium services
23,Female,Mumbai,Nokia,iOS,2.3,28.8,11.7,68,2.0,9082,6.5,0.4,1169,Education,0,10251,Mature High Spender,Upsell premium services
29,Male,Kolkata,Nokia,Android,2.5,46.4,206.5,106,2.1,7794,7.0,4.9,1254,Entertainment,0,9048,Mature High Spender,Upsell premium services
53,Male,Delhi,Vivo,iOS,4.9,35.3,22.6,95,0.9,7030,7.4,1.0,112,Entertainment,0,7142,Mature High Spender,Upsell premium services
30,Other,Chennai,Oppo,Android,4.9,12.0,217.6,38,0.8,4819,5.7,0.8,1362,Social Media,0,6181,Mature High Spender,Upsell premium services
59,Female,Mumbai,Nokia,iOS,4.3,17.7,260.4,172,1.7,6524,8.0,2.8,929,Social Media,0,7453,Mature High Spender,Upsell premium services
23,Female,Pune,Vivo,Android,4.6,44.3,128.1,125,0.5,6443,7.5,1.7,405,Education,0,6848,Mature High Spender,Upsell premium services
20,Female,Delhi,Realme,iOS,6.7,15.1,188.7,128,1.1,9023,5.9,2.1,709,Social Media,0,9732,Mature High Spender,Upsell premium services
46,Male,Ahmedabad,Nokia,Android,2.3,2.6,109.4,184,0.8,3458,6.9,2.8,1927,Social Media,0,5385,Mature High Spender,Upsell premium services
43,Other,Mumbai,Motorola,Android,8.9,49.4,131.9,37,1.7,7848,5.5,0.2,403,Social Media,0,8251,Mature High Spender,Upsell premium services
38,Other,Jaipur,Google Pixel,iOS,4.5,1.7,279.4,167,0.7,5248,4.5,4.3,1091,Entertainment,0,6339,Mature High Spender,Upsell premium services
49,Male,Chennai,Samsung,Android,9.8,34.8,295.6,57,2.3,8569,1.3,3.2,457,Work,0,9026,Mature High Spender,Upsell premium services
54,Female,Jaipur,Xiaomi,Android,4.6,19.9,174.7,181,3.1,8633,5.7,2.7,1386,Gaming,0,10019,Mature High Spender,Upsell premium services
60,Female,Mumbai,Xiaomi,Android,7.5,37.1,218.0,179,3.2,7232,2.1,0.6,1808,Social Media,0,9040,Mature High Spender,Upsell premium services
47,Other,Mumbai,OnePlus,Android,10.4,14.6,224.9,158,2.9,8812,2.6,1.7,279,Education,0,9091,Mature High Spender,Upsell premium services
49,Female,Jaipur,Xiaomi,iOS,1.0,26.3,125.6,99,1.4,4977,1.9,3.0,338,Education,0,5315,Mature High Spender,Upsell premium services
40,Male,Delhi,Apple,iOS,5.6,24.7,43.7,170,1.6,6856,1.5,5.0,1068,Entertainment,0,7924,Mature High Spender,Upsell premium services
36,Female,Ahmedabad,Google Pixel,Android,1.1,41.9,54.9,42,2.1,7068,3.0,4.8,730,Entertainment,0,7798,Mature High Spender,Upsell premium services
58,Male,Ahmedabad,Vivo,Android,10.5,31.7,68.8,138,2.1,6033,6.8,3.2,656,Entertainment,0,6689,Mature High Spender,Upsell premium services
38,Other,Kolkata,Vivo,iOS,8.6,36.2,113.7,19,1.3,7011,5.3,2.5,1622,Social Media,0,8633,Mature High Spender,Upsell premium services
15,Other,Ahmedabad,OnePlus,iOS,4.8,36.1,137.1,122,1.9,8086,3.7,4.8,459,Entertainment,0,8545,Mature High Spender,Upsell premium services
40,Female,Kolkata,Oppo,iOS,2.8,37.5,10.1,31,2.6,5785,5.6,3.4,1763,Work,0,7548,Mature High Spender,Upsell premium services
26,Other,Pune,Vivo,iOS,8.2,44.8,58.2,13,1.8,7979,2.8,2.3,948,Gaming,0,8927,Mature High Spender,Upsell premium services
27,Other,Hyderabad,Vivo,iOS,3.4,35.9,98.0,53,1.0,9459,1.6,4.6,411,Gaming,0,9870,Mature High Spender,Upsell premium services
36,Male,Pune,Vivo,Android,3.4,34.4,298.8,117,2.7,8485,1.2,0.4,321,Education,0,8806,Mature High Spender,Upsell premium services
37,Other,Chennai,Oppo,Android,11.3,12.1,235.5,64,3.2,9794,6.1,2.8,1621,Social Media,0,11415,Mature High Spender,Upsell premium services
31,Male,Mumbai,Nokia,iOS,2.0,36.1,90.7,149,1.1,8758,3.9,1.1,1826,Work,0,10584,Mature High Spender,Upsell premium services
35,Female,Bangalore,Nokia,iOS,3.0,32.2,286.8,189,1.2,6509,3.3,1.5,1225,Work,0,7734,Mature High Spender,Upsell premium services
44,Male,Jaipur,OnePlus,Android,3.8,48.3,70.6,131,2.4,8190,0.8,1.5,1456,Education,0,9646,Mature High Spender,Upsell premium services
25,Female,Kolkata,Apple,Android,11.6,37.9,33.3,134,1.7,9265,7.6,0.2,933,Education,0,10198,Mature High Spender,Upsell premium services
30,Other,Hyderabad,Xiaomi,Android,1.3,11.5,208.2,58,3.0,7207,6.5,1.8,1112,Work,0,8319,Mature High Spender,Upsell premium services
53,Other,Chennai,Xiaomi,Android,7.9,33.2,226.6,164,1.4,9462,2.8,4.8,405,Social Media,0,9867,Mature High Spender,Upsell premium services
36,Female,Ahmedabad,Nokia,iOS,11.2,16.8,274.8,189,2.7,6619,1.1,3.8,206,Entertainment,0,6825,Mature High Spender,Upsell premium services
48,Other,Kolkata,OnePlus,iOS,1.7,4.0,207.1,85,2.7,9652,1.5,2.3,459,Entertainment,0,10111,Mature High Spender,Upsell premium services
26,Male,Chennai,Xiaomi,Android,5.7,41.8,156.4,104,2.5,7033,1.2,4.1,263,Work,0,7296,Mature High Spender,Upsell premium services
26,Male,Jaipur,Vivo,iOS,8.5,39.5,22.4,143,2.0,8622,5.6,3.1,416,Entertainment,0,9038,Mature High Spender,Upsell premium services
31,Male,Kolkata,Google Pixel,Android,7.6,8.3,133.4,51,1.5,6372,5.7,1.3,512,Education,0,6884,Mature High Spender,Upsell premium services
45,Male,Jaipur,Motorola,iOS,2.8,25.2,166.3,87,3.0,8330,7.4,3.0,1409,Education,0,9739,Mature High Spender,Upsell premium services
17,Male,Pune,Apple,iOS,8.7,21.1,174.4,116,0.9,8272,0.7,0.2,1021,Work,0,9293,Mature High Spender,Upsell premium services
55,Female,Bangalore,Realme,Android,6.7,20.4,231.3,196,2.6,6755,5.4,1.4,1091,Work,0,7846,Mature High Spender,Upsell premium services
33,Other,Pune,OnePlus,iOS,4.9,18.7,41.2,128,1.0,5698,3.1,0.7,1530,Gaming,0,7228,Mature High Spender,Upsell premium services
51,Male,Kolkata,Google Pixel,iOS,1.1,43.2,81.5,187,1.8,8136,4.2,4.0,907,Work,0,9043,Mature High Spender,Upsell premium services
42,Male,Jaipur,Vivo,Android,6.1,4.1,112.1,150,2.8,8946,7.6,4.6,203,Entertainment,0,9149,Mature High Spender,Upsell premium services
42,Female,Pune,Apple,Android,5.2,18.6,297.6,39,1.4,7996,1.4,3.3,1759,Work,0,9755,Mature High Spender,Upsell premium services
52,Female,Lucknow,Samsung,Android,3.7,22.9,61.4,18,1.7,4683,2.9,4.9,1040,Gaming,0,5723,Mature High Spender,Upsell premium services
41,Male,Lucknow,Realme,iOS,9.7,24.0,107.5,19,2.0,9153,2.3,0.6,1792,Social Media,0,10945,Mature High Spender,Upsell premium services
31,Other,Bangalore,Google Pixel,Android,3.2,20.3,144.8,66,2.2,7454,5.4,1.2,1953,Social Media,0,9407,Mature High Spender,Upsell premium services
56,Other,Hyderabad,Samsung,Android,2.5,4.5,287.4,152,2.1,9645,3.1,4.1,1761,Education,0,11406,Mature High Spender,Upsell premium services
19,Other,Hyderabad,Google Pixel,iOS,9.8,36.2,28.6,44,0.8,9338,7.4,3.3,1115,Work,0,10453,Mature High Spender,Upsell premium services
47,Male,Kolkata,Samsung,Android,7.2,33.0,194.5,84,1.5,6253,2.0,3.1,1995,Education,0,8248,Mature High Spender,Upsell premium services
50,Female,Lucknow,Oppo,iOS,10.7,8.5,265.1,134,2.3,9693,1.2,4.4,474,Education,0,10167,Mature High Spender,Upsell premium services
48,Female,Delhi,Xiaomi,Android,9.6,25.3,159.6,87,0.7,6292,5.7,4.6,1981,Social Media,0,8273,Mature High Spender,Upsell premium services
35,Female,Jaipur,Realme,iOS,3.9,4.9,285.3,61,2.4,6126,5.5,3.5,412,Gaming,0,6538,Mature High Spender,Upsell premium services
41,Male,Chennai,Motorola,iOS,4.4,46.5,242.6,114,0.5,9408,6.5,0.9,1746,Social Media,0,11154,Mature High Spender,Upsell premium services
44,Other,Hyderabad,Vivo,Android,6.3,47.6,131.2,121,0.9,3067,6.9,0.7,166,Work,0,3233,Mature High Spender,Upsell premium services
56,Male,Pune,Realme,Android,10.7,33.3,96.6,104,0.7,5298,7.4,4.0,1983,Education,0,7281,Mature High Spender,Upsell premium services
39,Male,Chennai,Nokia,Android,6.5,11.8,232.8,76,1.5,5088,5.3,1.7,1062,Education,0,6150,Mature High Spender,Upsell premium services
39,Male,Kolkata,Samsung,iOS,5.6,40.2,111.4,191,1.2,9033,2.7,2.3,323,Education,0,9356,Mature High Spender,Upsell premium services
60,Female,Kolkata,Motorola,iOS,11.8,29.6,73.1,87,2.5,7163,1.5,1.1,1020,Education,0,8183,Mature High Spender,Upsell premium services
39,Female,Bangalore,Vivo,iOS,11.8,23.2,169.4,38,2.3,4877,7.7,1.0,1267,Social Media,0,6144,Mature High Spender,Upsell premium services
59,Female,Mumbai,OnePlus,Android,2.8,13.9,25.9,165,2.0,9430,2.1,0.9,921,Work,0,10351,Mature High Spender,Upsell premium services
44,Female,Chennai,Nokia,Android,5.7,42.0,195.6,76,3.2,9078,2.9,0.1,1879,Entertainment,0,10957,Mature High Spender,Upsell premium services
38,Other,Mumbai,Nokia,Android,6.5,40.4,38.7,26,0.9,2757,3.6,0.7,1451,Social Media,0,4208,Mature High Spender,Upsell premium services
52,Male,Delhi,Vivo,iOS,9.4,44.7,52.5,199,1.5,5936,5.6,4.1,852,Gaming,0,6788,Mature High Spender,Upsell premium services
45,Male,Hyderabad,Google Pixel,Android,4.9,9.3,278.5,20,0.7,9415,6.8,4.5,114,Work,0,9529,Mature High Spender,Upsell premium services
24,Male,Jaipur,Apple,Android,9.1,31.3,174.7,115,0.6,9166,6.1,3.3,674,Entertainment,0,9840,Mature High Spender,Upsell premium services
58,Other,Hyderabad,Vivo,iOS,4.1,21.7,16.2,144,1.4,6461,2.7,3.0,1652,Gaming,0,8113,Mature High Spender,Upsell premium services
47,Male,Jaipur,Xiaomi,Android,8.6,11.9,166.6,62,2.2,5483,4.2,0.4,1890,Entertainment,0,7373,Mature High Spender,Upsell premium services
50,Female,Lucknow,Samsung,Android,9.2,12.8,252.8,161,3.2,8468,7.8,4.7,639,Social Media,0,9107,Mature High Spender,Upsell premium services
47,Female,Jaipur,Xiaomi,Android,9.4,41.3,251.5,163,1.1,3823,7.2,1.7,1544,Work,0,5367,Mature High Spender,Upsell premium services
18,Female,Mumbai,Samsung,Android,8.4,21.5,269.0,74,2.5,7993,7.2,3.9,849,Entertainment,0,8842,Mature High Spender,Upsell premium services
59,Other,Hyderabad,Xiaomi,iOS,3.1,36.2,189.4,70,0.5,8891,3.5,1.1,1869,Gaming,0,10760,Mature High Spender,Upsell premium services
40,Other,Ahmedabad,Google Pixel,iOS,10.5,33.6,232.3,59,2.5,7301,6.2,1.5,593,Work,0,7894,Mature High Spender,Upsell premium services
44,Female,Delhi,Motorola,iOS,7.3,33.2,221.0,12,2.1,9418,1.7,3.9,1087,Social Media,0,10505,Mature High Spender,Upsell premium services
54,Male,Delhi,Apple,iOS,8.9,35.3,22.0,97,0.9,7374,6.2,0.7,1033,Entertainment,0,8407,Mature High Spender,Upsell premium services
50,Female,Jaipur,Motorola,Android,9.0,33.1,272.6,166,2.2,7346,2.9,4.9,654,Gaming,0,8000,Mature High Spender,Upsell premium services
59,Other,Mumbai,Samsung,Android,11.8,44.7,22.5,80,1.7,9494,1.2,4.7,250,Education,0,9744,Mature High Spender,Upsell premium services
35,Female,Bangalore,Xiaomi,iOS,11.2,10.4,106.8,187,2.0,7571,6.5,4.3,1199,Education,0,8770,Mature High Spender,Upsell premium services
31,Female,Kolkata,Motorola,Android,2.9,26.0,12.2,33,1.2,4863,0.9,4.7,600,Social Media,0,5463,Mature High Spender,Upsell premium services
57,Female,Jaipur,Xiaomi,Android,4.8,18.1,73.1,142,1.3,9602,1.4,4.8,1082,Work,0,10684,Mature High Spender,Upsell premium services
25,Female,Bangalore,Apple,iOS,4.1,1.6,49.5,147,2.4,6623,2.4,1.7,1248,Education,0,7871,Mature High Spender,Upsell premium services
39,Female,Lucknow,Xiaomi,iOS,8.8,3.4,121.1,126,1.2,6134,7.3,4.8,851,Work,0,6985,Mature High Spender,Upsell premium services
43,Other,Delhi,Xiaomi,iOS,3.5,40.6,286.3,75,2.7,5939,3.0,4.5,360,Entertainment,0,6299,Mature High Spender,Upsell premium services
54,Other,Chennai,Apple,Android,2.8,13.6,102.8,49,2.8,9775,7.7,4.7,1212,Education,0,10987,Mature High Spender,Upsell premium services
48,Male,Pune,Motorola,Android,10.0,42.1,202.0,75,0.5,3391,5.8,0.7,244,Work,0,3635,Mature High Spender,Upsell premium services
38,Female,Ahmedabad,Samsung,Android,5.0,31.2,76.7,177,2.7,4792,7.7,0.7,1633,Education,0,6425,Mature High Spender,Upsell premium services
31,Female,Lucknow,Motorola,iOS,4.6,14.9,278.4,37,3.0,8652,7.9,3.7,314,Entertainment,0,8966,Mature High Spender,Upsell premium services
53,Other,Jaipur,Oppo,Android,5.1,11.2,77.8,88,2.1,5240,4.0,0.4,916,Entertainment,0,6156,Mature High Spender,Upsell premium services
27,Male,Ahmedabad,Realme,Android,10.8,39.6,213.8,59,0.7,5797,3.1,2.0,1923,Gaming,0,7720,Mature High Spender,Upsell premium services
33,Other,Bangalore,Realme,Android,8.5,23.4,152.8,47,2.3,9842,6.5,1.3,552,Entertainment,0,10394,Mature High Spender,Upsell premium services
34,Female,Mumbai,Realme,iOS,3.3,36.2,19.1,181,0.8,7030,1.7,0.1,1660,Gaming,0,8690,Mature High Spender,Upsell premium services
22,Other,Pune,Oppo,Android,6.0,36.4,140.7,194,1.3,7935,3.0,0.3,1315,Education,0,9250,Mature High Spender,Upsell premium services
15,Other,Ahmedabad,Nokia,iOS,9.2,28.4,38.9,92,1.6,7484,4.1,1.8,915,Gaming,0,8399,Mature High Spender,Upsell premium services
49,Other,Delhi,Samsung,iOS,1.3,23.3,22.1,148,0.5,6261,3.6,1.4,1221,Social Media,0,7482,Mature High Spender,Upsell premium services
15,Male,Pune,Realme,iOS,10.4,43.6,21.0,167,1.1,8614,6.5,4.1,1637,Entertainment,0,10251,Mature High Spender,Upsell premium services
32,Female,Delhi,Samsung,iOS,12.0,19.1,74.1,40,1.5,6786,2.3,1.4,1808,Education,0,8594,Mature High Spender,Upsell premium services
52,Female,Pune,OnePlus,Android,7.8,25.1,111.2,112,1.6,7816,2.3,2.5,1017,Entertainment,0,8833,Mature High Spender,Upsell premium services
47,Other,Bangalore,Apple,Android,11.0,28.4,269.1,187,0.8,3890,4.0,1.7,971,Work,0,4861,Mature High Spender,Upsell premium services
34,Other,Ahmedabad,Apple,Android,7.7,28.2,140.7,129,0.9,8347,4.6,0.6,1659,Social Media,0,10006,Mature High Spender,Upsell premium services
54,Female,Delhi,Motorola,Android,5.8,2.3,105.6,24,0.7,8965,1.2,3.0,1300,Gaming,0,10265,Mature High Spender,Upsell premium services
59,Male,Ahmedabad,Realme,Android,11.1,33.6,18.1,71,1.3,5577,7.9,4.3,1006,Education,0,6583,Mature High Spender,Upsell premium services
55,Female,Hyderabad,Nokia,Android,4.9,6.8,171.1,43,1.6,7354,7.3,1.7,853,Social Media,0,8207,Mature High Spender,Upsell premium services
53,Male,Hyderabad,Oppo,Android,5.7,42.6,6.6,142,2.6,9623,6.9,3.1,390,Entertainment,0,10013,Mature High Spender,Upsell premium services
60,Female,Lucknow,Xiaomi,iOS,7.4,35.3,20.2,27,2.8,9723,3.7,1.9,1650,Education,0,11373,Mature High Spender,Upsell premium services
24,Male,Chennai,Xiaomi,Android,5.0,38.0,201.9,66,2.3,8470,2.8,0.9,1007,Education,0,9477,Mature High Spender,Upsell premium services
27,Other,Pune,Google Pixel,iOS,2.6,26.9,153.0,94,2.5,8218,7.7,4.9,791,Gaming,0,9009,Mature High Spender,Upsell premium services
46,Female,Delhi,OnePlus,Android,5.9,41.1,168.8,168,1.2,7824,5.6,2.7,1193,Social Media,0,9017,Mature High Spender,Upsell premium services
37,Female,Chennai,Motorola,iOS,1.5,8.0,296.4,35,2.1,9407,5.9,0.1,900,Work,0,10307,Mature High Spender,Upsell premium services
48,Female,Bangalore,OnePlus,Android,1.5,33.7,142.6,54,0.9,4844,3.6,3.2,1989,Education,0,6833,Mature High Spender,Upsell premium services
22,Male,Bangalore,Motorola,Android,8.8,32.3,245.2,73,2.1,8829,7.5,2.9,1771,Work,0,10600,Mature High Spender,Upsell premium services
31,Male,Ahmedabad,Nokia,iOS,2.2,29.2,257.1,30,3.2,6505,5.1,2.4,1394,Entertainment,0,7899,Mature High Spender,Upsell premium services
59,Other,Hyderabad,Apple,Android,10.4,22.7,187.1,14,0.6,8906,1.7,3.7,1209,Work,0,10115,Mature High Spender,Upsell premium services
22,Other,Mumbai,Vivo,iOS,6.9,18.9,201.5,88,1.4,6605,3.9,4.2,112,Education,0,6717,Mature High Spender,Upsell premium services
42,Female,Jaipur,Vivo,Android,11.5,23.0,101.6,133,1.2,3377,3.4,2.1,149,Gaming,0,3526,Mature High Spender,Upsell premium services
56,Other,Pune,Oppo,iOS,9.6,17.2,297.3,135,0.7,4701,1.8,0.6,146,Entertainment,0,4847,Mature High Spender,Upsell premium services
41,Female,Ahmedabad,Google Pixel,Android,11.9,1.0,192.9,24,0.8,6293,4.5,2.1,317,Education,0,6610,Mature High Spender,Upsell premium services
29,Female,Jaipur,Google Pixel,iOS,11.3,1.6,67.0,10,1.6,7958,0.6,1.3,1474,Education,0,9432,Mature High Spender,Upsell premium services
59,Female,Chennai,Oppo,Android,8.7,22.0,226.4,48,2.0,7434,6.7,2.2,902,Entertainment,0,8336,Mature High Spender,Upsell premium services
21,Male,Pune,Vivo,iOS,4.7,1.1,23.1,41,1.8,8194,3.6,4.1,427,Social Media,0,8621,Mature High Spender,Upsell premium services
24,Female,Hyderabad,OnePlus,Android,5.8,32.8,293.6,13,2.1,8322,6.5,3.7,271,Social Media,0,8593,Mature High Spender,Upsell premium services
35,Other,Lucknow,Xiaomi,Android,6.0,4.3,218.9,171,3.0,7223,3.8,2.9,1820,Work,0,9043,Mature High Spender,Upsell premium services
37,Male,Jaipur,Vivo,iOS,1.1,16.0,155.8,155,1.1,4422,8.0,0.1,389,Work,0,4811,Mature High Spender,Upsell premium services
52,Other,Lucknow,Oppo,Android,8.2,14.3,216.3,32,2.3,8499,2.9,4.8,1855,Work,0,10354,Mature High Spender,Upsell premium services
30,Male,Ahmedabad,Vivo,iOS,10.0,47.0,71.1,147,0.8,7772,4.5,3.3,1054,Education,0,8826,Mature High Spender,Upsell premium services
49,Female,Delhi,Nokia,Android,9.3,8.7,6.0,168,2.0,7499,5.0,4.1,546,Social Media,0,8045,Mature High Spender,Upsell premium services
45,Male,Lucknow,Motorola,Android,8.8,34.4,217.8,28,1.0,6413,3.8,2.5,701,Gaming,0,7114,Mature High Spender,Upsell premium services
39,Female,Chennai,Vivo,iOS,10.3,42.8,199.6,22,2.7,7105,1.2,0.6,290,Education,0,7395,Mature High Spender,Upsell premium services
34,Other,Bangalore,Oppo,Android,10.2,5.0,137.7,25,2.3,7255,3.9,1.2,1309,Gaming,0,8564,Mature High Spender,Upsell premium services
45,Male,Pune,Google Pixel,Android,1.8,49.2,8.7,122,1.9,6944,3.6,3.9,1807,Gaming,0,8751,Mature High Spender,Upsell premium services
39,Female,Jaipur,Motorola,iOS,4.4,10.0,95.3,172,1.7,3971,6.2,4.1,1565,Gaming,0,5536,Mature High Spender,Upsell premium services
55,Other,Ahmedabad,Vivo,iOS,6.9,17.2,247.1,67,1.5,7382,4.2,2.7,1364,Social Media,0,8746,Mature High Spender,Upsell premium services
32,Male,Hyderabad,OnePlus,Android,2.4,9.8,50.2,139,1.6,6191,7.7,1.8,247,Social Media,0,6438,Mature High Spender,Upsell premium services
53,Female,Bangalore,Realme,iOS,9.8,7.8,88.9,180,0.8,6504,5.5,1.0,1572,Work,0,8076,Mature High Spender,Upsell premium services
22,Male,Hyderabad,Motorola,iOS,2.8,44.1,229.3,115,2.4,8301,4.0,3.2,1696,Social Media,0,9997,Mature High Spender,Upsell premium services
30,Female,Ahmedabad,Google Pixel,iOS,3.7,4.4,221.3,173,1.9,8779,3.4,1.1,1820,Social Media,0,10599,Mature High Spender,Upsell premium services
38,Male,Delhi,OnePlus,Android,9.0,29.8,102.4,138,2.0,4695,6.8,1.8,1052,Social Media,0,5747,Mature High Spender,Upsell premium services
43,Other,Bangalore,Apple,Android,11.1,42.4,282.2,117,1.0,6494,6.7,4.3,609,Education,0,7103,Mature High Spender,Upsell premium services
54,Female,Pune,Google Pixel,iOS,8.0,19.3,170.0,161,2.0,5776,4.3,4.2,1132,Work,0,6908,Mature High Spender,Upsell premium services
48,Other,Kolkata,Nokia,Android,4.2,24.4,262.0,154,1.6,3866,6.5,4.4,1968,Social Media,0,5834,Mature High Spender,Upsell premium services
40,Male,Bangalore,Nokia,Android,10.9,3.2,50.9,19,1.6,7122,5.4,4.9,1903,Education,0,9025,Mature High Spender,Upsell premium services
20,Other,Kolkata,Oppo,iOS,1.0,31.5,54.5,57,1.1,9436,4.1,3.2,108,Education,0,9544,Mature High Spender,Upsell premium services
54,Other,Chennai,OnePlus,Android,4.4,39.8,98.7,169,0.8,9720,4.6,0.0,1157,Entertainment,0,10877,Mature High Spender,Upsell premium services
36,Other,Chennai,Samsung,iOS,4.7,17.3,40.3,165,1.2,8823,7.0,2.4,994,Work,0,9817,Mature High Spender,Upsell premium services
47,Female,Bangalore,Xiaomi,Android,5.1,41.0,26.5,108,1.6,4617,1.5,2.8,540,Education,0,5157,Mature High Spender,Upsell premium services
31,Female,Lucknow,Oppo,Android,3.8,22.0,266.1,108,3.2,8498,3.0,3.0,880,Entertainment,0,9378,Mature High Spender,Upsell premium services
30,Other,Mumbai,Vivo,iOS,2.5,6.9,113.8,154,2.0,9811,6.8,0.4,806,Education,0,10617,Mature High Spender,Upsell premium services
55,Female,Bangalore,Apple,Android,1.6,49.1,179.1,15,3.6,9552,6.2,4.9,1842,Social Media,0,11394,Mature High Spender,Upsell premium services
46,Male,Ahmedabad,Apple,Android,2.4,30.8,147.3,83,2.3,5605,7.3,0.8,865,Gaming,0,6470,Mature High Spender,Upsell premium services
38,Other,Delhi,Xiaomi,iOS,11.0,32.7,237.5,38,1.3,7240,2.9,3.1,777,Education,0,8017,Mature High Spender,Upsell premium services
47,Other,Ahmedabad,Realme,Android,9.7,9.9,90.2,71,2.5,9310,4.8,4.0,329,Social Media,0,9639,Mature High Spender,Upsell premium services
50,Other,Jaipur,Apple,Android,2.0,31.5,294.1,197,2.2,5390,3.0,3.3,465,Education,0,5855,Mature High Spender,Upsell premium services
47,Male,Chennai,Oppo,iOS,8.8,7.8,6.6,81,2.2,7931,4.2,3.0,607,Entertainment,0,8538,Mature High Spender,Upsell premium services
18,Other,Ahmedabad,Samsung,Android,8.6,6.4,9.9,112,2.0,7661,2.2,5.0,464,Entertainment,0,8125,Mature High Spender,Upsell premium services
39,Other,Lucknow,Nokia,iOS,9.4,43.1,215.0,110,0.7,9045,1.9,4.5,1489,Education,0,10534,Mature High Spender,Upsell premium services
38,Other,Hyderabad,Apple,iOS,10.5,19.2,11.5,88,2.2,8718,4.7,3.8,1148,Work,0,9866,Mature High Spender,Upsell premium services
36,Male,Delhi,OnePlus,Android,10.0,4.0,69.2,25,1.3,4246,3.7,2.5,477,Social Media,0,4723,Mature High Spender,Upsell premium services
19,Female,Mumbai,Realme,iOS,8.3,26.1,33.1,155,1.0,9191,4.5,4.6,824,Gaming,0,10015,Mature High Spender,Upsell premium services
34,Other,Bangalore,Vivo,Android,6.3,16.2,16.8,53,1.7,4756,4.1,0.9,1425,Education,0,6181,Mature High Spender,Upsell premium services
51,Other,Hyderabad,Nokia,Android,9.2,26.7,163.9,32,0.9,4404,3.1,2.9,531,Social Media,0,4935,Mature High Spender,Upsell premium services
60,Male,Delhi,Oppo,iOS,5.5,45.2,267.7,81,2.2,5864,5.9,4.6,1468,Work,0,7332,Mature High Spender,Upsell premium services
41,Other,Delhi,Realme,iOS,11.6,24.8,12.5,120,1.0,3972,3.8,2.2,1498,Gaming,0,5470,Mature High Spender,Upsell premium services
54,Male,Kolkata,Xiaomi,iOS,5.1,18.9,249.6,171,2.5,6474,6.2,2.2,937,Work,0,7411,Mature High Spender,Upsell premium services
26,Other,Delhi,Xiaomi,Android,3.9,24.0,290.3,55,2.2,8942,0.7,0.7,1164,Social Media,0,10106,Mature High Spender,Upsell premium services
24,Other,Hyderabad,Samsung,iOS,9.7,22.1,95.3,179,0.6,5413,1.1,2.6,533,Education,0,5946,Mature High Spender,Upsell premium services
42,Other,Delhi,Samsung,Android,1.8,27.6,220.8,164,0.7,4702,7.9,5.0,555,Work,0,5257,Mature High Spender,Upsell premium services
49,Male,Ahmedabad,Oppo,Android,7.2,7.6,78.2,139,2.6,6083,3.2,3.3,969,Social Media,0,7052,Mature High Spender,Upsell premium services
18,Female,Pune,Nokia,Android,1.5,42.0,271.0,143,1.8,9182,6.5,0.7,1111,Education,0,10293,Mature High Spender,Upsell premium services
43,Male,Mumbai,Oppo,iOS,5.1,7.5,134.7,172,2.4,7965,5.9,1.3,1613,Education,0,9578,Mature High Spender,Upsell premium services
30,Male,Ahmedabad,Samsung,iOS,3.2,27.8,219.3,198,1.0,7512,5.3,1.7,1570,Gaming,0,9082,Mature High Spender,Upsell premium services
43,Male,Ahmedabad,Samsung,Android,7.3,26.1,173.9,12,0.9,7429,3.7,3.1,1616,Social Media,0,9045,Mature High Spender,Upsell premium services
59,Female,Jaipur,Apple,Android,9.9,33.4,208.9,106,2.2,7398,2.9,4.1,950,Work,0,8348,Mature High Spender,Upsell premium services
42,Male,Bangalore,Motorola,Android,11.1,6.9,52.0,101,3.0,6459,3.4,3.2,199,Education,0,6658,Mature High Spender,Upsell premium services
21,Female,Lucknow,OnePlus,Android,4.6,33.5,149.8,119,1.8,6946,4.3,3.6,1307,Work,0,8253,Mature High Spender,Upsell premium services
22,Female,Delhi,Motorola,Android,10.1,27.6,92.2,118,0.9,7875,6.6,4.6,774,Work,0,8649,Mature High Spender,Upsell premium services
36,Male,Pune,OnePlus,Android,7.4,41.6,121.2,21,0.5,5857,5.2,4.6,1723,Work,0,7580,Mature High Spender,Upsell premium services
48,Other,Chennai,Google Pixel,iOS,8.2,3.9,188.9,83,0.5,8420,0.6,2.3,1251,Work,0,9671,Mature High Spender,Upsell premium services
52,Other,Bangalore,Vivo,iOS,1.9,23.9,279.1,185,1.0,4337,1.0,2.2,1995,Social Media,0,6332,Mature High Spender,Upsell premium services
54,Male,Hyderabad,Oppo,Android,4.6,11.0,61.3,194,1.5,6285,2.6,2.0,1677,Education,0,7962,Mature High Spender,Upsell premium services
22,Female,Kolkata,Oppo,Android,3.0,45.3,28.9,142,0.8,7728,7.1,4.8,1939,Entertainment,0,9667,Mature High Spender,Upsell premium services
46,Male,Ahmedabad,Oppo,Android,3.4,15.9,165.5,134,1.9,5187,3.7,2.0,1822,Social Media,0,7009,Mature High Spender,Upsell premium services
19,Other,Ahmedabad,Oppo,iOS,10.8,28.5,190.4,64,0.8,9032,2.0,3.7,1199,Social Media,0,10231,Mature High Spender,Upsell premium services
44,Other,Pune,Realme,Android,8.1,3.8,167.4,104,0.9,9366,7.3,2.8,1486,Social Media,0,10852,Mature High Spender,Upsell premium services
35,Male,Mumbai,Nokia,iOS,3.6,47.0,99.4,70,0.7,3158,6.6,3.2,1397,Social Media,0,4555,Mature High Spender,Upsell premium services
25,Male,Chennai,OnePlus,iOS,10.3,29.7,293.1,89,1.0,6160,0.8,1.5,917,Work,0,7077,Mature High Spender,Upsell premium services
56,Male,Pune,Motorola,iOS,4.3,16.9,122.5,23,2.1,9065,7.2,3.8,284,Entertainment,0,9349,Mature High Spender,Upsell premium services
37,Male,Pune,Samsung,iOS,12.0,23.2,63.4,151,1.2,5762,4.9,4.2,441,Education,0,6203,Mature High Spender,Upsell premium services
48,Other,Bangalore,Nokia,Android,9.0,14.0,188.1,103,3.3,6856,6.3,2.8,1314,Gaming,0,8170,Mature High Spender,Upsell premium services
19,Female,Chennai,Samsung,iOS,7.4,1.5,252.6,171,2.2,9257,5.3,1.4,1979,Entertainment,0,11236,Mature High Spender,Upsell premium services
36,Female,Mumbai,Apple,Android,6.8,49.5,288.5,90,1.4,7273,1.2,0.2,1400,Social Media,0,8673,Mature High Spender,Upsell premium services
46,Other,Mumbai,Apple,iOS,2.9,37.2,79.1,57,1.1,9319,0.6,4.9,1628,Social Media,0,10947,Mature High Spender,Upsell premium services
58,Male,Ahmedabad,Samsung,Android,8.8,32.7,249.1,70,1.2,5580,6.5,4.4,1871,Entertainment,0,7451,Mature High Spender,Upsell premium services
35,Female,Jaipur,Google Pixel,Android,9.8,48.7,266.2,165,1.7,8396,3.4,1.8,1855,Entertainment,0,10251,Mature High Spender,Upsell premium services
39,Female,Delhi,Nokia,iOS,1.9,22.9,186.1,96,1.5,5896,5.4,1.8,741,Education,0,6637,Mature High Spender,Upsell premium services
44,Male,Bangalore,Xiaomi,Android,11.5,47.1,255.6,14,0.7,3082,5.6,0.8,318,Entertainment,0,3400,Mature High Spender,Upsell premium services
40,Female,Jaipur,Xiaomi,iOS,10.7,35.0,53.7,140,1.0,8463,7.7,0.3,157,Work,0,8620,Mature High Spender,Upsell premium services
37,Other,Jaipur,Oppo,Android,8.0,43.5,99.0,191,3.0,9904,1.8,0.7,107,Entertainment,0,10011,Mature High Spender,Upsell premium services
24,Other,Lucknow,OnePlus,Android,7.4,27.9,230.9,59,1.8,8461,3.9,0.7,580,Social Media,0,9041,Mature High Spender,Upsell premium services
47,Other,Mumbai,Oppo,iOS,8.9,28.7,298.7,40,1.9,4166,4.3,0.4,1568,Social Media,0,5734,Mature High Spender,Upsell premium services
59,Female,Pune,Realme,Android,4.9,6.9,194.4,141,0.8,9518,2.6,4.6,1748,Education,0,11266,Mature High Spender,Upsell premium services
58,Female,Jaipur,Vivo,iOS,9.6,12.4,108.5,124,1.6,7809,1.6,0.7,1906,Social Media,0,9715,Mature High Spender,Upsell premium services
42,Other,Ahmedabad,Google Pixel,iOS,2.0,41.9,50.3,103,0.8,6403,7.0,2.2,1732,Social Media,0,8135,Mature High Spender,Upsell premium services
56,Male,Chennai,Xiaomi,iOS,1.3,5.7,145.2,27,3.0,9167,7.2,1.4,755,Gaming,0,9922,Mature High Spender,Upsell premium services
52,Other,Hyderabad,Samsung,Android,2.4,26.3,121.2,83,1.1,6235,6.0,0.7,151,Entertainment,0,6386,Mature High Spender,Upsell premium services
60,Other,Delhi,Vivo,iOS,4.1,7.7,181.5,27,0.7,4109,6.3,4.6,1046,Entertainment,0,5155,Mature High Spender,Upsell premium services
59,Male,Pune,Samsung,iOS,8.4,47.5,192.4,176,2.1,9851,3.6,3.0,1716,Gaming,0,11567,Mature High Spender,Upsell premium services
38,Male,Delhi,OnePlus,iOS,2.1,17.3,164.0,160,1.7,7472,6.6,2.6,905,Entertainment,0,8377,Mature High Spender,Upsell premium services
56,Other,Chennai,Xiaomi,Android,3.9,33.5,129.8,43,1.8,6400,3.6,0.5,1291,Gaming,0,7691,Mature High Spender,Upsell premium services
40,Male,Kolkata,Xiaomi,iOS,9.0,1.9,280.5,194,2.8,8887,5.1,1.5,148,Education,0,9035,Mature High Spender,Upsell premium services
54,Female,Pune,Nokia,iOS,4.6,5.5,179.6,189,0.9,3790,5.7,2.8,1812,Gaming,0,5602,Mature High Spender,Upsell premium services
48,Male,Chennai,Realme,Android,11.4,2.0,229.3,107,1.2,6537,5.5,0.6,434,Social Media,0,6971,Mature High Spender,Upsell premium services
48,Other,Bangalore,Samsung,iOS,5.8,42.2,145.6,168,0.8,9346,0.8,4.3,803,Entertainment,0,10149,Mature High Spender,Upsell premium services
33,Other,Jaipur,Google Pixel,iOS,6.0,10.1,239.0,14,3.0,9921,1.9,3.0,1303,Entertainment,0,11224,Mature High Spender,Upsell premium services
20,Female,Chennai,Xiaomi,iOS,11.8,3.6,81.0,135,0.5,8148,1.1,0.8,456,Work,0,8604,Mature High Spender,Upsell premium services
40,Other,Chennai,Apple,iOS,8.8,31.3,167.8,84,1.1,5245,0.8,0.5,1266,Work,0,6511,Mature High Spender,Upsell premium services
55,Male,Jaipur,Realme,iOS,1.6,11.0,239.5,39,1.6,4332,3.0,2.2,294,Entertainment,0,4626,Mature High Spender,Upsell premium services
53,Other,Bangalore,Realme,Android,1.4,18.0,231.7,69,2.4,8588,7.0,0.6,1575,Education,0,10163,Mature High Spender,Upsell premium services
35,Male,Jaipur,Motorola,Android,10.6,10.0,241.2,83,0.8,3498,3.5,0.8,1620,Education,0,5118,Mature High Spender,Upsell premium services
50,Male,Chennai,Xiaomi,Android,5.4,13.4,169.5,163,2.1,8738,6.9,0.6,100,Work,0,8838,Mature High Spender,Upsell premium services
43,Other,Bangalore,Oppo,Android,8.6,3.3,149.4,136,1.7,8138,7.7,1.8,742,Social Media,0,8880,Mature High Spender,Upsell premium services
36,Other,Mumbai,Google Pixel,iOS,7.1,8.1,65.5,168,2.1,7819,6.8,3.8,393,Gaming,0,8212,Mature High Spender,Upsell premium services
20,Female,Kolkata,Motorola,Android,8.9,25.2,40.5,159,1.1,9978,3.5,4.6,965,Entertainment,0,10943,Mature High Spender,Upsell premium services
54,Female,Bangalore,Google Pixel,iOS,1.3,48.6,261.9,123,2.2,8522,1.5,3.1,218,Education,0,8740,Mature High Spender,Upsell premium services
46,Female,Jaipur,Motorola,Android,4.9,22.9,270.6,166,1.8,5336,6.9,1.4,858,Entertainment,0,6194,Mature High Spender,Upsell premium services
42,Other,Kolkata,Google Pixel,iOS,2.9,28.3,284.4,24,3.3,6770,6.5,2.8,1129,Social Media,0,7899,Mature High Spender,Upsell premium services
47,Male,Delhi,Motorola,Android,9.0,20.3,226.6,175,1.5,6640,2.8,2.9,144,Work,0,6784,Mature High Spender,Upsell premium services
24,Female,Ahmedabad,OnePlus,Android,7.3,20.8,20.8,60,1.5,9406,3.1,4.9,1773,Education,0,11179,Mature High Spender,Upsell premium services
55,Male,Chennai,OnePlus,Android,5.7,1.9,148.7,60,2.8,7777,4.7,4.7,1999,Social Media,0,9776,Mature High Spender,Upsell premium services
43,Other,Pune,OnePlus,iOS,1.5,45.0,118.8,45,0.8,2606,3.8,5.0,532,Work,0,3138,Mature High Spender,Upsell premium services
46,Female,Ahmedabad,OnePlus,iOS,4.2,7.1,91.5,136,1.4,6110,6.6,4.9,647,Entertainment,0,6757,Mature High Spender,Upsell premium services
24,Other,Lucknow,Samsung,Android,1.2,23.9,95.4,106,0.8,9823,1.3,4.6,528,Gaming,0,10351,Mature High Spender,Upsell premium services
23,Male,Hyderabad,Nokia,Android,4.1,19.4,231.0,48,1.0,7989,4.3,4.4,1406,Gaming,0,9395,Mature High Spender,Upsell premium services
43,Male,Pune,Xiaomi,Android,1.1,2.1,61.1,63,1.1,4393,6.9,1.8,262,Entertainment,0,4655,Mature High Spender,Upsell premium services
53,Female,Bangalore,Vivo,Android,3.7,47.0,117.4,152,3.1,7828,4.5,4.2,998,Gaming,0,8826,Mature High Spender,Upsell premium services
40,Other,Hyderabad,Realme,iOS,6.3,1.6,102.5,104,1.5,3588,6.0,2.1,587,Entertainment,0,4175,Mature High Spender,Upsell premium services
56,Other,Delhi,OnePlus,iOS,1.3,17.3,240.2,116,2.8,9406,1.3,1.8,599,Social Media,0,10005,Mature High Spender,Upsell premium services
35,Other,Mumbai,Nokia,Android,5.7,29.9,206.6,139,2.2,4980,1.4,1.5,1654,Work,0,6634,Mature High Spender,Upsell premium services
23,Male,Lucknow,OnePlus,Android,8.5,36.6,137.5,159,0.8,6617,6.6,3.3,1449,Social Media,0,8066,Mature High Spender,Upsell premium services
26,Male,Hyderabad,Vivo,iOS,4.3,34.6,201.2,102,1.5,8538,6.2,3.6,694,Entertainment,0,9232,Mature High Spender,Upsell premium services
21,Female,Pune,Nokia,iOS,2.0,25.4,286.9,44,1.8,9949,7.2,4.0,1571,Work,0,11520,Mature High Spender,Upsell premium services
21,Male,Ahmedabad,Apple,iOS,1.4,25.0,13.9,185,0.6,7461,3.0,1.5,1332,Gaming,0,8793,Mature High Spender,Upsell premium services
59,Male,Lucknow,Nokia,iOS,6.9,29.4,59.4,119,2.4,8656,2.5,1.8,1227,Education,0,9883,Mature High Spender,Upsell premium services
60,Male,Lucknow,Samsung,Android,3.5,35.6,126.5,14,0.6,7731,1.0,1.8,1980,Entertainment,0,9711,Mature High Spender,Upsell premium services
40,Female,Kolkata,Xiaomi,Android,7.8,43.8,113.9,145,1.7,3526,5.2,3.2,944,Gaming,0,4470,Mature High Spender,Upsell premium services
46,Male,Hyderabad,Oppo,iOS,9.6,22.8,130.1,65,3.0,9444,0.5,3.9,809,Entertainment,0,10253,Mature High Spender,Upsell premium services
30,Male,Lucknow,Samsung,iOS,6.9,7.7,60.1,140,0.6,4543,1.7,2.3,1350,Entertainment,0,5893,Mature High Spender,Upsell premium services
23,Male,Ahmedabad,Xiaomi,Android,1.4,24.1,160.8,68,0.5,9777,3.5,2.9,966,Entertainment,0,10743,Mature High Spender,Upsell premium services
26,Male,Ahmedabad,Apple,Android,4.1,48.4,187.9,172,1.9,8177,2.8,0.7,240,Social Media,0,8417,Mature High Spender,Upsell premium services
54,Male,Bangalore,Nokia,iOS,6.5,27.9,193.8,182,1.5,8418,5.8,1.8,1840,Gaming,0,10258,Mature High Spender,Upsell premium services
32,Other,Jaipur,Vivo,iOS,4.8,33.8,97.6,14,1.6,9156,1.3,3.2,515,Gaming,0,9671,Mature High Spender,Upsell premium services
54,Male,Lucknow,Samsung,iOS,6.7,1.9,190.2,65,1.0,6769,0.6,0.5,918,Work,0,7687,Mature High Spender,Upsell premium services
56,Male,Mumbai,Vivo,iOS,2.2,48.6,195.4,116,1.2,6949,4.7,2.5,1309,Social Media,0,8258,Mature High Spender,Upsell premium services
30,Other,Hyderabad,OnePlus,iOS,7.5,43.1,62.5,186,1.1,5368,4.6,4.3,1829,Entertainment,0,7197,Mature High Spender,Upsell premium services
56,Other,Lucknow,Samsung,iOS,7.5,10.4,255.6,145,1.1,5123,4.5,0.2,1879,Education,0,7002,Mature High Spender,Upsell premium services
54,Male,Pune,OnePlus,Android,11.7,23.5,219.7,68,1.7,6884,7.8,1.5,109,Work,0,6993,Mature High Spender,Upsell premium services
39,Other,Mumbai,Google Pixel,iOS,2.3,33.4,242.9,195,1.5,5130,7.7,2.6,1537,Entertainment,0,6667,Mature High Spender,Upsell premium services
39,Male,Pune,Samsung,iOS,11.5,45.4,216.1,184,2.3,7244,7.6,0.1,676,Social Media,0,7920,Mature High Spender,Upsell premium services
49,Male,Mumbai,OnePlus,iOS,2.6,4.1,242.8,158,2.4,6543,2.7,4.8,320,Work,0,6863,Mature High Spender,Upsell premium services
22,Other,Delhi,Motorola,iOS,9.0,47.3,81.6,70,0.6,6978,7.7,1.8,1740,Work,0,8718,Mature High Spender,Upsell premium services
40,Female,Mumbai,Samsung,iOS,3.8,15.1,192.7,12,2.4,7757,5.3,4.1,558,Entertainment,0,8315,Mature High Spender,Upsell premium services
58,Female,Delhi,Google Pixel,iOS,9.7,38.8,286.5,177,0.7,7088,5.0,0.3,602,Entertainment,0,7690,Mature High Spender,Upsell premium services
27,Male,Chennai,Motorola,iOS,6.2,6.6,272.7,143,2.1,6054,7.2,3.4,1644,Gaming,0,7698,Mature High Spender,Upsell premium services
27,Female,Jaipur,Xiaomi,iOS,5.8,27.7,105.7,85,1.6,9078,7.6,0.6,448,Gaming,0,9526,Mature High Spender,Upsell premium services
44,Other,Jaipur,Apple,Android,7.8,30.1,291.7,154,1.6,7310,4.6,1.9,420,Gaming,0,7730,Mature High Spender,Upsell premium services
46,Female,Hyderabad,Google Pixel,iOS,8.0,27.2,223.1,54,2.2,5006,2.9,0.9,1728,Education,0,6734,Mature High Spender,Upsell premium services
47,Male,Chennai,Vivo,Android,6.9,21.4,271.6,147,1.7,8858,2.8,3.9,1949,Gaming,0,10807,Mature High Spender,Upsell premium services
51,Other,Pune,Realme,Android,5.6,28.3,101.9,15,1.0,7635,3.2,3.1,771,Entertainment,0,8406,Mature High Spender,Upsell premium services
60,Male,Hyderabad,Xiaomi,Android,1.9,42.0,46.9,40,2.2,6941,7.2,4.6,818,Entertainment,0,7759,Mature High Spender,Upsell premium services
31,Female,Mumbai,Nokia,Android,6.6,6.7,294.6,115,2.7,8458,4.9,0.8,747,Work,0,9205,Mature High Spender,Upsell premium services
44,Other,Hyderabad,Apple,iOS,4.2,3.0,286.8,29,1.0,7007,3.7,0.7,409,Gaming,0,7416,Mature High Spender,Upsell premium services
51,Male,Hyderabad,Apple,Android,8.9,15.6,234.8,159,0.6,7332,4.5,0.8,735,Entertainment,0,8067,Mature High Spender,Upsell premium services
50,Other,Kolkata,OnePlus,Android,8.5,5.4,186.5,96,1.9,9532,7.6,3.2,710,Social Media,0,10242,Mature High Spender,Upsell premium services
36,Other,Jaipur,Samsung,Android,8.5,22.5,109.1,99,0.9,5996,2.4,1.6,651,Gaming,0,6647,Mature High Spender,Upsell premium services
38,Other,Delhi,Nokia,iOS,9.0,17.9,174.8,169,0.7,7637,0.5,0.7,737,Entertainment,0,8374,Mature High Spender,Upsell premium services
40,Other,Jaipur,Realme,Android,2.4,39.1,28.3,156,2.4,4792,7.2,2.4,719,Entertainment,0,5511,Mature High Spender,Upsell premium services
45,Other,Delhi,Oppo,Android,9.0,3.4,147.2,66,2.6,9898,5.8,3.1,1457,Gaming,0,11355,Mature High Spender,Upsell premium services
42,Other,Hyderabad,Samsung,iOS,5.3,10.4,43.7,110,0.7,3543,0.9,0.4,617,Entertainment,0,4160,Mature High Spender,Upsell premium services
53,Male,Hyderabad,Apple,Android,10.3,27.3,273.0,47,1.1,6373,4.3,4.3,1682,Social Media,0,8055,Mature High Spender,Upsell premium services
51,Other,Lucknow,Samsung,Android,6.5,23.6,283.1,187,3.1,9144,4.7,2.8,588,Gaming,0,9732,Mature High Spender,Upsell premium services
58,Female,Delhi,Apple,Android,2.6,33.1,223.5,92,0.5,9044,3.0,2.8,196,Gaming,0,9240,Mature High Spender,Upsell premium services
53,Other,Mumbai,Samsung,Android,6.0,18.2,140.0,118,2.2,5655,0.9,0.3,1491,Gaming,0,7146,Mature High Spender,Upsell premium services
22,Female,Pune,Xiaomi,Android,2.8,6.7,84.0,132,0.7,8879,2.6,0.2,1623,Gaming,0,10502,Mature High Spender,Upsell premium services
27,Male,Hyderabad,Samsung,Android,2.2,2.5,118.6,123,1.6,8497,5.3,4.5,481,Entertainment,0,8978,Mature High Spender,Upsell premium services
49,Female,Kolkata,OnePlus,Android,2.9,1.3,264.2,151,3.0,8136,7.8,3.6,1413,Work,0,9549,Mature High Spender,Upsell premium services
57,Male,Bangalore,Nokia,Android,6.1,28.0,79.0,66,1.1,5730,6.3,2.4,166,Social Media,0,5896,Mature High Spender,Upsell premium services
44,Other,Ahmedabad,Oppo,iOS,12.0,14.1,13.4,11,1.0,5695,6.6,0.3,1156,Entertainment,0,6851,Mature High Spender,Upsell premium services
45,Female,Lucknow,Realme,Android,6.9,32.5,51.1,95,2.5,9369,6.9,1.1,505,Gaming,0,9874,Mature High Spender,Upsell premium services
35,Other,Bangalore,Motorola,iOS,7.2,22.3,58.3,99,1.3,4970,2.3,4.5,1067,Work,0,6037,Mature High Spender,Upsell premium services
21,Female,Kolkata,Nokia,Android,2.2,8.8,17.1,78,0.7,7785,6.6,3.7,437,Entertainment,0,8222,Mature High Spender,Upsell premium services
53,Female,Kolkata,Apple,iOS,5.9,43.1,70.4,134,1.7,4956,1.0,1.7,1308,Work,0,6264,Mature High Spender,Upsell premium services
60,Other,Mumbai,Apple,Android,11.6,16.0,259.2,34,0.6,5153,0.8,2.3,953,Education,0,6106,Mature High Spender,Upsell premium services
43,Female,Pune,Realme,Android,3.4,22.7,89.1,130,1.5,7844,4.2,2.7,1504,Work,0,9348,Mature High Spender,Upsell premium services
35,Other,Bangalore,Apple,iOS,1.9,24.0,278.8,149,1.8,7518,2.1,2.6,1676,Social Media,0,9194,Mature High Spender,Upsell premium services
37,Male,Kolkata,Nokia,iOS,2.5,35.7,186.5,37,2.2,6468,6.7,1.4,1065,Social Media,0,7533,Mature High Spender,Upsell premium services
45,Male,Mumbai,Xiaomi,iOS,1.2,3.8,68.6,45,0.7,3755,2.5,2.9,779,Gaming,0,4534,Mature High Spender,Upsell premium services
36,Female,Lucknow,Nokia,Android,3.6,48.4,250.1,181,3.0,6067,4.5,2.4,385,Education,0,6452,Mature High Spender,Upsell premium services
50,Male,Kolkata,Apple,Android,9.0,16.5,244.6,68,1.7,6023,2.5,4.2,984,Gaming,0,7007,Mature High Spender,Upsell premium services
37,Male,Pune,Apple,Android,8.4,34.0,174.4,141,3.0,6536,4.8,2.4,1326,Work,0,7862,Mature High Spender,Upsell premium services
49,Other,Ahmedabad,Oppo,iOS,3.6,41.2,294.6,88,1.4,6008,7.1,4.5,632,Education,0,6640,Mature High Spender,Upsell premium services
24,Female,Kolkata,Realme,Android,9.3,2.1,221.0,186,1.0,7848,3.9,3.5,314,Gaming,0,8162,Mature High Spender,Upsell premium services
42,Other,Jaipur,Realme,Android,2.9,45.8,212.9,136,0.9,8757,7.0,1.6,440,Entertainment,0,9197,Mature High Spender,Upsell premium services
60,Male,Jaipur,Oppo,Android,8.3,17.8,180.6,74,0.7,4274,7.1,0.8,1326,Entertainment,0,5600,Mature High Spender,Upsell premium services
22,Male,Mumbai,Motorola,iOS,6.6,9.6,99.6,181,2.4,6914,4.4,4.3,1651,Work,0,8565,Mature High Spender,Upsell premium services
40,Female,Mumbai,Vivo,iOS,4.9,19.5,182.9,92,3.0,7198,7.0,2.0,487,Education,0,7685,Mature High Spender,Upsell premium services
15,Other,Mumbai,Nokia,iOS,7.0,29.8,248.4,131,0.6,9095,7.8,1.4,524,Gaming,0,9619,Mature High Spender,Upsell premium services
25,Female,Kolkata,OnePlus,iOS,11.7,41.1,155.0,25,1.9,6365,3.2,2.3,173,Work,0,6538,Mature High Spender,Upsell premium services
34,Male,Hyderabad,Vivo,Android,6.9,35.3,208.6,89,1.7,5053,6.5,3.1,424,Education,0,5477,Mature High Spender,Upsell premium services
52,Female,Kolkata,Xiaomi,Android,8.8,1.5,132.9,44,1.4,4486,1.7,4.9,786,Social Media,0,5272,Mature High Spender,Upsell premium services
25,Female,Chennai,Apple,Android,8.8,31.6,32.0,26,1.9,6692,7.5,4.8,1131,Entertainment,0,7823,Mature High Spender,Upsell premium services
24,Male,Ahmedabad,Vivo,Android,6.5,44.8,272.0,159,0.9,5836,6.9,3.3,1400,Education,0,7236,Mature High Spender,Upsell premium services
49,Other,Bangalore,Realme,Android,7.5,29.3,270.5,133,3.3,8090,7.0,1.2,1700,Social Media,0,9790,Mature High Spender,Upsell premium services
39,Female,Mumbai,Vivo,iOS,10.8,19.5,129.9,193,1.8,7495,7.6,4.5,1050,Social Media,0,8545,Mature High Spender,Upsell premium services
47,Other,Pune,Vivo,Android,9.6,23.5,60.3,26,0.9,3086,4.5,1.0,770,Entertainment,0,3856,Mature High Spender,Upsell premium services
50,Other,Pune,Realme,iOS,1.3,41.1,258.3,10,1.4,6638,3.3,0.1,1003,Social Media,0,7641,Mature High Spender,Upsell premium services
43,Other,Lucknow,Nokia,iOS,9.4,17.3,105.6,74,3.2,9933,2.7,1.4,1041,Gaming,0,10974,Mature High Spender,Upsell premium services
47,Male,Bangalore,Xiaomi,Android,9.4,12.9,92.4,89,0.8,4151,5.7,2.3,762,Social Media,0,4913,Mature High Spender,Upsell premium services
37,Other,Delhi,Oppo,Android,8.7,26.7,40.8,183,2.1,9960,4.6,2.2,755,Education,0,10715,Mature High Spender,Upsell premium services
35,Male,Chennai,Samsung,Android,4.4,36.1,172.3,48,0.9,5617,4.2,0.4,1811,Education,0,7428,Mature High Spender,Upsell premium services
20,Male,Delhi,Oppo,Android,11.4,6.9,253.5,149,0.5,9419,8.0,0.2,726,Education,0,10145,Mature High Spender,Upsell premium services
42,Male,Kolkata,Apple,iOS,11.6,36.4,156.7,84,0.9,3447,3.1,2.1,1785,Education,0,5232,Mature High Spender,Upsell premium services
25,Female,Ahmedabad,Realme,iOS,7.8,48.2,176.3,180,2.6,8415,7.9,1.8,1657,Social Media,0,10072,Mature High Spender,Upsell premium services
45,Male,Lucknow,Vivo,iOS,3.7,1.4,225.3,186,3.2,8234,2.8,0.0,865,Gaming,0,9099,Mature High Spender,Upsell premium services
53,Other,Jaipur,Samsung,iOS,1.7,25.6,122.7,119,2.0,8703,7.3,1.9,196,Education,0,8899,Mature High Spender,Upsell premium services
60,Female,Ahmedabad,Google Pixel,Android,5.1,49.3,166.2,105,1.9,5816,5.9,4.0,1685,Education,0,7501,Mature High Spender,Upsell premium services
34,Female,Mumbai,Samsung,iOS,5.3,14.1,5.2,110,1.9,6790,1.1,2.9,1987,Work,0,8777,Mature High Spender,Upsell premium services
51,Male,Ahmedabad,Google Pixel,iOS,4.0,11.8,77.6,102,3.2,8661,7.2,0.8,941,Entertainment,0,9602,Mature High Spender,Upsell premium services
57,Female,Kolkata,Nokia,Android,11.3,25.9,269.6,35,2.0,8390,5.9,5.0,448,Gaming,0,8838,Mature High Spender,Upsell premium services
47,Male,Kolkata,Nokia,Android,11.9,37.7,153.6,58,2.0,4321,6.1,3.3,1067,Gaming,0,5388,Mature High Spender,Upsell premium services
18,Female,Chennai,Vivo,Android,3.7,37.9,98.3,149,2.1,9652,7.6,4.4,1358,Social Media,0,11010,Mature High Spender,Upsell premium services
53,Female,Delhi,OnePlus,iOS,5.5,23.4,157.5,180,1.9,9146,7.9,1.6,971,Social Media,0,10117,Mature High Spender,Upsell premium services
27,Female,Ahmedabad,Samsung,Android,2.4,49.1,53.7,79,1.4,6030,4.7,2.8,1459,Gaming,0,7489,Mature High Spender,Upsell premium services
40,Female,Hyderabad,OnePlus,Android,5.0,34.3,277.5,26,1.8,4670,5.5,3.6,212,Social Media,0,4882,Mature High Spender,Upsell premium services
27,Other,Mumbai,Apple,Android,9.5,45.4,51.4,191,1.7,6927,3.8,4.4,956,Education,0,7883,Mature High Spender,Upsell premium services
16,Other,Pune,Nokia,iOS,3.2,18.5,141.6,146,1.1,6854,2.8,0.8,451,Education,0,7305,Mature High Spender,Upsell premium services
20,Male,Ahmedabad,Nokia,iOS,10.9,35.1,192.7,88,1.0,6740,6.4,0.6,1426,Work,0,8166,Mature High Spender,Upsell premium services
28,Other,Mumbai,Oppo,Android,3.5,24.3,30.9,59,1.6,6335,1.8,4.0,1905,Entertainment,0,8240,Mature High Spender,Upsell premium services
49,Male,Mumbai,Apple,iOS,6.0,35.8,7.0,68,1.2,4401,6.3,4.0,616,Work,0,5017,Mature High Spender,Upsell premium services
31,Other,Kolkata,Apple,iOS,9.0,47.0,290.9,66,0.8,8417,1.0,2.7,1065,Education,0,9482,Mature High Spender,Upsell premium services
34,Other,Delhi,Motorola,Android,2.5,5.7,24.7,76,1.4,7827,3.4,4.2,320,Entertainment,0,8147,Mature High Spender,Upsell premium services
56,Male,Mumbai,OnePlus,iOS,11.7,8.7,210.3,140,3.3,7537,3.7,3.6,1053,Gaming,0,8590,Mature High Spender,Upsell premium services
37,Other,Delhi,Oppo,iOS,3.0,48.0,82.1,24,0.6,3671,3.5,3.3,1540,Gaming,0,5211,Mature High Spender,Upsell premium services
22,Male,Kolkata,Realme,Android,1.1,5.1,16.0,12,0.5,6424,2.2,4.5,1215,Education,0,7639,Mature High Spender,Upsell premium services
43,Other,Chennai,Google Pixel,iOS,1.9,6.4,283.9,156,2.0,5945,3.8,0.2,1690,Social Media,0,7635,Mature High Spender,Upsell premium services
46,Female,Kolkata,OnePlus,Android,11.4,2.6,42.2,83,0.5,7067,1.5,3.3,1401,Gaming,0,8468,Mature High Spender,Upsell premium services
30,Female,Kolkata,Vivo,Android,11.9,26.8,22.0,116,2.0,7626,7.5,4.7,1124,Education,0,8750,Mature High Spender,Upsell premium services
48,Other,Ahmedabad,Google Pixel,Android,12.0,37.6,209.7,189,2.4,6925,2.0,3.5,144,Education,0,7069,Mature High Spender,Upsell premium services
59,Male,Hyderabad,Xiaomi,Android,3.1,25.2,285.5,27,2.3,9532,3.5,3.0,1606,Entertainment,0,11138,Mature High Spender,Upsell premium services
55,Male,Hyderabad,Nokia,iOS,11.0,9.3,62.5,94,3.0,7091,4.2,0.3,988,Social Media,0,8079,Mature High Spender,Upsell premium services
34,Female,Ahmedabad,Realme,iOS,2.8,15.1,5.9,46,2.6,8846,4.5,3.1,456,Entertainment,0,9302,Mature High Spender,Upsell premium services
40,Other,Chennai,Oppo,iOS,5.2,41.6,281.4,158,3.0,7049,1.2,1.4,513,Education,0,7562,Mature High Spender,Upsell premium services
29,Other,Pune,Apple,iOS,11.6,26.2,74.5,15,2.5,7736,3.4,3.5,1515,Work,0,9251,Mature High Spender,Upsell premium services
53,Male,Bangalore,Apple,iOS,6.4,23.4,269.4,57,3.0,7244,6.9,3.6,327,Education,0,7571,Mature High Spender,Upsell premium services
31,Female,Hyderabad,OnePlus,Android,4.4,42.6,105.3,189,2.0,9599,3.0,4.5,1809,Entertainment,0,11408,Mature High Spender,Upsell premium services
26,Male,Pune,Motorola,iOS,6.8,21.9,246.3,109,1.5,8971,3.1,2.9,1311,Education,0,10282,Mature High Spender,Upsell premium services
24,Male,Jaipur,OnePlus,iOS,9.6,37.4,200.8,106,1.4,8771,3.3,1.8,878,Entertainment,0,9649,Mature High Spender,Upsell premium services
35,Male,Chennai,OnePlus,Android,10.0,41.1,252.6,59,1.6,4820,5.5,1.9,1092,Entertainment,0,5912,Mature High Spender,Upsell premium services
52,Male,Delhi,Nokia,Android,4.2,41.8,113.2,67,2.5,6870,2.1,1.7,1001,Entertainment,0,7871,Mature High Spender,Upsell premium services
32,Female,Ahmedabad,Samsung,iOS,9.8,26.7,66.1,90,1.4,7189,2.8,2.6,923,Entertainment,0,8112,Mature High Spender,Upsell premium services
38,Other,Chennai,Google Pixel,iOS,3.8,22.6,192.1,15,0.6,5627,1.2,2.2,1170,Social Media,0,6797,Mature High Spender,Upsell premium services
35,Female,Lucknow,Vivo,Android,4.4,17.2,221.8,141,1.8,5582,3.0,2.9,151,Education,0,5733,Mature High Spender,Upsell premium services
44,Other,Pune,Realme,iOS,2.4,45.6,145.4,175,1.2,5073,7.2,0.4,1719,Education,0,6792,Mature High Spender,Upsell premium services
54,Male,Mumbai,Apple,iOS,7.7,30.0,81.9,67,1.2,4557,2.3,0.8,727,Education,0,5284,Mature High Spender,Upsell premium services
40,Male,Mumbai,Motorola,Android,4.8,41.4,77.4,172,0.6,9626,3.8,3.3,650,Social Media,0,10276,Mature High Spender,Upsell premium services
36,Female,Lucknow,Samsung,iOS,11.0,44.9,151.8,22,2.7,5578,1.5,1.5,1094,Gaming,0,6672,Mature High Spender,Upsell premium services
27,Female,Pune,Motorola,iOS,2.5,32.4,109.7,36,2.2,9642,3.9,3.2,1142,Entertainment,0,10784,Mature High Spender,Upsell premium services
49,Male,Ahmedabad,OnePlus,iOS,8.4,34.2,292.3,72,2.2,5487,2.2,3.0,540,Gaming,0,6027,Mature High Spender,Upsell premium services
43,Female,Chennai,Samsung,Android,8.2,21.8,148.5,105,1.1,3379,1.7,1.3,1982,Work,0,5361,Mature High Spender,Upsell premium services
57,Female,Chennai,Samsung,Android,6.9,48.8,52.6,137,1.8,9281,3.1,4.7,1206,Education,0,10487,Mature High Spender,Upsell premium services
36,Female,Pune,Motorola,Android,2.5,4.4,47.1,109,1.8,4134,3.1,2.4,273,Gaming,0,4407,Mature High Spender,Upsell premium services
55,Female,Pune,Samsung,iOS,3.9,23.4,151.4,113,3.0,8083,6.8,3.4,1233,Entertainment,0,9316,Mature High Spender,Upsell premium services
26,Female,Jaipur,Vivo,iOS,9.0,17.7,157.8,128,1.2,8436,7.7,3.0,1371,Social Media,0,9807,Mature High Spender,Upsell premium services
39,Female,Jaipur,Oppo,Android,4.6,10.0,225.0,159,3.1,8911,5.5,0.5,701,Entertainment,0,9612,Mature High Spender,Upsell premium services
57,Male,Chennai,OnePlus,Android,3.6,34.4,288.4,176,0.6,7319,2.4,3.4,574,Education,0,7893,Mature High Spender,Upsell premium services
40,Other,Delhi,Vivo,iOS,5.3,2.5,289.3,122,0.7,5570,2.6,3.9,556,Work,0,6126,Mature High Spender,Upsell premium services
35,Other,Pune,Apple,iOS,6.9,40.5,96.8,15,2.3,5217,6.4,4.8,1093,Gaming,0,6310,Mature High Spender,Upsell premium services
21,Other,Pune,Google Pixel,iOS,5.3,48.8,25.0,162,2.2,7018,2.4,1.9,482,Gaming,0,7500,Mature High Spender,Upsell premium services
35,Female,Jaipur,Oppo,Android,9.6,48.6,12.3,75,2.6,8644,1.3,1.2,111,Social Media,0,8755,Mature High Spender,Upsell premium services
17,Male,Chennai,Nokia,iOS,5.8,4.8,77.0,56,2.4,9323,7.7,4.8,1681,Gaming,0,11004,Mature High Spender,Upsell premium services
47,Male,Bangalore,Xiaomi,iOS,8.7,34.9,118.2,17,0.7,8549,4.0,0.9,392,Education,0,8941,Mature High Spender,Upsell premium services
57,Female,Jaipur,Motorola,iOS,11.1,41.1,74.4,71,1.7,8870,5.9,4.3,527,Entertainment,0,9397,Mature High Spender,Upsell premium services
58,Male,Ahmedabad,OnePlus,Android,11.8,4.7,78.9,92,2.4,6514,3.9,2.7,617,Entertainment,0,7131,Mature High Spender,Upsell premium services
56,Other,Kolkata,Nokia,iOS,4.5,37.1,66.2,123,3.2,8726,7.7,1.2,685,Gaming,0,9411,Mature High Spender,Upsell premium services
58,Female,Ahmedabad,Realme,iOS,6.3,13.2,143.8,81,2.8,6354,3.2,4.5,1816,Social Media,0,8170,Mature High Spender,Upsell premium services
26,Female,Bangalore,OnePlus,Android,8.9,19.5,195.7,157,1.9,9425,4.4,0.1,597,Work,0,10022,Mature High Spender,Upsell premium services
35,Female,Delhi,Motorola,Android,4.5,2.6,10.6,102,1.8,8162,6.3,2.0,1859,Gaming,0,10021,Mature High Spender,Upsell premium services
33,Male,Chennai,OnePlus,Android,8.4,19.6,128.1,194,1.1,6851,1.9,3.1,1626,Entertainment,0,8477,Mature High Spender,Upsell premium services
40,Other,Pune,Nokia,Android,5.8,5.4,90.5,175,0.9,4843,3.8,0.7,1197,Gaming,0,6040,Mature High Spender,Upsell premium services
32,Female,Jaipur,Samsung,Android,5.8,49.9,238.8,166,0.9,9808,2.9,1.8,183,Work,0,9991,Mature High Spender,Upsell premium services
58,Other,Chennai,Google Pixel,Android,2.6,10.2,83.3,67,2.4,7224,7.5,0.2,1552,Gaming,0,8776,Mature High Spender,Upsell premium services
45,Female,Lucknow,Samsung,iOS,6.7,18.0,127.0,191,2.7,7593,3.4,2.7,1215,Education,0,8808,Mature High Spender,Upsell premium services
54,Other,Ahmedabad,OnePlus,iOS,3.8,30.8,286.4,176,3.0,7706,6.8,0.4,830,Gaming,0,8536,Mature High Spender,Upsell premium services
42,Female,Chennai,Realme,iOS,5.8,31.0,277.7,130,1.9,8029,4.7,3.1,718,Work,0,8747,Mature High Spender,Upsell premium services
32,Other,Pune,Motorola,Android,11.3,35.8,140.3,84,1.9,9523,7.9,2.1,1655,Education,0,11178,Mature High Spender,Upsell premium services
37,Female,Pune,Google Pixel,iOS,2.7,4.6,266.1,96,2.3,8989,2.9,0.2,1423,Gaming,0,10412,Mature High Spender,Upsell premium services
34,Female,Pune,Motorola,Android,3.5,42.4,194.9,196,2.5,6785,7.7,4.4,1489,Work,0,8274,Mature High Spender,Upsell premium services
54,Other,Chennai,Samsung,Android,7.5,28.3,95.8,77,3.2,7079,3.9,3.9,1520,Social Media,0,8599,Mature High Spender,Upsell premium services
59,Other,Delhi,Realme,Android,8.0,6.7,166.5,153,2.0,5744,4.8,2.6,598,Gaming,0,6342,Mature High Spender,Upsell premium services
22,Female,Bangalore,Xiaomi,Android,8.5,21.6,180.5,17,1.7,8262,4.6,0.0,919,Work,0,9181,Mature High Spender,Upsell premium services
52,Male,Hyderabad,Motorola,iOS,4.8,10.2,120.9,115,2.8,6691,3.9,0.8,645,Entertainment,0,7336,Mature High Spender,Upsell premium services
21,Male,Hyderabad,Vivo,Android,6.9,39.1,205.8,194,0.9,9405,0.7,1.8,407,Social Media,0,9812,Mature High Spender,Upsell premium services
52,Other,Pune,Xiaomi,iOS,3.0,18.4,89.7,128,1.3,8893,1.1,3.3,742,Entertainment,0,9635,Mature High Spender,Upsell premium services
45,Male,Pune,OnePlus,Android,6.8,33.1,230.0,26,2.5,9242,5.6,1.4,377,Entertainment,0,9619,Mature High Spender,Upsell premium services
20,Other,Bangalore,Google Pixel,iOS,2.6,47.9,240.7,13,1.5,9061,3.9,4.0,736,Education,0,9797,Mature High Spender,Upsell premium services
24,Other,Bangalore,Samsung,iOS,3.7,47.5,262.1,157,0.9,6190,7.9,2.0,625,Work,0,6815,Mature High Spender,Upsell premium services
24,Male,Delhi,Apple,iOS,7.2,46.4,254.1,174,2.0,9939,7.8,4.7,1059,Gaming,0,10998,Mature High Spender,Upsell premium services
56,Female,Delhi,Motorola,Android,10.0,31.8,280.6,182,2.4,9971,2.2,3.2,1967,Work,0,11938,Mature High Spender,Upsell premium services
37,Other,Pune,Google Pixel,Android,1.2,1.7,224.3,16,1.9,7142,4.7,0.8,1444,Gaming,0,8586,Mature High Spender,Upsell premium services
50,Female,Mumbai,Motorola,iOS,7.1,9.0,76.7,87,1.5,5878,7.2,3.9,1936,Gaming,0,7814,Mature High Spender,Upsell premium services
47,Male,Pune,OnePlus,iOS,7.9,47.7,276.2,67,2.0,7429,3.2,0.9,321,Work,0,7750,Mature High Spender,Upsell premium services
38,Female,Delhi,Nokia,iOS,10.5,7.0,22.0,146,1.3,3574,1.3,0.6,785,Work,0,4359,Mature High Spender,Upsell premium services
39,Male,Chennai,Xiaomi,Android,11.0,33.5,20.3,124,1.3,6484,4.8,1.5,742,Education,0,7226,Mature High Spender,Upsell premium services
50,Other,Chennai,Motorola,Android,8.2,46.5,132.1,53,1.1,5240,5.8,1.4,346,Entertainment,0,5586,Mature High Spender,Upsell premium services
20,Female,Delhi,Google Pixel,iOS,11.9,49.6,84.4,146,0.6,9235,0.7,3.8,806,Gaming,0,10041,Mature High Spender,Upsell premium services
27,Male,Ahmedabad,Xiaomi,iOS,11.6,25.3,85.8,121,1.9,5617,3.8,2.1,1343,Work,0,6960,Mature High Spender,Upsell premium services
42,Other,Delhi,Nokia,iOS,5.0,39.3,239.7,190,1.7,3675,0.5,0.2,1877,Gaming,0,5552,Mature High Spender,Upsell premium services
50,Male,Pune,Google Pixel,Android,10.6,29.8,236.5,199,2.8,7401,6.4,0.1,1381,Work,0,8782,Mature High Spender,Upsell premium services
54,Female,Pune,Nokia,iOS,7.0,8.7,233.0,121,1.8,6313,5.9,0.7,1549,Gaming,0,7862,Mature High Spender,Upsell premium services
40,Male,Mumbai,Xiaomi,iOS,11.2,20.0,104.4,27,0.7,4570,2.2,1.0,1041,Gaming,0,5611,Mature High Spender,Upsell premium services
45,Female,Pune,Xiaomi,iOS,3.4,18.4,265.4,97,1.5,9308,1.3,0.6,1094,Entertainment,0,10402,Mature High Spender,Upsell premium services
35,Male,Jaipur,Apple,iOS,11.2,34.0,164.8,185,1.2,4978,4.7,2.9,1362,Work,0,6340,Mature High Spender,Upsell premium services
24,Other,Kolkata,Nokia,iOS,11.6,24.2,77.2,169,0.5,7502,5.4,1.3,1208,Education,0,8710,Mature High Spender,Upsell premium services
44,Other,Bangalore,OnePlus,iOS,9.9,45.4,124.4,18,1.1,8017,5.2,1.6,1708,Social Media,0,9725,Mature High Spender,Upsell premium services
28,Other,Pune,Nokia,Android,8.7,17.8,284.5,163,2.2,9198,4.7,1.4,389,Education,0,9587,Mature High Spender,Upsell premium services
43,Female,Ahmedabad,Samsung,Android,7.8,15.9,117.3,126,2.4,4729,5.8,3.2,434,Work,0,5163,Mature High Spender,Upsell premium services
40,Male,Chennai,Samsung,iOS,7.5,34.5,123.7,30,1.1,3758,4.5,1.8,814,Education,0,4572,Mature High Spender,Upsell premium services
37,Female,Bangalore,OnePlus,iOS,4.8,16.3,44.4,35,0.6,3123,3.3,3.2,861,Gaming,0,3984,Mature High Spender,Upsell premium services
33,Male,Delhi,OnePlus,Android,7.1,1.2,68.1,131,0.7,6401,5.4,0.5,418,Gaming,0,6819,Mature High Spender,Upsell premium services
42,Male,Ahmedabad,Xiaomi,iOS,1.4,34.7,275.0,69,0.7,7563,7.6,2.5,358,Gaming,0,7921,Mature High Spender,Upsell premium services
58,Male,Hyderabad,Oppo,iOS,10.9,23.5,152.3,162,2.3,8739,2.5,2.8,1349,Entertainment,0,10088,Mature High Spender,Upsell premium services
46,Female,Mumbai,Google Pixel,iOS,6.2,14.2,18.0,46,2.2,7102,4.5,3.2,352,Entertainment,0,7454,Mature High Spender,Upsell premium services
27,Female,Pune,Vivo,iOS,10.6,27.7,205.6,70,1.0,7042,7.2,3.4,1200,Entertainment,0,8242,Mature High Spender,Upsell premium services
54,Male,Ahmedabad,Samsung,Android,4.0,9.7,272.5,177,3.7,7613,1.9,3.4,996,Entertainment,0,8609,Mature High Spender,Upsell premium services
60,Female,Chennai,Samsung,iOS,4.9,41.5,283.2,37,0.7,7190,7.0,1.2,298,Entertainment,0,7488,Mature High Spender,Upsell premium services
30,Male,Hyderabad,Vivo,Android,4.5,41.4,136.0,170,0.5,4937,6.6,2.4,799,Work,0,5736,Mature High Spender,Upsell premium services
56,Other,Pune,Realme,iOS,7.1,30.7,161.0,148,3.4,7435,6.8,4.9,717,Work,0,8152,Mature High Spender,Upsell premium services
53,Other,Mumbai,Realme,iOS,8.6,25.4,153.8,20,3.0,7444,5.8,1.0,701,Gaming,0,8145,Mature High Spender,Upsell premium services
23,Male,Jaipur,Samsung,iOS,6.1,10.3,156.2,185,0.7,7228,4.2,1.3,1272,Work,0,8500,Mature High Spender,Upsell premium services
48,Male,Delhi,Xiaomi,Android,2.7,7.7,45.7,34,3.1,6486,5.6,4.9,690,Gaming,0,7176,Mature High Spender,Upsell premium services
26,Male,Jaipur,Apple,Android,4.6,15.8,133.1,91,1.1,9710,4.2,2.0,712,Entertainment,0,10422,Mature High Spender,Upsell premium services
57,Female,Ahmedabad,OnePlus,Android,4.1,16.8,198.7,60,0.8,9278,4.4,4.7,588,Entertainment,0,9866,Mature High Spender,Upsell premium services
41,Female,Lucknow,Google Pixel,Android,9.1,33.2,151.1,56,1.7,6446,1.2,4.5,1610,Work,0,8056,Mature High Spender,Upsell premium services
41,Male,Chennai,OnePlus,Android,1.5,42.5,227.2,140,2.9,7380,4.1,4.7,121,Social Media,0,7501,Mature High Spender,Upsell premium services
57,Male,Delhi,Samsung,iOS,4.1,9.5,134.9,102,3.7,8769,7.5,3.6,1749,Work,0,10518,Mature High Spender,Upsell premium services
48,Male,Kolkata,Oppo,iOS,1.8,6.7,166.2,77,0.9,8461,3.6,1.6,600,Education,0,9061,Mature High Spender,Upsell premium services
44,Female,Chennai,Apple,Android,10.4,45.3,83.8,72,1.6,9558,6.2,2.0,295,Education,0,9853,Mature High Spender,Upsell premium services
42,Other,Delhi,Realme,Android,7.1,4.1,69.2,175,1.0,9130,3.2,1.1,1692,Gaming,0,10822,Mature High Spender,Upsell premium services
41,Male,Kolkata,Realme,iOS,3.7,21.5,241.8,158,3.4,7063,4.4,4.9,271,Education,0,7334,Mature High Spender,Upsell premium services
40,Male,Mumbai,Apple,iOS,10.2,6.1,190.3,176,1.5,9228,4.3,1.8,166,Education,0,9394,Mature High Spender,Upsell premium services
49,Male,Jaipur,Xiaomi,Android,5.0,29.6,113.1,30,0.8,2924,3.5,1.7,1926,Education,0,4850,Mature High Spender,Upsell premium services
47,Other,Bangalore,Xiaomi,iOS,10.1,40.6,242.4,11,1.1,9632,6.2,3.1,1142,Gaming,0,10774,Mature High Spender,Upsell premium services
28,Other,Kolkata,Vivo,Android,1.1,10.2,138.4,151,2.1,5901,4.7,0.4,1343,Education,0,7244,Mature High Spender,Upsell premium services
20,Other,Ahmedabad,Apple,Android,6.4,11.4,129.4,27,1.5,9290,2.4,0.0,1351,Education,0,10641,Mature High Spender,Upsell premium services
50,Female,Ahmedabad,Motorola,iOS,3.8,3.7,219.9,11,0.9,9545,3.5,0.1,1317,Gaming,0,10862,Mature High Spender,Upsell premium services
19,Male,Lucknow,Samsung,Android,8.9,6.7,31.3,45,0.9,9773,3.2,4.7,1916,Work,0,11689,Mature High Spender,Upsell premium services
18,Male,Kolkata,Samsung,Android,8.2,15.6,190.1,66,0.9,6896,4.4,1.2,301,Gaming,0,7197,Mature High Spender,Upsell premium services
42,Female,Bangalore,Samsung,iOS,11.7,35.5,250.0,61,2.7,9442,4.7,3.1,991,Gaming,0,10433,Mature High Spender,Upsell premium services
49,Female,Jaipur,Vivo,Android,11.3,42.1,273.5,161,0.9,7705,2.9,2.5,164,Education,0,7869,Mature High Spender,Upsell premium services
51,Other,Bangalore,Oppo,iOS,2.4,29.8,39.9,149,1.4,9051,7.7,2.8,1910,Work,0,10961,Mature High Spender,Upsell premium services
58,Female,Mumbai,Xiaomi,iOS,11.1,27.2,231.1,144,0.8,9491,1.1,0.5,1219,Gaming,0,10710,Mature High Spender,Upsell premium services
54,Female,Kolkata,Xiaomi,Android,2.3,21.1,222.2,132,0.7,8962,7.1,2.2,1980,Work,0,10942,Mature High Spender,Upsell premium services
59,Female,Mumbai,Oppo,Android,6.9,48.7,39.2,156,2.6,7280,1.0,0.1,701,Entertainment,0,7981,Mature High Spender,Upsell premium services
19,Male,Mumbai,Samsung,Android,3.1,49.6,250.6,10,1.1,8899,3.8,2.0,713,Gaming,0,9612,Mature High Spender,Upsell premium services
57,Other,Kolkata,Realme,Android,2.0,41.9,224.6,190,0.5,4300,7.9,4.8,1146,Gaming,0,5446,Mature High Spender,Upsell premium services
38,Other,Delhi,Apple,Android,1.2,49.0,204.7,92,2.4,6432,3.5,4.7,978,Education,0,7410,Mature High Spender,Upsell premium services
56,Other,Mumbai,Google Pixel,iOS,6.1,24.3,181.9,56,0.7,5619,2.2,0.6,1571,Entertainment,0,7190,Mature High Spender,Upsell premium services
17,Male,Delhi,Vivo,iOS,9.1,16.1,56.6,184,1.1,8587,3.2,1.6,582,Gaming,0,9169,Mature High Spender,Upsell premium services
46,Male,Bangalore,Xiaomi,Android,7.5,12.5,76.7,65,2.6,7523,7.5,1.3,1963,Social Media,0,9486,Mature High Spender,Upsell premium services
33,Female,Mumbai,OnePlus,Android,4.8,11.5,291.0,163,0.6,5662,3.2,3.4,1383,Education,0,7045,Mature High Spender,Upsell premium services
47,Other,Delhi,Xiaomi,iOS,9.5,42.2,157.1,75,1.6,7571,3.3,1.7,1118,Entertainment,0,8689,Mature High Spender,Upsell premium services
31,Female,Jaipur,Motorola,Android,1.6,9.9,7.0,14,2.7,9984,2.9,4.5,1061,Social Media,0,11045,Mature High Spender,Upsell premium services
23,Female,Bangalore,Google Pixel,iOS,8.0,43.4,145.6,95,0.6,7856,1.0,3.7,1634,Work,0,9490,Mature High Spender,Upsell premium services
41,Other,Pune,Xiaomi,Android,2.4,9.7,142.3,52,1.1,3840,7.5,2.3,190,Social Media,0,4030,Mature High Spender,Upsell premium services
42,Male,Lucknow,OnePlus,iOS,2.6,49.4,205.9,177,1.4,7234,6.5,1.9,168,Social Media,0,7402,Mature High Spender,Upsell premium services
45,Male,Kolkata,Realme,Android,2.0,17.0,176.9,126,2.5,9955,5.3,2.0,459,Entertainment,0,10414,Mature High Spender,Upsell premium services
30,Female,Pune,Google Pixel,Android,3.9,33.6,264.5,91,2.2,9571,7.8,1.6,1068,Entertainment,0,10639,Mature High Spender,Upsell premium services
37,Other,Hyderabad,Google Pixel,Android,9.9,2.8,207.7,37,2.7,5572,6.1,3.9,1559,Education,0,7131,Mature High Spender,Upsell premium services
57,Male,Jaipur,Oppo,Android,5.9,43.7,163.1,160,1.4,9005,4.4,4.3,1008,Work,0,10013,Mature High Spender,Upsell premium services
19,Male,Bangalore,Nokia,iOS,11.5,49.2,67.1,195,1.0,9962,5.7,0.0,140,Gaming,0,10102,Mature High Spender,Upsell premium services
32,Female,Lucknow,OnePlus,iOS,8.3,28.1,195.2,74,0.7,6648,3.5,1.6,1723,Social Media,0,8371,Mature High Spender,Upsell premium services
33,Female,Lucknow,Apple,Android,11.0,28.4,63.7,29,1.7,5996,2.7,3.6,1482,Gaming,0,7478,Mature High Spender,Upsell premium services
30,Male,Ahmedabad,Apple,Android,5.6,46.6,229.3,141,2.2,6796,7.1,0.6,1220,Entertainment,0,8016,Mature High Spender,Upsell premium services
54,Male,Jaipur,Apple,Android,11.8,12.2,186.1,135,2.7,9890,7.3,2.0,722,Social Media,0,10612,Mature High Spender,Upsell premium services
32,Other,Lucknow,Motorola,Android,5.3,49.9,147.7,71,1.7,8296,2.3,0.8,1294,Education,0,9590,Mature High Spender,Upsell premium services
23,Other,Lucknow,Motorola,Android,3.5,39.1,32.4,117,1.6,7236,3.1,3.4,819,Social Media,0,8055,Mature High Spender,Upsell premium services
24,Female,Kolkata,Motorola,Android,1.9,47.9,242.7,76,2.5,6824,0.7,2.8,330,Social Media,0,7154,Mature High Spender,Upsell premium services
57,Male,Bangalore,Realme,Android,3.0,11.7,27.7,135,0.8,8445,3.3,3.3,676,Education,0,9121,Mature High Spender,Upsell premium services
25,Other,Bangalore,Realme,iOS,12.0,31.1,294.8,137,1.8,8584,3.8,3.4,615,Gaming,0,9199,Mature High Spender,Upsell premium services
56,Male,Hyderabad,Realme,iOS,2.1,28.4,90.1,108,2.6,8738,1.3,4.2,242,Work,0,8980,Mature High Spender,Upsell premium services
27,Other,Ahmedabad,Realme,Android,5.7,10.0,265.4,41,1.1,7084,1.3,1.6,1508,Gaming,0,8592,Mature High Spender,Upsell premium services
24,Male,Mumbai,Apple,iOS,8.0,40.0,111.6,89,2.1,9987,4.8,1.9,1142,Social Media,0,11129,Mature High Spender,Upsell premium services
20,Other,Bangalore,Vivo,iOS,4.6,16.0,252.2,186,0.5,9597,4.2,2.1,1304,Entertainment,0,10901,Mature High Spender,Upsell premium services
36,Female,Delhi,Google Pixel,iOS,1.3,39.6,153.8,195,2.4,6477,0.6,1.7,819,Gaming,0,7296,Mature High Spender,Upsell premium services
48,Male,Kolkata,Vivo,iOS,5.8,18.0,199.0,44,2.1,7786,7.8,3.8,400,Gaming,0,8186,Mature High Spender,Upsell premium services
25,Male,Pune,Xiaomi,iOS,11.1,28.6,295.3,76,2.2,8454,3.2,4.4,1412,Entertainment,0,9866,Mature High Spender,Upsell premium services
34,Female,Delhi,Samsung,iOS,9.9,20.9,96.2,144,1.2,6621,7.0,0.8,554,Social Media,0,7175,Mature High Spender,Upsell premium services
40,Other,Pune,Vivo,iOS,8.4,26.0,170.6,198,0.6,3954,5.5,5.0,1251,Gaming,0,5205,Mature High Spender,Upsell premium services
42,Other,Pune,Vivo,Android,7.0,5.8,117.0,102,1.7,9378,3.1,1.1,1204,Education,0,10582,Mature High Spender,Upsell premium services
51,Female,Lucknow,Xiaomi,Android,9.4,1.3,76.3,61,2.7,7747,3.2,2.2,1509,Entertainment,0,9256,Mature High Spender,Upsell premium services
32,Female,Bangalore,Realme,iOS,9.1,41.0,263.1,86,3.2,6843,3.3,4.1,1392,Social Media,0,8235,Mature High Spender,Upsell premium services
20,Female,Delhi,Oppo,iOS,2.5,41.8,261.6,148,1.3,8854,5.2,0.3,1160,Work,0,10014,Mature High Spender,Upsell premium services
57,Male,Ahmedabad,OnePlus,iOS,4.0,48.1,46.2,16,2.4,9037,6.9,2.3,142,Gaming,0,9179,Mature High Spender,Upsell premium services
36,Male,Ahmedabad,Google Pixel,iOS,10.9,13.5,76.8,154,1.1,6531,3.9,0.7,441,Entertainment,0,6972,Mature High Spender,Upsell premium services
26,Other,Kolkata,Xiaomi,iOS,2.7,39.5,166.5,82,2.5,7672,0.6,1.5,744,Education,0,8416,Mature High Spender,Upsell premium services
33,Male,Chennai,Vivo,iOS,9.7,37.6,209.1,26,2.5,9508,1.8,2.9,1115,Social Media,0,10623,Mature High Spender,Upsell premium services
45,Male,Chennai,Google Pixel,iOS,8.7,7.7,148.7,95,0.6,6470,5.0,1.1,671,Gaming,0,7141,Mature High Spender,Upsell premium services
55,Other,Mumbai,Motorola,iOS,6.1,20.2,163.8,100,3.6,7793,3.9,4.5,532,Work,0,8325,Mature High Spender,Upsell premium services
28,Other,Lucknow,Realme,iOS,10.0,32.5,211.9,124,1.1,7549,4.9,2.3,1070,Gaming,0,8619,Mature High Spender,Upsell premium services
26,Other,Pune,Oppo,iOS,4.3,11.4,114.3,101,1.6,8486,4.9,4.3,757,Social Media,0,9243,Mature High Spender,Upsell premium services
15,Male,Mumbai,Vivo,iOS,7.0,13.8,147.4,195,0.7,8596,4.1,1.2,562,Social Media,0,9158,Mature High Spender,Upsell premium services
52,Other,Lucknow,OnePlus,Android,3.4,14.6,267.8,185,2.9,9400,3.8,0.4,1500,Gaming,0,10900,Mature High Spender,Upsell premium services
55,Male,Chennai,Nokia,Android,2.7,7.9,219.8,162,3.7,8934,6.0,1.4,904,Work,0,9838,Mature High Spender,Upsell premium services
51,Male,Jaipur,Samsung,Android,2.5,38.8,254.2,100,0.9,4104,1.7,2.4,1651,Work,0,5755,Mature High Spender,Upsell premium services
57,Male,Chennai,Oppo,Android,3.8,8.3,68.2,96,1.7,8686,3.5,4.6,1130,Education,0,9816,Mature High Spender,Upsell premium services
46,Other,Pune,Vivo,iOS,10.8,26.1,198.9,100,1.1,8359,0.6,0.0,432,Work,0,8791,Mature High Spender,Upsell premium services
53,Other,Bangalore,Motorola,iOS,1.1,15.9,49.8,147,1.6,8626,3.1,0.5,1951,Education,0,10577,Mature High Spender,Upsell premium services
54,Other,Kolkata,Nokia,Android,10.1,49.2,28.4,66,0.8,8909,3.2,0.1,1153,Education,0,10062,Mature High Spender,Upsell premium services
28,Other,Ahmedabad,Oppo,Android,11.9,29.3,74.1,121,1.3,8123,5.3,3.1,1928,Education,0,10051,Mature High Spender,Upsell premium services
56,Male,Chennai,Google Pixel,iOS,4.4,7.3,44.2,18,0.9,8177,5.3,3.7,1126,Work,0,9303,Mature High Spender,Upsell premium services
50,Male,Lucknow,Nokia,iOS,1.2,10.5,141.9,76,3.3,6448,7.7,0.3,1549,Work,0,7997,Mature High Spender,Upsell premium services
27,Other,Ahmedabad,OnePlus,Android,2.5,4.7,90.5,106,2.7,9470,4.6,0.6,1560,Entertainment,0,11030,Mature High Spender,Upsell premium services
28,Male,Mumbai,OnePlus,iOS,7.7,43.1,28.6,155,0.9,7163,5.8,3.9,1101,Entertainment,0,8264,Mature High Spender,Upsell premium services
48,Other,Chennai,Samsung,Android,2.2,31.3,150.4,20,1.7,4487,2.2,0.0,1625,Social Media,0,6112,Mature High Spender,Upsell premium services
49,Female,Lucknow,Xiaomi,Android,8.3,24.9,188.5,83,1.2,4458,2.2,2.6,1713,Gaming,0,6171,Mature High Spender,Upsell premium services
15,Other,Lucknow,Realme,iOS,3.0,6.2,142.9,65,1.3,8802,5.0,4.3,1228,Gaming,0,10030,Mature High Spender,Upsell premium services
21,Female,Jaipur,Apple,iOS,9.5,12.5,61.1,81,0.8,7668,2.9,2.9,368,Entertainment,0,8036,Mature High Spender,Upsell premium services
28,Female,Hyderabad,Google Pixel,Android,7.5,36.8,271.7,121,1.1,9680,2.8,2.6,1470,Work,0,11150,Mature High Spender,Upsell premium services
36,Female,Mumbai,Realme,Android,4.7,30.4,257.8,32,2.9,9428,1.1,1.6,189,Education,0,9617,Mature High Spender,Upsell premium services
43,Female,Chennai,Realme,Android,2.6,29.9,28.4,92,1.2,9504,3.9,1.3,1561,Gaming,0,11065,Mature High Spender,Upsell premium services
37,Male,Chennai,OnePlus,Android,8.0,15.3,34.6,11,1.8,6438,2.5,3.8,436,Social Media,0,6874,Mature High Spender,Upsell premium services
35,Male,Mumbai,Samsung,iOS,2.9,8.6,111.4,100,2.4,8684,5.1,0.2,1689,Gaming,0,10373,Mature High Spender,Upsell premium services
16,Female,Kolkata,Xiaomi,Android,3.6,25.2,126.5,158,1.1,6852,4.0,1.4,1842,Gaming,0,8694,Mature High Spender,Upsell premium services
37,Male,Kolkata,Xiaomi,Android,5.3,23.5,41.6,191,1.7,6281,6.4,2.1,706,Work,0,6987,Mature High Spender,Upsell premium services
32,Female,Kolkata,Xiaomi,Android,7.9,35.8,174.8,175,1.1,7382,5.6,2.6,425,Social Media,0,7807,Mature High Spender,Upsell premium services
33,Male,Lucknow,Oppo,Android,10.0,39.0,93.5,13,2.5,8869,3.9,2.8,1010,Gaming,0,9879,Mature High Spender,Upsell premium services
38,Female,Ahmedabad,Nokia,iOS,3.1,31.2,155.5,196,1.0,5261,5.7,3.4,1030,Education,0,6291,Mature High Spender,Upsell premium services
45,Other,Hyderabad,Motorola,iOS,2.2,36.8,91.4,13,0.6,7329,4.4,1.4,951,Education,0,8280,Mature High Spender,Upsell premium services
25,Male,Pune,Vivo,iOS,11.2,6.3,269.8,113,1.2,9372,4.1,3.7,1281,Entertainment,0,10653,Mature High Spender,Upsell premium services
60,Male,Hyderabad,Apple,Android,8.9,27.8,38.3,17,2.6,9722,7.0,1.9,1744,Gaming,0,11466,Mature High Spender,Upsell premium services
58,Other,Kolkata,Samsung,iOS,4.8,11.6,133.2,73,2.2,7198,6.8,4.6,1718,Social Media,0,8916,Mature High Spender,Upsell premium services
21,Female,Lucknow,Motorola,Android,4.5,8.2,289.2,141,0.5,6771,7.8,0.5,1547,Entertainment,0,8318,Mature High Spender,Upsell premium services
53,Male,Mumbai,Samsung,Android,10.5,41.6,140.2,168,0.6,5686,3.6,0.5,817,Education,0,6503,Mature High Spender,Upsell premium services
58,Female,Lucknow,Oppo,Android,8.4,31.0,32.2,60,0.6,9964,1.4,4.8,1005,Education,0,10969,Mature High Spender,Upsell premium services
47,Male,Chennai,Xiaomi,Android,11.3,26.4,180.5,40,1.2,7589,1.3,0.3,132,Entertainment,0,7721,Mature High Spender,Upsell premium services
17,Female,Pune,Xiaomi,Android,7.8,26.3,204.5,186,1.5,9010,4.4,3.6,859,Education,0,9869,Mature High Spender,Upsell premium services
34,Other,Jaipur,Samsung,Android,2.7,47.5,156.5,91,0.5,3550,1.1,1.6,1537,Social Media,0,5087,Mature High Spender,Upsell premium services
47,Female,Pune,Realme,Android,8.2,2.1,66.1,151,1.1,3658,1.5,2.6,153,Social Media,0,3811,Mature High Spender,Upsell premium services
54,Female,Lucknow,Motorola,Android,8.6,44.9,171.8,60,1.0,4592,5.8,1.5,1352,Education,0,5944,Mature High Spender,Upsell premium services
20,Male,Kolkata,Xiaomi,Android,7.0,26.8,175.1,126,2.4,9105,4.0,0.0,363,Entertainment,0,9468,Mature High Spender,Upsell premium services
45,Male,Jaipur,Oppo,Android,1.3,44.9,112.4,129,2.5,9888,5.6,4.1,394,Gaming,0,10282,Mature High Spender,Upsell premium services
16,Female,Delhi,Apple,iOS,8.6,16.1,162.5,28,2.0,9097,1.6,3.3,1292,Gaming,0,10389,Mature High Spender,Upsell premium services
58,Female,Chennai,Realme,Android,10.5,38.6,214.9,164,0.7,6072,1.6,4.0,1984,Education,0,8056,Mature High Spender,Upsell premium services
37,Female,Lucknow,Samsung,iOS,8.2,34.1,265.9,38,2.0,5255,1.0,3.6,1340,Work,0,6595,Mature High Spender,Upsell premium services
39,Other,Mumbai,Nokia,Android,11.0,1.8,172.4,78,1.3,5798,3.2,2.1,1157,Work,0,6955,Mature High Spender,Upsell premium services
38,Female,Lucknow,Google Pixel,Android,4.4,48.0,278.9,159,1.7,6843,2.8,1.9,711,Education,0,7554,Mature High Spender,Upsell premium services
44,Other,Bangalore,Xiaomi,iOS,10.5,41.3,245.7,29,2.3,5396,3.0,4.6,131,Education,0,5527,Mature High Spender,Upsell premium services
49,Other,Chennai,Motorola,Android,7.5,17.8,146.3,192,1.6,3925,1.6,2.3,1375,Gaming,0,5300,Mature High Spender,Upsell premium services
37,Male,Bangalore,Samsung,Android,8.0,23.4,98.7,93,2.7,9933,5.6,0.5,821,Entertainment,0,10754,Mature High Spender,Upsell premium services
49,Male,Delhi,Google Pixel,iOS,9.7,43.6,16.6,109,2.2,8462,6.5,2.6,1326,Work,0,9788,Mature High Spender,Upsell premium services
26,Female,Pune,Apple,iOS,5.6,18.9,258.9,71,1.3,8185,2.1,3.5,1788,Work,0,9973,Mature High Spender,Upsell premium services
35,Female,Lucknow,Nokia,Android,9.0,28.6,269.4,12,3.0,9356,7.4,4.2,1000,Work,0,10356,Mature High Spender,Upsell premium services
48,Male,Lucknow,OnePlus,Android,9.9,49.9,68.5,148,1.6,8563,2.5,1.9,194,Entertainment,0,8757,Mature High Spender,Upsell premium services
54,Other,Chennai,Apple,Android,11.1,16.1,26.5,102,2.6,6053,4.2,1.0,1258,Work,0,7311,Mature High Spender,Upsell premium services
23,Other,Jaipur,Nokia,Android,1.4,20.0,268.5,23,2.5,8795,7.6,3.5,1038,Entertainment,0,9833,Mature High Spender,Upsell premium services
57,Male,Kolkata,Motorola,Android,7.6,17.5,192.5,134,3.2,7764,5.6,3.1,756,Gaming,0,8520,Mature High Spender,Upsell premium services
37,Other,Kolkata,Nokia,Android,1.4,26.5,279.1,15,3.1,9623,5.0,1.0,192,Entertainment,0,9815,Mature High Spender,Upsell premium services
18,Female,Chennai,Nokia,iOS,5.8,1.8,291.4,176,1.9,8699,5.5,2.7,511,Entertainment,0,9210,Mature High Spender,Upsell premium services
52,Female,Lucknow,Apple,Android,2.6,41.3,110.1,142,2.0,9673,2.3,2.6,1967,Entertainment,0,11640,Mature High Spender,Upsell premium services
58,Other,Delhi,Google Pixel,Android,7.6,49.8,284.0,11,1.1,7724,2.6,1.6,1474,Social Media,0,9198,Mature High Spender,Upsell premium services
18,Female,Mumbai,Google Pixel,iOS,1.7,1.4,222.3,141,2.0,8207,2.7,1.8,542,Social Media,0,8749,Mature High Spender,Upsell premium services
30,Male,Hyderabad,Nokia,iOS,11.8,46.8,110.1,151,1.1,5054,1.4,4.2,595,Entertainment,0,5649,Mature High Spender,Upsell premium services
51,Female,Kolkata,OnePlus,Android,1.3,38.0,130.4,30,1.6,4880,5.1,1.4,382,Work,0,5262,Mature High Spender,Upsell premium services
47,Male,Lucknow,Samsung,iOS,1.6,16.3,158.1,194,1.2,4811,4.6,2.3,851,Gaming,0,5662,Mature High Spender,Upsell premium services
29,Male,Chennai,Xiaomi,Android,1.1,22.6,64.2,159,2.6,6436,3.1,0.6,336,Work,0,6772,Mature High Spender,Upsell premium services
34,Female,Hyderabad,Realme,Android,6.5,29.8,55.8,79,2.1,7028,7.1,4.8,334,Entertainment,0,7362,Mature High Spender,Upsell premium services
41,Other,Kolkata,Apple,Android,8.7,15.0,170.9,64,0.7,2920,1.2,2.4,1386,Entertainment,0,4306,Mature High Spender,Upsell premium services
37,Male,Pune,Samsung,iOS,2.9,26.5,280.0,99,2.7,5588,5.7,4.0,1062,Education,0,6650,Mature High Spender,Upsell premium services
30,Male,Lucknow,Google Pixel,iOS,6.9,5.1,144.6,136,1.4,5662,0.8,2.3,1340,Work,0,7002,Mature High Spender,Upsell premium services
45,Other,Kolkata,Samsung,iOS,6.4,12.2,164.8,179,1.4,3561,7.8,4.0,1065,Entertainment,0,4626,Mature High Spender,Upsell premium services
60,Other,Lucknow,Nokia,iOS,6.9,32.9,290.4,172,1.4,5052,5.2,0.4,1579,Work,0,6631,Mature High Spender,Upsell premium services
32,Other,Ahmedabad,Google Pixel,iOS,10.7,3.7,83.8,180,2.0,6244,1.6,4.2,1132,Work,0,7376,Mature High Spender,Upsell premium services
39,Male,Chennai,Oppo,iOS,8.2,46.6,80.0,126,1.1,6385,3.3,2.2,1363,Gaming,0,7748,Mature High Spender,Upsell premium services
55,Female,Pune,Samsung,iOS,5.5,40.2,232.0,70,0.9,5548,5.8,3.6,614,Gaming,0,6162,Mature High Spender,Upsell premium services
23,Female,Ahmedabad,Motorola,iOS,8.7,10.7,116.8,200,2.1,6770,2.4,3.0,1378,Social Media,0,8148,Mature High Spender,Upsell premium services
16,Female,Mumbai,Motorola,iOS,8.4,33.9,53.3,77,0.9,7724,0.7,2.5,1625,Education,0,9349,Mature High Spender,Upsell premium services
25,Female,Delhi,Xiaomi,iOS,9.2,26.1,99.2,182,1.5,5580,5.3,5.0,139,Work,0,5719,Mature High Spender,Upsell premium services
44,Female,Delhi,Apple,Android,7.7,40.0,39.8,68,2.0,6795,4.2,0.7,1599,Gaming,0,8394,Mature High Spender,Upsell premium services
59,Other,Bangalore,Realme,iOS,7.2,39.4,144.9,185,0.6,6647,7.7,3.4,1908,Education,0,8555,Mature High Spender,Upsell premium services
58,Other,Ahmedabad,OnePlus,iOS,7.1,14.3,68.8,40,1.6,9672,4.4,1.6,1579,Education,0,11251,Mature High Spender,Upsell premium services
46,Male,Jaipur,Google Pixel,iOS,6.5,37.6,284.9,192,2.4,5012,1.3,2.6,340,Gaming,0,5352,Mature High Spender,Upsell premium services
47,Other,Delhi,Samsung,Android,7.0,27.5,174.1,199,2.4,9172,5.5,2.8,222,Education,0,9394,Mature High Spender,Upsell premium services
20,Female,Hyderabad,Xiaomi,Android,3.9,9.7,125.6,67,1.0,6039,6.2,3.1,1557,Education,0,7596,Mature High Spender,Upsell premium services
57,Female,Ahmedabad,Samsung,Android,8.2,49.4,211.5,184,3.2,8669,4.9,2.0,1817,Social Media,0,10486,Mature High Spender,Upsell premium services
52,Other,Jaipur,Motorola,Android,1.1,26.5,172.9,59,0.7,8115,7.9,3.6,290,Gaming,0,8405,Mature High Spender,Upsell premium services
55,Male,Ahmedabad,Vivo,iOS,10.8,34.5,153.8,183,1.8,6552,5.7,1.2,1725,Social Media,0,8277,Mature High Spender,Upsell premium services
44,Other,Pune,Google Pixel,Android,4.7,25.1,262.8,104,0.9,8594,5.5,4.8,478,Entertainment,0,9072,Mature High Spender,Upsell premium services
29,Female,Mumbai,Samsung,iOS,10.4,24.2,256.9,55,2.8,9587,1.9,0.1,982,Work,0,10569,Mature High Spender,Upsell premium services
17,Female,Delhi,Motorola,Android,8.6,43.2,257.6,70,1.2,9167,6.5,2.8,581,Social Media,0,9748,Mature High Spender,Upsell premium services
56,Female,Chennai,OnePlus,Android,1.6,48.5,236.9,52,3.7,9643,2.0,2.0,1935,Social Media,0,11578,Mature High Spender,Upsell premium services
44,Other,Bangalore,Vivo,iOS,10.9,31.8,88.7,96,2.2,9172,7.3,4.3,1011,Gaming,0,10183,Mature High Spender,Upsell premium services
22,Female,Delhi,OnePlus,Android,3.2,47.8,121.7,117,0.9,8858,7.8,1.1,1531,Entertainment,0,10389,Mature High Spender,Upsell premium services
47,Female,Delhi,Google Pixel,iOS,7.8,31.5,200.7,35,0.7,7524,1.0,3.8,1760,Work,0,9284,Mature High Spender,Upsell premium services
45,Female,Jaipur,Motorola,Android,9.4,28.1,135.8,130,2.1,6608,7.5,0.6,1961,Education,0,8569,Mature High Spender,Upsell premium services
33,Male,Kolkata,Realme,Android,1.2,48.7,188.5,153,0.8,5562,4.8,3.7,945,Education,0,6507,Mature High Spender,Upsell premium services
29,Other,Chennai,Xiaomi,Android,2.0,33.4,13.1,121,2.7,8932,7.0,2.5,690,Social Media,0,9622,Mature High Spender,Upsell premium services
19,Male,Kolkata,Xiaomi,Android,2.4,23.6,140.9,42,0.7,7693,4.5,2.9,984,Entertainment,0,8677,Mature High Spender,Upsell premium services
41,Male,Lucknow,Realme,Android,9.2,24.2,106.2,140,2.3,5046,0.9,2.3,1682,Education,0,6728,Mature High Spender,Upsell premium services
22,Male,Ahmedabad,Xiaomi,iOS,1.0,29.9,170.2,76,1.5,7305,1.5,1.8,102,Work,0,7407,Mature High Spender,Upsell premium services
41,Other,Ahmedabad,Realme,Android,8.0,15.7,113.9,198,1.8,7978,5.0,3.8,1426,Gaming,0,9404,Mature High Spender,Upsell premium services
35,Female,Kolkata,Oppo,iOS,5.7,36.5,299.8,22,2.4,9547,4.3,2.0,139,Entertainment,0,9686,Mature High Spender,Upsell premium services
39,Female,Kolkata,Motorola,Android,10.7,15.7,166.4,169,3.2,9206,5.8,0.3,124,Gaming,0,9330,Mature High Spender,Upsell premium services
34,Other,Bangalore,Nokia,iOS,11.3,18.1,228.3,71,3.1,9027,2.3,0.8,1074,Education,0,10101,Mature High Spender,Upsell premium services
47,Other,Lucknow,Google Pixel,Android,5.2,34.8,110.5,181,1.6,4017,7.7,0.6,713,Entertainment,0,4730,Mature High Spender,Upsell premium services
34,Other,Chennai,Samsung,Android,11.5,2.3,262.0,38,0.6,3857,1.6,3.2,116,Social Media,0,3973,Mature High Spender,Upsell premium services
43,Other,Kolkata,OnePlus,iOS,9.2,31.5,213.1,44,2.4,4693,1.8,1.6,904,Entertainment,0,5597,Mature High Spender,Upsell premium services
31,Female,Bangalore,Realme,iOS,10.2,27.4,34.7,167,1.5,7191,3.8,0.5,660,Gaming,0,7851,Mature High Spender,Upsell premium services
42,Female,Mumbai,Realme,Android,2.0,29.5,197.6,23,0.6,7935,7.7,0.6,314,Work,0,8249,Mature High Spender,Upsell premium services
43,Female,Bangalore,Apple,iOS,8.6,3.1,12.4,65,1.2,7250,2.7,4.8,316,Gaming,0,7566,Mature High Spender,Upsell premium services
52,Male,Lucknow,Oppo,iOS,11.3,15.5,248.8,179,3.6,8370,5.3,1.2,1161,Entertainment,0,9531,Mature High Spender,Upsell premium services
55,Female,Lucknow,Xiaomi,Android,3.3,2.4,233.5,65,1.1,5276,1.9,3.4,1747,Education,0,7023,Mature High Spender,Upsell premium services
44,Male,Lucknow,Apple,Android,11.6,31.1,152.8,178,1.2,3598,2.3,3.3,1247,Entertainment,0,4845,Mature High Spender,Upsell premium services
15,Other,Ahmedabad,Vivo,Android,5.4,18.0,229.0,137,2.6,8411,4.4,3.8,1410,Work,0,9821,Mature High Spender,Upsell premium services
22,Other,Ahmedabad,Motorola,iOS,8.7,46.4,60.2,112,0.5,9633,5.0,2.1,1850,Gaming,0,11483,Mature High Spender,Upsell premium services
44,Other,Delhi,OnePlus,Android,8.1,47.0,272.0,28,1.5,6915,2.0,2.9,1446,Entertainment,0,8361,Mature High Spender,Upsell premium services
50,Other,Hyderabad,Apple,iOS,2.6,45.8,37.9,63,1.4,7690,6.3,1.0,878,Gaming,0,8568,Mature High Spender,Upsell premium services
59,Other,Pune,Samsung,iOS,3.4,43.6,238.6,139,1.6,9757,2.7,3.2,482,Work,0,10239,Mature High Spender,Upsell premium services
59,Other,Delhi,Samsung,iOS,2.1,20.4,50.6,173,1.8,5342,4.0,2.9,515,Gaming,0,5857,Mature High Spender,Upsell premium services
47,Male,Bangalore,Motorola,Android,3.2,15.7,272.6,17,2.7,7711,0.6,3.2,1503,Work,0,9214,Mature High Spender,Upsell premium services
56,Male,Delhi,Motorola,iOS,10.2,39.8,156.8,13,0.5,3687,7.5,3.2,141,Entertainment,0,3828,Mature High Spender,Upsell premium services
48,Female,Jaipur,Samsung,Android,4.2,49.6,162.2,178,1.2,3674,5.5,0.5,863,Gaming,0,4537,Mature High Spender,Upsell premium services
29,Female,Lucknow,OnePlus,Android,10.7,19.3,278.5,79,2.9,7515,1.4,2.3,1443,Education,0,8958,Mature High Spender,Upsell premium services
26,Male,Jaipur,Samsung,Android,4.8,8.0,277.4,23,1.9,6841,7.7,1.4,1757,Gaming,0,8598,Mature High Spender,Upsell premium services
41,Female,Jaipur,Xiaomi,Android,6.6,23.9,214.0,40,3.4,8394,6.2,0.6,1340,Education,0,9734,Mature High Spender,Upsell premium services
41,Other,Chennai,Motorola,iOS,10.0,40.4,46.5,71,2.6,9359,3.9,3.1,732,Entertainment,0,10091,Mature High Spender,Upsell premium services
59,Male,Jaipur,Realme,iOS,2.0,31.4,39.8,75,1.5,6491,1.7,3.0,116,Social Media,0,6607,Mature High Spender,Upsell premium services
40,Other,Chennai,Samsung,Android,9.8,31.5,30.6,49,2.4,8751,5.9,3.3,1219,Social Media,0,9970,Mature High Spender,Upsell premium services
46,Female,Hyderabad,Samsung,iOS,9.4,37.3,262.5,45,2.8,8266,2.8,0.7,1841,Work,0,10107,Mature High Spender,Upsell premium services
45,Male,Chennai,Oppo,Android,3.5,17.4,101.3,151,1.9,6150,3.7,2.2,1426,Education,0,7576,Mature High Spender,Upsell premium services
44,Female,Pune,Google Pixel,iOS,10.1,18.7,58.8,46,3.0,7742,3.7,3.2,1444,Gaming,0,9186,Mature High Spender,Upsell premium services
18,Other,Mumbai,Oppo,iOS,9.4,15.4,110.6,184,2.5,9582,4.7,1.7,386,Gaming,0,9968,Mature High Spender,Upsell premium services
47,Male,Hyderabad,Nokia,iOS,11.9,13.7,175.7,24,1.6,8379,7.8,4.0,1058,Education,0,9437,Mature High Spender,Upsell premium services
48,Female,Chennai,Xiaomi,iOS,11.6,35.8,227.9,101,3.6,9213,1.1,0.8,1327,Work,0,10540,Mature High Spender,Upsell premium services
28,Other,Bangalore,Realme,iOS,10.4,33.1,234.7,67,0.8,7028,5.1,2.4,1556,Education,0,8584,Mature High Spender,Upsell premium services
44,Other,Kolkata,OnePlus,Android,2.0,35.2,61.9,91,1.3,5465,7.7,0.2,914,Education,0,6379,Mature High Spender,Upsell premium services
27,Female,Pune,Realme,iOS,2.7,17.0,169.1,140,1.5,6539,3.3,3.5,802,Gaming,0,7341,Mature High Spender,Upsell premium services
60,Other,Jaipur,Oppo,Android,7.1,21.7,53.7,18,3.3,8218,5.6,0.1,227,Work,0,8445,Mature High Spender,Upsell premium services
49,Other,Lucknow,Motorola,iOS,10.2,13.1,129.2,102,3.0,7919,4.7,3.3,492,Work,0,8411,Mature High Spender,Upsell premium services
46,Male,Bangalore,Google Pixel,Android,3.0,1.7,168.4,48,0.6,5669,6.9,2.3,1887,Gaming,0,7556,Mature High Spender,Upsell premium services
38,Other,Bangalore,Samsung,iOS,9.9,6.2,299.0,122,1.0,4980,6.1,0.1,169,Work,0,5149,Mature High Spender,Upsell premium services
37,Other,Lucknow,Nokia,Android,3.7,36.0,184.8,185,1.1,7013,3.9,3.5,104,Social Media,0,7117,Mature High Spender,Upsell premium services
29,Other,Hyderabad,Nokia,Android,8.0,49.0,232.4,125,0.6,7125,0.6,4.8,493,Social Media,0,7618,Mature High Spender,Upsell premium services
41,Female,Jaipur,Oppo,iOS,9.8,24.2,111.0,44,2.7,8402,6.5,3.0,1963,Work,0,10365,Mature High Spender,Upsell premium services
20,Other,Pune,Oppo,iOS,5.0,44.2,44.3,110,1.0,6198,7.5,3.3,1725,Education,0,7923,Mature High Spender,Upsell premium services
25,Other,Bangalore,Nokia,iOS,11.8,38.0,153.4,59,2.8,8941,3.7,1.7,1918,Entertainment,0,10859,Mature High Spender,Upsell premium services
15,Female,Lucknow,Oppo,Android,5.7,30.0,208.8,10,1.6,8138,7.5,3.4,1887,Work,0,10025,Mature High Spender,Upsell premium services
46,Female,Pune,Apple,Android,11.9,1.5,15.1,62,1.7,7812,2.8,2.1,1111,Education,0,8923,Mature High Spender,Upsell premium services
52,Male,Mumbai,Xiaomi,Android,1.6,21.7,178.6,71,3.1,6784,3.6,3.3,140,Social Media,0,6924,Mature High Spender,Upsell premium services
47,Male,Bangalore,Apple,Android,5.3,14.8,137.1,99,3.3,8949,0.6,4.5,1983,Gaming,0,10932,Mature High Spender,Upsell premium services
24,Other,Pune,Apple,iOS,6.0,3.5,45.8,90,2.4,9136,4.4,1.1,1021,Entertainment,0,10157,Mature High Spender,Upsell premium services
28,Female,Ahmedabad,Xiaomi,Android,3.9,13.8,73.5,168,0.6,8553,2.6,3.8,211,Entertainment,0,8764,Mature High Spender,Upsell premium services
46,Female,Jaipur,OnePlus,iOS,6.3,34.4,176.1,21,1.7,6685,7.8,0.8,651,Gaming,0,7336,Mature High Spender,Upsell premium services
33,Other,Jaipur,Realme,iOS,5.0,11.3,137.9,25,1.2,5944,3.6,3.2,1084,Work,0,7028,Mature High Spender,Upsell premium services
39,Male,Pune,OnePlus,iOS,2.1,32.2,39.4,158,2.0,8697,6.2,4.3,1939,Work,0,10636,Mature High Spender,Upsell premium services
35,Other,Pune,Motorola,iOS,9.5,49.0,48.5,169,1.0,5099,6.9,2.6,218,Gaming,0,5317,Mature High Spender,Upsell premium services
33,Other,Jaipur,Xiaomi,iOS,9.4,16.1,245.8,156,2.3,6458,0.7,3.0,347,Work,0,6805,Mature High Spender,Upsell premium services
41,Male,Hyderabad,Nokia,iOS,8.2,10.2,11.8,200,1.4,7783,6.3,3.1,672,Education,0,8455,Mature High Spender,Upsell premium services
47,Male,Jaipur,Google Pixel,Android,7.2,41.5,35.8,194,1.1,3305,5.0,3.0,1482,Education,0,4787,Mature High Spender,Upsell premium services
57,Other,Ahmedabad,Samsung,Android,6.9,37.2,160.4,98,3.2,9113,1.0,1.1,443,Social Media,0,9556,Mature High Spender,Upsell premium services
51,Other,Pune,Google Pixel,Android,8.5,49.0,279.1,119,3.5,9929,5.2,3.6,1969,Gaming,0,11898,Mature High Spender,Upsell premium services
48,Female,Delhi,Google Pixel,iOS,10.1,2.9,71.1,68,1.4,6438,1.8,3.9,1192,Work,0,7630,Mature High Spender,Upsell premium services
38,Male,Bangalore,Realme,iOS,6.4,24.5,196.6,52,0.6,6223,4.9,3.0,1212,Gaming,0,7435,Mature High Spender,Upsell premium services
56,Male,Delhi,Samsung,Android,4.5,37.3,191.8,97,3.3,7274,1.3,1.6,1704,Entertainment,0,8978,Mature High Spender,Upsell premium services
28,Male,Pune,Nokia,Android,9.9,30.3,143.5,140,1.6,7598,0.8,3.3,1884,Social Media,0,9482,Mature High Spender,Upsell premium services
41,Male,Bangalore,Realme,iOS,2.6,7.1,34.9,143,2.6,9698,1.5,2.3,1930,Education,0,11628,Mature High Spender,Upsell premium services
36,Male,Mumbai,OnePlus,iOS,6.8,9.1,94.5,159,1.0,4308,3.2,2.9,1351,Education,0,5659,Mature High Spender,Upsell premium services
38,Other,Lucknow,Nokia,Android,9.8,7.3,34.9,58,0.9,3271,5.2,0.6,654,Social Media,0,3925,Mature High Spender,Upsell premium services
37,Female,Jaipur,Nokia,Android,6.2,10.2,160.4,105,0.9,7499,3.1,1.1,1774,Work,0,9273,Mature High Spender,Upsell premium services
56,Female,Lucknow,OnePlus,Android,7.3,39.9,217.9,186,3.6,8913,4.3,0.5,730,Gaming,0,9643,Mature High Spender,Upsell premium services
58,Other,Lucknow,Oppo,Android,3.5,1.1,237.2,65,2.8,6484,7.3,3.0,1905,Education,0,8389,Mature High Spender,Upsell premium services
56,Female,Mumbai,Realme,iOS,5.8,30.9,163.3,118,1.5,5292,3.4,3.6,1628,Social Media,0,6920,Mature High Spender,Upsell premium services
39,Female,Kolkata,Oppo,Android,3.7,4.2,88.1,36,2.6,7507,1.3,4.7,571,Social Media,0,8078,Mature High Spender,Upsell premium services
15,Female,Lucknow,Oppo,iOS,10.4,5.3,277.0,175,0.9,7020,4.7,2.6,1943,Entertainment,0,8963,Mature High Spender,Upsell premium services
51,Female,Lucknow,Samsung,iOS,2.5,7.6,243.8,37,0.5,4811,5.8,0.7,310,Education,0,5121,Mature High Spender,Upsell premium services
51,Male,Kolkata,Oppo,Android,11.9,4.3,78.7,200,2.0,6511,2.3,0.9,472,Social Media,0,6983,Mature High Spender,Upsell premium services
42,Other,Mumbai,Google Pixel,iOS,4.6,1.7,205.8,13,1.6,9493,6.8,0.0,1610,Work,0,11103,Mature High Spender,Upsell premium services
49,Other,Bangalore,Apple,Android,8.4,17.4,197.9,172,3.3,6268,7.0,3.4,679,Gaming,0,6947,Mature High Spender,Upsell premium services
54,Other,Lucknow,Xiaomi,Android,8.9,40.0,6.9,176,3.0,9778,1.4,1.3,1948,Gaming,0,11726,Mature High Spender,Upsell premium services
54,Female,Jaipur,OnePlus,iOS,1.9,39.5,214.9,90,1.1,5212,2.7,0.4,432,Education,0,5644,Mature High Spender,Upsell premium services
35,Male,Bangalore,OnePlus,Android,2.2,49.3,72.0,95,1.8,7957,6.3,0.7,1544,Social Media,0,9501,Mature High Spender,Upsell premium services
26,Female,Bangalore,Motorola,Android,8.7,23.6,213.0,136,1.5,6141,1.7,3.7,409,Entertainment,0,6550,Mature High Spender,Upsell premium services
39,Female,Jaipur,Motorola,iOS,10.1,8.6,126.7,144,0.9,5635,7.5,0.6,397,Gaming,0,6032,Mature High Spender,Upsell premium services
60,Male,Jaipur,Apple,Android,9.5,9.5,83.6,180,2.7,9179,1.1,4.9,943,Gaming,0,10122,Mature High Spender,Upsell premium services
53,Male,Lucknow,Oppo,Android,2.7,19.2,42.8,26,1.6,9921,7.9,4.5,1327,Education,0,11248,Mature High Spender,Upsell premium services
38,Male,Jaipur,Google Pixel,Android,6.0,17.9,215.6,87,1.7,5174,7.9,3.0,1748,Gaming,0,6922,Mature High Spender,Upsell premium services
38,Male,Lucknow,Oppo,Android,8.9,10.8,49.4,47,2.3,8966,4.6,0.2,541,Education,0,9507,Mature High Spender,Upsell premium services
42,Male,Bangalore,Realme,iOS,8.0,28.9,216.2,115,2.1,6911,1.8,1.0,161,Work,0,7072,Mature High Spender,Upsell premium services
49,Female,Kolkata,Realme,iOS,2.8,45.8,180.0,76,2.1,8470,2.8,4.0,1601,Education,0,10071,Mature High Spender,Upsell premium services
60,Female,Kolkata,Apple,iOS,4.4,14.7,286.3,135,2.2,5578,4.6,0.3,1442,Entertainment,0,7020,Mature High Spender,Upsell premium services
45,Male,Delhi,Xiaomi,Android,9.8,13.0,213.9,84,2.6,8989,3.8,0.3,807,Work,0,9796,Mature High Spender,Upsell premium services
55,Other,Chennai,Xiaomi,iOS,3.7,13.0,159.5,12,3.2,8082,4.9,2.1,1167,Education,0,9249,Mature High Spender,Upsell premium services
23,Female,Ahmedabad,Realme,iOS,1.1,3.8,103.9,86,0.7,5356,3.9,3.6,722,Education,0,6078,Mature High Spender,Upsell premium services
35,Female,Kolkata,Motorola,iOS,11.7,15.6,217.2,186,1.4,5450,4.8,4.3,1367,Education,0,6817,Mature High Spender,Upsell premium services
41,Female,Ahmedabad,OnePlus,Android,4.0,21.4,176.5,129,1.0,2559,7.0,0.1,985,Gaming,0,3544,Mature High Spender,Upsell premium services
53,Other,Jaipur,Oppo,iOS,10.5,23.8,109.2,82,3.2,6554,7.2,1.5,598,Gaming,0,7152,Mature High Spender,Upsell premium services
42,Female,Chennai,Apple,Android,8.7,34.1,236.7,198,1.5,6078,5.4,0.6,997,Work,0,7075,Mature High Spender,Upsell premium services
44,Female,Hyderabad,Nokia,Android,4.6,9.3,293.0,33,0.6,9798,4.5,2.9,991,Gaming,0,10789,Mature High Spender,Upsell premium services
35,Other,Kolkata,OnePlus,iOS,6.0,35.1,214.9,44,2.2,5803,7.1,1.4,955,Education,0,6758,Mature High Spender,Upsell premium services
34,Male,Delhi,Google Pixel,iOS,5.0,3.2,70.0,200,2.8,7839,3.5,1.5,1672,Work,0,9511,Mature High Spender,Upsell premium services
40,Male,Hyderabad,Nokia,Android,11.1,12.5,274.3,89,3.5,5865,2.0,2.8,1417,Gaming,0,7282,Mature High Spender,Upsell premium services
35,Other,Kolkata,OnePlus,Android,2.0,19.6,296.0,32,2.1,6673,7.7,4.0,1516,Work,0,8189,Mature High Spender,Upsell premium services
32,Female,Ahmedabad,Realme,iOS,11.7,2.1,270.8,23,2.0,9206,6.9,4.5,945,Work,0,10151,Mature High Spender,Upsell premium services
33,Other,Chennai,Samsung,iOS,9.0,7.6,232.0,90,1.8,5767,6.7,2.6,761,Gaming,0,6528,Mature High Spender,Upsell premium services
28,Male,Chennai,Vivo,iOS,7.7,1.9,89.9,189,2.6,8881,6.9,0.8,1342,Education,0,10223,Mature High Spender,Upsell premium services
47,Other,Mumbai,Motorola,iOS,2.2,39.7,264.9,141,0.6,8499,7.1,4.9,479,Entertainment,0,8978,Mature High Spender,Upsell premium services
52,Male,Ahmedabad,OnePlus,iOS,3.7,3.0,215.3,25,1.0,6561,3.2,0.5,596,Gaming,0,7157,Mature High Spender,Upsell premium services
39,Male,Hyderabad,Xiaomi,iOS,1.3,47.4,152.5,121,1.2,4078,7.4,0.6,1209,Social Media,0,5287,Mature High Spender,Upsell premium services
52,Male,Bangalore,Oppo,Android,1.9,25.9,255.7,21,1.0,9462,1.5,1.8,304,Entertainment,0,9766,Mature High Spender,Upsell premium services
53,Other,Ahmedabad,Apple,iOS,6.4,35.9,133.8,116,1.8,6875,5.0,1.6,1707,Education,0,8582,Mature High Spender,Upsell premium services
27,Female,Chennai,Motorola,Android,4.3,22.6,266.2,130,2.7,7777,0.8,0.6,1345,Social Media,0,9122,Mature High Spender,Upsell premium services
58,Female,Kolkata,Realme,Android,8.4,45.4,160.4,171,1.1,7765,2.1,0.2,610,Education,0,8375,Mature High Spender,Upsell premium services
48,Female,Mumbai,Google Pixel,Android,4.2,35.8,167.1,171,0.7,2817,7.3,1.6,1396,Entertainment,0,4213,Mature High Spender,Upsell premium services
22,Female,Bangalore,Motorola,Android,11.4,34.9,165.9,135,1.9,7932,7.8,0.1,812,Entertainment,0,8744,Mature High Spender,Upsell premium services
28,Other,Jaipur,Realme,Android,7.5,18.0,262.8,114,2.6,8522,6.6,1.9,970,Social Media,0,9492,Mature High Spender,Upsell premium services
56,Female,Ahmedabad,Google Pixel,Android,9.7,1.1,62.9,94,2.9,6922,1.8,4.4,1758,Social Media,0,8680,Mature High Spender,Upsell premium services
44,Female,Chennai,Xiaomi,Android,3.4,30.7,239.8,30,2.0,5581,3.6,4.3,333,Entertainment,0,5914,Mature High Spender,Upsell premium services
22,Female,Pune,Nokia,iOS,7.5,8.0,223.1,131,0.9,7530,1.2,4.1,290,Social Media,0,7820,Mature High Spender,Upsell premium services
54,Other,Ahmedabad,OnePlus,iOS,4.9,26.4,80.6,27,2.1,6126,6.8,1.7,906,Gaming,0,7032,Mature High Spender,Upsell premium services
45,Female,Delhi,Nokia,Android,11.9,49.6,182.5,71,3.3,7369,7.3,0.3,1882,Social Media,0,9251,Mature High Spender,Upsell premium services
27,Other,Pune,OnePlus,Android,4.0,39.9,226.5,172,1.8,7715,5.6,2.0,1794,Social Media,0,9509,Mature High Spender,Upsell premium services
36,Other,Delhi,Google Pixel,Android,7.6,8.8,250.6,56,2.9,7155,7.2,1.0,1329,Education,0,8484,Mature High Spender,Upsell premium services
39,Male,Bangalore,Realme,Android,7.6,21.3,135.7,22,2.6,9507,1.3,1.3,1322,Work,0,10829,Mature High Spender,Upsell premium services
27,Male,Delhi,Oppo,iOS,8.4,24.8,196.9,34,1.7,6520,5.4,4.1,474,Social Media,0,6994,Mature High Spender,Upsell premium services
19,Other,Ahmedabad,Oppo,iOS,3.2,35.2,94.9,17,1.1,6569,4.8,0.5,957,Gaming,0,7526,Mature High Spender,Upsell premium services
41,Other,Chennai,Nokia,iOS,10.9,49.5,211.6,162,3.2,7120,7.1,1.9,1513,Gaming,0,8633,Mature High Spender,Upsell premium services
33,Male,Kolkata,Vivo,Android,1.7,33.0,129.8,170,1.1,9227,4.5,4.4,1275,Education,0,10502,Mature High Spender,Upsell premium services
27,Other,Pune,Realme,iOS,9.4,41.8,210.9,116,2.1,9821,4.9,3.4,368,Social Media,0,10189,Mature High Spender,Upsell premium services
28,Male,Hyderabad,Samsung,iOS,2.6,34.9,275.8,79,2.9,6496,6.5,2.4,1792,Social Media,0,8288,Mature High Spender,Upsell premium services
55,Male,Jaipur,Apple,iOS,11.1,39.5,200.5,100,2.3,5509,2.3,3.3,1354,Gaming,0,6863,Mature High Spender,Upsell premium services
27,Female,Chennai,Oppo,Android,2.2,18.0,108.2,134,2.0,6248,7.6,1.6,1622,Entertainment,0,7870,Mature High Spender,Upsell premium services
47,Other,Kolkata,Motorola,iOS,6.2,22.9,197.4,73,1.3,6706,1.2,2.6,841,Education,0,7547,Mature High Spender,Upsell premium services
39,Male,Bangalore,Realme,Android,10.2,29.0,49.9,10,1.6,4116,3.7,4.5,869,Gaming,0,4985,Mature High Spender,Upsell premium services
54,Female,Jaipur,Vivo,iOS,11.9,18.4,277.8,126,1.7,4494,7.9,2.8,614,Education,0,5108,Mature High Spender,Upsell premium services
60,Female,Lucknow,Nokia,Android,10.0,34.6,156.7,83,1.6,9819,7.1,2.2,371,Education,0,10190,Mature High Spender,Upsell premium services
37,Other,Ahmedabad,Samsung,Android,3.4,22.4,94.0,96,1.0,4196,7.2,2.0,600,Work,0,4796,Mature High Spender,Upsell premium services
26,Female,Jaipur,Apple,iOS,2.8,14.2,24.0,148,2.5,7035,5.2,1.8,513,Social Media,0,7548,Mature High Spender,Upsell premium services
28,Male,Jaipur,Motorola,Android,7.0,5.0,270.3,138,1.6,9065,2.6,4.0,407,Gaming,0,9472,Mature High Spender,Upsell premium services
48,Other,Ahmedabad,Vivo,iOS,1.1,32.9,171.0,181,2.0,4435,5.3,2.2,1341,Gaming,0,5776,Mature High Spender,Upsell premium services
54,Other,Pune,Apple,iOS,1.8,41.0,45.9,76,1.2,6321,4.2,3.9,157,Social Media,0,6478,Mature High Spender,Upsell premium services
56,Male,Mumbai,Vivo,iOS,1.1,47.4,131.0,180,0.8,7408,5.0,2.8,1961,Work,0,9369,Mature High Spender,Upsell premium services
24,Other,Pune,Xiaomi,Android,2.2,35.6,24.0,122,0.9,6488,0.9,2.8,214,Education,0,6702,Mature High Spender,Upsell premium services
40,Female,Chennai,OnePlus,Android,8.8,25.5,102.2,52,1.1,5590,6.8,1.8,1914,Social Media,0,7504,Mature High Spender,Upsell premium services
37,Other,Lucknow,Motorola,iOS,7.6,37.3,114.5,17,1.7,8019,5.0,2.2,1303,Education,0,9322,Mature High Spender,Upsell premium services
58,Other,Hyderabad,Realme,iOS,10.2,17.1,191.1,171,2.4,9096,6.9,3.9,1037,Work,0,10133,Mature High Spender,Upsell premium services
16,Other,Jaipur,Nokia,iOS,3.8,14.8,45.4,93,2.0,9113,4.0,4.4,344,Education,0,9457,Mature High Spender,Upsell premium services
30,Other,Hyderabad,Apple,Android,3.4,22.9,273.1,101,2.4,8992,3.9,0.3,1404,Entertainment,0,10396,Mature High Spender,Upsell premium services
44,Female,Mumbai,Xiaomi,iOS,3.2,48.5,59.3,67,0.9,9011,4.3,4.2,1623,Gaming,0,10634,Mature High Spender,Upsell premium services
50,Male,Lucknow,OnePlus,iOS,6.8,15.3,210.3,34,1.8,8209,7.2,0.1,804,Education,0,9013,Mature High Spender,Upsell premium services
55,Male,Hyderabad,Xiaomi,iOS,11.8,20.7,291.2,113,0.5,7581,4.4,2.8,973,Work,0,8554,Mature High Spender,Upsell premium services
47,Male,Mumbai,Google Pixel,iOS,2.1,8.5,178.9,103,0.7,8474,0.9,0.8,389,Work,0,8863,Mature High Spender,Upsell premium services
37,Female,Delhi,OnePlus,iOS,8.1,44.1,165.8,62,2.3,9373,3.7,0.3,484,Social Media,0,9857,Mature High Spender,Upsell premium services
56,Male,Ahmedabad,Xiaomi,iOS,4.8,48.2,194.3,122,1.6,5897,3.1,0.7,377,Work,0,6274,Mature High Spender,Upsell premium services
37,Female,Kolkata,Apple,iOS,8.3,4.1,90.5,135,0.9,8468,6.3,3.9,836,Gaming,0,9304,Mature High Spender,Upsell premium services
39,Male,Delhi,Realme,iOS,2.0,42.1,202.5,84,0.8,6728,6.0,2.2,1826,Entertainment,0,8554,Mature High Spender,Upsell premium services
48,Female,Delhi,OnePlus,Android,2.2,24.4,247.9,196,0.6,3507,5.1,1.4,1984,Gaming,0,5491,Mature High Spender,Upsell premium services
29,Male,Bangalore,Vivo,iOS,3.1,43.5,40.6,53,1.2,6573,1.5,3.3,1801,Social Media,0,8374,Mature High Spender,Upsell premium services
26,Female,Kolkata,Nokia,Android,7.5,22.1,211.5,100,1.3,7056,4.3,2.0,1883,Entertainment,0,8939,Mature High Spender,Upsell premium services
16,Other,Ahmedabad,Oppo,Android,7.2,42.0,46.2,147,2.3,9796,5.1,3.6,186,Gaming,0,9982,Mature High Spender,Upsell premium services
54,Female,Kolkata,Google Pixel,Android,9.4,47.5,118.3,181,1.1,9972,5.9,2.3,794,Education,0,10766,Mature High Spender,Upsell premium services
28,Female,Mumbai,Samsung,Android,4.1,2.0,55.8,111,2.2,7700,2.3,1.7,1923,Education,0,9623,Mature High Spender,Upsell premium services
34,Other,Lucknow,Oppo,Android,9.5,15.1,189.7,154,2.9,8430,5.2,1.0,1727,Gaming,0,10157,Mature High Spender,Upsell premium services
42,Female,Lucknow,Google Pixel,iOS,7.7,31.1,211.9,123,2.9,7844,3.3,4.4,1388,Social Media,0,9232,Mature High Spender,Upsell premium services
20,Other,Lucknow,Xiaomi,Android,5.1,29.9,222.6,131,1.1,8160,4.1,4.4,219,Social Media,0,8379,Mature High Spender,Upsell premium services
48,Female,Ahmedabad,Motorola,iOS,11.7,43.2,265.4,179,2.4,6799,0.7,3.5,743,Gaming,0,7542,Mature High Spender,Upsell premium services
24,Other,Ahmedabad,Oppo,Android,7.7,40.7,43.1,96,2.0,6450,5.3,0.9,185,Gaming,0,6635,Mature High Spender,Upsell premium services
27,Other,Hyderabad,Vivo,Android,6.8,27.0,187.1,143,1.4,5994,3.4,1.5,1569,Entertainment,0,7563,Mature High Spender,Upsell premium services
56,Female,Lucknow,Nokia,iOS,7.0,2.6,107.3,100,2.1,8825,4.0,3.6,358,Entertainment,0,9183,Mature High Spender,Upsell premium services
35,Female,Chennai,Samsung,Android,7.5,35.9,35.9,131,1.7,6891,1.0,1.9,1103,Education,0,7994,Mature High Spender,Upsell premium services
43,Other,Lucknow,Motorola,iOS,8.7,37.7,230.4,38,2.3,6283,7.0,1.4,998,Gaming,0,7281,Mature High Spender,Upsell premium services
28,Female,Hyderabad,Xiaomi,iOS,10.4,12.4,287.7,98,1.3,8959,7.0,4.8,942,Gaming,0,9901,Mature High Spender,Upsell premium services
25,Female,Pune,Samsung,Android,9.2,48.8,47.7,25,2.6,7800,4.4,0.4,131,Social Media,0,7931,Mature High Spender,Upsell premium services
46,Female,Chennai,Samsung,iOS,6.8,3.7,279.3,22,0.9,6645,7.0,3.0,1661,Social Media,0,8306,Mature High Spender,Upsell premium services
23,Female,Kolkata,Apple,iOS,3.2,15.2,86.4,79,2.3,9766,2.2,3.7,168,Gaming,0,9934,Mature High Spender,Upsell premium services
25,Male,Ahmedabad,Google Pixel,iOS,1.5,2.3,271.1,88,2.5,8697,3.7,3.4,1089,Work,0,9786,Mature High Spender,Upsell premium services
33,Female,Kolkata,Oppo,Android,8.6,38.5,261.0,195,0.7,3946,0.7,4.2,1725,Work,0,5671,Mature High Spender,Upsell premium services
48,Female,Jaipur,Realme,iOS,9.4,45.8,289.0,72,1.2,6167,7.2,1.6,303,Social Media,0,6470,Mature High Spender,Upsell premium services
52,Other,Kolkata,Nokia,iOS,11.3,14.3,127.9,167,2.9,6553,7.7,1.0,1724,Education,0,8277,Mature High Spender,Upsell premium services
54,Female,Hyderabad,Nokia,Android,9.2,7.9,215.5,62,1.5,6916,3.4,3.4,1506,Entertainment,0,8422,Mature High Spender,Upsell premium services
39,Male,Lucknow,Vivo,Android,8.2,2.8,196.3,113,1.8,9915,2.9,0.4,163,Social Media,0,10078,Mature High Spender,Upsell premium services
51,Female,Kolkata,Apple,Android,7.4,45.6,65.6,162,1.3,7008,1.5,2.0,1579,Social Media,0,8587,Mature High Spender,Upsell premium services
39,Female,Hyderabad,Realme,Android,2.3,16.1,296.5,13,2.9,9651,6.5,4.0,1203,Education,0,10854,Mature High Spender,Upsell premium services
60,Female,Bangalore,Google Pixel,Android,3.4,47.4,296.8,68,2.1,5438,4.1,4.0,351,Education,0,5789,Mature High Spender,Upsell premium services
55,Other,Chennai,Vivo,iOS,6.9,42.7,66.3,197,2.0,8290,6.4,4.3,438,Education,0,8728,Mature High Spender,Upsell premium services
33,Female,Chennai,Xiaomi,iOS,9.4,1.2,231.3,175,2.9,6905,1.0,1.8,423,Entertainment,0,7328,Mature High Spender,Upsell premium services
44,Male,Lucknow,Realme,Android,6.7,40.8,288.6,50,3.5,5854,4.3,4.4,647,Entertainment,0,6501,Mature High Spender,Upsell premium services
47,Female,Bangalore,Realme,iOS,9.6,1.1,29.2,138,1.3,8074,6.7,4.1,1413,Social Media,0,9487,Mature High Spender,Upsell premium services
49,Male,Hyderabad,Vivo,Android,10.0,15.6,75.0,50,0.5,9885,1.9,2.5,1885,Social Media,0,11770,Mature High Spender,Upsell premium services
19,Female,Jaipur,Realme,iOS,10.7,4.4,293.3,40,1.3,9658,8.0,2.6,1634,Education,0,11292,Mature High Spender,Upsell premium services
56,Female,Lucknow,Apple,iOS,1.1,47.0,174.6,75,1.1,7104,0.5,1.4,1124,Gaming,0,8228,Mature High Spender,Upsell premium services
37,Other,Hyderabad,Realme,Android,9.0,12.2,17.8,182,2.5,4380,7.0,1.4,1156,Education,0,5536,Mature High Spender,Upsell premium services
54,Female,Lucknow,Google Pixel,iOS,5.7,23.4,66.2,157,0.6,4352,5.6,2.9,1921,Work,0,6273,Mature High Spender,Upsell premium services
33,Female,Lucknow,Motorola,iOS,6.2,20.3,115.0,118,1.6,9998,1.8,1.1,1102,Work,0,11100,Mature High Spender,Upsell premium services
45,Male,Delhi,Oppo,iOS,3.4,33.0,37.6,57,1.9,7074,6.8,0.7,171,Education,0,7245,Mature High Spender,Upsell premium services
48,Male,Jaipur,Apple,Android,1.2,5.6,298.9,191,1.1,4966,2.3,3.3,1422,Education,0,6388,Mature High Spender,Upsell premium services
28,Male,Kolkata,Nokia,Android,11.7,35.6,38.2,102,1.3,8272,7.5,1.7,931,Gaming,0,9203,Mature High Spender,Upsell premium services
50,Female,Bangalore,Oppo,iOS,11.3,33.2,75.7,162,1.2,4164,6.1,2.0,914,Gaming,0,5078,Mature High Spender,Upsell premium services
55,Female,Bangalore,Google Pixel,iOS,7.5,42.8,220.7,19,0.8,9237,6.4,4.5,1972,Entertainment,0,11209,Mature High Spender,Upsell premium services
59,Other,Lucknow,Realme,Android,8.2,3.6,51.5,99,1.2,8464,0.9,4.4,518,Education,0,8982,Mature High Spender,Upsell premium services
36,Other,Pune,Nokia,Android,10.0,8.7,27.0,46,2.9,7282,3.6,2.4,1983,Entertainment,0,9265,Mature High Spender,Upsell premium services
42,Female,Lucknow,Oppo,iOS,11.7,46.2,226.0,18,2.5,8682,3.6,3.2,790,Entertainment,0,9472,Mature High Spender,Upsell premium services
26,Male,Ahmedabad,Vivo,Android,8.8,31.0,297.1,64,2.8,7654,2.1,4.6,1648,Work,0,9302,Mature High Spender,Upsell premium services
57,Female,Ahmedabad,Google Pixel,iOS,2.8,24.4,17.4,142,1.2,9743,5.9,0.8,1130,Social Media,0,10873,Mature High Spender,Upsell premium services
34,Male,Mumbai,Motorola,iOS,1.5,21.1,166.0,156,3.1,6303,7.3,1.8,971,Entertainment,0,7274,Mature High Spender,Upsell premium services
58,Other,Chennai,Motorola,Android,1.5,1.8,92.8,164,3.6,9665,1.2,4.3,1539,Entertainment,0,11204,Mature High Spender,Upsell premium services
39,Female,Ahmedabad,Google Pixel,Android,9.6,49.3,281.8,94,1.8,9414,4.2,1.2,250,Entertainment,0,9664,Mature High Spender,Upsell premium services
30,Other,Ahmedabad,Vivo,Android,11.2,2.4,278.2,14,2.4,9214,2.3,3.8,1667,Education,0,10881,Mature High Spender,Upsell premium services
59,Male,Jaipur,Nokia,iOS,2.4,45.0,40.0,114,1.6,7950,0.7,3.7,740,Education,0,8690,Mature High Spender,Upsell premium services
37,Male,Jaipur,Nokia,Android,2.3,27.6,10.0,52,1.5,7774,6.7,4.2,277,Work,0,8051,Mature High Spender,Upsell premium services
50,Female,Delhi,Apple,iOS,10.8,22.3,143.2,83,1.2,9963,1.4,1.7,1893,Entertainment,0,11856,Mature High Spender,Upsell premium services
52,Other,Pune,Apple,iOS,6.8,35.3,264.3,152,1.0,5519,5.3,4.5,1338,Work,0,6857,Mature High Spender,Upsell premium services
43,Female,Jaipur,Realme,iOS,8.4,45.8,81.1,29,1.0,7163,2.4,0.2,1334,Work,0,8497,Mature High Spender,Upsell premium services
49,Male,Chennai,Oppo,iOS,3.2,45.8,275.6,108,3.1,9672,4.4,0.8,992,Work,0,10664,Mature High Spender,Upsell premium services
46,Other,Chennai,Oppo,Android,2.1,14.3,199.2,57,1.6,7040,5.9,4.9,403,Entertainment,0,7443,Mature High Spender,Upsell premium services
42,Female,Kolkata,Apple,iOS,4.4,27.2,224.4,104,1.1,8730,7.7,3.0,545,Entertainment,0,9275,Mature High Spender,Upsell premium services
44,Other,Bangalore,Samsung,Android,7.7,24.2,156.7,22,1.1,8250,1.1,3.8,530,Work,0,8780,Mature High Spender,Upsell premium services
56,Other,Delhi,OnePlus,iOS,1.7,3.5,106.4,93,1.5,4505,3.1,5.0,1033,Gaming,0,5538,Mature High Spender,Upsell premium services
48,Female,Delhi,Apple,iOS,9.0,18.2,116.4,103,2.4,9711,4.1,1.1,1963,Gaming,0,11674,Mature High Spender,Upsell premium services
54,Other,Pune,Realme,Android,1.6,18.8,294.3,199,0.6,7015,0.6,2.4,1646,Social Media,0,8661,Mature High Spender,Upsell premium services
26,Other,Bangalore,Xiaomi,iOS,8.6,20.1,258.7,95,0.9,5976,0.6,2.0,138,Entertainment,0,6114,Mature High Spender,Upsell premium services
49,Female,Kolkata,OnePlus,Android,6.3,32.8,124.8,56,1.1,9860,4.8,4.3,1541,Work,0,11401,Mature High Spender,Upsell premium services
20,Male,Hyderabad,Oppo,iOS,1.9,9.9,67.0,197,0.8,9556,7.7,2.9,1893,Entertainment,0,11449,Mature High Spender,Upsell premium services
45,Other,Ahmedabad,Vivo,Android,7.4,44.3,202.4,37,0.6,6303,5.3,4.7,188,Gaming,0,6491,Mature High Spender,Upsell premium services
16,Female,Mumbai,Nokia,iOS,6.0,37.7,150.6,177,0.8,8129,8.0,1.0,1380,Entertainment,0,9509,Mature High Spender,Upsell premium services
25,Other,Delhi,Apple,Android,11.2,27.0,30.3,23,1.2,5331,7.1,3.6,1066,Social Media,0,6397,Mature High Spender,Upsell premium services
41,Female,Hyderabad,Vivo,Android,6.9,25.0,246.3,80,1.5,9827,2.8,2.5,1835,Gaming,0,11662,Mature High Spender,Upsell premium services
53,Male,Kolkata,OnePlus,Android,1.8,28.0,137.3,14,1.3,5869,1.8,0.6,1606,Education,0,7475,Mature High Spender,Upsell premium services
37,Male,Chennai,Realme,Android,7.7,37.3,213.4,17,0.5,5324,1.8,4.7,148,Entertainment,0,5472,Mature High Spender,Upsell premium services
52,Female,Kolkata,Motorola,Android,11.7,14.5,8.4,77,2.4,7159,7.1,1.8,552,Work,0,7711,Mature High Spender,Upsell premium services
48,Male,Bangalore,Motorola,Android,11.2,8.8,200.7,139,1.7,6584,6.0,1.6,1208,Work,0,7792,Mature High Spender,Upsell premium services
33,Female,Jaipur,Samsung,iOS,10.9,22.8,152.0,149,3.0,9128,6.6,3.8,1734,Work,0,10862,Mature High Spender,Upsell premium services
38,Female,Hyderabad,Apple,iOS,7.9,49.2,152.6,84,0.7,3789,7.6,4.8,110,Education,0,3899,Mature High Spender,Upsell premium services
47,Other,Bangalore,Oppo,Android,10.8,37.6,81.6,45,1.9,9077,5.2,1.8,1382,Social Media,0,10459,Mature High Spender,Upsell premium services
60,Male,Mumbai,Motorola,Android,6.2,30.6,176.7,160,3.0,7382,5.2,2.4,683,Entertainment,0,8065,Mature High Spender,Upsell premium services
48,Other,Bangalore,Apple,Android,1.3,26.0,196.7,120,2.0,9209,3.9,2.4,399,Social Media,0,9608,Mature High Spender,Upsell premium services
56,Female,Delhi,OnePlus,iOS,1.0,19.1,144.1,96,3.6,8499,4.0,4.8,1908,Entertainment,0,10407,Mature High Spender,Upsell premium services
23,Female,Bangalore,OnePlus,iOS,11.5,14.4,93.1,17,1.9,9520,2.0,3.1,1377,Gaming,0,10897,Mature High Spender,Upsell premium services
50,Female,Pune,Nokia,Android,8.3,4.5,98.1,40,3.2,6360,4.4,4.7,1536,Gaming,0,7896,Mature High Spender,Upsell premium services
15,Other,Bangalore,Nokia,iOS,11.5,10.4,125.4,23,0.6,9815,5.7,4.0,1963,Education,0,11778,Mature High Spender,Upsell premium services
44,Female,Kolkata,Samsung,Android,7.1,32.7,286.1,85,1.1,8400,5.1,3.6,758,Entertainment,0,9158,Mature High Spender,Upsell premium services
33,Male,Hyderabad,Google Pixel,iOS,5.6,34.7,295.1,146,1.5,6439,3.2,0.8,1931,Entertainment,0,8370,Mature High Spender,Upsell premium services
34,Other,Hyderabad,Vivo,Android,7.7,29.1,205.5,21,1.3,5725,0.7,2.2,627,Education,0,6352,Mature High Spender,Upsell premium services
44,Male,Jaipur,Realme,Android,9.1,29.7,275.4,30,0.6,5508,3.3,4.6,264,Work,0,5772,Mature High Spender,Upsell premium services
47,Female,Hyderabad,Samsung,Android,10.8,13.7,48.8,194,0.8,7935,7.4,4.5,670,Gaming,0,8605,Mature High Spender,Upsell premium services
20,Male,Chennai,Motorola,Android,2.0,22.3,156.9,180,0.7,9591,2.1,1.9,248,Social Media,0,9839,Mature High Spender,Upsell premium services
60,Other,Kolkata,Apple,Android,5.6,16.5,219.2,85,1.5,6166,2.5,0.9,1241,Gaming,0,7407,Mature High Spender,Upsell premium services
15,Male,Kolkata,Realme,Android,7.9,13.0,213.2,101,1.1,7964,6.8,4.3,1164,Gaming,0,9128,Mature High Spender,Upsell premium services
53,Other,Chennai,Samsung,Android,11.3,20.5,239.2,55,3.2,7709,7.1,4.0,1870,Social Media,0,9579,Mature High Spender,Upsell premium services
39,Other,Jaipur,Motorola,iOS,11.5,39.5,275.3,138,2.2,4205,5.1,4.5,1423,Work,0,5628,Mature High Spender,Upsell premium services
52,Other,Pune,OnePlus,iOS,2.1,36.8,43.1,110,2.1,5442,3.0,2.3,156,Entertainment,0,5598,Mature High Spender,Upsell premium services
30,Other,Delhi,OnePlus,Android,6.8,42.8,39.3,153,1.3,9010,1.9,1.3,1641,Work,0,10651,Mature High Spender,Upsell premium services
39,Other,Jaipur,OnePlus,Android,6.9,32.5,147.2,164,1.4,6904,7.1,0.7,551,Education,0,7455,Mature High Spender,Upsell premium services
58,Male,Kolkata,Motorola,iOS,2.1,15.2,191.5,26,0.5,6152,8.0,4.6,732,Gaming,0,6884,Mature High Spender,Upsell premium services
15,Female,Jaipur,Vivo,Android,11.6,25.5,282.4,127,1.2,8969,3.5,0.2,1445,Social Media,0,10414,Mature High Spender,Upsell premium services
49,Other,Pune,Xiaomi,Android,8.7,43.8,157.7,52,0.7,5104,6.4,3.5,895,Work,0,5999,Mature High Spender,Upsell premium services
48,Female,Ahmedabad,OnePlus,iOS,2.1,36.4,218.2,145,1.9,7733,2.3,4.0,1387,Education,0,9120,Mature High Spender,Upsell premium services
22,Female,Hyderabad,Realme,Android,1.9,12.9,196.7,15,1.8,8365,1.8,1.5,198,Social Media,0,8563,Mature High Spender,Upsell premium services
47,Female,Chennai,Motorola,iOS,10.1,33.5,216.5,11,2.2,9949,2.3,3.1,367,Work,0,10316,Mature High Spender,Upsell premium services
41,Male,Kolkata,Motorola,Android,9.2,27.3,285.7,190,2.5,6271,2.5,0.9,953,Social Media,0,7224,Mature High Spender,Upsell premium services
30,Other,Chennai,OnePlus,iOS,9.7,7.7,208.6,102,1.4,9543,5.5,4.6,1959,Gaming,0,11502,Mature High Spender,Upsell premium services
24,Female,Bangalore,OnePlus,Android,11.1,45.2,145.1,181,2.7,9849,3.1,1.6,622,Education,0,10471,Mature High Spender,Upsell premium services
53,Male,Kolkata,Nokia,Android,9.7,40.0,181.5,47,1.3,5758,5.2,0.8,1674,Gaming,0,7432,Mature High Spender,Upsell premium services
58,Male,Bangalore,Xiaomi,Android,3.1,21.3,160.6,167,1.6,9550,3.9,4.6,518,Gaming,0,10068,Mature High Spender,Upsell premium services
33,Other,Delhi,Apple,iOS,10.3,43.2,69.4,124,1.4,4660,7.1,2.4,1979,Entertainment,0,6639,Mature High Spender,Upsell premium services
36,Female,Kolkata,Realme,iOS,2.4,40.0,93.1,190,1.1,6246,6.7,3.3,1837,Education,0,8083,Mature High Spender,Upsell premium services
34,Other,Chennai,Apple,iOS,2.6,19.2,294.3,119,1.8,9497,3.3,3.4,1935,Social Media,0,11432,Mature High Spender,Upsell premium services
15,Male,Kolkata,OnePlus,iOS,9.1,34.5,264.3,136,2.4,9297,5.1,1.3,368,Entertainment,0,9665,Mature High Spender,Upsell premium services
42,Male,Delhi,Nokia,Android,5.4,44.3,78.1,145,2.2,5421,5.7,0.8,1375,Entertainment,0,6796,Mature High Spender,Upsell premium services
60,Other,Kolkata,Xiaomi,Android,7.1,28.6,214.8,147,1.6,8339,1.7,2.5,502,Social Media,0,8841,Mature High Spender,Upsell premium services
34,Male,Mumbai,Nokia,Android,6.2,20.3,193.0,191,2.3,6326,1.7,3.0,949,Work,0,7275,Mature High Spender,Upsell premium services
48,Other,Kolkata,Oppo,Android,1.2,5.0,289.9,148,1.9,7184,6.2,3.9,1512,Gaming,0,8696,Mature High Spender,Upsell premium services
52,Female,Bangalore,Oppo,iOS,11.0,15.3,190.4,16,2.3,6359,5.0,1.3,319,Work,0,6678,Mature High Spender,Upsell premium services
44,Female,Bangalore,Apple,iOS,4.8,23.1,135.3,132,1.2,9657,7.7,2.9,1804,Gaming,0,11461,Mature High Spender,Upsell premium services
52,Other,Lucknow,OnePlus,Android,7.9,32.1,232.6,100,2.6,8622,1.6,3.1,653,Work,0,9275,Mature High Spender,Upsell premium services
27,Male,Delhi,Xiaomi,Android,9.4,2.5,209.3,127,2.7,9178,4.1,3.7,447,Entertainment,0,9625,Mature High Spender,Upsell premium services
56,Other,Hyderabad,Vivo,iOS,8.3,38.7,147.3,91,1.5,9207,1.5,0.8,191,Gaming,0,9398,Mature High Spender,Upsell premium services
42,Other,Jaipur,Google Pixel,Android,10.1,13.3,282.8,147,3.5,8420,6.6,1.7,895,Social Media,0,9315,Mature High Spender,Upsell premium services
43,Male,Chennai,Xiaomi,Android,7.5,10.5,240.8,38,2.4,9392,2.9,0.8,393,Entertainment,0,9785,Mature High Spender,Upsell premium services
50,Male,Hyderabad,Google Pixel,iOS,6.9,40.5,21.0,133,1.1,9064,3.5,0.4,904,Social Media,0,9968,Mature High Spender,Upsell premium services
24,Male,Chennai,Vivo,Android,4.4,34.3,228.0,130,0.6,7266,5.3,2.5,1628,Work,0,8894,Mature High Spender,Upsell premium services
41,Male,Bangalore,OnePlus,Android,1.8,46.2,299.5,37,1.4,6470,7.5,2.7,1653,Gaming,0,8123,Mature High Spender,Upsell premium services
58,Other,Delhi,Xiaomi,Android,5.0,6.2,67.9,148,3.0,9802,4.5,2.9,106,Education,0,9908,Mature High Spender,Upsell premium services
24,Other,Bangalore,OnePlus,Android,1.3,24.4,283.0,79,2.6,7363,3.4,1.2,1774,Social Media,0,9137,Mature High Spender,Upsell premium services
21,Male,Mumbai,Realme,iOS,11.9,10.9,198.7,72,2.1,9962,6.9,4.3,1933,Work,0,11895,Mature High Spender,Upsell premium services
56,Male,Mumbai,Apple,iOS,8.9,33.3,188.8,141,0.6,9461,7.4,4.9,1149,Social Media,0,10610,Mature High Spender,Upsell premium services
40,Other,Delhi,Samsung,Android,9.4,4.0,124.3,190,2.6,6036,1.7,1.4,640,Gaming,0,6676,Mature High Spender,Upsell premium services
26,Female,Jaipur,Vivo,Android,8.9,42.9,11.2,46,2.3,7588,1.2,1.6,1525,Entertainment,0,9113,Mature High Spender,Upsell premium services
55,Female,Pune,Google Pixel,iOS,10.5,46.2,252.9,121,3.2,7928,4.9,4.7,714,Gaming,0,8642,Mature High Spender,Upsell premium services
57,Other,Delhi,OnePlus,iOS,7.7,14.0,84.0,10,1.5,6962,6.5,4.2,1184,Gaming,0,8146,Mature High Spender,Upsell premium services
51,Male,Mumbai,OnePlus,Android,2.2,2.0,157.4,57,2.0,4798,2.5,4.1,1064,Social Media,0,5862,Mature High Spender,Upsell premium services
25,Other,Ahmedabad,Google Pixel,iOS,2.2,27.3,102.0,83,2.4,7465,6.8,0.9,1310,Gaming,0,8775,Mature High Spender,Upsell premium services
34,Other,Pune,Vivo,Android,6.0,27.9,294.7,36,0.9,7454,7.1,1.1,1942,Social Media,0,9396,Mature High Spender,Upsell premium services
49,Other,Pune,Vivo,iOS,5.9,19.6,157.0,37,2.6,7822,2.5,1.1,1947,Education,0,9769,Mature High Spender,Upsell premium services
59,Female,Chennai,Google Pixel,Android,6.9,42.1,289.2,19,2.3,6089,7.8,1.3,1683,Work,0,7772,Mature High Spender,Upsell premium services
59,Male,Bangalore,OnePlus,Android,3.4,12.3,252.7,192,0.8,8713,4.9,4.7,294,Gaming,0,9007,Mature High Spender,Upsell premium services
50,Other,Mumbai,OnePlus,iOS,11.6,40.7,143.1,158,0.7,6926,7.1,4.5,895,Entertainment,0,7821,Mature High Spender,Upsell premium services
34,Male,Delhi,Oppo,iOS,1.1,47.8,124.0,83,1.4,5208,4.7,2.4,1961,Education,0,7169,Mature High Spender,Upsell premium services
47,Other,Ahmedabad,Vivo,Android,11.2,47.8,186.4,170,0.5,5541,7.6,2.7,1033,Education,0,6574,Mature High Spender,Upsell premium services
26,Female,Chennai,Vivo,Android,3.0,16.1,263.7,126,0.7,6277,6.7,3.6,148,Social Media,0,6425,Mature High Spender,Upsell premium services
24,Other,Delhi,Vivo,Android,9.7,32.7,12.2,126,2.4,6412,4.2,1.0,287,Work,0,6699,Mature High Spender,Upsell premium services
34,Female,Jaipur,OnePlus,Android,6.3,48.9,216.7,22,0.6,3590,2.9,3.6,1104,Work,0,4694,Mature High Spender,Upsell premium services
34,Female,Ahmedabad,Xiaomi,Android,10.1,24.8,111.2,191,2.4,6476,1.2,1.3,560,Education,0,7036,Mature High Spender,Upsell premium services
43,Male,Mumbai,OnePlus,Android,1.7,8.6,19.0,107,1.5,7260,2.1,1.1,1855,Education,0,9115,Mature High Spender,Upsell premium services
36,Male,Pune,OnePlus,iOS,9.6,47.7,278.9,17,1.9,7657,7.5,4.5,1290,Work,0,8947,Mature High Spender,Upsell premium services
48,Male,Jaipur,Samsung,Android,2.7,23.0,298.6,84,2.2,9730,2.6,3.3,146,Work,0,9876,Mature High Spender,Upsell premium services
49,Female,Delhi,Vivo,iOS,4.9,19.7,208.5,61,1.0,8933,4.1,3.9,1909,Entertainment,0,10842,Mature High Spender,Upsell premium services
48,Female,Mumbai,Xiaomi,Android,2.9,3.7,283.1,101,1.5,6673,2.8,5.0,197,Social Media,0,6870,Mature High Spender,Upsell premium services
39,Male,Ahmedabad,OnePlus,iOS,7.5,15.4,242.2,146,0.8,4670,3.8,4.4,1347,Social Media,0,6017,Mature High Spender,Upsell premium services
39,Male,Chennai,Samsung,iOS,7.6,30.6,93.9,85,2.0,8588,3.7,3.6,1113,Work,0,9701,Mature High Spender,Upsell premium services
32,Female,Chennai,Motorola,Android,8.9,38.2,203.1,60,2.4,7103,6.9,2.4,1774,Gaming,0,8877,Mature High Spender,Upsell premium services
59,Male,Lucknow,Nokia,Android,9.6,8.0,275.9,53,2.0,8307,4.4,3.8,721,Social Media,0,9028,Mature High Spender,Upsell premium services
48,Male,Chennai,Realme,iOS,1.9,25.9,112.6,109,2.5,9809,2.6,1.1,1279,Gaming,0,11088,Mature High Spender,Upsell premium services
44,Female,Kolkata,Google Pixel,Android,1.1,17.2,91.1,59,2.4,9523,3.8,4.2,1724,Education,0,11247,Mature High Spender,Upsell premium services
22,Female,Bangalore,Motorola,Android,3.3,13.4,254.6,188,2.0,9613,5.4,0.6,1521,Social Media,0,11134,Mature High Spender,Upsell premium services
52,Male,Kolkata,Xiaomi,iOS,9.9,3.0,189.8,129,2.7,8870,3.3,0.4,918,Entertainment,0,9788,Mature High Spender,Upsell premium services
52,Other,Kolkata,OnePlus,iOS,3.2,44.1,225.1,139,0.9,8144,6.8,1.8,945,Gaming,0,9089,Mature High Spender,Upsell premium services
46,Male,Hyderabad,Apple,iOS,5.9,11.5,16.0,158,1.1,3389,5.8,3.1,1800,Work,0,5189,Mature High Spender,Upsell premium services
53,Other,Kolkata,Vivo,Android,3.4,37.6,288.2,162,2.8,6365,5.5,1.8,318,Work,0,6683,Mature High Spender,Upsell premium services
58,Male,Mumbai,Vivo,iOS,7.4,28.2,210.1,171,2.0,7798,7.4,0.4,1432,Social Media,0,9230,Mature High Spender,Upsell premium services
32,Other,Bangalore,Apple,Android,1.3,20.5,239.3,154,1.2,9480,2.9,4.5,184,Social Media,0,9664,Mature High Spender,Upsell premium services
58,Female,Chennai,OnePlus,Android,10.6,34.1,14.3,60,3.3,8558,2.6,4.4,1315,Gaming,0,9873,Mature High Spender,Upsell premium services
35,Other,Mumbai,Vivo,iOS,5.0,36.4,222.9,184,1.4,5077,0.8,3.1,1179,Entertainment,0,6256,Mature High Spender,Upsell premium services
46,Other,Bangalore,Motorola,iOS,3.8,8.9,138.9,171,1.3,6979,5.3,3.8,1139,Social Media,0,8118,Mature High Spender,Upsell premium services
44,Female,Ahmedabad,Samsung,Android,7.2,39.4,45.5,134,1.9,6299,1.2,1.0,1523,Education,0,7822,Mature High Spender,Upsell premium services
42,Other,Chennai,Realme,Android,11.9,32.0,187.1,169,2.1,7061,1.0,1.0,884,Education,0,7945,Mature High Spender,Upsell premium services
47,Male,Mumbai,Motorola,iOS,5.7,42.2,29.7,80,1.3,5333,3.4,3.1,1224,Education,0,6557,Mature High Spender,Upsell premium services
25,Male,Kolkata,Motorola,Android,2.0,20.5,86.9,15,1.8,7224,7.8,0.9,492,Work,0,7716,Mature High Spender,Upsell premium services
39,Male,Delhi,Apple,Android,10.4,14.4,237.6,112,3.0,9140,1.9,3.9,1111,Education,0,10251,Mature High Spender,Upsell premium services
42,Male,Ahmedabad,Nokia,iOS,7.0,31.2,180.8,47,0.7,4702,4.1,4.8,1020,Work,0,5722,Mature High Spender,Upsell premium services
20,Female,Delhi,Oppo,iOS,8.2,22.7,142.7,62,1.4,7447,2.0,2.3,309,Work,0,7756,Mature High Spender,Upsell premium services
48,Female,Mumbai,Vivo,iOS,10.0,37.6,11.3,195,1.8,6553,7.8,0.7,973,Social Media,0,7526,Mature High Spender,Upsell premium services
17,Male,Chennai,Apple,iOS,5.7,32.2,251.1,52,1.6,9874,7.5,0.1,1823,Entertainment,0,11697,Mature High Spender,Upsell premium services
31,Female,Ahmedabad,Apple,iOS,5.1,31.9,88.8,148,2.4,6360,3.8,2.8,293,Gaming,0,6653,Mature High Spender,Upsell premium services
48,Male,Chennai,Realme,iOS,7.8,28.6,170.3,71,0.5,6927,1.0,4.7,378,Gaming,0,7305,Mature High Spender,Upsell premium services
35,Male,Jaipur,Realme,Android,6.8,36.7,239.3,28,2.7,5218,4.3,0.9,296,Work,0,5514,Mature High Spender,Upsell premium services
54,Other,Bangalore,Oppo,Android,9.2,49.9,292.4,110,3.0,6432,3.0,2.3,456,Work,0,6888,Mature High Spender,Upsell premium services
30,Other,Kolkata,OnePlus,Android,7.5,46.6,91.1,67,1.6,8237,4.1,1.3,1000,Social Media,0,9237,Mature High Spender,Upsell premium services
49,Male,Bangalore,Google Pixel,Android,4.8,31.0,42.6,130,3.1,7152,7.7,0.0,1074,Entertainment,0,8226,Mature High Spender,Upsell premium services
16,Female,Lucknow,OnePlus,iOS,1.1,40.5,219.7,78,2.0,9654,7.7,2.6,1244,Entertainment,0,10898,Mature High Spender,Upsell premium services
17,Male,Jaipur,OnePlus,Android,11.5,38.6,263.2,189,2.0,7950,6.8,3.5,1719,Entertainment,0,9669,Mature High Spender,Upsell premium services
56,Other,Delhi,OnePlus,iOS,5.4,3.1,235.3,111,1.7,8748,4.0,0.6,1664,Education,0,10412,Mature High Spender,Upsell premium services
49,Female,Lucknow,Google Pixel,Android,5.6,19.8,189.1,46,0.6,6170,1.2,0.3,275,Social Media,0,6445,Mature High Spender,Upsell premium services
19,Other,Jaipur,Motorola,Android,9.1,36.1,79.5,43,2.3,8718,1.6,1.8,1881,Social Media,0,10599,Mature High Spender,Upsell premium services
45,Female,Jaipur,Apple,iOS,6.9,5.3,296.9,112,2.2,6837,2.8,3.6,110,Education,0,6947,Mature High Spender,Upsell premium services
22,Other,Lucknow,Apple,Android,10.8,32.2,68.4,44,2.5,7122,7.1,1.1,1859,Entertainment,0,8981,Mature High Spender,Upsell premium services
20,Other,Mumbai,Apple,iOS,8.6,3.7,137.6,94,2.0,7198,6.0,2.5,1737,Education,0,8935,Mature High Spender,Upsell premium services
42,Male,Pune,Nokia,Android,7.7,36.2,208.3,40,2.8,8847,4.8,1.1,1555,Education,0,10402,Mature High Spender,Upsell premium services
59,Female,Hyderabad,Motorola,iOS,5.0,7.3,221.8,198,1.8,5832,0.7,4.3,405,Social Media,0,6237,Mature High Spender,Upsell premium services
22,Female,Hyderabad,Oppo,Android,4.9,18.4,159.8,107,1.8,9597,1.2,2.5,1976,Education,0,11573,Mature High Spender,Upsell premium services
42,Male,Pune,Xiaomi,iOS,8.5,44.6,191.6,175,2.9,5038,8.0,3.4,458,Work,0,5496,Mature High Spender,Upsell premium services
23,Female,Delhi,OnePlus,iOS,5.9,42.3,108.6,88,2.7,8603,3.6,4.6,1782,Education,0,10385,Mature High Spender,Upsell premium services
16,Male,Hyderabad,Samsung,Android,9.8,28.0,256.7,156,1.7,8097,2.3,4.3,1398,Entertainment,0,9495,Mature High Spender,Upsell premium services
29,Male,Pune,Vivo,Android,9.9,32.0,283.8,195,2.0,6384,4.5,2.9,1731,Entertainment,0,8115,Mature High Spender,Upsell premium services
31,Other,Delhi,Samsung,iOS,7.3,34.7,293.5,155,1.1,8102,5.5,3.2,1328,Education,0,9430,Mature High Spender,Upsell premium services
58,Male,Jaipur,Motorola,iOS,4.6,23.5,205.9,175,0.7,5322,5.4,1.6,1374,Work,0,6696,Mature High Spender,Upsell premium services
59,Male,Bangalore,Oppo,iOS,3.0,49.9,188.2,96,3.5,9044,3.0,2.2,1860,Entertainment,0,10904,Mature High Spender,Upsell premium services
27,Female,Kolkata,Google Pixel,iOS,4.9,35.2,194.0,47,0.9,7803,4.6,4.5,177,Social Media,0,7980,Mature High Spender,Upsell premium services
45,Other,Mumbai,Apple,iOS,10.6,34.8,278.5,111,2.0,4719,2.1,3.3,587,Entertainment,0,5306,Mature High Spender,Upsell premium services
30,Female,Mumbai,Samsung,iOS,6.8,39.6,25.2,166,1.7,7763,7.2,4.4,1312,Entertainment,0,9075,Mature High Spender,Upsell premium services
29,Other,Lucknow,Realme,iOS,6.7,38.3,242.6,91,1.8,6620,7.1,0.3,1768,Work,0,8388,Mature High Spender,Upsell premium services
29,Female,Delhi,Apple,Android,4.2,11.1,134.6,173,2.1,6092,6.8,3.7,1786,Social Media,0,7878,Mature High Spender,Upsell premium services
55,Male,Ahmedabad,Xiaomi,Android,9.1,10.8,102.1,165,0.8,6661,1.5,3.9,1573,Social Media,0,8234,Mature High Spender,Upsell premium services
59,Female,Mumbai,Realme,iOS,2.9,13.0,296.4,97,1.4,6500,6.7,0.8,1515,Social Media,0,8015,Mature High Spender,Upsell premium services
37,Female,Mumbai,Xiaomi,iOS,2.6,33.8,219.5,86,1.0,3459,0.9,3.8,1407,Social Media,0,4866,Mature High Spender,Upsell premium services
59,Female,Pune,Vivo,Android,6.9,15.8,206.2,73,2.3,6273,7.2,4.6,870,Work,0,7143,Mature High Spender,Upsell premium services
29,Other,Bangalore,Apple,iOS,11.7,47.9,92.8,122,2.3,9596,5.7,2.1,502,Work,0,10098,Mature High Spender,Upsell premium services
35,Female,Hyderabad,Google Pixel,Android,6.7,6.8,142.1,195,1.3,4235,1.4,4.8,173,Social Media,0,4408,Mature High Spender,Upsell premium services
44,Female,Mumbai,Oppo,iOS,3.3,27.3,200.7,51,1.7,6893,1.8,4.0,1884,Entertainment,0,8777,Mature High Spender,Upsell premium services
21,Female,Lucknow,Vivo,iOS,3.2,48.4,123.3,139,1.6,6877,6.7,0.5,106,Social Media,0,6983,Mature High Spender,Upsell premium services
17,Male,Delhi,Motorola,iOS,6.4,9.0,58.4,86,2.1,8862,6.2,0.8,1605,Social Media,0,10467,Mature High Spender,Upsell premium services
45,Male,Jaipur,Google Pixel,iOS,1.7,28.5,193.2,199,1.6,4231,5.5,4.6,1418,Social Media,0,5649,Mature High Spender,Upsell premium services
58,Female,Bangalore,Samsung,Android,8.4,11.0,5.4,74,3.3,9799,5.0,3.8,1363,Entertainment,0,11162,Mature High Spender,Upsell premium services
20,Other,Bangalore,Vivo,iOS,4.9,18.6,245.6,102,1.3,9375,6.3,1.2,1149,Education,0,10524,Mature High Spender,Upsell premium services
44,Other,Chennai,Realme,Android,7.6,2.1,91.3,155,1.6,8643,7.5,2.3,1485,Gaming,0,10128,Mature High Spender,Upsell premium services
54,Male,Ahmedabad,OnePlus,Android,2.1,24.6,133.1,143,2.3,5397,3.9,3.2,1545,Entertainment,0,6942,Mature High Spender,Upsell premium services
34,Other,Delhi,Samsung,Android,10.0,5.6,27.7,51,0.7,7971,4.5,0.4,474,Education,0,8445,Mature High Spender,Upsell premium services
21,Other,Bangalore,Apple,iOS,2.6,36.1,66.4,134,0.7,9077,6.6,3.1,250,Work,0,9327,Mature High Spender,Upsell premium services
34,Male,Ahmedabad,Samsung,Android,7.2,44.3,172.2,33,2.9,7041,3.5,0.8,1922,Entertainment,0,8963,Mature High Spender,Upsell premium services
58,Female,Mumbai,Vivo,Android,2.6,40.6,292.5,127,2.2,9746,0.6,2.4,138,Education,0,9884,Mature High Spender,Upsell premium services
30,Female,Lucknow,Xiaomi,Android,9.9,48.2,33.8,98,1.7,8145,7.0,1.6,216,Entertainment,0,8361,Mature High Spender,Upsell premium services
28,Female,Jaipur,Apple,iOS,6.3,26.1,176.5,26,1.6,8393,7.7,4.8,890,Gaming,0,9283,Mature High Spender,Upsell premium services
56,Other,Jaipur,Realme,Android,1.9,43.4,216.5,95,0.7,8156,2.3,3.4,750,Entertainment,0,8906,Mature High Spender,Upsell premium services
31,Female,Hyderabad,Samsung,Android,7.6,9.6,273.8,119,3.0,9781,1.2,0.4,1491,Work,0,11272,Mature High Spender,Upsell premium services
47,Male,Chennai,Xiaomi,iOS,3.9,9.4,202.8,95,1.6,7001,0.9,4.0,171,Gaming,0,7172,Mature High Spender,Upsell premium services
25,Male,Delhi,Nokia,Android,6.9,18.5,168.1,85,2.0,7199,4.5,2.6,1463,Social Media,0,8662,Mature High Spender,Upsell premium services
37,Male,Bangalore,Xiaomi,iOS,2.8,3.3,162.4,195,2.9,5575,1.5,2.8,1164,Social Media,0,6739,Mature High Spender,Upsell premium services
40,Male,Chennai,Oppo,iOS,8.5,33.8,78.7,169,0.8,9184,5.0,2.7,632,Work,0,9816,Mature High Spender,Upsell premium services
52,Other,Kolkata,OnePlus,Android,4.4,34.6,144.3,105,3.3,9020,6.8,2.8,325,Education,0,9345,Mature High Spender,Upsell premium services
38,Male,Kolkata,Google Pixel,iOS,8.0,6.8,76.6,138,1.1,4692,1.1,4.7,1021,Social Media,0,5713,Mature High Spender,Upsell premium services
58,Other,Ahmedabad,Nokia,iOS,3.3,28.9,231.8,27,2.6,9355,2.5,2.1,1254,Gaming,0,10609,Mature High Spender,Upsell premium services
36,Female,Bangalore,Google Pixel,iOS,8.8,20.0,213.9,104,0.7,8988,4.6,4.8,1456,Gaming,0,10444,Mature High Spender,Upsell premium services
53,Other,Hyderabad,Apple,Android,3.0,21.4,33.6,36,1.7,8286,7.5,4.5,1943,Work,0,10229,Mature High Spender,Upsell premium services
60,Other,Mumbai,Xiaomi,iOS,11.1,45.4,288.0,153,0.8,4981,7.9,2.7,1816,Education,0,6797,Mature High Spender,Upsell premium services
36,Male,Lucknow,OnePlus,iOS,10.3,21.6,22.3,191,0.8,3340,1.3,5.0,681,Entertainment,0,4021,Mature High Spender,Upsell premium services
37,Male,Mumbai,Xiaomi,Android,1.3,10.3,15.3,165,0.6,7065,6.2,4.3,1236,Work,0,8301,Mature High Spender,Upsell premium services
51,Other,Delhi,Apple,iOS,10.6,46.1,201.3,173,1.1,4084,1.5,0.4,1223,Education,0,5307,Mature High Spender,Upsell premium services
46,Female,Delhi,Realme,Android,10.5,39.3,176.4,138,1.9,9347,4.5,2.5,1989,Education,0,11336,Mature High Spender,Upsell premium services
35,Other,Chennai,Google Pixel,iOS,10.5,27.5,193.3,26,3.1,6588,6.0,2.4,1460,Education,0,8048,Mature High Spender,Upsell premium services
30,Male,Bangalore,Nokia,Android,6.7,34.9,196.4,175,2.9,9167,4.2,1.3,1861,Entertainment,0,11028,Mature High Spender,Upsell premium services
39,Female,Kolkata,Motorola,iOS,1.4,22.7,20.9,132,0.8,9538,7.8,2.9,133,Education,0,9671,Mature High Spender,Upsell premium services
30,Male,Pune,Nokia,iOS,1.3,24.0,187.9,85,2.5,8361,5.3,0.6,256,Entertainment,0,8617,Mature High Spender,Upsell premium services
32,Male,Lucknow,Nokia,Android,3.5,9.3,169.4,177,3.1,6883,2.1,1.6,1679,Gaming,0,8562,Mature High Spender,Upsell premium services
60,Other,Delhi,Realme,Android,1.1,41.5,66.4,180,2.8,8181,3.6,2.8,704,Entertainment,0,8885,Mature High Spender,Upsell premium services
33,Female,Delhi,OnePlus,iOS,8.3,3.8,71.6,149,0.6,5160,8.0,3.0,1104,Education,0,6264,Mature High Spender,Upsell premium services
33,Male,Jaipur,Apple,iOS,11.8,44.1,83.6,181,1.9,7578,3.0,3.4,199,Education,0,7777,Mature High Spender,Upsell premium services
40,Male,Hyderabad,Samsung,Android,1.7,37.4,39.7,190,1.9,9515,1.0,4.7,420,Education,0,9935,Mature High Spender,Upsell premium services
21,Female,Hyderabad,Apple,iOS,6.2,18.6,220.9,192,0.8,9007,5.3,0.4,466,Social Media,0,9473,Mature High Spender,Upsell premium services
32,Female,Kolkata,Samsung,Android,9.6,32.0,155.5,188,2.4,7442,7.0,4.0,1143,Entertainment,0,8585,Mature High Spender,Upsell premium services
40,Other,Lucknow,OnePlus,Android,3.2,12.7,117.4,197,1.4,3867,6.0,3.4,117,Work,0,3984,Mature High Spender,Upsell premium services
44,Female,Jaipur,Oppo,Android,4.9,33.3,127.8,187,1.0,9501,4.9,4.9,1264,Entertainment,0,10765,Mature High Spender,Upsell premium services
59,Female,Kolkata,Vivo,iOS,1.1,20.2,79.2,24,2.9,9732,3.5,4.8,1517,Education,0,11249,Mature High Spender,Upsell premium services
48,Male,Delhi,Xiaomi,Android,2.5,19.0,136.4,28,1.8,9923,2.6,2.6,890,Education,0,10813,Mature High Spender,Upsell premium services
23,Male,Bangalore,Oppo,Android,5.6,47.7,185.7,167,1.9,7821,7.0,2.1,795,Gaming,0,8616,Mature High Spender,Upsell premium services
45,Male,Chennai,Motorola,Android,8.3,24.9,44.8,45,0.6,3121,7.2,4.4,272,Social Media,0,3393,Mature High Spender,Upsell premium services
35,Male,Mumbai,Xiaomi,iOS,6.8,36.1,89.1,110,1.4,7425,2.1,3.6,1998,Social Media,0,9423,Mature High Spender,Upsell premium services
21,Female,Pune,Nokia,iOS,7.5,43.5,110.8,86,1.1,8433,4.5,1.8,1865,Gaming,0,10298,Mature High Spender,Upsell premium services
27,Other,Lucknow,OnePlus,iOS,11.9,2.8,177.0,46,0.7,8771,1.7,2.5,286,Gaming,0,9057,Mature High Spender,Upsell premium services
42,Male,Hyderabad,OnePlus,iOS,9.5,19.9,118.6,134,1.6,6771,6.9,4.1,1179,Education,0,7950,Mature High Spender,Upsell premium services
49,Female,Lucknow,Oppo,Android,6.2,16.2,24.9,141,1.2,6759,2.7,5.0,377,Entertainment,0,7136,Mature High Spender,Upsell premium services
50,Other,Hyderabad,Apple,Android,10.5,1.6,39.8,142,3.2,7382,6.9,3.2,1714,Gaming,0,9096,Mature High Spender,Upsell premium services
29,Male,Mumbai,Motorola,iOS,10.9,11.7,38.8,147,1.9,8536,3.9,1.9,1074,Education,0,9610,Mature High Spender,Upsell premium services
46,Other,Lucknow,OnePlus,iOS,9.7,45.1,249.7,93,0.7,9857,7.3,4.8,1688,Education,0,11545,Mature High Spender,Upsell premium services
29,Male,Pune,Nokia,iOS,7.8,26.6,203.8,129,2.2,6886,1.0,3.7,1590,Entertainment,0,8476,Mature High Spender,Upsell premium services
32,Female,Bangalore,Realme,iOS,8.7,9.1,59.3,56,0.5,8383,5.2,4.2,163,Entertainment,0,8546,Mature High Spender,Upsell premium services
17,Other,Lucknow,Google Pixel,Android,4.0,27.3,49.1,109,2.1,9636,4.0,1.3,1167,Work,0,10803,Mature High Spender,Upsell premium services
26,Female,Hyderabad,Google Pixel,iOS,3.2,40.0,40.9,14,1.8,9575,7.2,2.1,1783,Education,0,11358,Mature High Spender,Upsell premium services
40,Other,Ahmedabad,OnePlus,iOS,10.9,49.0,139.7,88,2.9,7687,7.2,2.9,1783,Education,0,9470,Mature High Spender,Upsell premium services
24,Female,Mumbai,OnePlus,iOS,8.7,8.8,250.3,129,0.6,6290,2.9,2.4,1777,Social Media,0,8067,Mature High Spender,Upsell premium services
36,Male,Hyderabad,Samsung,iOS,9.5,16.4,236.3,63,1.0,7018,7.4,1.6,1530,Gaming,0,8548,Mature High Spender,Upsell premium services
33,Male,Delhi,Motorola,iOS,9.6,3.2,170.0,12,1.8,9108,3.2,4.0,1142,Gaming,0,10250,Mature High Spender,Upsell premium services
50,Female,Chennai,Oppo,iOS,10.4,30.2,240.5,123,1.7,7725,1.5,1.8,661,Social Media,0,8386,Mature High Spender,Upsell premium services
44,Male,Mumbai,OnePlus,Android,8.5,15.6,46.6,149,2.5,9413,5.4,4.6,1188,Gaming,0,10601,Mature High Spender,Upsell premium services
52,Male,Lucknow,Motorola,Android,9.9,21.6,85.6,51,1.2,7983,3.2,0.1,1631,Entertainment,0,9614,Mature High Spender,Upsell premium services
25,Male,Hyderabad,Realme,Android,11.9,3.2,168.1,36,1.5,6239,5.3,2.9,1487,Education,0,7726,Mature High Spender,Upsell premium services
46,Other,Jaipur,Xiaomi,iOS,4.5,39.7,247.5,27,3.2,7176,4.3,1.9,1637,Social Media,0,8813,Mature High Spender,Upsell premium services
40,Male,Pune,Motorola,iOS,8.8,39.5,56.3,14,0.8,3884,5.0,0.4,1037,Entertainment,0,4921,Mature High Spender,Upsell premium services
40,Other,Kolkata,Google Pixel,Android,11.6,42.7,88.3,124,2.7,6294,6.5,3.3,729,Social Media,0,7023,Mature High Spender,Upsell premium services
22,Female,Jaipur,Apple,Android,9.8,3.7,145.0,61,2.7,9379,5.3,4.9,1537,Work,0,10916,Mature High Spender,Upsell premium services
59,Female,Chennai,Realme,iOS,8.4,14.7,106.9,19,1.4,9767,6.1,2.5,708,Work,0,10475,Mature High Spender,Upsell premium services
57,Other,Pune,Xiaomi,iOS,2.5,26.7,199.1,101,1.8,9086,3.4,4.0,1469,Entertainment,0,10555,Mature High Spender,Upsell premium services
43,Other,Chennai,Xiaomi,iOS,5.9,34.4,173.1,95,1.7,8356,1.2,2.4,1798,Education,0,10154,Mature High Spender,Upsell premium services
58,Male,Pune,Nokia,Android,6.5,12.1,119.4,171,2.9,9901,7.1,2.6,1330,Entertainment,0,11231,Mature High Spender,Upsell premium services
18,Female,Hyderabad,Samsung,Android,8.9,8.7,283.7,56,2.3,9618,7.1,1.8,851,Entertainment,0,10469,Mature High Spender,Upsell premium services
57,Male,Mumbai,Google Pixel,iOS,6.6,33.2,234.4,100,2.0,6367,7.3,4.1,1431,Social Media,0,7798,Mature High Spender,Upsell premium services
50,Male,Mumbai,Xiaomi,iOS,2.6,48.9,64.9,181,2.6,8178,2.0,1.8,785,Social Media,0,8963,Mature High Spender,Upsell premium services
42,Other,Delhi,Motorola,Android,11.1,1.2,78.7,168,2.4,8171,3.0,4.9,656,Work,0,8827,Mature High Spender,Upsell premium services
45,Other,Pune,Oppo,iOS,5.5,29.3,268.8,116,0.6,5318,6.5,1.2,1270,Social Media,0,6588,Mature High Spender,Upsell premium services
33,Female,Chennai,Google Pixel,iOS,6.5,38.1,207.5,61,0.5,8905,2.1,2.6,361,Gaming,0,9266,Mature High Spender,Upsell premium services
47,Other,Pune,Samsung,iOS,4.0,37.6,90.4,60,0.9,8369,2.7,0.9,1469,Social Media,0,9838,Mature High Spender,Upsell premium services
46,Female,Delhi,Motorola,Android,2.4,2.9,295.7,51,1.8,8116,6.7,2.9,1996,Entertainment,0,10112,Mature High Spender,Upsell premium services
47,Male,Chennai,Motorola,iOS,9.3,26.7,228.2,24,1.5,8515,4.3,1.9,1431,Work,0,9946,Mature High Spender,Upsell premium services
50,Male,Chennai,Samsung,iOS,4.9,17.0,110.9,61,2.4,8164,7.7,2.9,1102,Education,0,9266,Mature High Spender,Upsell premium services
15,Female,Chennai,Google Pixel,iOS,10.9,6.9,97.4,155,2.0,9412,4.8,4.8,1597,Work,0,11009,Mature High Spender,Upsell premium services
15,Female,Mumbai,OnePlus,iOS,1.1,15.0,97.8,110,2.1,8437,0.6,4.1,416,Work,0,8853,Mature High Spender,Upsell premium services
31,Female,Chennai,Nokia,iOS,1.6,33.5,149.4,75,1.5,7236,8.0,4.6,1209,Education,0,8445,Mature High Spender,Upsell premium services
21,Other,Kolkata,Realme,iOS,11.3,22.7,128.7,143,0.8,9884,1.0,0.7,1645,Gaming,0,11529,Mature High Spender,Upsell premium services
32,Other,Lucknow,Xiaomi,iOS,12.0,33.5,216.8,18,0.5,8238,6.0,4.7,507,Education,0,8745,Mature High Spender,Upsell premium services
59,Female,Ahmedabad,Vivo,Android,2.3,12.3,194.6,122,2.3,8152,4.1,2.8,1822,Social Media,0,9974,Mature High Spender,Upsell premium services
51,Female,Hyderabad,Apple,Android,4.1,35.5,96.5,63,0.6,9623,6.9,0.5,1860,Work,0,11483,Mature High Spender,Upsell premium services
30,Female,Pune,Realme,Android,11.6,22.5,112.0,187,0.9,4296,1.0,4.4,240,Social Media,0,4536,Mature High Spender,Upsell premium services
34,Other,Pune,Motorola,Android,11.8,42.2,65.9,17,2.0,8326,2.0,2.0,205,Education,0,8531,Mature High Spender,Upsell premium services
55,Female,Pune,Vivo,Android,4.7,15.5,31.6,62,1.0,7562,2.2,0.8,224,Work,0,7786,Mature High Spender,Upsell premium services
48,Female,Ahmedabad,Xiaomi,iOS,9.3,29.4,180.4,131,2.8,9084,6.8,0.1,137,Work,0,9221,Mature High Spender,Upsell premium services
19,Female,Kolkata,Samsung,iOS,4.6,5.7,185.3,136,2.5,8768,4.1,4.5,206,Social Media,0,8974,Mature High Spender,Upsell premium services
38,Male,Mumbai,Apple,Android,5.6,5.6,51.1,176,2.3,5518,2.4,2.8,1454,Gaming,0,6972,Mature High Spender,Upsell premium services
26,Other,Pune,Motorola,iOS,11.3,37.6,224.9,140,0.9,9472,1.4,0.3,151,Work,0,9623,Mature High Spender,Upsell premium services
41,Female,Hyderabad,Realme,Android,10.4,42.3,24.0,67,2.3,6002,5.7,2.5,1885,Gaming,0,7887,Mature High Spender,Upsell premium services
53,Male,Chennai,Xiaomi,Android,2.7,18.8,22.7,179,2.0,5684,7.8,4.5,228,Education,0,5912,Mature High Spender,Upsell premium services
15,Female,Jaipur,Motorola,Android,4.5,27.4,144.2,108,1.0,8506,0.9,3.7,1152,Social Media,0,9658,Mature High Spender,Upsell premium services
23,Female,Kolkata,Realme,iOS,9.7,1.6,119.6,117,0.6,9549,3.2,3.6,293,Entertainment,0,9842,Mature High Spender,Upsell premium services
54,Male,Mumbai,Realme,iOS,8.5,44.1,8.1,199,2.1,9262,7.3,4.1,1833,Entertainment,0,11095,Mature High Spender,Upsell premium services
36,Female,Kolkata,Xiaomi,Android,4.6,17.5,109.8,73,1.7,5131,4.6,1.3,208,Gaming,0,5339,Mature High Spender,Upsell premium services
49,Male,Kolkata,Vivo,iOS,6.4,5.0,218.4,113,1.9,5440,2.9,0.8,339,Entertainment,0,5779,Mature High Spender,Upsell premium services
41,Male,Delhi,Samsung,Android,11.7,10.6,246.1,150,2.8,7341,2.1,4.1,797,Entertainment,0,8138,Mature High Spender,Upsell premium services
59,Female,Jaipur,Xiaomi,iOS,10.8,7.4,68.4,81,1.0,8421,6.1,2.5,1670,Education,0,10091,Mature High Spender,Upsell premium services
60,Male,Pune,Vivo,Android,7.0,24.3,55.6,88,2.8,8188,3.5,0.2,1840,Gaming,0,10028,Mature High Spender,Upsell premium services
54,Female,Ahmedabad,OnePlus,iOS,5.2,24.3,129.5,30,1.4,9806,2.0,0.9,440,Social Media,0,10246,Mature High Spender,Upsell premium services
57,Other,Kolkata,Vivo,Android,8.5,41.4,201.8,157,2.3,9663,1.4,1.4,215,Social Media,0,9878,Mature High Spender,Upsell premium services
18,Male,Chennai,Nokia,Android,4.0,20.0,239.7,136,2.1,8205,5.1,1.9,1725,Gaming,0,9930,Mature High Spender,Upsell premium services
40,Female,Delhi,Motorola,Android,1.2,39.4,284.1,135,2.0,9108,5.4,3.7,1587,Gaming,0,10695,Mature High Spender,Upsell premium services
58,Female,Delhi,Oppo,Android,9.9,14.2,194.6,96,2.3,7592,5.3,3.2,901,Entertainment,0,8493,Mature High Spender,Upsell premium services
35,Male,Delhi,Nokia,Android,3.1,48.1,76.6,109,1.9,4580,2.4,0.9,1209,Social Media,0,5789,Mature High Spender,Upsell premium services
49,Male,Jaipur,Oppo,Android,3.2,14.2,67.4,194,1.4,7413,3.1,0.8,1590,Education,0,9003,Mature High Spender,Upsell premium services
27,Female,Jaipur,Samsung,iOS,10.7,42.6,29.1,123,2.2,7393,4.7,2.5,688,Social Media,0,8081,Mature High Spender,Upsell premium services
19,Other,Mumbai,Google Pixel,iOS,6.8,31.8,150.8,141,2.0,9646,0.7,3.1,1350,Work,0,10996,Mature High Spender,Upsell premium services
40,Other,Kolkata,OnePlus,iOS,7.0,43.5,204.5,169,0.5,5524,6.3,2.4,1989,Entertainment,0,7513,Mature High Spender,Upsell premium services
34,Male,Jaipur,OnePlus,Android,9.7,4.0,164.8,79,1.2,4796,5.2,2.3,593,Gaming,0,5389,Mature High Spender,Upsell premium services
37,Other,Pune,Xiaomi,iOS,3.2,2.2,85.6,186,0.7,9829,6.6,0.8,120,Education,0,9949,Mature High Spender,Upsell premium services
48,Female,Pune,Xiaomi,Android,10.4,13.8,272.1,182,1.2,4845,4.5,3.8,632,Work,0,5477,Mature High Spender,Upsell premium services
46,Female,Delhi,Apple,Android,6.0,23.8,121.4,162,2.3,7986,5.7,4.2,1171,Work,0,9157,Mature High Spender,Upsell premium services
58,Other,Mumbai,Nokia,iOS,10.5,25.5,176.9,29,1.1,8017,4.9,1.0,1895,Gaming,0,9912,Mature High Spender,Upsell premium services
38,Male,Jaipur,Motorola,Android,8.6,39.2,23.6,174,2.2,4356,3.6,1.6,308,Education,0,4664,Mature High Spender,Upsell premium services
59,Female,Lucknow,Apple,iOS,8.9,30.0,148.5,70,1.4,8699,1.4,0.9,1323,Education,0,10022,Mature High Spender,Upsell premium services
58,Female,Mumbai,Vivo,Android,7.0,30.2,27.4,190,2.0,6135,6.1,0.5,419,Work,0,6554,Mature High Spender,Upsell premium services
49,Other,Mumbai,Motorola,Android,10.1,33.1,231.3,29,3.3,6446,4.7,2.8,1359,Gaming,0,7805,Mature High Spender,Upsell premium services
26,Male,Delhi,Nokia,Android,11.4,35.1,111.0,55,2.1,6298,6.0,4.2,189,Social Media,0,6487,Mature High Spender,Upsell premium services
39,Female,Mumbai,Vivo,Android,2.1,36.0,147.7,67,1.6,6865,1.5,0.4,249,Education,0,7114,Mature High Spender,Upsell premium services
60,Other,Jaipur,Vivo,Android,7.6,24.1,15.5,152,3.0,9389,3.9,0.7,525,Social Media,0,9914,Mature High Spender,Upsell premium services
32,Female,Jaipur,Realme,iOS,5.0,14.0,149.8,55,0.7,6427,4.7,2.8,215,Entertainment,0,6642,Mature High Spender,Upsell premium services
48,Male,Delhi,Nokia,iOS,9.8,12.9,8.4,77,0.5,3031,1.2,1.8,120,Education,0,3151,Mature High Spender,Upsell premium services
34,Female,Pune,Realme,Android,7.5,13.7,79.4,55,1.3,5944,6.7,0.9,1012,Work,0,6956,Mature High Spender,Upsell premium services
45,Other,Delhi,Oppo,iOS,9.2,4.3,298.9,27,2.9,9100,7.8,4.9,1138,Entertainment,0,10238,Mature High Spender,Upsell premium services
45,Male,Hyderabad,Oppo,Android,9.8,46.8,252.5,44,1.7,8401,1.3,1.6,324,Work,0,8725,Mature High Spender,Upsell premium services
46,Male,Mumbai,Google Pixel,Android,8.1,14.6,206.4,60,3.0,6710,2.5,2.7,451,Entertainment,0,7161,Mature High Spender,Upsell premium services
37,Female,Delhi,Google Pixel,Android,11.3,11.9,134.9,120,2.0,5167,6.1,3.1,797,Social Media,0,5964,Mature High Spender,Upsell premium services
23,Female,Lucknow,Apple,iOS,1.1,46.6,244.7,154,1.9,9463,6.7,1.0,1616,Social Media,0,11079,Mature High Spender,Upsell premium services
49,Other,Jaipur,Xiaomi,Android,1.0,38.0,135.7,96,3.3,6987,7.6,1.3,886,Education,0,7873,Mature High Spender,Upsell premium services
36,Female,Bangalore,Realme,Android,3.5,3.1,78.6,161,0.6,4695,6.1,3.0,739,Education,0,5434,Mature High Spender,Upsell premium services
41,Female,Pune,Realme,Android,8.1,30.6,80.3,154,3.0,8346,1.5,3.2,896,Entertainment,0,9242,Mature High Spender,Upsell premium services
38,Male,Hyderabad,Samsung,iOS,2.5,48.8,229.1,46,3.0,4889,5.8,0.3,903,Gaming,0,5792,Mature High Spender,Upsell premium services
28,Other,Bangalore,Google Pixel,iOS,5.0,26.1,288.6,148,2.2,7967,4.7,0.9,304,Work,0,8271,Mature High Spender,Upsell premium services
46,Female,Ahmedabad,Xiaomi,iOS,11.8,36.2,241.7,37,2.6,9600,2.1,0.7,851,Education,0,10451,Mature High Spender,Upsell premium services
47,Female,Delhi,Vivo,iOS,3.8,39.8,119.4,138,0.7,8576,4.5,3.0,1164,Education,0,9740,Mature High Spender,Upsell premium services
17,Male,Ahmedabad,Realme,Android,6.2,32.0,170.4,125,2.1,9096,4.2,4.0,732,Social Media,0,9828,Mature High Spender,Upsell premium services
40,Male,Ahmedabad,Samsung,Android,4.8,27.9,10.2,58,2.9,8493,1.0,1.3,1390,Work,0,9883,Mature High Spender,Upsell premium services
35,Male,Bangalore,Oppo,iOS,1.5,13.0,167.7,179,1.9,4896,6.5,1.9,1122,Entertainment,0,6018,Mature High Spender,Upsell premium services
43,Other,Ahmedabad,Realme,Android,8.4,39.5,211.5,124,1.0,9045,5.1,3.9,1340,Work,0,10385,Mature High Spender,Upsell premium services
60,Other,Delhi,Apple,Android,1.3,25.7,18.7,146,2.4,7818,2.5,0.6,330,Entertainment,0,8148,Mature High Spender,Upsell premium services
19,Other,Hyderabad,Oppo,iOS,5.3,33.6,15.8,112,1.8,6967,3.4,1.2,599,Gaming,0,7566,Mature High Spender,Upsell premium services
42,Female,Jaipur,Google Pixel,Android,10.3,26.2,181.1,146,1.3,4969,2.3,0.9,1224,Entertainment,0,6193,Mature High Spender,Upsell premium services
45,Other,Pune,Samsung,iOS,5.5,24.3,20.1,79,1.2,5252,7.4,3.8,1455,Education,0,6707,Mature High Spender,Upsell premium services
42,Other,Jaipur,OnePlus,iOS,5.5,35.1,97.1,188,2.9,8136,2.3,2.3,1057,Entertainment,0,9193,Mature High Spender,Upsell premium services
41,Female,Bangalore,OnePlus,Android,11.2,42.1,271.6,109,2.4,4546,2.4,3.7,892,Social Media,0,5438,Mature High Spender,Upsell premium services
47,Female,Chennai,Motorola,Android,8.5,18.4,149.2,25,1.3,8862,5.4,1.0,969,Education,0,9831,Mature High Spender,Upsell premium services
35,Female,Bangalore,Samsung,Android,10.6,28.2,161.1,147,3.0,7666,2.5,3.5,1266,Work,0,8932,Mature High Spender,Upsell premium services
52,Male,Delhi,Samsung,Android,6.1,19.9,222.2,163,2.3,9419,3.1,3.8,766,Gaming,0,10185,Mature High Spender,Upsell premium services
21,Female,Mumbai,Google Pixel,Android,1.4,30.6,146.1,126,1.1,6442,3.2,1.1,180,Gaming,0,6622,Mature High Spender,Upsell premium services
42,Female,Kolkata,Apple,Android,8.3,35.7,287.6,128,0.8,6746,6.2,3.2,1709,Gaming,0,8455,Mature High Spender,Upsell premium services
55,Female,Kolkata,Vivo,Android,9.2,31.0,265.8,13,1.9,6710,2.6,4.6,1520,Gaming,0,8230,Mature High Spender,Upsell premium services
45,Male,Mumbai,Oppo,Android,2.8,26.8,274.1,109,0.6,9469,2.7,0.5,1974,Social Media,0,11443,Mature High Spender,Upsell premium services
49,Male,Kolkata,Google Pixel,Android,8.8,3.2,21.2,158,1.3,7793,6.5,1.9,1287,Entertainment,0,9080,Mature High Spender,Upsell premium services
18,Male,Bangalore,Apple,Android,9.1,25.8,52.0,64,1.3,8107,7.2,2.5,172,Work,0,8279,Mature High Spender,Upsell premium services
60,Female,Lucknow,Nokia,iOS,10.3,40.5,244.2,110,1.4,8432,1.2,4.0,1406,Education,0,9838,Mature High Spender,Upsell premium services
39,Male,Jaipur,Apple,iOS,9.4,10.2,221.4,159,3.0,9696,2.9,2.7,319,Work,0,10015,Mature High Spender,Upsell premium services
41,Female,Ahmedabad,Oppo,Android,4.0,37.4,169.2,87,2.3,8170,5.7,4.4,833,Education,0,9003,Mature High Spender,Upsell premium services
26,Male,Pune,Google Pixel,Android,7.4,10.9,290.8,89,0.9,9329,7.6,3.8,1165,Entertainment,0,10494,Mature High Spender,Upsell premium services
47,Male,Pune,Xiaomi,Android,4.2,38.8,254.6,194,1.4,6666,1.6,4.1,928,Gaming,0,7594,Mature High Spender,Upsell premium services
39,Female,Kolkata,Motorola,Android,3.3,25.8,252.4,109,0.7,6334,3.9,3.3,1106,Social Media,0,7440,Mature High Spender,Upsell premium services
53,Male,Chennai,OnePlus,Android,3.9,29.7,110.8,137,0.8,4889,1.8,2.5,1569,Entertainment,0,6458,Mature High Spender,Upsell premium services
51,Female,Delhi,Oppo,iOS,2.1,8.2,140.9,116,3.5,7284,5.7,1.7,1210,Entertainment,0,8494,Mature High Spender,Upsell premium services
37,Other,Hyderabad,Motorola,iOS,3.9,28.3,244.8,134,2.8,7920,2.9,4.2,977,Entertainment,0,8897,Mature High Spender,Upsell premium services
48,Other,Chennai,OnePlus,iOS,9.7,14.2,75.5,185,1.3,8187,6.7,1.4,381,Work,0,8568,Mature High Spender,Upsell premium services
40,Other,Kolkata,Xiaomi,iOS,3.6,49.9,172.7,55,2.1,9163,4.0,2.7,1279,Education,0,10442,Mature High Spender,Upsell premium services
59,Female,Pune,Samsung,Android,11.8,43.3,137.3,172,1.3,6115,4.7,0.6,1348,Gaming,0,7463,Mature High Spender,Upsell premium services
42,Male,Delhi,OnePlus,iOS,5.1,14.6,279.1,53,1.1,9974,2.4,2.1,295,Work,0,10269,Mature High Spender,Upsell premium services
45,Other,Delhi,Motorola,iOS,3.2,45.2,244.1,154,1.2,4631,1.2,0.2,1500,Gaming,0,6131,Mature High Spender,Upsell premium services
30,Female,Mumbai,Nokia,iOS,4.2,16.9,201.1,54,1.3,5408,3.5,1.2,1321,Gaming,0,6729,Mature High Spender,Upsell premium services
59,Female,Kolkata,Google Pixel,iOS,5.6,9.6,56.0,137,1.9,8305,0.6,1.2,1053,Work,0,9358,Mature High Spender,Upsell premium services
59,Male,Delhi,Nokia,Android,4.7,6.7,284.5,104,1.5,6441,7.5,1.6,1564,Work,0,8005,Mature High Spender,Upsell premium services
43,Male,Bangalore,Apple,iOS,5.6,28.8,68.1,166,2.5,7971,4.4,1.9,795,Social Media,0,8766,Mature High Spender,Upsell premium services
48,Other,Jaipur,Motorola,iOS,6.6,19.2,31.6,181,2.0,9328,2.3,3.7,271,Social Media,0,9599,Mature High Spender,Upsell premium services
48,Other,Jaipur,Vivo,iOS,7.9,26.0,185.2,37,1.4,9614,7.0,2.7,1112,Social Media,0,10726,Mature High Spender,Upsell premium services
40,Male,Mumbai,Samsung,Android,7.9,27.8,78.0,56,2.4,5186,1.7,1.6,574,Entertainment,0,5760,Mature High Spender,Upsell premium services
21,Other,Bangalore,Vivo,iOS,4.1,6.9,213.1,47,2.1,7993,5.2,2.5,1464,Work,0,9457,Mature High Spender,Upsell premium services
39,Female,Delhi,Samsung,Android,3.4,29.7,167.3,16,1.3,9524,1.3,0.9,265,Education,0,9789,Mature High Spender,Upsell premium services
55,Male,Chennai,Vivo,iOS,10.1,20.6,257.8,164,2.2,6773,6.3,3.0,1831,Education,0,8604,Mature High Spender,Upsell premium services
53,Female,Lucknow,Vivo,Android,5.9,21.0,211.8,189,3.7,8845,6.5,0.1,712,Gaming,0,9557,Mature High Spender,Upsell premium services
58,Other,Pune,Vivo,iOS,8.1,38.6,272.8,109,3.9,8573,1.0,1.2,1663,Education,0,10236,Mature High Spender,Upsell premium services
53,Male,Bangalore,Google Pixel,Android,9.1,20.3,170.5,179,3.0,8625,7.0,4.9,416,Social Media,0,9041,Mature High Spender,Upsell premium services
25,Other,Jaipur,Apple,Android,11.0,33.7,85.7,150,1.3,5833,6.2,3.9,275,Gaming,0,6108,Mature High Spender,Upsell premium services
35,Female,Hyderabad,Oppo,iOS,7.7,37.4,36.1,11,0.7,7573,4.9,3.8,188,Education,0,7761,Mature High Spender,Upsell premium services
48,Male,Hyderabad,Motorola,iOS,8.0,26.1,289.8,185,3.1,6199,6.9,4.4,1957,Education,0,8156,Mature High Spender,Upsell premium services
52,Other,Lucknow,Google Pixel,Android,5.8,38.2,45.0,25,0.7,7070,5.8,1.8,832,Work,0,7902,Mature High Spender,Upsell premium services
59,Male,Chennai,Google Pixel,iOS,9.3,3.5,42.6,20,2.8,8939,1.3,4.4,1621,Entertainment,0,10560,Mature High Spender,Upsell premium services
37,Male,Hyderabad,Realme,Android,10.4,35.6,54.7,160,1.3,9318,1.6,4.4,1044,Education,0,10362,Mature High Spender,Upsell premium services
53,Other,Ahmedabad,Oppo,iOS,8.5,22.8,79.2,185,0.8,8263,6.6,0.2,1147,Work,0,9410,Mature High Spender,Upsell premium services
60,Other,Chennai,Realme,Android,7.7,38.1,127.8,49,1.6,6766,2.1,1.8,1017,Social Media,0,7783,Mature High Spender,Upsell premium services
49,Male,Jaipur,Xiaomi,Android,10.8,46.3,39.3,174,1.0,6756,1.3,4.0,1604,Social Media,0,8360,Mature High Spender,Upsell premium services
60,Other,Mumbai,Nokia,Android,8.9,45.2,100.1,184,1.8,7257,4.7,0.3,1933,Social Media,0,9190,Mature High Spender,Upsell premium services
38,Male,Chennai,Motorola,Android,4.8,37.3,277.8,15,2.2,4884,2.3,2.0,1758,Education,0,6642,Mature High Spender,Upsell premium services
29,Male,Pune,Realme,Android,8.1,1.6,5.9,65,0.8,5522,2.3,4.7,1701,Education,0,7223,Mature High Spender,Upsell premium services
52,Male,Hyderabad,Nokia,Android,11.9,24.7,40.4,67,3.0,6577,7.0,4.5,405,Education,0,6982,Mature High Spender,Upsell premium services
36,Female,Bangalore,OnePlus,Android,4.5,13.2,173.2,52,2.4,5199,7.8,0.2,1874,Education,0,7073,Mature High Spender,Upsell premium services
59,Male,Chennai,Google Pixel,iOS,5.6,16.1,271.5,86,3.6,7352,4.9,3.5,1918,Entertainment,0,9270,Mature High Spender,Upsell premium services
48,Other,Delhi,Vivo,Android,6.2,46.1,46.8,92,1.0,8781,6.2,0.1,214,Gaming,0,8995,Mature High Spender,Upsell premium services
52,Male,Hyderabad,Apple,Android,2.4,2.7,297.6,165,1.0,6304,5.8,1.2,493,Education,0,6797,Mature High Spender,Upsell premium services
49,Male,Ahmedabad,Realme,iOS,6.8,41.0,41.2,45,2.8,9196,7.1,3.3,889,Work,0,10085,Mature High Spender,Upsell premium services
58,Male,Kolkata,Vivo,iOS,7.2,33.7,240.9,146,0.5,8481,3.0,0.3,1043,Work,0,9524,Mature High Spender,Upsell premium services
33,Female,Ahmedabad,Google Pixel,iOS,11.5,13.2,224.5,74,2.5,5228,4.6,0.3,1170,Education,0,6398,Mature High Spender,Upsell premium services
39,Other,Kolkata,Motorola,Android,4.8,28.5,108.9,41,2.3,5927,7.1,1.0,489,Gaming,0,6416,Mature High Spender,Upsell premium services
27,Other,Jaipur,Realme,iOS,1.2,8.2,84.9,59,0.8,8261,4.1,0.6,1534,Entertainment,0,9795,Mature High Spender,Upsell premium services
21,Other,Hyderabad,Google Pixel,Android,6.3,7.9,201.7,12,1.2,8568,6.9,1.7,1059,Gaming,0,9627,Mature High Spender,Upsell premium services
32,Other,Hyderabad,Motorola,iOS,4.8,24.3,48.0,126,0.9,5953,3.8,1.0,1769,Social Media,0,7722,Mature High Spender,Upsell premium services
20,Other,Chennai,OnePlus,Android,8.8,40.5,235.4,17,1.2,7897,2.1,4.9,621,Gaming,0,8518,Mature High Spender,Upsell premium services
48,Other,Jaipur,Samsung,Android,2.9,12.7,189.6,180,2.3,8881,7.1,3.1,808,Education,0,9689,Mature High Spender,Upsell premium services
53,Male,Hyderabad,Xiaomi,iOS,7.8,39.0,102.1,146,1.0,5454,5.8,3.2,459,Social Media,0,5913,Mature High Spender,Upsell premium services
48,Male,Ahmedabad,Apple,Android,4.2,12.1,136.7,157,0.8,3359,4.8,0.4,561,Entertainment,0,3920,Mature High Spender,Upsell premium services
42,Other,Ahmedabad,Google Pixel,Android,7.6,40.8,280.9,80,0.6,3799,4.5,0.3,1229,Work,0,5028,Mature High Spender,Upsell premium services
43,Other,Lucknow,Xiaomi,Android,4.6,14.9,175.3,16,2.2,7736,5.8,1.2,645,Social Media,0,8381,Mature High Spender,Upsell premium services
46,Female,Mumbai,Vivo,Android,9.9,10.4,230.6,97,1.3,5008,1.9,0.6,469,Gaming,0,5477,Mature High Spender,Upsell premium services
38,Other,Bangalore,Vivo,Android,10.1,48.3,153.4,61,0.8,9886,4.8,4.2,1574,Education,0,11460,Mature High Spender,Upsell premium services
39,Female,Ahmedabad,OnePlus,iOS,9.6,44.3,200.3,62,1.0,9321,7.8,2.0,1835,Gaming,0,11156,Mature High Spender,Upsell premium services
43,Male,Lucknow,Xiaomi,iOS,1.7,41.0,79.2,125,2.3,8532,2.0,1.3,284,Social Media,0,8816,Mature High Spender,Upsell premium services
44,Other,Ahmedabad,Oppo,Android,9.4,35.2,74.0,134,1.0,3638,1.4,4.8,808,Gaming,0,4446,Mature High Spender,Upsell premium services
42,Other,Delhi,Nokia,Android,11.0,12.9,242.3,87,3.1,5420,4.9,0.0,344,Work,0,5764,Mature High Spender,Upsell premium services
51,Male,Jaipur,Samsung,Android,9.9,26.5,22.2,75,0.6,6789,3.1,3.5,1129,Entertainment,0,7918,Mature High Spender,Upsell premium services
55,Female,Chennai,Oppo,Android,5.5,12.3,58.1,152,2.3,9840,5.0,4.8,1439,Entertainment,0,11279,Mature High Spender,Upsell premium services
58,Male,Lucknow,Samsung,Android,10.3,35.4,40.6,176,0.5,3573,5.4,0.8,572,Education,0,4145,Mature High Spender,Upsell premium services
38,Other,Pune,Google Pixel,iOS,4.0,26.8,254.0,68,1.1,4885,3.9,3.2,821,Gaming,0,5706,Mature High Spender,Upsell premium services
18,Other,Ahmedabad,Oppo,Android,4.6,1.5,91.8,130,1.9,8945,5.1,1.3,1781,Entertainment,0,10726,Mature High Spender,Upsell premium services
39,Other,Chennai,OnePlus,Android,6.3,21.8,56.8,19,1.5,4317,7.4,1.9,1195,Social Media,0,5512,Mature High Spender,Upsell premium services
35,Female,Jaipur,Vivo,Android,4.2,46.6,110.7,80,1.9,8384,3.4,3.6,1876,Work,0,10260,Mature High Spender,Upsell premium services
48,Other,Jaipur,Nokia,iOS,11.9,27.6,246.1,57,0.6,6324,3.4,2.8,399,Social Media,0,6723,Mature High Spender,Upsell premium services
26,Male,Pune,Samsung,iOS,10.0,9.7,207.5,134,1.9,9425,2.1,2.6,1734,Gaming,0,11159,Mature High Spender,Upsell premium services
44,Female,Kolkata,Vivo,Android,3.9,7.2,206.5,183,2.5,9379,7.9,1.7,1242,Work,0,10621,Mature High Spender,Upsell premium services
44,Female,Mumbai,Nokia,iOS,4.5,30.0,120.2,173,3.3,9368,2.5,3.1,1757,Social Media,0,11125,Mature High Spender,Upsell premium services
36,Male,Kolkata,OnePlus,Android,11.2,11.2,160.6,135,2.2,8240,7.8,4.6,367,Education,0,8607,Mature High Spender,Upsell premium services
35,Male,Jaipur,Samsung,iOS,9.7,7.1,295.7,104,2.3,7829,6.9,3.3,1657,Gaming,0,9486,Mature High Spender,Upsell premium services
44,Other,Delhi,Motorola,Android,5.0,30.5,94.5,11,1.7,3915,1.2,4.4,574,Gaming,0,4489,Mature High Spender,Upsell premium services
19,Other,Hyderabad,Motorola,iOS,3.2,23.3,97.2,180,1.7,9725,4.9,2.6,155,Education,0,9880,Mature High Spender,Upsell premium services
38,Male,Bangalore,Apple,Android,3.3,34.8,29.6,172,1.8,9178,4.1,2.8,1189,Gaming,0,10367,Mature High Spender,Upsell premium services
25,Female,Mumbai,Nokia,iOS,7.0,38.4,298.3,160,2.1,8610,3.5,2.1,704,Education,0,9314,Mature High Spender,Upsell premium services
27,Female,Chennai,Nokia,iOS,2.0,22.8,249.4,50,2.4,7191,0.6,1.4,1221,Education,0,8412,Mature High Spender,Upsell premium services
44,Female,Mumbai,Realme,Android,1.9,13.0,161.4,90,1.4,3219,1.5,2.7,1633,Education,0,4852,Mature High Spender,Upsell premium services
31,Male,Lucknow,Oppo,iOS,2.0,48.8,131.6,122,1.8,7607,0.5,4.4,1620,Work,0,9227,Mature High Spender,Upsell premium services
29,Female,Jaipur,OnePlus,iOS,10.6,48.5,135.1,191,1.1,8365,4.9,4.3,306,Education,0,8671,Mature High Spender,Upsell premium services
28,Other,Pune,Apple,Android,10.5,44.9,297.0,97,1.1,7730,3.4,2.6,1569,Work,0,9299,Mature High Spender,Upsell premium services
32,Female,Bangalore,Xiaomi,iOS,3.5,36.5,22.6,72,0.6,6809,5.9,0.1,1063,Social Media,0,7872,Mature High Spender,Upsell premium services
25,Other,Pune,OnePlus,Android,9.4,47.7,208.2,113,1.0,8508,5.4,3.0,1574,Work,0,10082,Mature High Spender,Upsell premium services
41,Other,Delhi,Google Pixel,iOS,8.0,40.3,238.4,39,2.5,8798,2.3,3.2,1120,Work,0,9918,Mature High Spender,Upsell premium services
40,Female,Jaipur,Samsung,iOS,2.9,38.5,205.6,13,0.7,4079,2.4,4.9,1514,Gaming,0,5593,Mature High Spender,Upsell premium services
37,Other,Lucknow,Apple,iOS,9.1,21.4,237.1,103,2.2,9590,2.2,4.2,1272,Education,0,10862,Mature High Spender,Upsell premium services
16,Male,Delhi,Motorola,iOS,7.0,36.0,108.4,61,1.0,7815,2.3,4.2,646,Education,0,8461,Mature High Spender,Upsell premium services
50,Male,Kolkata,Nokia,iOS,11.5,8.9,177.6,115,3.5,8484,5.2,2.6,1025,Work,0,9509,Mature High Spender,Upsell premium services
30,Male,Ahmedabad,Samsung,iOS,10.8,30.6,102.2,116,1.1,7290,7.4,3.3,1688,Gaming,0,8978,Mature High Spender,Upsell premium services
33,Other,Hyderabad,OnePlus,Android,8.7,29.6,184.6,109,2.2,7349,5.2,3.0,1518,Entertainment,0,8867,Mature High Spender,Upsell premium services
27,Other,Kolkata,Samsung,Android,9.2,7.6,250.8,99,1.8,9944,7.7,3.0,1708,Work,0,11652,Mature High Spender,Upsell premium services
40,Male,Delhi,Xiaomi,Android,4.1,47.5,205.8,99,2.2,8212,2.0,3.6,1374,Entertainment,0,9586,Mature High Spender,Upsell premium services
52,Male,Bangalore,OnePlus,Android,5.6,28.1,200.9,75,0.8,6530,4.1,0.5,726,Work,0,7256,Mature High Spender,Upsell premium services
41,Male,Pune,Oppo,Android,5.8,27.7,22.7,76,1.0,3270,2.0,3.5,1191,Entertainment,0,4461,Mature High Spender,Upsell premium services
31,Female,Hyderabad,Oppo,Android,5.4,45.7,254.9,38,2.2,5961,7.2,0.2,923,Gaming,0,6884,Mature High Spender,Upsell premium services
42,Female,Mumbai,Realme,iOS,5.3,26.2,272.0,194,2.1,9105,0.7,4.4,103,Education,0,9208,Mature High Spender,Upsell premium services
57,Other,Bangalore,Google Pixel,iOS,9.2,32.6,10.0,78,2.3,7924,5.3,2.4,1185,Gaming,0,9109,Mature High Spender,Upsell premium services
55,Male,Pune,Google Pixel,iOS,10.0,27.9,115.0,70,0.6,4878,2.8,3.0,1802,Work,0,6680,Mature High Spender,Upsell premium services
47,Other,Ahmedabad,Nokia,Android,5.8,19.0,106.9,66,1.3,3964,5.9,4.6,1690,Education,0,5654,Mature High Spender,Upsell premium services
60,Male,Bangalore,Oppo,Android,2.0,49.9,103.1,149,1.2,7176,2.0,1.4,118,Work,0,7294,Mature High Spender,Upsell premium services
17,Male,Mumbai,Motorola,Android,3.4,38.3,288.5,147,1.7,9814,0.8,1.0,538,Social Media,0,10352,Mature High Spender,Upsell premium services
51,Female,Chennai,Samsung,iOS,3.7,27.4,157.3,115,0.8,5431,4.4,1.1,1200,Work,0,6631,Mature High Spender,Upsell premium services
45,Male,Ahmedabad,Vivo,iOS,10.5,20.4,129.2,91,0.9,5355,3.6,1.1,1554,Entertainment,0,6909,Mature High Spender,Upsell premium services
52,Female,Bangalore,Nokia,Android,9.7,18.8,62.5,29,1.7,7118,2.1,1.9,1853,Gaming,0,8971,Mature High Spender,Upsell premium services
60,Female,Chennai,OnePlus,Android,5.1,31.4,112.4,63,1.4,9810,6.2,3.2,654,Social Media,0,10464,Mature High Spender,Upsell premium services
42,Other,Hyderabad,Vivo,iOS,1.6,5.4,75.3,118,0.9,4745,5.7,2.8,1471,Social Media,0,6216,Mature High Spender,Upsell premium services
54,Male,Kolkata,Vivo,iOS,3.2,29.4,67.5,95,0.9,3850,7.6,3.6,1018,Education,0,4868,Mature High Spender,Upsell premium services
24,Female,Mumbai,OnePlus,Android,8.8,16.9,178.5,168,0.7,7452,1.3,0.0,690,Gaming,0,8142,Mature High Spender,Upsell premium services
57,Other,Hyderabad,Motorola,Android,8.4,2.0,159.2,160,3.7,9890,1.9,5.0,199,Work,0,10089,Mature High Spender,Upsell premium services
44,Other,Chennai,Motorola,Android,2.7,47.8,263.8,63,2.0,7235,3.1,0.5,534,Social Media,0,7769,Mature High Spender,Upsell premium services
49,Other,Ahmedabad,Realme,Android,1.7,47.3,145.0,18,0.9,9746,3.1,1.6,1112,Social Media,0,10858,Mature High Spender,Upsell premium services
33,Female,Lucknow,Motorola,Android,9.7,8.5,57.7,10,1.8,5512,2.9,3.2,1823,Education,0,7335,Mature High Spender,Upsell premium services
38,Other,Hyderabad,Vivo,iOS,11.2,4.7,236.8,84,2.0,9212,5.7,0.1,1926,Social Media,0,11138,Mature High Spender,Upsell premium services
47,Female,Jaipur,Motorola,Android,11.3,16.7,297.9,86,3.3,7848,7.4,4.1,1450,Entertainment,0,9298,Mature High Spender,Upsell premium services
33,Female,Kolkata,Xiaomi,iOS,9.3,3.9,112.0,106,0.5,6394,2.7,2.7,1016,Education,0,7410,Mature High Spender,Upsell premium services
45,Female,Hyderabad,Realme,iOS,11.0,24.4,27.0,158,2.0,8390,7.6,2.5,1713,Education,0,10103,Mature High Spender,Upsell premium services
36,Other,Mumbai,OnePlus,Android,6.3,48.9,266.7,109,1.7,9668,4.8,3.7,997,Gaming,0,10665,Mature High Spender,Upsell premium services
55,Male,Mumbai,Nokia,iOS,4.4,26.0,212.6,193,1.4,6955,1.3,4.0,1714,Education,0,8669,Mature High Spender,Upsell premium services
54,Male,Chennai,Motorola,iOS,4.3,33.3,35.6,169,0.7,9787,1.7,1.0,1026,Entertainment,0,10813,Mature High Spender,Upsell premium services
59,Female,Ahmedabad,OnePlus,Android,1.4,31.7,176.8,60,1.4,8266,7.1,0.5,1015,Work,0,9281,Mature High Spender,Upsell premium services
37,Other,Pune,Google Pixel,Android,11.7,27.3,88.0,20,2.9,9250,0.8,0.4,1292,Gaming,0,10542,Mature High Spender,Upsell premium services
39,Female,Kolkata,Vivo,iOS,2.5,32.9,233.7,26,2.0,9607,6.5,2.4,1672,Gaming,0,11279,Mature High Spender,Upsell premium services
20,Other,Lucknow,Oppo,iOS,10.3,24.9,184.9,64,1.7,9662,1.9,1.9,280,Gaming,0,9942,Mature High Spender,Upsell premium services
20,Male,Kolkata,Motorola,iOS,5.1,9.4,201.3,67,0.6,8763,6.2,3.7,1766,Gaming,0,10529,Mature High Spender,Upsell premium services
42,Male,Hyderabad,Google Pixel,iOS,8.9,43.9,258.5,18,2.6,8920,2.9,4.4,879,Gaming,0,9799,Mature High Spender,Upsell premium services
54,Other,Ahmedabad,Nokia,iOS,6.5,36.6,108.3,76,1.6,7086,6.2,0.9,832,Entertainment,0,7918,Mature High Spender,Upsell premium services
51,Female,Lucknow,OnePlus,Android,11.1,43.4,65.8,146,2.6,9442,5.4,4.3,978,Social Media,0,10420,Mature High Spender,Upsell premium services
39,Male,Jaipur,Realme,iOS,11.6,7.2,230.9,195,0.7,8983,7.7,3.4,883,Gaming,0,9866,Mature High Spender,Upsell premium services
18,Male,Kolkata,Motorola,Android,5.3,38.5,148.9,142,1.4,9217,7.8,4.8,1570,Education,0,10787,Mature High Spender,Upsell premium services
60,Other,Kolkata,Apple,iOS,3.8,25.1,50.9,109,0.5,9557,6.9,1.5,132,Social Media,0,9689,Mature High Spender,Upsell premium services
40,Female,Mumbai,Apple,iOS,1.3,5.3,106.9,27,2.5,7737,6.5,3.0,196,Social Media,0,7933,Mature High Spender,Upsell premium services
47,Female,Bangalore,Oppo,iOS,8.5,14.9,275.2,134,2.7,6896,2.0,2.2,1938,Gaming,0,8834,Mature High Spender,Upsell premium services
17,Female,Pune,OnePlus,iOS,11.7,42.6,125.9,88,2.3,8215,4.9,3.0,1735,Entertainment,0,9950,Mature High Spender,Upsell premium services
36,Male,Pune,Motorola,Android,6.3,9.7,209.2,151,1.6,5416,7.6,2.8,259,Social Media,0,5675,Mature High Spender,Upsell premium services
39,Other,Bangalore,Samsung,Android,6.0,18.1,57.1,137,2.1,6182,5.5,0.3,1323,Education,0,7505,Mature High Spender,Upsell premium services
35,Other,Mumbai,Oppo,Android,8.3,33.0,68.6,89,1.4,7413,1.3,1.1,352,Work,0,7765,Mature High Spender,Upsell premium services
57,Female,Lucknow,Vivo,iOS,7.8,3.0,53.0,176,1.7,7719,0.6,4.8,1794,Work,0,9513,Mature High Spender,Upsell premium services
58,Male,Delhi,Samsung,Android,8.3,28.4,117.1,68,1.2,6252,3.5,4.7,1241,Entertainment,0,7493,Mature High Spender,Upsell premium services
51,Male,Delhi,Motorola,iOS,2.1,2.4,67.4,158,1.0,5887,2.9,2.7,293,Social Media,0,6180,Mature High Spender,Upsell premium services
60,Female,Jaipur,Vivo,iOS,7.1,34.7,231.9,180,2.6,8196,4.1,4.8,311,Education,0,8507,Mature High Spender,Upsell premium services
38,Other,Hyderabad,Xiaomi,iOS,8.9,38.7,192.2,136,1.2,3729,5.9,3.0,1448,Entertainment,0,5177,Mature High Spender,Upsell premium services
36,Other,Chennai,OnePlus,iOS,5.9,4.2,283.3,52,1.0,8758,5.7,1.7,1537,Education,0,10295,Mature High Spender,Upsell premium services
53,Male,Hyderabad,OnePlus,iOS,7.2,26.7,299.9,187,1.5,9087,2.6,0.0,1430,Work,0,10517,Mature High Spender,Upsell premium services
54,Male,Jaipur,Realme,iOS,11.8,29.1,88.1,140,3.4,8062,1.2,3.7,335,Work,0,8397,Mature High Spender,Upsell premium services
49,Male,Lucknow,OnePlus,Android,7.7,29.2,292.3,97,2.6,9494,3.9,2.4,648,Gaming,0,10142,Mature High Spender,Upsell premium services
36,Female,Chennai,Google Pixel,Android,2.1,1.5,19.1,15,1.0,9508,5.1,0.3,1493,Social Media,0,11001,Mature High Spender,Upsell premium services
36,Female,Hyderabad,OnePlus,Android,10.3,35.9,200.1,200,2.2,6511,4.0,2.4,950,Entertainment,0,7461,Mature High Spender,Upsell premium services
47,Female,Delhi,Google Pixel,Android,4.1,24.6,63.6,122,2.0,5572,7.7,0.0,889,Entertainment,0,6461,Mature High Spender,Upsell premium services
57,Male,Ahmedabad,OnePlus,Android,4.6,22.5,94.1,60,2.4,8069,2.8,0.2,615,Social Media,0,8684,Mature High Spender,Upsell premium services
55,Other,Chennai,Google Pixel,Android,7.4,3.4,58.9,63,2.5,8648,6.6,1.2,1849,Entertainment,0,10497,Mature High Spender,Upsell premium services
41,Female,Lucknow,Samsung,Android,3.4,24.5,269.3,83,3.3,6228,7.0,0.5,1002,Social Media,0,7230,Mature High Spender,Upsell premium services
48,Male,Bangalore,Google Pixel,iOS,9.3,3.1,141.7,130,2.4,6016,2.8,0.4,497,Social Media,0,6513,Mature High Spender,Upsell premium services
42,Female,Jaipur,Nokia,iOS,8.7,21.7,46.2,26,1.8,5151,3.4,4.3,1511,Education,0,6662,Mature High Spender,Upsell premium services
42,Female,Delhi,Oppo,iOS,11.1,47.8,186.3,107,1.6,8826,4.0,1.7,340,Work,0,9166,Mature High Spender,Upsell premium services
43,Other,Mumbai,Motorola,iOS,8.9,46.6,289.1,43,3.1,7289,1.7,5.0,1379,Entertainment,0,8668,Mature High Spender,Upsell premium services
46,Other,Mumbai,Apple,iOS,10.4,4.8,162.3,198,3.1,8367,2.5,2.1,317,Work,0,8684,Mature High Spender,Upsell premium services
47,Female,Ahmedabad,Samsung,iOS,3.8,27.5,189.8,134,2.4,7509,1.2,0.7,694,Education,0,8203,Mature High Spender,Upsell premium services
54,Male,Mumbai,OnePlus,Android,6.4,32.7,150.9,169,2.7,9539,4.6,1.3,348,Work,0,9887,Mature High Spender,Upsell premium services
35,Other,Pune,Vivo,iOS,2.9,42.1,288.9,110,0.7,3776,3.2,1.8,287,Gaming,0,4063,Mature High Spender,Upsell premium services
37,Other,Pune,Apple,iOS,7.9,19.3,156.8,53,2.4,6317,1.5,5.0,1567,Education,0,7884,Mature High Spender,Upsell premium services
55,Female,Bangalore,Oppo,iOS,6.9,35.3,289.7,86,2.3,8247,0.7,1.4,985,Social Media,0,9232,Mature High Spender,Upsell premium services
35,Male,Ahmedabad,Xiaomi,iOS,10.6,34.7,278.4,12,2.3,4912,1.3,0.3,1286,Education,0,6198,Mature High Spender,Upsell premium services
49,Male,Pune,Realme,Android,9.6,31.5,214.7,88,3.2,7968,4.4,2.8,429,Education,0,8397,Mature High Spender,Upsell premium services
33,Male,Kolkata,Xiaomi,iOS,10.7,10.0,82.6,85,0.8,4411,3.3,4.7,1954,Gaming,0,6365,Mature High Spender,Upsell premium services
45,Other,Hyderabad,Motorola,Android,10.8,14.8,199.5,167,0.9,2948,3.5,0.4,955,Work,0,3903,Mature High Spender,Upsell premium services
44,Female,Bangalore,Realme,iOS,10.5,21.4,234.1,167,2.8,7827,0.9,3.6,1272,Work,0,9099,Mature High Spender,Upsell premium services
49,Male,Jaipur,Vivo,Android,10.0,41.5,68.5,10,1.7,9190,4.9,0.4,519,Gaming,0,9709,Mature High Spender,Upsell premium services
36,Other,Bangalore,Samsung,iOS,6.0,24.1,285.0,103,2.2,7496,6.1,2.8,603,Entertainment,0,8099,Mature High Spender,Upsell premium services
56,Male,Lucknow,Nokia,Android,5.4,10.5,200.6,169,1.3,8098,6.8,1.1,562,Gaming,0,8660,Mature High Spender,Upsell premium services
51,Female,Delhi,Google Pixel,Android,4.9,36.2,197.3,22,1.7,6725,6.4,4.5,472,Gaming,0,7197,Mature High Spender,Upsell premium services
31,Female,Bangalore,Vivo,iOS,11.1,27.9,89.1,73,0.8,8109,3.9,4.7,900,Education,0,9009,Mature High Spender,Upsell premium services
50,Female,Bangalore,Realme,Android,10.2,4.6,157.3,92,3.4,8511,5.4,2.9,1139,Education,0,9650,Mature High Spender,Upsell premium services
55,Other,Hyderabad,Realme,iOS,10.8,3.9,21.5,24,1.0,6868,5.2,1.4,104,Gaming,0,6972,Mature High Spender,Upsell premium services
34,Female,Pune,Oppo,Android,11.3,40.2,121.8,139,2.8,5295,3.8,2.3,1990,Gaming,0,7285,Mature High Spender,Upsell premium services
34,Female,Hyderabad,Oppo,iOS,7.3,42.7,186.6,43,0.9,7057,3.5,2.1,127,Education,0,7184,Mature High Spender,Upsell premium services
40,Other,Kolkata,Xiaomi,Android,5.0,46.4,74.5,129,2.9,5337,0.9,1.6,664,Entertainment,0,6001,Mature High Spender,Upsell premium services
44,Other,Mumbai,Realme,iOS,5.6,17.6,51.7,56,1.7,4249,1.9,0.6,426,Education,0,4675,Mature High Spender,Upsell premium services
23,Other,Ahmedabad,OnePlus,iOS,5.3,21.1,16.4,23,1.6,8752,4.6,3.7,181,Education,0,8933,Mature High Spender,Upsell premium services
59,Female,Jaipur,Nokia,Android,6.7,11.7,214.5,38,3.6,9606,1.0,3.9,617,Social Media,0,10223,Mature High Spender,Upsell premium services
56,Female,Mumbai,Motorola,iOS,7.5,34.8,268.0,125,1.9,6283,5.9,1.5,1056,Entertainment,0,7339,Mature High Spender,Upsell premium services
26,Female,Jaipur,Apple,Android,3.0,1.7,265.0,138,2.8,6843,4.9,0.2,906,Social Media,0,7749,Mature High Spender,Upsell premium services
54,Other,Lucknow,Realme,iOS,7.4,17.8,171.2,118,1.2,9640,1.6,4.7,1153,Education,0,10793,Mature High Spender,Upsell premium services
48,Female,Ahmedabad,Vivo,iOS,4.7,2.0,197.4,10,1.2,7624,4.4,1.1,1824,Education,0,9448,Mature High Spender,Upsell premium services
33,Female,Pune,Vivo,iOS,5.7,24.3,43.8,99,2.8,9636,0.6,4.0,1286,Education,0,10922,Mature High Spender,Upsell premium services
54,Female,Delhi,Samsung,Android,8.7,10.4,124.2,12,1.1,5579,5.9,3.4,1454,Gaming,0,7033,Mature High Spender,Upsell premium services
37,Female,Ahmedabad,Apple,Android,9.9,46.2,164.4,167,0.6,3266,7.0,2.1,423,Entertainment,0,3689,Mature High Spender,Upsell premium services
48,Female,Mumbai,Nokia,iOS,2.5,15.3,220.6,26,2.0,9733,3.7,3.1,203,Work,0,9936,Mature High Spender,Upsell premium services
41,Male,Lucknow,Samsung,iOS,7.8,2.8,269.6,125,2.9,4949,4.9,2.9,1991,Work,0,6940,Mature High Spender,Upsell premium services
52,Female,Lucknow,Nokia,Android,6.2,12.6,28.3,176,3.3,7105,3.7,2.1,1958,Work,0,9063,Mature High Spender,Upsell premium services
55,Female,Delhi,Apple,iOS,5.0,48.9,290.2,48,1.6,8189,0.6,3.7,1499,Entertainment,0,9688,Mature High Spender,Upsell premium services
30,Male,Bangalore,Samsung,Android,6.1,21.1,295.4,97,2.1,6403,0.8,3.2,458,Social Media,0,6861,Mature High Spender,Upsell premium services
49,Other,Mumbai,Vivo,iOS,5.7,26.7,240.8,181,1.3,6116,7.8,4.3,1738,Gaming,0,7854,Mature High Spender,Upsell premium services
42,Male,Jaipur,Apple,Android,6.4,24.7,37.0,107,1.1,7565,6.4,3.4,680,Social Media,0,8245,Mature High Spender,Upsell premium services
40,Other,Hyderabad,Google Pixel,iOS,4.8,23.6,40.7,86,1.1,5650,2.2,1.8,826,Social Media,0,6476,Mature High Spender,Upsell premium services
51,Male,Bangalore,OnePlus,iOS,4.4,20.9,186.6,119,1.9,4660,0.6,0.7,1178,Education,0,5838,Mature High Spender,Upsell premium services
46,Male,Ahmedabad,OnePlus,Android,10.0,4.3,201.4,96,2.4,8148,4.3,4.3,698,Social Media,0,8846,Mature High Spender,Upsell premium services
17,Male,Chennai,OnePlus,iOS,11.9,3.5,283.3,130,0.7,6710,2.6,0.3,1134,Entertainment,0,7844,Mature High Spender,Upsell premium services
37,Other,Mumbai,Vivo,iOS,10.8,29.2,196.8,26,2.3,7438,1.5,1.2,1532,Education,0,8970,Mature High Spender,Upsell premium services
21,Other,Lucknow,Oppo,Android,11.8,5.9,229.2,132,2.2,7827,5.0,3.2,533,Education,0,8360,Mature High Spender,Upsell premium services
58,Other,Kolkata,Realme,Android,10.8,4.7,25.2,182,1.9,7469,2.7,2.5,752,Gaming,0,8221,Mature High Spender,Upsell premium services
33,Female,Chennai,Google Pixel,iOS,6.1,31.3,57.7,50,2.3,8183,6.6,1.7,1367,Entertainment,0,9550,Mature High Spender,Upsell premium services
27,Male,Ahmedabad,Samsung,Android,7.1,26.1,278.4,123,1.6,8025,1.8,2.7,1712,Education,0,9737,Mature High Spender,Upsell premium services
40,Female,Pune,Realme,iOS,11.8,15.4,299.5,113,2.0,8556,3.3,3.6,1401,Education,0,9957,Mature High Spender,Upsell premium services
22,Other,Chennai,Nokia,iOS,9.7,40.1,141.0,130,0.8,8365,2.5,1.6,983,Gaming,0,9348,Mature High Spender,Upsell premium services
25,Female,Ahmedabad,Apple,iOS,6.1,3.7,273.8,172,1.2,8430,0.7,4.6,325,Social Media,0,8755,Mature High Spender,Upsell premium services
42,Male,Chennai,Motorola,Android,4.5,19.4,273.6,76,0.9,2904,0.5,0.8,348,Gaming,0,3252,Mature High Spender,Upsell premium services
44,Other,Mumbai,Apple,iOS,4.0,2.3,131.8,158,1.3,7057,1.4,0.4,1637,Gaming,0,8694,Mature High Spender,Upsell premium services
21,Other,Pune,Samsung,iOS,3.0,18.8,16.4,73,2.1,6644,1.8,2.9,392,Entertainment,0,7036,Mature High Spender,Upsell premium services
53,Male,Kolkata,Vivo,iOS,7.1,32.4,208.1,169,1.7,5726,3.1,4.7,1245,Work,0,6971,Mature High Spender,Upsell premium services
33,Other,Jaipur,Samsung,iOS,10.4,38.8,185.8,119,1.5,9447,1.9,2.9,1555,Education,0,11002,Mature High Spender,Upsell premium services
32,Female,Lucknow,Vivo,iOS,2.5,43.1,95.0,198,1.4,8710,6.4,1.5,1974,Entertainment,0,10684,Mature High Spender,Upsell premium services
58,Female,Lucknow,Realme,Android,1.4,6.5,273.1,169,1.4,8786,7.0,4.3,1049,Education,0,9835,Mature High Spender,Upsell premium services
46,Male,Chennai,Apple,iOS,2.7,40.1,111.0,161,2.3,8224,0.7,2.9,267,Gaming,0,8491,Mature High Spender,Upsell premium services
60,Other,Pune,Samsung,Android,11.0,23.8,88.4,169,3.3,8842,2.8,3.7,676,Work,0,9518,Mature High Spender,Upsell premium services
44,Other,Delhi,Samsung,iOS,5.5,30.4,229.2,146,2.5,4832,4.7,1.1,1338,Entertainment,0,6170,Mature High Spender,Upsell premium services
37,Female,Hyderabad,Vivo,Android,5.2,6.8,102.9,81,3.1,6780,5.2,1.4,1164,Gaming,0,7944,Mature High Spender,Upsell premium services
23,Male,Jaipur,Motorola,iOS,9.3,47.0,60.7,67,0.8,6453,3.8,1.9,1032,Social Media,0,7485,Mature High Spender,Upsell premium services
36,Female,Delhi,Realme,Android,3.5,47.0,262.0,111,3.1,7603,7.4,3.4,1568,Work,0,9171,Mature High Spender,Upsell premium services
48,Female,Jaipur,Xiaomi,iOS,3.3,5.8,9.8,48,2.4,5658,3.2,0.6,1405,Social Media,0,7063,Mature High Spender,Upsell premium services
36,Female,Pune,OnePlus,iOS,10.1,42.0,88.0,146,2.5,7149,6.2,4.0,1288,Entertainment,0,8437,Mature High Spender,Upsell premium services
46,Male,Delhi,Apple,Android,3.8,20.4,178.7,56,2.0,9584,2.9,1.5,1808,Entertainment,0,11392,Mature High Spender,Upsell premium services
19,Female,Mumbai,Apple,Android,7.6,37.2,87.0,142,2.0,7582,1.8,4.0,1520,Entertainment,0,9102,Mature High Spender,Upsell premium services
48,Female,Bangalore,Apple,Android,9.9,29.8,154.6,146,3.3,6840,6.5,2.5,699,Entertainment,0,7539,Mature High Spender,Upsell premium services
28,Other,Pune,Samsung,Android,10.5,8.3,50.4,88,1.5,6971,7.1,3.8,1448,Work,0,8419,Mature High Spender,Upsell premium services
47,Other,Ahmedabad,Apple,Android,1.3,22.5,140.2,45,2.1,8470,5.5,1.0,1000,Entertainment,0,9470,Mature High Spender,Upsell premium services
39,Female,Lucknow,Xiaomi,iOS,3.6,12.5,251.3,45,2.5,4726,2.8,2.9,360,Education,0,5086,Mature High Spender,Upsell premium services
26,Other,Kolkata,Vivo,Android,7.4,46.2,72.7,19,1.3,8575,2.8,3.3,1031,Gaming,0,9606,Mature High Spender,Upsell premium services
25,Female,Chennai,Motorola,Android,4.9,21.4,44.4,82,1.4,9611,1.5,4.2,515,Social Media,0,10126,Mature High Spender,Upsell premium services
24,Male,Mumbai,OnePlus,iOS,10.4,33.3,28.8,135,1.2,5658,4.0,3.5,1286,Gaming,0,6944,Mature High Spender,Upsell premium services
48,Other,Pune,Samsung,Android,11.4,38.8,254.6,152,3.3,7317,1.5,3.5,422,Education,0,7739,Mature High Spender,Upsell premium services
26,Male,Chennai,Google Pixel,Android,4.4,27.4,250.7,45,1.8,8785,5.4,4.4,962,Entertainment,0,9747,Mature High Spender,Upsell premium services
59,Male,Mumbai,Motorola,iOS,10.0,32.7,108.1,154,1.0,4429,2.7,4.9,710,Gaming,0,5139,Mature High Spender,Upsell premium services
24,Female,Kolkata,Google Pixel,iOS,1.2,39.2,15.1,11,1.0,5983,5.2,0.3,859,Gaming,0,6842,Mature High Spender,Upsell premium services
53,Male,Delhi,Motorola,iOS,2.7,24.7,176.9,196,1.9,8907,1.8,4.0,1040,Entertainment,0,9947,Mature High Spender,Upsell premium services
50,Other,Chennai,Nokia,iOS,2.9,43.5,40.5,69,1.0,8720,7.3,2.8,1621,Work,0,10341,Mature High Spender,Upsell premium services
27,Female,Chennai,Vivo,iOS,7.2,18.0,42.8,71,1.1,9232,0.8,3.8,1931,Entertainment,0,11163,Mature High Spender,Upsell premium services
21,Male,Chennai,Samsung,Android,2.3,19.9,172.4,66,1.9,8125,4.9,2.7,675,Social Media,0,8800,Mature High Spender,Upsell premium services
51,Other,Pune,Google Pixel,Android,11.2,26.0,196.9,142,3.0,7135,0.9,3.7,1831,Entertainment,0,8966,Mature High Spender,Upsell premium services
43,Male,Lucknow,Motorola,Android,11.1,41.0,216.1,107,1.7,7846,4.1,4.1,1033,Entertainment,0,8879,Mature High Spender,Upsell premium services
52,Female,Kolkata,Xiaomi,iOS,4.2,46.9,197.4,53,0.8,9992,7.1,2.1,1375,Gaming,0,11367,Mature High Spender,Upsell premium services
19,Other,Lucknow,Samsung,Android,4.5,17.3,89.0,64,1.8,7815,7.7,0.8,1097,Education,0,8912,Mature High Spender,Upsell premium services
42,Other,Chennai,Samsung,iOS,7.2,49.1,62.4,71,1.0,5251,5.8,1.2,1281,Work,0,6532,Mature High Spender,Upsell premium services
32,Female,Mumbai,Vivo,iOS,10.6,40.7,75.7,52,0.8,8240,3.0,4.7,1791,Entertainment,0,10031,Mature High Spender,Upsell premium services
50,Male,Hyderabad,OnePlus,iOS,2.3,35.1,122.7,42,2.4,8381,6.4,2.0,1159,Entertainment,0,9540,Mature High Spender,Upsell premium services
56,Other,Jaipur,Realme,Android,7.1,41.2,231.9,35,1.5,9299,4.1,1.9,729,Work,0,10028,Mature High Spender,Upsell premium services
51,Other,Delhi,OnePlus,Android,1.8,38.7,275.3,109,1.4,9161,7.5,4.7,157,Education,0,9318,Mature High Spender,Upsell premium services
50,Male,Hyderabad,Xiaomi,Android,6.4,18.1,137.3,49,1.6,5268,3.1,4.2,1491,Gaming,0,6759,Mature High Spender,Upsell premium services
45,Female,Kolkata,Google Pixel,iOS,10.3,29.3,137.8,16,0.7,8209,4.2,2.3,214,Social Media,0,8423,Mature High Spender,Upsell premium services
59,Male,Pune,Vivo,iOS,10.9,16.7,146.3,35,0.9,4012,2.9,0.5,1269,Gaming,0,5281,Mature High Spender,Upsell premium services
21,Male,Bangalore,Realme,iOS,3.1,19.2,102.8,186,1.0,6205,4.1,1.5,1711,Entertainment,0,7916,Mature High Spender,Upsell premium services
40,Male,Hyderabad,Apple,iOS,9.7,22.7,260.7,119,2.4,7263,5.4,1.4,288,Entertainment,0,7551,Mature High Spender,Upsell premium services
53,Male,Bangalore,Nokia,Android,5.2,48.3,36.5,43,1.2,7870,4.9,0.4,163,Gaming,0,8033,Mature High Spender,Upsell premium services
43,Female,Lucknow,Vivo,Android,7.8,25.0,211.5,48,0.6,5253,4.6,1.2,1346,Gaming,0,6599,Mature High Spender,Upsell premium services
27,Female,Kolkata,Samsung,iOS,4.4,2.7,92.5,199,1.3,7814,0.6,0.0,1029,Gaming,0,8843,Mature High Spender,Upsell premium services
53,Male,Lucknow,OnePlus,iOS,6.2,26.0,261.8,126,1.5,8246,4.5,1.4,1681,Social Media,0,9927,Mature High Spender,Upsell premium services
35,Other,Ahmedabad,Apple,Android,5.5,7.7,32.6,77,2.3,6764,2.7,1.8,228,Gaming,0,6992,Mature High Spender,Upsell premium services
28,Other,Chennai,Xiaomi,Android,7.9,8.8,6.1,192,1.7,7847,2.0,0.9,1994,Work,0,9841,Mature High Spender,Upsell premium services
47,Other,Mumbai,Oppo,Android,8.0,19.9,38.4,103,1.3,8603,3.6,4.2,1142,Gaming,0,9745,Mature High Spender,Upsell premium services
29,Female,Bangalore,Vivo,iOS,6.4,41.9,285.8,115,2.4,8278,6.5,3.1,1303,Entertainment,0,9581,Mature High Spender,Upsell premium services
49,Male,Jaipur,Motorola,iOS,8.3,43.2,112.1,107,0.7,9506,4.3,3.1,1625,Entertainment,0,11131,Mature High Spender,Upsell premium services
19,Female,Bangalore,Google Pixel,iOS,10.5,18.2,78.2,129,0.7,8780,8.0,1.7,1269,Gaming,0,10049,Mature High Spender,Upsell premium services
15,Male,Delhi,Google Pixel,Android,2.0,29.6,65.6,50,1.1,7299,6.0,0.4,1092,Social Media,0,8391,Mature High Spender,Upsell premium services
52,Other,Delhi,OnePlus,iOS,7.4,4.1,193.1,13,2.6,8594,1.2,2.8,1653,Gaming,0,10247,Mature High Spender,Upsell premium services
49,Female,Mumbai,Nokia,Android,3.6,2.9,215.9,49,3.3,7719,3.8,1.3,1018,Gaming,0,8737,Mature High Spender,Upsell premium services
52,Female,Bangalore,Samsung,Android,2.9,31.2,170.7,16,2.2,5977,4.2,4.6,1801,Social Media,0,7778,Mature High Spender,Upsell premium services
44,Other,Ahmedabad,Vivo,iOS,5.8,7.1,199.4,82,1.7,9340,2.1,2.9,1746,Social Media,0,11086,Mature High Spender,Upsell premium services
58,Female,Ahmedabad,Nokia,iOS,4.1,24.6,285.3,91,0.8,9571,3.9,3.2,1488,Education,0,11059,Mature High Spender,Upsell premium services
43,Female,Mumbai,Motorola,Android,2.1,17.8,292.4,179,3.0,8293,3.1,4.5,439,Education,0,8732,Mature High Spender,Upsell premium services
50,Female,Kolkata,Realme,iOS,6.6,43.4,154.0,108,0.8,8883,7.1,0.0,602,Social Media,0,9485,Mature High Spender,Upsell premium services
50,Female,Kolkata,OnePlus,Android,5.5,17.9,279.3,11,1.2,5502,2.4,2.8,878,Education,0,6380,Mature High Spender,Upsell premium services
38,Other,Hyderabad,Oppo,iOS,4.9,6.1,116.7,104,3.2,5611,6.5,2.0,1364,Work,0,6975,Mature High Spender,Upsell premium services
48,Female,Delhi,Samsung,iOS,7.0,21.4,223.0,77,1.2,4605,5.7,1.6,1968,Social Media,0,6573,Mature High Spender,Upsell premium services
54,Female,Lucknow,Vivo,Android,1.9,15.6,258.5,170,2.6,6030,6.4,3.2,270,Work,0,6300,Mature High Spender,Upsell premium services
32,Other,Hyderabad,Vivo,Android,1.2,24.6,81.1,127,1.7,5388,2.9,0.1,668,Entertainment,0,6056,Mature High Spender,Upsell premium services
56,Female,Bangalore,Realme,Android,10.4,40.4,122.1,116,2.5,5871,7.6,5.0,1526,Entertainment,0,7397,Mature High Spender,Upsell premium services
29,Other,Chennai,Realme,Android,7.1,12.6,19.4,31,2.5,9116,5.0,3.4,1045,Gaming,0,10161,Mature High Spender,Upsell premium services
27,Male,Jaipur,Samsung,Android,11.8,13.4,207.9,123,1.1,8277,1.3,2.8,1608,Entertainment,0,9885,Mature High Spender,Upsell premium services
15,Other,Delhi,Oppo,iOS,2.3,30.1,110.5,38,1.4,9033,3.7,4.1,1554,Gaming,0,10587,Mature High Spender,Upsell premium services
23,Male,Chennai,Apple,iOS,4.4,45.6,11.9,190,1.7,7215,2.2,0.3,423,Work,0,7638,Mature High Spender,Upsell premium services
27,Male,Ahmedabad,Oppo,iOS,5.7,3.8,100.3,131,0.8,6694,6.4,4.0,134,Social Media,0,6828,Mature High Spender,Upsell premium services
34,Male,Chennai,OnePlus,Android,2.3,2.7,8.3,135,0.5,8996,8.0,1.1,1005,Social Media,0,10001,Mature High Spender,Upsell premium services
46,Male,Hyderabad,Realme,iOS,3.0,28.4,252.4,130,3.4,7736,4.4,0.4,297,Entertainment,0,8033,Mature High Spender,Upsell premium services
50,Female,Chennai,Oppo,iOS,2.2,15.7,261.2,87,0.6,6137,6.4,4.1,1093,Gaming,0,7230,Mature High Spender,Upsell premium services
39,Male,Bangalore,Oppo,iOS,5.5,20.3,69.0,135,1.5,8304,7.8,3.4,693,Entertainment,0,8997,Mature High Spender,Upsell premium services
58,Female,Kolkata,Google Pixel,Android,10.1,48.1,131.0,137,0.6,7700,3.5,3.9,368,Work,0,8068,Mature High Spender,Upsell premium services
15,Other,Kolkata,Nokia,iOS,10.4,16.8,191.7,153,0.6,6934,5.1,3.0,1794,Gaming,0,8728,Mature High Spender,Upsell premium services
41,Male,Chennai,Xiaomi,iOS,10.7,25.2,14.9,169,0.7,4918,7.3,5.0,967,Social Media,0,5885,Mature High Spender,Upsell premium services
54,Other,Chennai,Oppo,Android,11.5,18.2,263.1,63,2.1,8138,4.8,0.6,1262,Gaming,0,9400,Mature High Spender,Upsell premium services
60,Female,Mumbai,Xiaomi,iOS,1.4,23.7,60.4,116,2.3,8550,2.2,0.2,651,Education,0,9201,Mature High Spender,Upsell premium services
54,Male,Hyderabad,OnePlus,Android,8.1,2.5,151.3,152,2.6,8545,6.0,1.5,1321,Education,0,9866,Mature High Spender,Upsell premium services
27,Other,Bangalore,OnePlus,Android,10.7,16.7,66.4,37,1.5,7226,0.6,4.3,1534,Work,0,8760,Mature High Spender,Upsell premium services
42,Other,Kolkata,Xiaomi,iOS,3.1,38.3,180.6,108,2.0,9321,6.8,3.9,554,Gaming,0,9875,Mature High Spender,Upsell premium services
34,Other,Bangalore,Xiaomi,iOS,8.6,5.7,166.7,52,2.6,6845,7.0,2.5,1857,Social Media,0,8702,Mature High Spender,Upsell premium services
31,Female,Delhi,Motorola,Android,6.8,31.5,68.3,190,1.9,8516,3.8,0.2,406,Work,0,8922,Mature High Spender,Upsell premium services
54,Female,Chennai,Vivo,iOS,2.7,10.1,249.5,90,3.3,7582,4.3,0.2,749,Gaming,0,8331,Mature High Spender,Upsell premium services
43,Male,Ahmedabad,Xiaomi,iOS,10.3,3.3,277.7,183,2.2,9884,7.7,1.5,879,Entertainment,0,10763,Mature High Spender,Upsell premium services
43,Female,Kolkata,Vivo,Android,3.6,19.5,77.1,148,2.0,4082,1.1,3.3,1671,Social Media,0,5753,Mature High Spender,Upsell premium services
55,Other,Chennai,Samsung,Android,2.5,18.3,32.3,56,2.2,5640,3.6,4.2,220,Education,0,5860,Mature High Spender,Upsell premium services
32,Other,Ahmedabad,Vivo,Android,10.8,13.5,279.1,29,1.8,6509,5.1,4.0,172,Gaming,0,6681,Mature High Spender,Upsell premium services
51,Female,Mumbai,Samsung,iOS,11.0,46.5,213.3,139,1.9,4786,6.3,4.8,1411,Work,0,6197,Mature High Spender,Upsell premium services
33,Male,Bangalore,Oppo,Android,5.2,33.1,49.2,130,2.6,8536,0.9,1.1,889,Education,0,9425,Mature High Spender,Upsell premium services
40,Male,Mumbai,Realme,Android,3.9,22.8,59.0,62,0.7,9834,4.0,1.2,1789,Social Media,0,11623,Mature High Spender,Upsell premium services
41,Male,Pune,Xiaomi,Android,9.8,6.2,125.5,125,2.8,5788,2.5,2.3,277,Entertainment,0,6065,Mature High Spender,Upsell premium services
24,Male,Bangalore,Vivo,iOS,5.5,17.1,143.3,137,1.5,7462,7.5,2.3,1664,Work,0,9126,Mature High Spender,Upsell premium services
54,Female,Pune,OnePlus,iOS,6.2,44.5,138.0,168,0.7,5169,5.2,1.3,1777,Work,0,6946,Mature High Spender,Upsell premium services
52,Male,Pune,Realme,Android,3.7,25.1,244.0,139,2.1,5699,7.5,1.8,1651,Entertainment,0,7350,Mature High Spender,Upsell premium services
31,Male,Jaipur,Samsung,Android,2.9,8.2,105.8,10,2.3,7676,2.4,3.1,458,Social Media,0,8134,Mature High Spender,Upsell premium services
44,Female,Mumbai,Motorola,Android,4.0,9.1,117.8,184,2.2,5320,7.5,1.7,146,Entertainment,0,5466,Mature High Spender,Upsell premium services
57,Female,Chennai,OnePlus,iOS,8.2,2.8,282.2,25,1.5,9812,4.3,2.0,285,Work,0,10097,Mature High Spender,Upsell premium services
49,Female,Mumbai,Samsung,iOS,11.3,20.1,176.6,30,1.5,6452,2.2,0.5,1728,Social Media,0,8180,Mature High Spender,Upsell premium services
51,Female,Jaipur,Nokia,Android,5.0,10.3,175.1,15,2.3,8805,3.6,4.9,267,Entertainment,0,9072,Mature High Spender,Upsell premium services
54,Female,Chennai,Vivo,Android,2.7,44.9,226.9,117,0.7,3880,4.5,2.8,1500,Social Media,0,5380,Mature High Spender,Upsell premium services
37,Other,Lucknow,Vivo,iOS,7.8,16.0,205.8,21,1.2,5419,2.2,1.5,1255,Work,0,6674,Mature High Spender,Upsell premium services
45,Male,Pune,Motorola,Android,10.9,18.3,171.6,56,2.9,5995,6.4,1.0,804,Social Media,0,6799,Mature High Spender,Upsell premium services
15,Female,Mumbai,Realme,iOS,4.5,3.2,225.0,98,1.2,9503,5.8,1.8,1023,Education,0,10526,Mature High Spender,Upsell premium services
28,Male,Pune,Oppo,Android,7.6,13.7,113.3,32,1.3,5310,0.8,4.1,1112,Social Media,0,6422,Mature High Spender,Upsell premium services
15,Other,Pune,Vivo,Android,10.3,42.6,40.7,176,1.9,7747,1.9,1.3,204,Social Media,0,7951,Mature High Spender,Upsell premium services
51,Other,Kolkata,Nokia,Android,4.3,38.6,218.1,133,1.4,7051,6.1,4.3,987,Entertainment,0,8038,Mature High Spender,Upsell premium services
60,Female,Chennai,Vivo,Android,3.6,10.0,78.1,87,1.2,9731,7.9,1.6,1440,Gaming,0,11171,Mature High Spender,Upsell premium services
39,Other,Bangalore,Google Pixel,Android,5.8,29.1,53.4,22,2.9,9884,0.7,2.4,1296,Social Media,0,11180,Mature High Spender,Upsell premium services
34,Male,Hyderabad,OnePlus,Android,8.6,5.9,188.5,58,3.0,7100,7.7,4.9,974,Entertainment,0,8074,Mature High Spender,Upsell premium services
35,Male,Pune,Oppo,Android,7.6,1.3,49.1,118,1.4,9593,3.9,0.6,586,Gaming,0,10179,Mature High Spender,Upsell premium services
18,Female,Jaipur,Samsung,Android,2.3,47.7,128.8,35,0.8,7857,5.7,5.0,264,Education,0,8121,Mature High Spender,Upsell premium services
49,Female,Ahmedabad,Motorola,Android,7.9,18.1,201.2,196,3.0,7682,1.4,4.0,1744,Work,0,9426,Mature High Spender,Upsell premium services
54,Other,Delhi,Realme,Android,5.5,45.4,169.2,140,2.3,5630,5.9,3.8,1576,Entertainment,0,7206,Mature High Spender,Upsell premium services
50,Male,Delhi,Google Pixel,iOS,2.4,40.4,250.6,159,3.0,5723,4.1,3.8,583,Entertainment,0,6306,Mature High Spender,Upsell premium services
40,Male,Ahmedabad,Xiaomi,iOS,11.9,13.8,141.6,72,1.7,3468,1.0,2.5,572,Entertainment,0,4040,Mature High Spender,Upsell premium services
41,Male,Bangalore,Apple,iOS,7.8,18.8,135.8,51,1.5,3542,4.9,0.7,1488,Entertainment,0,5030,Mature High Spender,Upsell premium services
55,Male,Lucknow,Google Pixel,iOS,7.2,5.2,175.4,163,2.1,8628,4.2,0.4,183,Education,0,8811,Mature High Spender,Upsell premium services
42,Male,Chennai,OnePlus,iOS,10.8,30.1,247.3,17,1.7,7006,0.5,2.4,1205,Gaming,0,8211,Mature High Spender,Upsell premium services
18,Other,Chennai,Realme,Android,8.3,50.0,106.0,93,0.6,8314,3.8,0.6,1108,Gaming,0,9422,Mature High Spender,Upsell premium services
44,Female,Kolkata,OnePlus,Android,8.1,36.4,167.5,155,2.9,6242,4.1,4.8,492,Social Media,0,6734,Mature High Spender,Upsell premium services
27,Male,Pune,Vivo,iOS,8.8,11.2,217.1,17,0.5,8289,5.5,3.8,331,Work,0,8620,Mature High Spender,Upsell premium services
27,Male,Mumbai,Realme,iOS,1.3,40.4,45.6,188,1.1,8322,4.3,0.8,607,Gaming,0,8929,Mature High Spender,Upsell premium services
52,Female,Delhi,Apple,iOS,7.7,31.6,250.6,50,1.7,4398,7.9,4.6,1826,Gaming,0,6224,Mature High Spender,Upsell premium services
43,Male,Hyderabad,Nokia,iOS,3.8,9.0,244.1,153,0.9,4044,5.8,1.3,1533,Gaming,0,5577,Mature High Spender,Upsell premium services
54,Male,Pune,Apple,iOS,4.9,41.0,124.6,191,1.5,8366,5.7,0.1,181,Work,0,8547,Mature High Spender,Upsell premium services
32,Male,Lucknow,Nokia,iOS,8.9,14.2,162.2,157,1.6,9873,0.8,4.5,515,Education,0,10388,Mature High Spender,Upsell premium services
39,Female,Ahmedabad,Oppo,Android,6.4,43.3,8.5,173,1.3,5890,5.0,4.0,1151,Social Media,0,7041,Mature High Spender,Upsell premium services
53,Female,Bangalore,Google Pixel,Android,8.3,41.8,289.8,137,0.6,7657,7.1,0.2,1298,Entertainment,0,8955,Mature High Spender,Upsell premium services
37,Female,Ahmedabad,Oppo,Android,9.9,8.6,73.5,163,0.8,8920,1.6,0.9,1601,Education,0,10521,Mature High Spender,Upsell premium services
44,Female,Bangalore,Apple,Android,9.5,47.0,249.8,49,1.1,2905,3.2,1.3,1260,Entertainment,0,4165,Mature High Spender,Upsell premium services
29,Other,Pune,Apple,Android,1.4,26.6,124.1,105,1.6,7525,0.8,1.5,1332,Entertainment,0,8857,Mature High Spender,Upsell premium services
52,Female,Kolkata,Vivo,Android,4.1,33.9,199.5,141,0.9,3909,4.5,5.0,924,Education,0,4833,Mature High Spender,Upsell premium services
29,Other,Hyderabad,Apple,iOS,9.3,25.1,50.3,36,2.3,8971,3.9,1.8,1350,Gaming,0,10321,Mature High Spender,Upsell premium services
47,Female,Mumbai,Oppo,iOS,2.7,42.2,24.5,171,3.2,7800,1.6,2.9,1583,Work,0,9383,Mature High Spender,Upsell premium services
57,Female,Mumbai,Nokia,iOS,7.6,46.4,265.3,128,3.2,7114,2.5,4.3,798,Social Media,0,7912,Mature High Spender,Upsell premium services
58,Female,Ahmedabad,Vivo,iOS,1.9,23.0,56.8,68,1.2,7825,1.4,2.6,1517,Entertainment,0,9342,Mature High Spender,Upsell premium services
34,Other,Chennai,Apple,Android,5.8,8.3,65.7,151,1.3,9301,2.3,2.3,1727,Social Media,0,11028,Mature High Spender,Upsell premium services
54,Female,Hyderabad,Apple,iOS,5.3,17.8,263.3,127,0.6,3349,4.0,4.7,362,Social Media,0,3711,Mature High Spender,Upsell premium services
60,Male,Chennai,Oppo,Android,1.6,2.6,51.0,41,0.6,3775,6.9,0.1,110,Social Media,0,3885,Mature High Spender,Upsell premium services
54,Other,Lucknow,Realme,iOS,9.5,35.9,199.1,40,3.2,9336,5.8,4.7,679,Gaming,0,10015,Mature High Spender,Upsell premium services
21,Male,Kolkata,Motorola,iOS,9.5,12.5,181.9,189,2.0,9895,3.0,1.8,426,Entertainment,0,10321,Mature High Spender,Upsell premium services
34,Female,Mumbai,Xiaomi,Android,7.2,48.5,96.6,144,1.0,7671,3.6,1.6,148,Gaming,0,7819,Mature High Spender,Upsell premium services
53,Male,Delhi,Nokia,iOS,7.5,14.9,128.3,110,0.8,9984,2.0,2.4,993,Social Media,0,10977,Mature High Spender,Upsell premium services
40,Male,Ahmedabad,Motorola,iOS,4.6,15.4,250.8,154,0.5,2953,3.0,1.3,1570,Social Media,0,4523,Mature High Spender,Upsell premium services
24,Other,Ahmedabad,OnePlus,Android,8.2,24.0,61.5,121,2.3,7528,2.0,3.0,238,Entertainment,0,7766,Mature High Spender,Upsell premium services
55,Female,Ahmedabad,Oppo,Android,2.6,18.8,21.2,153,3.3,8999,5.6,4.2,1102,Work,0,10101,Mature High Spender,Upsell premium services
53,Male,Pune,OnePlus,Android,5.4,49.7,216.6,54,3.3,7651,0.6,1.5,1166,Education,0,8817,Mature High Spender,Upsell premium services
41,Male,Delhi,Motorola,iOS,1.5,28.4,126.7,127,1.4,3468,1.3,2.6,1434,Work,0,4902,Mature High Spender,Upsell premium services
21,Female,Lucknow,Apple,Android,1.8,11.9,219.4,132,2.2,8574,2.5,1.5,506,Gaming,0,9080,Mature High Spender,Upsell premium services
39,Male,Bangalore,OnePlus,iOS,6.8,40.0,161.7,170,3.2,7782,4.7,2.3,324,Work,0,8106,Mature High Spender,Upsell premium services
41,Other,Hyderabad,Samsung,Android,8.9,23.5,225.6,177,0.8,7928,5.4,3.5,929,Work,0,8857,Mature High Spender,Upsell premium services
47,Female,Mumbai,Vivo,iOS,10.0,48.2,288.9,118,3.6,7158,2.8,3.8,738,Social Media,0,7896,Mature High Spender,Upsell premium services
31,Male,Pune,Xiaomi,iOS,2.2,14.7,235.6,126,1.9,5437,6.9,4.4,1509,Education,0,6946,Mature High Spender,Upsell premium services
26,Other,Mumbai,Nokia,iOS,6.5,43.0,245.6,132,1.5,5551,6.7,4.9,525,Gaming,0,6076,Mature High Spender,Upsell premium services
56,Male,Ahmedabad,Oppo,iOS,3.7,39.8,181.1,139,2.6,7455,3.3,1.4,1812,Work,0,9267,Mature High Spender,Upsell premium services
31,Female,Hyderabad,Motorola,iOS,7.3,3.9,158.4,39,2.8,6515,4.0,2.7,973,Social Media,0,7488,Mature High Spender,Upsell premium services
51,Other,Bangalore,OnePlus,iOS,1.9,18.1,63.7,100,2.2,7177,5.2,4.9,1134,Entertainment,0,8311,Mature High Spender,Upsell premium services
59,Other,Lucknow,Motorola,iOS,3.8,6.4,149.2,162,1.0,4572,7.5,3.3,312,Social Media,0,4884,Mature High Spender,Upsell premium services
16,Other,Jaipur,Google Pixel,iOS,6.7,31.4,120.3,92,1.7,8492,3.3,1.3,275,Education,0,8767,Mature High Spender,Upsell premium services
56,Other,Jaipur,Nokia,Android,9.3,47.8,267.8,172,1.1,3974,0.9,4.7,902,Entertainment,0,4876,Mature High Spender,Upsell premium services
49,Female,Chennai,Realme,iOS,3.7,14.4,235.2,185,2.5,7017,7.9,1.9,660,Entertainment,0,7677,Mature High Spender,Upsell premium services
52,Male,Delhi,Oppo,iOS,1.5,6.7,268.7,103,0.9,7486,4.8,4.8,194,Social Media,0,7680,Mature High Spender,Upsell premium services
43,Other,Chennai,Google Pixel,iOS,3.5,9.3,287.7,46,0.8,5982,2.6,0.6,1376,Education,0,7358,Mature High Spender,Upsell premium services
58,Male,Ahmedabad,Samsung,Android,2.0,39.4,178.4,149,3.2,7969,6.8,3.5,399,Entertainment,0,8368,Mature High Spender,Upsell premium services
49,Other,Delhi,Google Pixel,Android,1.5,49.3,44.1,171,3.3,9832,5.7,3.7,1414,Gaming,0,11246,Mature High Spender,Upsell premium services
50,Female,Jaipur,Motorola,iOS,6.4,38.4,43.5,188,2.9,8924,5.4,4.7,477,Entertainment,0,9401,Mature High Spender,Upsell premium services
28,Male,Bangalore,OnePlus,Android,11.2,32.8,122.9,50,1.2,7818,2.5,3.2,1139,Entertainment,0,8957,Mature High Spender,Upsell premium services
59,Other,Lucknow,Apple,iOS,4.5,42.6,34.8,34,0.7,4434,1.3,2.9,864,Work,0,5298,Mature High Spender,Upsell premium services
36,Male,Pune,Vivo,Android,11.3,14.6,239.2,83,1.0,9622,2.9,4.3,175,Education,0,9797,Mature High Spender,Upsell premium services
39,Female,Ahmedabad,Google Pixel,Android,8.0,37.7,114.4,150,0.5,3664,3.9,3.5,1087,Entertainment,0,4751,Mature High Spender,Upsell premium services
50,Other,Lucknow,Apple,Android,1.9,14.4,114.0,119,0.6,7519,4.0,4.0,1679,Social Media,0,9198,Mature High Spender,Upsell premium services
26,Male,Bangalore,Xiaomi,Android,5.2,48.6,58.2,53,1.2,7167,2.4,4.9,488,Social Media,0,7655,Mature High Spender,Upsell premium services
40,Other,Kolkata,OnePlus,Android,4.7,14.9,228.9,84,1.0,3415,4.1,0.3,1752,Education,0,5167,Mature High Spender,Upsell premium services
16,Male,Kolkata,Apple,Android,7.3,44.3,111.8,155,1.0,9390,1.4,0.8,983,Entertainment,0,10373,Mature High Spender,Upsell premium services
49,Male,Kolkata,Apple,Android,8.5,42.1,287.8,165,2.1,5835,3.0,2.6,864,Education,0,6699,Mature High Spender,Upsell premium services
60,Other,Kolkata,Xiaomi,Android,10.0,29.9,258.9,129,3.3,8965,7.5,4.5,219,Entertainment,0,9184,Mature High Spender,Upsell premium services
58,Male,Pune,Oppo,iOS,9.0,3.1,79.4,129,2.4,9944,6.4,2.7,1294,Work,0,11238,Mature High Spender,Upsell premium services
51,Male,Jaipur,Realme,iOS,8.8,45.9,175.9,189,1.2,5886,5.9,3.7,536,Gaming,0,6422,Mature High Spender,Upsell premium services
41,Female,Jaipur,Nokia,Android,7.1,16.2,112.2,189,2.5,9300,1.9,1.7,1278,Work,0,10578,Mature High Spender,Upsell premium services
44,Other,Ahmedabad,Xiaomi,iOS,8.6,41.5,211.6,34,1.7,8945,3.7,2.2,1684,Gaming,0,10629,Mature High Spender,Upsell premium services
52,Male,Lucknow,Samsung,iOS,8.8,10.6,98.2,64,3.5,8746,7.4,2.7,1141,Gaming,0,9887,Mature High Spender,Upsell premium services
24,Male,Pune,Nokia,iOS,10.2,11.3,208.6,49,2.6,7976,6.7,1.6,541,Work,0,8517,Mature High Spender,Upsell premium services
51,Male,Ahmedabad,Samsung,Android,2.8,6.8,162.6,84,1.2,3647,7.8,0.1,1507,Entertainment,0,5154,Mature High Spender,Upsell premium services
37,Male,Pune,OnePlus,Android,4.5,39.6,12.1,35,2.0,6277,4.9,2.0,980,Gaming,0,7257,Mature High Spender,Upsell premium services
36,Female,Lucknow,Vivo,Android,7.9,18.3,69.4,200,3.0,7831,5.4,4.9,1471,Entertainment,0,9302,Mature High Spender,Upsell premium services
30,Female,Lucknow,OnePlus,iOS,6.9,49.1,272.4,96,1.8,8212,2.6,0.9,1186,Work,0,9398,Mature High Spender,Upsell premium services
38,Male,Bangalore,Oppo,iOS,3.6,10.7,253.1,57,2.2,5048,0.8,4.1,804,Work,0,5852,Mature High Spender,Upsell premium services
35,Female,Jaipur,OnePlus,iOS,1.2,29.0,285.3,43,1.9,4729,2.9,1.5,1363,Work,0,6092,Mature High Spender,Upsell premium services
15,Female,Chennai,Vivo,Android,6.9,39.8,234.4,49,0.7,9320,1.5,0.7,1195,Work,0,10515,Mature High Spender,Upsell premium services
44,Male,Kolkata,Xiaomi,Android,1.1,32.2,21.8,173,3.0,9228,2.4,0.1,993,Gaming,0,10221,Mature High Spender,Upsell premium services
29,Female,Hyderabad,Google Pixel,Android,6.3,23.8,90.3,58,0.5,7930,6.0,0.0,204,Social Media,0,8134,Mature High Spender,Upsell premium services
25,Male,Hyderabad,Google Pixel,Android,4.6,2.9,6.3,36,2.2,6835,3.8,0.1,362,Gaming,0,7197,Mature High Spender,Upsell premium services
45,Other,Delhi,OnePlus,iOS,10.0,12.2,62.6,64,2.3,6605,5.3,3.0,635,Education,0,7240,Mature High Spender,Upsell premium services
47,Other,Lucknow,Oppo,iOS,5.7,44.0,171.2,173,2.3,4943,6.4,0.2,855,Work,0,5798,Mature High Spender,Upsell premium services
38,Female,Pune,Apple,iOS,5.9,45.5,148.8,72,2.0,9416,6.7,4.7,208,Work,0,9624,Mature High Spender,Upsell premium services
57,Other,Lucknow,OnePlus,iOS,10.6,30.9,290.0,63,1.2,9134,5.0,4.0,1010,Entertainment,0,10144,Mature High Spender,Upsell premium services
53,Male,Pune,Motorola,iOS,2.9,24.4,26.8,177,2.7,6045,3.7,0.8,449,Work,0,6494,Mature High Spender,Upsell premium services
43,Female,Mumbai,Apple,iOS,8.6,16.0,77.2,86,1.6,9089,2.3,4.9,1482,Entertainment,0,10571,Mature High Spender,Upsell premium services
55,Male,Hyderabad,Samsung,iOS,6.1,3.2,145.9,88,2.2,8649,4.5,3.9,1394,Gaming,0,10043,Mature High Spender,Upsell premium services
49,Female,Lucknow,Oppo,iOS,5.5,23.9,26.7,37,3.0,9428,2.2,2.1,1116,Social Media,0,10544,Mature High Spender,Upsell premium services
32,Female,Ahmedabad,Realme,iOS,7.1,19.2,201.9,105,3.0,9200,4.7,0.9,370,Work,0,9570,Mature High Spender,Upsell premium services
44,Other,Chennai,Motorola,Android,10.8,14.1,46.6,70,2.0,9527,0.7,2.6,1496,Education,0,11023,Mature High Spender,Upsell premium services
45,Male,Kolkata,Vivo,Android,6.5,41.5,230.4,49,2.3,6312,1.9,4.2,1066,Social Media,0,7378,Mature High Spender,Upsell premium services
24,Female,Ahmedabad,Oppo,iOS,3.0,37.0,205.0,76,2.4,8988,4.0,0.6,1609,Entertainment,0,10597,Mature High Spender,Upsell premium services
53,Other,Bangalore,Motorola,iOS,9.3,14.0,157.8,102,0.7,8851,1.7,2.2,1186,Social Media,0,10037,Mature High Spender,Upsell premium services
35,Other,Kolkata,Vivo,Android,1.9,25.0,43.9,49,2.0,9398,7.8,4.5,989,Gaming,0,10387,Mature High Spender,Upsell premium services
48,Male,Hyderabad,Google Pixel,iOS,4.0,22.3,298.4,191,1.5,4407,1.2,0.0,1207,Social Media,0,5614,Mature High Spender,Upsell premium services
33,Other,Kolkata,Oppo,Android,2.9,35.0,93.4,31,2.1,4791,1.5,1.7,1084,Gaming,0,5875,Mature High Spender,Upsell premium services
53,Other,Jaipur,Realme,Android,8.7,30.9,20.5,176,0.8,7784,1.1,3.7,584,Education,0,8368,Mature High Spender,Upsell premium services
30,Other,Chennai,Samsung,Android,4.5,26.6,124.7,88,2.9,9538,7.9,0.4,1977,Entertainment,0,11515,Mature High Spender,Upsell premium services
53,Male,Bangalore,Vivo,iOS,6.6,43.8,76.7,137,1.1,6826,3.1,0.5,1093,Work,0,7919,Mature High Spender,Upsell premium services
52,Male,Pune,Oppo,iOS,5.2,22.2,85.1,103,0.5,9564,7.3,3.6,1570,Social Media,0,11134,Mature High Spender,Upsell premium services
52,Other,Ahmedabad,Google Pixel,Android,3.3,6.2,46.5,137,0.9,6239,6.7,0.1,1888,Entertainment,0,8127,Mature High Spender,Upsell premium services
37,Other,Pune,Motorola,Android,9.1,43.9,297.9,198,3.0,6235,6.0,1.2,1392,Social Media,0,7627,Mature High Spender,Upsell premium services
34,Female,Jaipur,Nokia,Android,4.6,27.5,7.9,128,0.7,3221,7.6,1.7,1270,Social Media,0,4491,Mature High Spender,Upsell premium services
38,Other,Ahmedabad,Xiaomi,Android,5.9,14.7,186.5,162,2.8,8118,4.4,3.3,714,Work,0,8832,Mature High Spender,Upsell premium services
22,Female,Kolkata,Xiaomi,iOS,3.4,22.7,60.2,171,0.8,8837,3.8,0.3,857,Social Media,0,9694,Mature High Spender,Upsell premium services
43,Other,Jaipur,Motorola,iOS,8.2,23.5,78.3,121,0.5,4401,6.7,0.4,1976,Work,0,6377,Mature High Spender,Upsell premium services
28,Female,Chennai,Vivo,Android,7.0,10.0,146.6,161,1.4,8110,7.2,4.6,748,Work,0,8858,Mature High Spender,Upsell premium services
31,Male,Mumbai,Oppo,iOS,5.2,43.8,199.3,151,0.9,7951,4.6,0.3,1950,Entertainment,0,9901,Mature High Spender,Upsell premium services
60,Male,Ahmedabad,OnePlus,iOS,9.7,49.5,9.6,74,0.8,9410,1.0,2.2,219,Gaming,0,9629,Mature High Spender,Upsell premium services
37,Other,Jaipur,Motorola,Android,5.4,23.4,96.0,200,1.9,8691,7.5,4.6,1503,Entertainment,0,10194,Mature High Spender,Upsell premium services
21,Other,Mumbai,Google Pixel,Android,2.1,21.8,163.3,200,1.5,7817,3.2,1.4,1287,Gaming,0,9104,Mature High Spender,Upsell premium services
58,Female,Pune,Apple,Android,9.1,16.5,25.3,146,2.3,9153,2.2,3.1,1342,Gaming,0,10495,Mature High Spender,Upsell premium services
57,Other,Pune,Nokia,Android,9.7,6.6,263.8,76,3.3,9676,7.0,0.3,1920,Entertainment,0,11596,Mature High Spender,Upsell premium services
45,Other,Bangalore,OnePlus,Android,6.8,30.0,131.8,181,1.2,9727,1.7,2.2,814,Education,0,10541,Mature High Spender,Upsell premium services
58,Female,Hyderabad,Samsung,iOS,3.0,45.6,53.2,148,1.3,8903,5.1,4.6,1318,Social Media,0,10221,Mature High Spender,Upsell premium services
44,Male,Kolkata,Motorola,Android,11.9,25.8,166.5,46,0.6,2136,1.9,1.3,124,Social Media,0,2260,Mature High Spender,Upsell premium services
32,Male,Bangalore,Samsung,iOS,1.6,42.1,255.7,89,1.7,6210,3.1,1.6,726,Education,0,6936,Mature High Spender,Upsell premium services
44,Other,Mumbai,Google Pixel,Android,8.7,34.6,228.9,37,2.3,4321,4.2,4.7,1598,Education,0,5919,Mature High Spender,Upsell premium services
53,Female,Delhi,Apple,iOS,5.9,21.6,269.5,160,1.3,3927,0.7,4.7,861,Gaming,0,4788,Mature High Spender,Upsell premium services
32,Female,Hyderabad,Motorola,iOS,11.2,26.3,62.0,161,2.1,7355,7.8,4.1,503,Entertainment,0,7858,Mature High Spender,Upsell premium services
24,Male,Kolkata,Oppo,iOS,6.5,42.7,297.3,42,2.9,9072,1.1,2.7,1535,Work,0,10607,Mature High Spender,Upsell premium services
27,Other,Chennai,Xiaomi,Android,1.3,15.8,15.1,157,1.7,7233,6.8,2.2,1356,Education,0,8589,Mature High Spender,Upsell premium services
52,Male,Pune,Xiaomi,iOS,4.8,36.4,153.6,182,2.5,9409,3.0,0.3,1412,Work,0,10821,Mature High Spender,Upsell premium services
22,Male,Delhi,Samsung,iOS,1.9,34.3,106.8,40,2.0,6858,1.6,4.2,273,Social Media,0,7131,Mature High Spender,Upsell premium services
37,Female,Chennai,Vivo,Android,5.0,44.8,210.8,182,2.4,9438,3.1,4.1,252,Gaming,0,9690,Mature High Spender,Upsell premium services
41,Female,Delhi,Apple,Android,1.4,20.2,60.1,168,2.8,9696,7.7,2.9,1994,Gaming,0,11690,Mature High Spender,Upsell premium services
46,Male,Mumbai,Nokia,iOS,2.8,11.4,89.4,62,3.0,6326,6.3,4.4,1783,Entertainment,0,8109,Mature High Spender,Upsell premium services
49,Female,Chennai,Google Pixel,iOS,5.4,13.9,113.1,90,1.3,5501,5.3,1.0,853,Work,0,6354,Mature High Spender,Upsell premium services
56,Other,Hyderabad,Motorola,Android,7.9,21.6,230.2,169,0.9,8521,5.3,3.8,1640,Gaming,0,10161,Mature High Spender,Upsell premium services
58,Male,Lucknow,Google Pixel,Android,3.6,18.5,92.8,31,2.2,8453,5.7,1.5,1382,Gaming,0,9835,Mature High Spender,Upsell premium services
47,Female,Kolkata,Google Pixel,iOS,6.9,19.8,25.9,89,0.8,8252,3.5,4.5,1279,Work,0,9531,Mature High Spender,Upsell premium services
54,Other,Pune,OnePlus,Android,5.9,29.7,187.1,143,1.4,5578,7.8,1.5,419,Social Media,0,5997,Mature High Spender,Upsell premium services
28,Male,Ahmedabad,Oppo,Android,5.0,7.0,86.1,173,1.9,9344,6.3,4.5,1925,Work,0,11269,Mature High Spender,Upsell premium services
15,Other,Ahmedabad,Xiaomi,iOS,10.3,41.3,137.5,155,1.2,8076,6.3,4.1,1205,Work,0,9281,Mature High Spender,Upsell premium services
34,Male,Hyderabad,Nokia,iOS,9.0,33.5,60.0,44,2.6,7527,5.1,3.6,1107,Social Media,0,8634,Mature High Spender,Upsell premium services
49,Male,Mumbai,Xiaomi,Android,4.6,1.7,53.6,104,1.1,6802,1.8,3.1,954,Gaming,0,7756,Mature High Spender,Upsell premium services
36,Male,Bangalore,Nokia,Android,5.7,14.7,85.9,10,1.7,7644,5.9,3.9,1737,Entertainment,0,9381,Mature High Spender,Upsell premium services
27,Other,Delhi,Nokia,iOS,5.4,17.7,87.3,25,2.5,9860,2.6,0.3,1458,Social Media,0,11318,Mature High Spender,Upsell premium services
19,Other,Ahmedabad,Motorola,iOS,3.9,18.2,244.3,23,0.5,7275,1.9,4.0,1934,Social Media,0,9209,Mature High Spender,Upsell premium services
46,Male,Kolkata,Realme,Android,6.9,10.3,274.8,23,2.6,7782,2.9,2.2,1319,Work,0,9101,Mature High Spender,Upsell premium services
41,Female,Chennai,Oppo,iOS,4.6,10.0,106.1,151,2.3,9481,0.7,0.1,137,Work,0,9618,Mature High Spender,Upsell premium services
57,Female,Bangalore,Xiaomi,iOS,10.2,17.7,20.5,16,1.1,5893,3.0,2.3,430,Social Media,0,6323,Mature High Spender,Upsell premium services
57,Other,Pune,Oppo,Android,5.0,5.9,47.7,21,2.7,6392,2.4,4.3,459,Entertainment,0,6851,Mature High Spender,Upsell premium services
51,Female,Pune,Google Pixel,Android,4.5,46.8,120.2,96,1.0,4303,2.0,1.1,1024,Gaming,0,5327,Mature High Spender,Upsell premium services
49,Other,Ahmedabad,Oppo,iOS,8.3,41.0,78.9,189,0.5,2775,4.8,4.1,890,Entertainment,0,3665,Mature High Spender,Upsell premium services
46,Male,Hyderabad,Oppo,Android,3.1,41.7,57.1,18,1.4,5865,7.4,5.0,984,Gaming,0,6849,Mature High Spender,Upsell premium services
24,Female,Delhi,Apple,Android,7.8,29.3,186.3,126,2.6,9996,5.9,1.2,1098,Entertainment,0,11094,Mature High Spender,Upsell premium services
60,Female,Pune,Google Pixel,Android,3.1,20.1,265.8,80,1.1,8218,2.1,2.2,1645,Work,0,9863,Mature High Spender,Upsell premium services
34,Male,Pune,Vivo,iOS,6.6,10.7,188.1,98,1.7,4653,2.6,4.3,1451,Entertainment,0,6104,Mature High Spender,Upsell premium services
29,Other,Chennai,Realme,iOS,1.4,9.2,46.4,26,2.6,8789,1.9,4.7,1435,Education,0,10224,Mature High Spender,Upsell premium services
22,Male,Bangalore,Google Pixel,Android,1.8,40.4,230.5,163,0.9,9042,7.7,0.7,842,Work,0,9884,Mature High Spender,Upsell premium services
27,Female,Kolkata,Vivo,Android,4.2,42.0,135.3,59,0.9,5434,5.1,4.9,1546,Education,0,6980,Mature High Spender,Upsell premium services
58,Other,Lucknow,Samsung,iOS,4.4,12.4,187.9,100,1.8,9593,6.0,1.3,1965,Work,0,11558,Mature High Spender,Upsell premium services
44,Female,Mumbai,OnePlus,Android,3.2,24.5,49.3,112,2.2,4609,1.0,3.7,1496,Social Media,0,6105,Mature High Spender,Upsell premium services
38,Female,Hyderabad,Apple,iOS,2.6,24.0,258.3,92,2.3,9557,1.5,4.6,159,Work,0,9716,Mature High Spender,Upsell premium services
25,Other,Pune,Xiaomi,iOS,4.2,27.1,131.7,110,1.4,9989,5.6,0.3,565,Gaming,0,10554,Mature High Spender,Upsell premium services
32,Male,Bangalore,Realme,iOS,10.4,32.5,108.8,80,0.8,6321,1.8,0.2,1103,Entertainment,0,7424,Mature High Spender,Upsell premium services
57,Male,Hyderabad,Google Pixel,Android,6.1,4.1,287.5,183,0.8,8942,2.3,4.6,335,Education,0,9277,Mature High Spender,Upsell premium services
40,Female,Chennai,Nokia,Android,10.3,25.0,74.6,140,1.3,8218,2.0,1.7,532,Work,0,8750,Mature High Spender,Upsell premium services
33,Other,Lucknow,Xiaomi,iOS,9.3,2.3,43.2,65,2.5,8267,2.3,2.0,1377,Social Media,0,9644,Mature High Spender,Upsell premium services
22,Male,Ahmedabad,Motorola,iOS,9.1,8.7,141.3,23,0.6,8464,1.1,0.3,408,Work,0,8872,Mature High Spender,Upsell premium services
48,Other,Lucknow,Nokia,Android,10.6,6.6,117.6,180,0.7,3951,7.2,2.1,1984,Education,0,5935,Mature High Spender,Upsell premium services
50,Male,Lucknow,OnePlus,iOS,7.5,46.9,49.8,163,1.7,8512,3.7,3.5,477,Gaming,0,8989,Mature High Spender,Upsell premium services
17,Other,Hyderabad,Oppo,iOS,10.6,30.8,280.9,195,2.2,8788,2.2,2.5,1286,Education,0,10074,Mature High Spender,Upsell premium services
53,Male,Hyderabad,Samsung,iOS,3.8,25.1,190.4,151,3.3,7998,3.1,2.6,1255,Entertainment,0,9253,Mature High Spender,Upsell premium services
32,Female,Hyderabad,Vivo,Android,3.2,15.3,288.3,95,1.3,8449,7.0,3.6,1199,Entertainment,0,9648,Mature High Spender,Upsell premium services
56,Male,Kolkata,Realme,Android,8.7,8.3,165.3,28,2.3,6020,5.5,4.5,1178,Work,0,7198,Mature High Spender,Upsell premium services
52,Male,Jaipur,Google Pixel,iOS,3.1,14.2,264.5,113,2.6,7893,1.3,1.6,177,Education,0,8070,Mature High Spender,Upsell premium services
21,Other,Hyderabad,Vivo,Android,1.5,39.4,298.6,164,0.6,8036,7.9,4.0,371,Gaming,0,8407,Mature High Spender,Upsell premium services
46,Other,Kolkata,Vivo,iOS,10.6,21.7,26.3,158,1.3,6069,2.0,2.1,589,Entertainment,0,6658,Mature High Spender,Upsell premium services
47,Male,Pune,Google Pixel,iOS,6.4,44.3,102.2,136,2.9,9378,1.7,3.3,1388,Work,0,10766,Mature High Spender,Upsell premium services
34,Female,Ahmedabad,Oppo,iOS,4.8,24.8,134.0,24,2.7,9463,5.3,2.9,436,Entertainment,0,9899,Mature High Spender,Upsell premium services
24,Male,Chennai,Apple,iOS,1.0,36.2,145.6,64,1.1,8373,5.9,3.4,1371,Entertainment,0,9744,Mature High Spender,Upsell premium services
35,Female,Pune,Nokia,Android,2.6,30.2,268.6,71,2.0,9171,4.1,4.6,1780,Work,0,10951,Mature High Spender,Upsell premium services
55,Female,Bangalore,Xiaomi,Android,11.6,41.5,31.4,115,3.3,9874,4.2,3.4,195,Social Media,0,10069,Mature High Spender,Upsell premium services
57,Other,Lucknow,Oppo,iOS,1.4,38.1,218.3,153,2.1,7268,1.2,5.0,1667,Entertainment,0,8935,Mature High Spender,Upsell premium services
21,Female,Hyderabad,Realme,Android,10.2,23.7,131.6,174,0.7,6718,1.1,0.9,782,Social Media,0,7500,Mature High Spender,Upsell premium services
58,Other,Bangalore,Nokia,iOS,8.1,23.4,14.3,89,2.1,6048,7.0,1.5,1708,Education,0,7756,Mature High Spender,Upsell premium services
54,Male,Delhi,Apple,iOS,8.3,28.2,94.2,190,2.3,7769,0.9,1.4,514,Entertainment,0,8283,Mature High Spender,Upsell premium services
34,Male,Hyderabad,Xiaomi,Android,9.8,9.6,32.7,175,0.6,9868,3.3,3.7,632,Education,0,10500,Mature High Spender,Upsell premium services
55,Other,Ahmedabad,OnePlus,Android,10.6,31.0,211.8,19,1.1,9522,2.8,1.8,305,Gaming,0,9827,Mature High Spender,Upsell premium services
46,Male,Chennai,Nokia,iOS,6.8,11.5,139.3,143,1.9,4137,7.1,2.3,1779,Entertainment,0,5916,Mature High Spender,Upsell premium services
39,Female,Bangalore,Vivo,Android,4.2,3.0,101.5,198,3.0,6909,2.1,1.4,562,Social Media,0,7471,Mature High Spender,Upsell premium services
56,Other,Kolkata,Apple,iOS,4.7,21.8,295.7,11,1.6,7709,0.6,1.3,378,Social Media,0,8087,Mature High Spender,Upsell premium services
16,Female,Jaipur,Motorola,iOS,6.8,21.1,29.9,134,1.3,8857,7.1,1.3,986,Work,0,9843,Mature High Spender,Upsell premium services
39,Male,Lucknow,Google Pixel,iOS,7.1,26.7,101.2,136,0.8,5407,1.4,0.8,1486,Gaming,0,6893,Mature High Spender,Upsell premium services
47,Female,Delhi,OnePlus,Android,5.6,30.5,117.8,22,1.4,3790,7.0,0.0,853,Social Media,0,4643,Mature High Spender,Upsell premium services
27,Other,Delhi,Apple,iOS,1.3,19.8,216.4,182,1.5,7732,1.1,4.1,1888,Entertainment,0,9620,Mature High Spender,Upsell premium services
38,Male,Kolkata,Oppo,iOS,2.1,16.0,138.4,68,1.2,4659,6.2,4.0,363,Education,0,5022,Mature High Spender,Upsell premium services
43,Female,Jaipur,OnePlus,iOS,8.5,47.3,120.3,47,1.6,7453,3.6,0.5,334,Social Media,0,7787,Mature High Spender,Upsell premium services
58,Other,Bangalore,Google Pixel,iOS,5.6,1.3,250.5,114,0.5,6803,5.6,2.1,1461,Education,0,8264,Mature High Spender,Upsell premium services
56,Female,Delhi,Samsung,Android,9.3,32.4,8.7,83,1.8,8268,2.4,2.0,1157,Work,0,9425,Mature High Spender,Upsell premium services
48,Other,Mumbai,Nokia,Android,3.3,18.6,38.4,78,2.9,5925,1.0,1.7,893,Gaming,0,6818,Mature High Spender,Upsell premium services
59,Female,Delhi,Oppo,iOS,9.4,48.4,70.3,30,1.1,8621,5.3,1.1,1546,Entertainment,0,10167,Mature High Spender,Upsell premium services
38,Female,Kolkata,OnePlus,iOS,10.1,23.5,178.7,94,1.4,3551,5.7,2.3,1686,Gaming,0,5237,Mature High Spender,Upsell premium services
23,Female,Lucknow,Google Pixel,iOS,10.2,4.5,131.6,198,0.6,8383,3.8,0.4,291,Work,0,8674,Mature High Spender,Upsell premium services
35,Male,Bangalore,Apple,Android,7.2,49.0,55.5,41,2.1,8268,5.1,1.3,1941,Education,0,10209,Mature High Spender,Upsell premium services
29,Male,Pune,Apple,Android,9.3,16.6,161.6,136,1.6,5360,4.3,4.6,1990,Work,0,7350,Mature High Spender,Upsell premium services
19,Other,Pune,Xiaomi,Android,11.5,37.3,15.2,39,1.9,8715,5.6,3.5,1956,Social Media,0,10671,Mature High Spender,Upsell premium services
43,Male,Mumbai,Vivo,Android,4.6,38.1,168.3,99,2.9,9948,4.6,4.7,1685,Social Media,0,11633,Mature High Spender,Upsell premium services
55,Other,Ahmedabad,Samsung,Android,11.9,46.9,38.9,134,0.6,3783,1.0,1.2,551,Education,0,4334,Mature High Spender,Upsell premium services
30,Male,Kolkata,Xiaomi,iOS,7.1,16.7,152.3,181,1.6,7504,3.4,3.4,1114,Work,0,8618,Mature High Spender,Upsell premium services
27,Other,Hyderabad,OnePlus,Android,8.5,21.7,60.4,25,1.7,6097,2.9,2.0,1567,Social Media,0,7664,Mature High Spender,Upsell premium services
33,Other,Delhi,Xiaomi,iOS,5.6,19.9,12.9,169,1.6,7229,7.7,2.3,497,Work,0,7726,Mature High Spender,Upsell premium services
52,Other,Bangalore,Google Pixel,iOS,9.7,21.2,157.6,110,3.1,6718,1.4,1.7,777,Work,0,7495,Mature High Spender,Upsell premium services
23,Other,Pune,Samsung,iOS,1.2,21.1,238.3,91,2.9,8614,0.6,2.3,1469,Social Media,0,10083,Mature High Spender,Upsell premium services
56,Female,Pune,Realme,Android,10.7,10.3,123.5,52,0.7,6986,5.5,4.8,696,Social Media,0,7682,Mature High Spender,Upsell premium services
35,Other,Mumbai,Vivo,iOS,10.2,31.8,36.6,29,2.3,5225,2.0,2.3,1923,Gaming,0,7148,Mature High Spender,Upsell premium services
25,Other,Delhi,Oppo,Android,6.7,14.8,195.8,53,1.2,5392,5.8,3.8,1105,Work,0,6497,Mature High Spender,Upsell premium services
55,Other,Delhi,Xiaomi,iOS,3.7,12.9,239.1,38,3.1,9670,3.9,2.1,122,Gaming,0,9792,Mature High Spender,Upsell premium services
57,Male,Jaipur,Google Pixel,Android,3.2,49.4,158.1,196,1.2,4976,8.0,4.1,304,Entertainment,0,5280,Mature High Spender,Upsell premium services
54,Other,Kolkata,Vivo,iOS,5.4,5.0,34.6,70,0.7,9981,4.8,1.4,584,Gaming,0,10565,Mature High Spender,Upsell premium services
39,Female,Chennai,Vivo,iOS,8.3,44.5,182.5,197,2.7,8878,3.6,0.4,1335,Education,0,10213,Mature High Spender,Upsell premium services
45,Female,Mumbai,OnePlus,Android,10.2,9.8,5.1,55,0.7,6666,0.6,2.9,268,Work,0,6934,Mature High Spender,Upsell premium services
56,Other,Delhi,Nokia,Android,7.5,8.5,134.0,189,3.1,8157,6.7,2.8,761,Social Media,0,8918,Mature High Spender,Upsell premium services
31,Male,Bangalore,Xiaomi,iOS,9.3,47.4,123.2,45,1.5,8800,6.2,1.7,706,Social Media,0,9506,Mature High Spender,Upsell premium services
47,Other,Hyderabad,Motorola,iOS,6.1,34.8,265.5,17,2.3,4609,7.8,4.4,1252,Education,0,5861,Mature High Spender,Upsell premium services
31,Female,Mumbai,Vivo,Android,2.1,38.3,14.1,142,2.5,8649,1.0,2.4,1878,Gaming,0,10527,Mature High Spender,Upsell premium services
39,Male,Mumbai,Samsung,Android,9.0,27.2,199.8,199,2.0,5530,5.0,4.4,1442,Work,0,6972,Mature High Spender,Upsell premium services
52,Other,Delhi,Motorola,iOS,7.0,42.9,231.0,190,0.7,7473,7.6,3.3,580,Social Media,0,8053,Mature High Spender,Upsell premium services
45,Female,Hyderabad,Motorola,Android,1.0,22.1,105.4,154,2.8,9351,4.1,0.8,942,Entertainment,0,10293,Mature High Spender,Upsell premium services
47,Male,Pune,Realme,Android,1.6,30.9,299.1,75,0.6,6951,4.2,0.2,1337,Social Media,0,8288,Mature High Spender,Upsell premium services
58,Male,Lucknow,OnePlus,Android,2.4,23.5,67.7,86,1.4,6245,4.5,4.6,110,Gaming,0,6355,Mature High Spender,Upsell premium services
17,Male,Delhi,Xiaomi,Android,3.5,26.1,155.4,38,1.4,7477,2.0,2.1,1073,Work,0,8550,Mature High Spender,Upsell premium services
17,Female,Kolkata,Google Pixel,iOS,1.9,37.8,238.1,71,1.2,7497,6.3,4.3,1492,Work,0,8989,Mature High Spender,Upsell premium services
27,Female,Chennai,Vivo,Android,11.6,7.6,82.5,21,0.5,8795,6.9,1.5,1769,Education,0,10564,Mature High Spender,Upsell premium services
45,Female,Kolkata,Motorola,iOS,9.7,38.1,149.1,64,0.9,3518,6.6,2.9,1671,Education,0,5189,Mature High Spender,Upsell premium services
19,Other,Bangalore,Google Pixel,Android,4.3,27.8,47.9,75,1.2,9062,7.1,1.0,201,Entertainment,0,9263,Mature High Spender,Upsell premium services
40,Male,Kolkata,Samsung,iOS,7.0,4.8,97.9,19,3.0,5949,5.8,0.0,1468,Work,0,7417,Mature High Spender,Upsell premium services
57,Male,Kolkata,Xiaomi,iOS,5.2,29.5,267.1,184,2.6,7492,2.7,2.0,1458,Education,0,8950,Mature High Spender,Upsell premium services
57,Male,Chennai,Apple,Android,5.2,19.2,155.6,40,1.5,7457,7.2,0.1,1768,Work,0,9225,Mature High Spender,Upsell premium services
49,Female,Lucknow,Nokia,Android,5.2,42.7,156.5,88,3.1,6603,4.5,4.2,738,Gaming,0,7341,Mature High Spender,Upsell premium services
32,Male,Jaipur,Motorola,iOS,10.1,15.5,80.2,108,0.8,9501,4.7,0.5,887,Entertainment,0,10388,Mature High Spender,Upsell premium services
43,Other,Mumbai,Xiaomi,iOS,7.8,16.1,97.8,36,2.4,4586,3.8,0.7,1437,Social Media,0,6023,Mature High Spender,Upsell premium services
59,Male,Delhi,Xiaomi,iOS,3.1,43.7,276.1,61,3.2,7132,7.2,4.5,518,Gaming,0,7650,Mature High Spender,Upsell premium services
46,Male,Mumbai,Nokia,iOS,1.6,13.0,112.3,176,1.3,5648,1.8,1.1,726,Entertainment,0,6374,Mature High Spender,Upsell premium services
15,Male,Delhi,Oppo,Android,6.3,33.1,256.4,102,1.1,8135,7.7,4.2,1570,Entertainment,0,9705,Mature High Spender,Upsell premium services
23,Male,Pune,Google Pixel,Android,1.3,24.6,239.3,130,0.8,9622,3.3,0.7,146,Work,0,9768,Mature High Spender,Upsell premium services
28,Female,Hyderabad,Motorola,Android,6.9,32.6,233.8,56,0.6,5675,6.4,2.0,285,Social Media,0,5960,Mature High Spender,Upsell premium services
39,Other,Lucknow,Apple,iOS,2.5,29.2,269.5,15,2.5,7090,7.0,3.9,195,Gaming,0,7285,Mature High Spender,Upsell premium services
38,Male,Delhi,Motorola,iOS,11.7,33.6,135.2,47,0.7,8644,2.6,4.7,104,Social Media,0,8748,Mature High Spender,Upsell premium services
59,Female,Mumbai,Samsung,Android,7.0,40.3,127.9,72,2.2,8986,8.0,3.1,234,Social Media,0,9220,Mature High Spender,Upsell premium services
19,Male,Pune,Motorola,Android,1.7,34.4,179.8,69,1.9,7747,4.3,2.9,1654,Work,0,9401,Mature High Spender,Upsell premium services
43,Female,Delhi,Oppo,iOS,7.6,30.5,292.6,74,0.8,5002,2.2,4.6,1536,Gaming,0,6538,Mature High Spender,Upsell premium services
57,Other,Ahmedabad,Apple,Android,4.3,41.3,211.0,190,0.6,7741,2.8,4.9,494,Education,0,8235,Mature High Spender,Upsell premium services
36,Male,Bangalore,Xiaomi,iOS,12.0,31.7,114.2,149,2.4,4539,2.6,4.9,118,Social Media,0,4657,Mature High Spender,Upsell premium services
15,Female,Jaipur,Nokia,Android,7.3,32.4,192.3,107,2.5,8935,3.0,2.4,1123,Social Media,0,10058,Mature High Spender,Upsell premium services
45,Female,Delhi,Nokia,iOS,1.3,2.6,217.6,32,1.2,6156,7.8,4.6,1926,Social Media,0,8082,Mature High Spender,Upsell premium services
35,Male,Pune,Nokia,iOS,9.8,17.6,81.1,56,3.0,9287,1.9,2.7,136,Social Media,0,9423,Mature High Spender,Upsell premium services
26,Other,Bangalore,Apple,Android,7.4,7.3,42.1,137,1.6,8786,3.7,4.2,976,Work,0,9762,Mature High Spender,Upsell premium services
53,Male,Kolkata,Xiaomi,iOS,1.5,17.6,156.8,157,0.6,7007,6.5,2.3,496,Education,0,7503,Mature High Spender,Upsell premium services
56,Other,Lucknow,Vivo,iOS,7.2,4.8,230.2,133,0.6,4341,1.1,1.4,1010,Work,0,5351,Mature High Spender,Upsell premium services
40,Male,Chennai,Oppo,Android,2.4,41.2,123.8,14,1.5,6274,6.1,1.1,958,Education,0,7232,Mature High Spender,Upsell premium services
19,Female,Lucknow,Xiaomi,Android,3.0,6.3,123.0,140,1.3,6759,5.7,4.8,591,Education,0,7350,Mature High Spender,Upsell premium services
26,Male,Bangalore,Apple,Android,2.7,19.3,155.5,64,1.4,5465,3.4,2.1,900,Gaming,0,6365,Mature High Spender,Upsell premium services
50,Other,Lucknow,Realme,Android,7.7,15.6,79.9,12,1.5,7653,7.5,0.7,1203,Gaming,0,8856,Mature High Spender,Upsell premium services
46,Female,Chennai,Samsung,Android,2.7,42.1,156.5,88,1.5,7641,2.0,4.3,1997,Social Media,0,9638,Mature High Spender,Upsell premium services
47,Female,Ahmedabad,Apple,Android,8.5,14.1,224.9,105,1.2,7859,7.7,0.5,1358,Entertainment,0,9217,Mature High Spender,Upsell premium services
49,Female,Lucknow,Samsung,Android,2.5,47.2,169.1,166,3.1,7748,0.9,1.4,1718,Gaming,0,9466,Mature High Spender,Upsell premium services
33,Male,Kolkata,Nokia,iOS,2.3,11.4,25.5,74,0.8,9833,7.1,3.1,1301,Work,0,11134,Mature High Spender,Upsell premium services
37,Female,Pune,Apple,Android,9.1,23.7,281.7,186,0.8,6018,1.0,4.8,353,Entertainment,0,6371,Mature High Spender,Upsell premium services
40,Other,Bangalore,OnePlus,iOS,8.4,49.4,52.0,90,2.7,8057,7.2,1.6,1620,Gaming,0,9677,Mature High Spender,Upsell premium services
44,Female,Chennai,Samsung,Android,1.4,39.7,30.8,53,2.7,8874,5.9,3.0,782,Gaming,0,9656,Mature High Spender,Upsell premium services
17,Female,Jaipur,Realme,iOS,10.1,16.4,61.9,183,1.0,6559,5.9,4.7,1737,Gaming,0,8296,Mature High Spender,Upsell premium services
22,Male,Delhi,Samsung,Android,4.6,28.6,156.7,90,1.9,8945,4.9,1.1,1857,Social Media,0,10802,Mature High Spender,Upsell premium services
60,Other,Delhi,Vivo,Android,7.4,43.3,158.0,107,1.3,5130,6.1,4.0,421,Social Media,0,5551,Mature High Spender,Upsell premium services
31,Male,Pune,Google Pixel,Android,10.7,44.3,165.7,122,0.7,5576,2.3,2.9,1587,Entertainment,0,7163,Mature High Spender,Upsell premium services
28,Other,Bangalore,Google Pixel,Android,5.1,29.5,84.7,200,0.8,5462,2.6,3.7,1654,Social Media,0,7116,Mature High Spender,Upsell premium services
26,Other,Jaipur,Vivo,Android,2.4,48.8,185.1,174,0.5,6519,0.7,3.4,335,Work,0,6854,Mature High Spender,Upsell premium services
48,Female,Kolkata,Samsung,iOS,1.7,40.1,199.1,178,2.0,9717,2.7,3.3,947,Work,0,10664,Mature High Spender,Upsell premium services
51,Other,Kolkata,Xiaomi,Android,9.9,46.6,61.7,87,2.6,6539,6.3,3.7,1049,Entertainment,0,7588,Mature High Spender,Upsell premium services
36,Female,Hyderabad,Samsung,Android,2.4,19.5,231.7,179,1.1,8467,4.0,3.1,1262,Entertainment,0,9729,Mature High Spender,Upsell premium services
48,Other,Chennai,Samsung,iOS,11.1,10.3,196.8,49,2.9,6808,6.2,0.7,873,Entertainment,0,7681,Mature High Spender,Upsell premium services
44,Female,Jaipur,Oppo,iOS,9.8,11.4,125.7,146,1.4,4789,4.2,3.9,981,Gaming,0,5770,Mature High Spender,Upsell premium services
52,Female,Jaipur,Motorola,Android,8.7,12.7,56.7,73,3.0,6419,3.3,4.2,1445,Gaming,0,7864,Mature High Spender,Upsell premium services
23,Male,Ahmedabad,Oppo,Android,7.7,5.7,156.5,125,2.5,9212,0.7,4.1,898,Work,0,10110,Mature High Spender,Upsell premium services
43,Female,Mumbai,Nokia,iOS,5.3,28.6,17.3,140,0.7,8651,7.0,3.0,1363,Gaming,0,10014,Mature High Spender,Upsell premium services
49,Female,Ahmedabad,Motorola,Android,10.9,41.3,252.6,57,0.8,8751,2.7,1.3,616,Entertainment,0,9367,Mature High Spender,Upsell premium services
19,Female,Jaipur,OnePlus,Android,6.1,2.8,185.9,130,1.4,8055,4.6,2.8,1342,Gaming,0,9397,Mature High Spender,Upsell premium services
46,Male,Delhi,OnePlus,iOS,3.6,18.0,151.1,184,0.6,8688,6.6,4.6,1651,Gaming,0,10339,Mature High Spender,Upsell premium services
51,Male,Hyderabad,Motorola,Android,6.4,1.3,114.8,186,2.2,6814,3.6,1.0,1208,Social Media,0,8022,Mature High Spender,Upsell premium services
21,Male,Chennai,Apple,Android,9.2,32.3,170.7,177,2.0,9453,3.6,3.2,300,Gaming,0,9753,Mature High Spender,Upsell premium services
35,Female,Kolkata,Google Pixel,Android,4.3,19.3,212.0,37,3.0,9996,7.2,0.1,804,Education,0,10800,Mature High Spender,Upsell premium services
59,Other,Kolkata,Realme,Android,9.6,12.9,105.4,131,2.1,9101,1.5,3.5,1722,Social Media,0,10823,Mature High Spender,Upsell premium services
39,Other,Jaipur,Google Pixel,iOS,3.3,23.0,221.7,116,2.0,5005,7.9,1.5,254,Social Media,0,5259,Mature High Spender,Upsell premium services
36,Other,Hyderabad,OnePlus,Android,8.7,10.9,115.6,165,2.4,5191,3.6,1.4,1390,Gaming,0,6581,Mature High Spender,Upsell premium services
41,Female,Kolkata,OnePlus,iOS,2.9,32.8,289.3,92,3.3,9728,5.0,3.4,496,Education,0,10224,Mature High Spender,Upsell premium services
60,Female,Bangalore,Samsung,Android,6.5,22.3,248.2,138,1.7,7716,6.5,3.7,1871,Entertainment,0,9587,Mature High Spender,Upsell premium services
43,Female,Hyderabad,Google Pixel,Android,10.1,5.7,280.2,48,2.0,9510,5.8,0.3,590,Social Media,0,10100,Mature High Spender,Upsell premium services
55,Male,Mumbai,OnePlus,iOS,10.3,43.4,37.9,179,0.8,6427,0.8,0.9,1546,Social Media,0,7973,Mature High Spender,Upsell premium services
33,Female,Pune,Vivo,iOS,11.5,1.7,191.1,106,2.7,6214,0.6,4.9,216,Social Media,0,6430,Mature High Spender,Upsell premium services
45,Male,Ahmedabad,Google Pixel,Android,4.6,17.1,239.0,176,0.9,2947,6.1,0.4,1773,Social Media,0,4720,Mature High Spender,Upsell premium services
39,Female,Pune,Xiaomi,Android,3.4,18.3,231.9,55,2.2,6155,7.0,2.5,1818,Gaming,0,7973,Mature High Spender,Upsell premium services
55,Other,Delhi,Xiaomi,iOS,4.1,20.2,110.7,67,0.7,5443,4.1,0.2,540,Social Media,0,5983,Mature High Spender,Upsell premium services
55,Female,Lucknow,Xiaomi,Android,11.9,33.7,100.3,132,0.9,6322,5.2,3.6,1770,Social Media,0,8092,Mature High Spender,Upsell premium services
49,Female,Jaipur,Nokia,iOS,11.5,3.9,270.9,77,1.6,9579,4.4,2.5,902,Gaming,0,10481,Mature High Spender,Upsell premium services
60,Male,Lucknow,Samsung,iOS,2.8,35.4,208.4,171,2.3,7468,5.9,3.9,1853,Work,0,9321,Mature High Spender,Upsell premium services
57,Other,Kolkata,OnePlus,Android,2.2,48.0,80.6,194,1.9,7875,2.8,2.6,1270,Entertainment,0,9145,Mature High Spender,Upsell premium services
40,Other,Delhi,Xiaomi,Android,10.7,12.3,76.8,149,0.7,3758,2.0,0.1,1262,Gaming,0,5020,Mature High Spender,Upsell premium services
15,Male,Bangalore,OnePlus,Android,6.2,45.0,56.4,119,1.4,8387,6.2,3.0,1842,Education,0,10229,Mature High Spender,Upsell premium services
58,Male,Ahmedabad,Apple,iOS,5.5,19.3,107.7,168,0.6,6734,7.3,2.8,1118,Social Media,0,7852,Mature High Spender,Upsell premium services
37,Male,Pune,Samsung,Android,10.9,33.0,164.1,167,1.7,6589,5.5,4.7,1430,Work,0,8019,Mature High Spender,Upsell premium services
42,Female,Hyderabad,Motorola,iOS,10.3,5.6,204.3,111,0.7,4554,1.4,3.2,1257,Gaming,0,5811,Mature High Spender,Upsell premium services
53,Other,Hyderabad,Realme,Android,2.0,44.3,138.7,156,1.3,8848,0.6,0.5,510,Education,0,9358,Mature High Spender,Upsell premium services
43,Female,Kolkata,Samsung,iOS,10.2,5.3,136.1,87,1.2,9113,2.4,3.1,1685,Education,0,10798,Mature High Spender,Upsell premium services
34,Male,Ahmedabad,Apple,iOS,3.0,20.3,22.4,129,1.7,7010,2.6,0.9,1022,Social Media,0,8032,Mature High Spender,Upsell premium services
52,Other,Lucknow,Samsung,Android,4.3,6.5,231.8,169,0.6,9782,4.5,0.1,339,Gaming,0,10121,Mature High Spender,Upsell premium services
53,Male,Pune,OnePlus,Android,10.0,3.1,12.0,74,1.8,7335,2.5,2.8,615,Work,0,7950,Mature High Spender,Upsell premium services
54,Male,Pune,Motorola,iOS,4.3,30.9,264.0,73,2.8,8634,4.6,2.9,846,Work,0,9480,Mature High Spender,Upsell premium services
23,Other,Delhi,Google Pixel,iOS,6.0,20.1,295.2,155,1.0,6833,0.6,1.0,839,Education,0,7672,Mature High Spender,Upsell premium services
41,Other,Bangalore,Realme,Android,9.4,47.7,239.5,108,2.1,6624,6.2,3.5,780,Social Media,0,7404,Mature High Spender,Upsell premium services
60,Female,Bangalore,Google Pixel,iOS,10.5,36.0,261.9,10,1.4,8756,3.9,0.8,780,Social Media,0,9536,Mature High Spender,Upsell premium services
39,Female,Jaipur,OnePlus,Android,5.2,17.4,144.9,184,1.7,4835,0.6,0.4,966,Social Media,0,5801,Mature High Spender,Upsell premium services
39,Male,Pune,Vivo,iOS,5.9,36.1,96.5,101,1.2,9392,1.1,1.7,1763,Entertainment,0,11155,Mature High Spender,Upsell premium services
22,Female,Pune,Realme,Android,7.5,40.6,147.5,139,1.8,9414,0.5,1.0,289,Entertainment,0,9703,Mature High Spender,Upsell premium services
36,Other,Kolkata,Motorola,iOS,2.1,6.5,288.6,168,1.2,7326,7.6,0.8,464,Work,0,7790,Mature High Spender,Upsell premium services
44,Male,Jaipur,Vivo,iOS,9.8,6.1,127.8,188,2.9,5300,1.6,2.1,1079,Education,0,6379,Mature High Spender,Upsell premium services
37,Other,Hyderabad,Oppo,iOS,10.0,35.9,159.1,172,1.0,4929,8.0,2.1,592,Entertainment,0,5521,Mature High Spender,Upsell premium services
23,Female,Bangalore,Google Pixel,iOS,6.5,48.6,207.8,47,1.4,9666,0.8,4.1,1576,Work,0,11242,Mature High Spender,Upsell premium services
55,Other,Delhi,Realme,Android,10.8,28.4,19.2,183,2.6,9111,3.6,3.4,488,Education,0,9599,Mature High Spender,Upsell premium services
49,Male,Pune,Google Pixel,Android,9.1,29.8,251.0,33,0.8,2952,7.0,3.0,486,Entertainment,0,3438,Mature High Spender,Upsell premium services
20,Male,Delhi,OnePlus,Android,4.5,40.0,23.2,159,1.4,8837,1.2,2.7,1766,Work,0,10603,Mature High Spender,Upsell premium services
41,Female,Jaipur,Apple,iOS,2.6,10.4,76.6,127,1.7,7880,5.6,0.8,445,Work,0,8325,Mature High Spender,Upsell premium services
55,Other,Jaipur,Oppo,iOS,4.7,18.2,178.0,89,3.6,9597,1.3,4.9,1403,Social Media,0,11000,Mature High Spender,Upsell premium services
59,Other,Kolkata,Xiaomi,iOS,7.0,7.8,211.3,107,1.6,8824,6.8,2.1,1501,Education,0,10325,Mature High Spender,Upsell premium services
38,Female,Chennai,Apple,iOS,1.3,37.5,179.3,19,1.1,9658,2.4,2.7,1256,Work,0,10914,Mature High Spender,Upsell premium services
41,Other,Hyderabad,Vivo,Android,1.4,33.6,267.1,146,2.4,4776,3.0,4.8,152,Gaming,0,4928,Mature High Spender,Upsell premium services
25,Other,Lucknow,Google Pixel,iOS,4.1,38.8,284.2,109,1.5,5951,3.2,4.4,1499,Work,0,7450,Mature High Spender,Upsell premium services
40,Male,Bangalore,Realme,Android,6.8,1.6,294.5,154,1.8,3908,3.2,0.4,1335,Work,0,5243,Mature High Spender,Upsell premium services
50,Male,Lucknow,Google Pixel,Android,1.6,23.2,98.4,124,3.1,7912,3.4,4.8,458,Gaming,0,8370,Mature High Spender,Upsell premium services
31,Other,Lucknow,Samsung,Android,5.5,17.1,285.9,192,0.9,9269,2.2,0.2,1788,Social Media,0,11057,Mature High Spender,Upsell premium services
59,Other,Lucknow,Nokia,Android,7.9,47.0,103.7,71,1.9,7594,2.2,0.2,1901,Education,0,9495,Mature High Spender,Upsell premium services
21,Female,Mumbai,Nokia,Android,2.9,10.2,197.2,64,1.5,8619,0.8,2.0,1793,Gaming,0,10412,Mature High Spender,Upsell premium services
28,Other,Chennai,Oppo,Android,11.3,24.7,17.9,56,2.2,6871,7.4,4.1,1569,Education,0,8440,Mature High Spender,Upsell premium services
37,Female,Delhi,Xiaomi,iOS,9.7,22.4,146.1,70,2.7,8253,6.0,1.3,1256,Education,0,9509,Mature High Spender,Upsell premium services
43,Male,Bangalore,Motorola,iOS,5.2,3.3,195.3,102,0.7,5395,5.0,0.7,1961,Social Media,0,7356,Mature High Spender,Upsell premium services
21,Male,Kolkata,Apple,iOS,6.6,19.7,241.1,115,0.9,6085,6.9,4.9,360,Gaming,0,6445,Mature High Spender,Upsell premium services
35,Female,Chennai,Nokia,Android,7.6,46.6,232.9,119,2.8,6003,5.2,3.7,1994,Entertainment,0,7997,Mature High Spender,Upsell premium services
25,Other,Ahmedabad,OnePlus,iOS,2.7,29.8,195.3,180,0.9,9226,5.5,0.1,329,Gaming,0,9555,Mature High Spender,Upsell premium services
44,Male,Kolkata,Oppo,Android,11.2,41.9,32.3,40,2.8,7013,6.7,2.5,708,Education,0,7721,Mature High Spender,Upsell premium services
54,Male,Chennai,Oppo,Android,11.8,11.3,237.3,109,2.6,7396,4.3,2.1,206,Gaming,0,7602,Mature High Spender,Upsell premium services
37,Other,Lucknow,Nokia,Android,2.1,27.4,259.1,188,1.7,7650,5.1,4.4,778,Work,0,8428,Mature High Spender,Upsell premium services
28,Male,Hyderabad,Motorola,iOS,11.3,37.7,208.7,17,1.2,5550,7.7,3.1,1765,Entertainment,0,7315,Mature High Spender,Upsell premium services
40,Other,Ahmedabad,OnePlus,iOS,4.2,46.9,26.0,46,1.5,4150,0.9,2.9,1502,Education,0,5652,Mature High Spender,Upsell premium services
60,Other,Chennai,Vivo,Android,8.3,26.6,134.3,14,1.6,7924,6.7,3.4,212,Gaming,0,8136,Mature High Spender,Upsell premium services
58,Other,Pune,Samsung,iOS,1.4,22.2,108.4,91,3.5,9380,0.5,1.9,1178,Gaming,0,10558,Mature High Spender,Upsell premium services
58,Male,Mumbai,Motorola,iOS,7.7,14.1,35.8,182,2.0,8113,6.0,3.4,115,Work,0,8228,Mature High Spender,Upsell premium services
37,Other,Delhi,Xiaomi,iOS,10.9,35.0,79.6,191,2.3,8808,5.4,0.6,1191,Education,0,9999,Mature High Spender,Upsell premium services
48,Female,Delhi,Apple,iOS,1.2,31.6,254.6,88,1.8,9846,7.3,0.1,685,Gaming,0,10531,Mature High Spender,Upsell premium services
56,Male,Ahmedabad,Oppo,Android,4.2,38.5,105.9,186,2.1,7311,2.4,0.1,1480,Work,0,8791,Mature High Spender,Upsell premium services
49,Female,Pune,Motorola,iOS,8.6,10.1,275.2,185,2.7,9035,6.0,3.1,1279,Gaming,0,10314,Mature High Spender,Upsell premium services
50,Other,Ahmedabad,Xiaomi,Android,11.5,45.1,60.7,166,1.4,6038,5.6,3.3,573,Work,0,6611,Mature High Spender,Upsell premium services
51,Female,Bangalore,Oppo,Android,7.4,33.7,224.3,43,2.9,6017,3.8,4.1,105,Gaming,0,6122,Mature High Spender,Upsell premium services
28,Other,Delhi,Nokia,Android,6.1,15.8,207.5,100,2.4,8651,2.1,1.5,505,Entertainment,0,9156,Mature High Spender,Upsell premium services
24,Female,Jaipur,Realme,Android,3.0,19.0,254.9,103,2.1,9520,4.9,0.8,316,Work,0,9836,Mature High Spender,Upsell premium services
21,Male,Ahmedabad,Realme,Android,1.7,8.5,135.4,184,0.6,7937,4.7,3.9,1929,Work,0,9866,Mature High Spender,Upsell premium services
46,Female,Kolkata,Motorola,Android,7.8,28.9,249.9,138,1.2,5664,5.7,4.4,337,Work,0,6001,Mature High Spender,Upsell premium services
47,Male,Hyderabad,Xiaomi,Android,5.5,31.2,274.2,173,2.4,5672,2.4,2.3,1252,Work,0,6924,Mature High Spender,Upsell premium services
38,Other,Lucknow,Xiaomi,iOS,1.1,34.2,231.0,180,2.2,4447,3.3,1.0,1415,Work,0,5862,Mature High Spender,Upsell premium services
48,Male,Pune,Xiaomi,iOS,7.5,29.4,173.6,81,2.9,6833,7.9,0.1,570,Work,0,7403,Mature High Spender,Upsell premium services
60,Female,Kolkata,Vivo,Android,7.9,13.6,240.5,137,1.0,4742,3.7,3.1,1042,Work,0,5784,Mature High Spender,Upsell premium services
42,Male,Ahmedabad,Nokia,Android,10.4,32.1,288.7,119,1.6,6581,4.1,0.5,1802,Entertainment,0,8383,Mature High Spender,Upsell premium services
30,Male,Hyderabad,Oppo,Android,11.1,41.5,213.5,143,0.5,5732,6.6,3.4,1827,Education,0,7559,Mature High Spender,Upsell premium services
49,Other,Ahmedabad,Google Pixel,iOS,4.7,19.8,108.6,83,1.5,4011,7.7,5.0,394,Education,0,4405,Mature High Spender,Upsell premium services
36,Female,Hyderabad,Realme,Android,2.7,23.8,154.2,135,1.9,4962,7.3,1.6,1328,Education,0,6290,Mature High Spender,Upsell premium services
24,Female,Chennai,Google Pixel,iOS,10.0,32.8,150.2,64,1.0,5764,7.7,4.8,1011,Education,0,6775,Mature High Spender,Upsell premium services
36,Male,Delhi,Oppo,Android,10.6,38.5,180.7,130,1.0,9209,7.2,2.5,1840,Gaming,0,11049,Mature High Spender,Upsell premium services
24,Female,Kolkata,Apple,iOS,7.7,28.8,244.1,199,1.1,6278,5.8,2.3,888,Social Media,0,7166,Mature High Spender,Upsell premium services
36,Female,Bangalore,Oppo,Android,3.6,1.8,8.7,116,2.5,5863,2.8,1.4,1810,Education,0,7673,Mature High Spender,Upsell premium services
55,Female,Hyderabad,Vivo,iOS,8.8,14.1,32.0,22,0.8,8046,5.2,0.9,345,Entertainment,0,8391,Mature High Spender,Upsell premium services
20,Female,Kolkata,Motorola,iOS,6.6,39.5,279.2,118,1.3,6787,7.0,0.8,1953,Entertainment,0,8740,Mature High Spender,Upsell premium services
39,Male,Lucknow,Xiaomi,Android,5.7,42.5,279.8,121,0.7,8985,4.4,3.4,1944,Gaming,0,10929,Mature High Spender,Upsell premium services
27,Other,Pune,Motorola,Android,10.4,39.5,100.4,115,1.8,6978,3.9,1.4,1063,Education,0,8041,Mature High Spender,Upsell premium services
58,Other,Ahmedabad,Nokia,Android,4.2,23.0,243.0,53,2.3,8739,7.5,1.0,1747,Gaming,0,10486,Mature High Spender,Upsell premium services
58,Male,Chennai,Oppo,Android,6.3,36.3,148.2,192,1.8,6454,5.1,2.9,1974,Entertainment,0,8428,Mature High Spender,Upsell premium services
33,Female,Pune,OnePlus,iOS,9.2,23.2,178.2,112,2.3,5371,4.9,3.7,1570,Work,0,6941,Mature High Spender,Upsell premium services
51,Female,Bangalore,Xiaomi,iOS,9.3,29.2,232.0,132,1.8,7247,7.6,3.0,1286,Gaming,0,8533,Mature High Spender,Upsell premium services
37,Female,Mumbai,Google Pixel,iOS,4.1,17.6,118.0,106,2.4,8727,6.3,0.2,835,Work,0,9562,Mature High Spender,Upsell premium services
54,Other,Jaipur,Samsung,Android,2.8,37.7,142.0,185,0.9,4148,1.0,5.0,1474,Entertainment,0,5622,Mature High Spender,Upsell premium services
33,Female,Mumbai,Nokia,Android,8.5,10.4,256.4,161,3.2,6036,1.5,4.9,622,Gaming,0,6658,Mature High Spender,Upsell premium services
27,Other,Kolkata,Samsung,Android,1.3,39.4,293.0,76,2.6,9709,7.3,3.6,588,Entertainment,0,10297,Mature High Spender,Upsell premium services
45,Male,Chennai,Realme,iOS,7.5,17.8,196.2,107,3.1,7567,2.6,4.7,532,Gaming,0,8099,Mature High Spender,Upsell premium services
49,Male,Jaipur,Vivo,Android,4.7,24.1,277.5,63,0.8,2988,1.3,4.2,1483,Education,0,4471,Mature High Spender,Upsell premium services
52,Male,Jaipur,Google Pixel,iOS,9.1,5.3,168.1,132,1.9,6620,4.5,0.5,1542,Work,0,8162,Mature High Spender,Upsell premium services
30,Male,Chennai,Apple,Android,3.9,8.6,34.9,123,2.4,9383,5.9,1.0,1226,Education,0,10609,Mature High Spender,Upsell premium services
45,Female,Pune,Samsung,Android,10.6,11.6,39.7,129,2.0,9439,3.0,0.2,458,Work,0,9897,Mature High Spender,Upsell premium services
20,Male,Hyderabad,Samsung,iOS,7.9,45.0,134.8,61,2.2,9468,6.2,3.5,1312,Gaming,0,10780,Mature High Spender,Upsell premium services
42,Female,Ahmedabad,Xiaomi,iOS,6.5,25.0,141.2,64,2.0,4451,6.3,3.8,1760,Social Media,0,6211,Mature High Spender,Upsell premium services
36,Other,Mumbai,OnePlus,iOS,11.5,28.5,187.8,147,1.5,6159,1.3,0.3,1692,Gaming,0,7851,Mature High Spender,Upsell premium services
33,Other,Bangalore,Google Pixel,iOS,9.2,27.9,31.8,128,2.1,7970,5.0,3.0,886,Social Media,0,8856,Mature High Spender,Upsell premium services
37,Male,Pune,Apple,Android,3.4,30.8,23.2,165,2.2,4924,2.5,4.9,1778,Entertainment,0,6702,Mature High Spender,Upsell premium services
45,Female,Hyderabad,Apple,iOS,9.1,20.7,260.7,86,2.5,8072,4.3,4.3,152,Education,0,8224,Mature High Spender,Upsell premium services
34,Female,Jaipur,Motorola,Android,1.1,3.9,260.6,55,1.1,8887,3.9,1.4,138,Work,0,9025,Mature High Spender,Upsell premium services
60,Other,Jaipur,Motorola,iOS,5.3,18.6,149.6,19,3.3,7601,6.5,2.2,873,Entertainment,0,8474,Mature High Spender,Upsell premium services
41,Male,Mumbai,Realme,Android,4.7,20.8,199.9,42,0.9,9126,2.0,2.0,709,Education,0,9835,Mature High Spender,Upsell premium services
45,Female,Jaipur,Motorola,iOS,8.8,20.5,232.8,43,0.8,4355,7.5,0.1,1247,Entertainment,0,5602,Mature High Spender,Upsell premium services
55,Female,Jaipur,Apple,Android,7.7,49.8,153.9,150,2.4,9230,3.3,4.0,448,Entertainment,0,9678,Mature High Spender,Upsell premium services
41,Female,Pune,Oppo,iOS,6.5,15.1,268.4,53,2.1,6434,4.7,4.9,1310,Entertainment,0,7744,Mature High Spender,Upsell premium services
28,Other,Lucknow,Realme,iOS,8.0,46.6,71.3,100,1.8,7798,7.2,3.1,1945,Gaming,0,9743,Mature High Spender,Upsell premium services
56,Female,Lucknow,Apple,Android,5.0,22.9,23.2,36,3.2,7300,4.7,2.1,810,Entertainment,0,8110,Mature High Spender,Upsell premium services
45,Male,Pune,Oppo,Android,8.1,31.1,115.0,130,2.6,6590,4.2,0.8,1034,Gaming,0,7624,Mature High Spender,Upsell premium services
23,Male,Jaipur,Vivo,Android,2.6,23.1,186.5,181,1.5,7052,0.8,0.5,199,Work,0,7251,Mature High Spender,Upsell premium services
29,Other,Chennai,Motorola,Android,3.1,18.3,192.1,184,1.4,8444,1.8,1.3,1840,Work,0,10284,Mature High Spender,Upsell premium services
29,Female,Chennai,Samsung,iOS,6.7,36.9,181.5,45,1.1,5896,3.6,4.5,697,Education,0,6593,Mature High Spender,Upsell premium services
49,Male,Delhi,Vivo,Android,11.3,34.7,147.9,132,2.6,6651,6.7,2.2,291,Social Media,0,6942,Mature High Spender,Upsell premium services
36,Other,Ahmedabad,Nokia,iOS,10.3,38.5,269.2,67,1.3,3975,2.1,2.6,1094,Gaming,0,5069,Mature High Spender,Upsell premium services
52,Other,Ahmedabad,Apple,iOS,5.5,37.0,7.8,126,1.2,6371,6.5,4.5,1377,Social Media,0,7748,Mature High Spender,Upsell premium services
47,Male,Lucknow,Samsung,Android,5.4,25.6,46.5,146,1.0,3787,4.4,2.8,1663,Entertainment,0,5450,Mature High Spender,Upsell premium services
19,Other,Jaipur,Nokia,Android,8.2,49.0,73.3,99,1.7,7846,7.5,0.7,510,Gaming,0,8356,Mature High Spender,Upsell premium services
53,Female,Ahmedabad,Google Pixel,Android,5.9,25.9,26.3,80,2.8,7158,3.2,4.9,796,Education,0,7954,Mature High Spender,Upsell premium services
42,Male,Lucknow,Oppo,iOS,6.0,1.6,207.6,91,3.3,5697,1.6,2.2,547,Education,0,6244,Mature High Spender,Upsell premium services
59,Male,Ahmedabad,Vivo,iOS,7.5,19.2,79.4,80,1.5,8316,5.7,3.2,1275,Entertainment,0,9591,Mature High Spender,Upsell premium services
39,Female,Delhi,Vivo,Android,7.5,14.3,151.0,27,2.3,8147,1.2,3.7,508,Entertainment,0,8655,Mature High Spender,Upsell premium services
27,Male,Hyderabad,Nokia,iOS,6.0,12.7,141.4,128,1.4,7535,6.2,3.1,1597,Entertainment,0,9132,Mature High Spender,Upsell premium services
43,Male,Jaipur,Motorola,iOS,4.4,12.6,151.1,119,1.7,9741,0.8,4.6,1469,Gaming,0,11210,Mature High Spender,Upsell premium services
29,Other,Mumbai,Motorola,iOS,8.2,22.0,244.5,14,1.8,9063,3.7,4.6,287,Social Media,0,9350,Mature High Spender,Upsell premium services
32,Other,Hyderabad,Vivo,Android,6.4,3.2,11.2,146,1.9,5108,3.3,2.0,274,Education,0,5382,Mature High Spender,Upsell premium services
24,Female,Mumbai,Apple,Android,11.8,35.0,93.2,117,1.6,8961,6.7,1.5,1233,Social Media,0,10194,Mature High Spender,Upsell premium services
31,Other,Lucknow,Nokia,Android,5.9,4.3,23.4,15,0.6,7621,2.2,0.3,119,Work,0,7740,Mature High Spender,Upsell premium services
48,Male,Lucknow,Realme,Android,8.9,20.7,233.8,61,2.3,9946,5.9,0.5,684,Education,0,10630,Mature High Spender,Upsell premium services
31,Female,Bangalore,Nokia,Android,10.0,48.2,34.2,167,1.5,6572,0.7,2.1,124,Gaming,0,6696,Mature High Spender,Upsell premium services
48,Female,Chennai,Google Pixel,iOS,1.4,32.6,239.2,27,1.5,6005,1.0,1.3,398,Gaming,0,6403,Mature High Spender,Upsell premium services
56,Male,Delhi,Nokia,iOS,8.0,32.4,84.7,181,1.0,9266,2.3,1.4,565,Work,0,9831,Mature High Spender,Upsell premium services
54,Male,Lucknow,Vivo,iOS,11.3,5.6,191.7,164,3.6,8685,2.6,1.7,1574,Social Media,0,10259,Mature High Spender,Upsell premium services
43,Female,Delhi,Motorola,Android,9.1,17.1,186.8,49,2.3,9912,4.5,3.7,314,Work,0,10226,Mature High Spender,Upsell premium services
58,Other,Jaipur,OnePlus,iOS,11.8,33.4,31.7,34,1.8,8554,5.0,1.4,1640,Entertainment,0,10194,Mature High Spender,Upsell premium services
36,Male,Ahmedabad,Realme,Android,7.8,48.5,190.8,200,3.2,6706,3.0,1.9,297,Education,0,7003,Mature High Spender,Upsell premium services
45,Male,Pune,Google Pixel,Android,10.3,12.6,19.0,126,1.0,3325,6.2,1.3,1054,Entertainment,0,4379,Mature High Spender,Upsell premium services
33,Other,Chennai,Nokia,iOS,12.0,40.3,91.8,19,1.9,4863,7.7,2.3,1087,Work,0,5950,Mature High Spender,Upsell premium services
58,Other,Jaipur,Motorola,iOS,3.8,30.7,181.4,62,0.6,4410,1.3,2.0,945,Education,0,5355,Mature High Spender,Upsell premium services
39,Other,Bangalore,Samsung,iOS,6.6,31.2,53.6,105,2.7,5758,2.4,1.1,1899,Work,0,7657,Mature High Spender,Upsell premium services
33,Female,Jaipur,Samsung,iOS,7.7,17.7,272.2,103,1.1,4442,5.8,2.6,1173,Work,0,5615,Mature High Spender,Upsell premium services
32,Other,Bangalore,Motorola,Android,10.7,42.4,230.7,143,1.4,7700,3.3,2.4,1044,Gaming,0,8744,Mature High Spender,Upsell premium services
16,Other,Mumbai,Apple,iOS,10.5,37.4,290.7,49,0.5,6906,7.1,2.9,1305,Education,0,8211,Mature High Spender,Upsell premium services
30,Other,Mumbai,OnePlus,iOS,2.8,3.8,191.5,39,0.6,8197,7.8,2.5,1295,Social Media,0,9492,Mature High Spender,Upsell premium services
57,Male,Delhi,OnePlus,Android,2.9,13.3,190.0,104,3.6,9469,3.2,0.3,1125,Gaming,0,10594,Mature High Spender,Upsell premium services
55,Male,Lucknow,Nokia,iOS,10.0,12.5,138.1,143,3.1,6937,2.2,3.6,1087,Entertainment,0,8024,Mature High Spender,Upsell premium services
30,Female,Mumbai,Google Pixel,iOS,1.3,4.8,153.4,133,1.6,5250,5.8,3.1,1302,Education,0,6552,Mature High Spender,Upsell premium services
30,Male,Bangalore,OnePlus,iOS,11.0,6.0,27.1,84,1.7,6871,7.0,2.8,1058,Social Media,0,7929,Mature High Spender,Upsell premium services
41,Other,Hyderabad,Samsung,iOS,7.4,48.4,255.4,106,1.6,9250,3.1,4.5,534,Work,0,9784,Mature High Spender,Upsell premium services
27,Female,Chennai,Realme,iOS,4.6,32.3,162.2,46,0.9,6049,1.6,2.1,1688,Work,0,7737,Mature High Spender,Upsell premium services
36,Male,Ahmedabad,Samsung,iOS,7.3,48.5,290.5,41,1.3,6490,2.2,2.7,961,Social Media,0,7451,Mature High Spender,Upsell premium services
46,Female,Mumbai,Xiaomi,Android,9.8,48.8,31.7,174,2.9,8543,3.3,1.7,128,Work,0,8671,Mature High Spender,Upsell premium services
45,Female,Chennai,Xiaomi,iOS,3.0,42.7,280.6,135,1.0,3275,4.9,2.3,1298,Education,0,4573,Mature High Spender,Upsell premium services
56,Male,Bangalore,Samsung,iOS,7.5,36.3,206.1,164,2.4,6865,2.1,2.6,1536,Social Media,0,8401,Mature High Spender,Upsell premium services
27,Female,Ahmedabad,Nokia,Android,6.2,38.4,31.7,49,1.4,7200,1.1,3.7,1047,Education,0,8247,Mature High Spender,Upsell premium services
55,Female,Ahmedabad,Samsung,Android,1.1,10.5,140.0,98,3.2,9955,5.8,4.0,990,Gaming,0,10945,Mature High Spender,Upsell premium services
54,Female,Mumbai,Nokia,iOS,11.2,20.9,103.5,191,1.7,9517,3.0,2.4,1863,Work,0,11380,Mature High Spender,Upsell premium services
17,Other,Lucknow,OnePlus,iOS,6.7,25.6,181.5,46,2.3,8362,7.6,3.7,246,Work,0,8608,Mature High Spender,Upsell premium services
48,Female,Jaipur,Vivo,iOS,4.7,20.9,186.2,86,2.3,9827,7.0,0.6,1984,Social Media,0,11811,Mature High Spender,Upsell premium services
40,Male,Lucknow,Realme,Android,2.5,30.5,133.0,173,2.3,6381,6.9,1.7,788,Entertainment,0,7169,Mature High Spender,Upsell premium services
54,Male,Lucknow,Motorola,iOS,4.9,7.0,188.6,18,0.5,9915,6.0,4.4,227,Work,0,10142,Mature High Spender,Upsell premium services
44,Female,Delhi,Realme,iOS,7.6,14.4,237.9,15,2.2,7886,5.1,1.8,542,Social Media,0,8428,Mature High Spender,Upsell premium services
33,Male,Ahmedabad,OnePlus,Android,2.7,23.8,213.9,96,1.3,6014,6.0,2.6,1423,Entertainment,0,7437,Mature High Spender,Upsell premium services
33,Male,Delhi,Apple,Android,5.1,28.7,53.1,13,2.2,6767,5.4,2.0,1510,Entertainment,0,8277,Mature High Spender,Upsell premium services
16,Other,Mumbai,Samsung,iOS,3.7,49.1,89.1,191,2.2,9263,0.6,4.3,1012,Entertainment,0,10275,Mature High Spender,Upsell premium services
42,Female,Mumbai,Realme,Android,2.3,32.5,74.7,136,3.1,9217,1.7,3.6,260,Entertainment,0,9477,Mature High Spender,Upsell premium services
27,Female,Pune,Nokia,iOS,11.1,3.1,139.3,179,1.3,8697,3.5,1.3,1412,Social Media,0,10109,Mature High Spender,Upsell premium services
45,Male,Chennai,Oppo,iOS,4.8,9.8,146.0,172,1.0,4620,2.5,3.9,734,Gaming,0,5354,Mature High Spender,Upsell premium services
52,Female,Kolkata,Motorola,iOS,1.2,27.3,174.9,113,2.8,9525,4.8,4.0,1780,Gaming,0,11305,Mature High Spender,Upsell premium services
18,Female,Jaipur,Xiaomi,iOS,7.0,25.8,53.8,131,0.9,7760,3.1,2.7,1941,Gaming,0,9701,Mature High Spender,Upsell premium services
46,Female,Bangalore,Samsung,iOS,4.9,21.3,271.3,135,1.1,5855,0.8,3.8,567,Education,0,6422,Mature High Spender,Upsell premium services
50,Other,Pune,Google Pixel,Android,1.5,27.4,23.7,20,3.1,7437,4.5,4.3,1464,Work,0,8901,Mature High Spender,Upsell premium services
38,Other,Jaipur,Realme,iOS,3.7,31.1,53.5,27,2.0,4522,7.3,1.0,153,Gaming,0,4675,Mature High Spender,Upsell premium services
59,Female,Bangalore,Motorola,iOS,7.3,31.9,48.5,189,2.3,7288,1.3,1.1,1316,Entertainment,0,8604,Mature High Spender,Upsell premium services
28,Male,Hyderabad,Xiaomi,iOS,8.9,9.9,222.1,37,0.5,8064,6.1,4.8,1997,Gaming,0,10061,Mature High Spender,Upsell premium services
33,Other,Chennai,Oppo,Android,2.9,3.5,198.8,77,2.9,8631,4.8,1.6,518,Social Media,0,9149,Mature High Spender,Upsell premium services
45,Other,Pune,Apple,Android,7.8,26.2,299.7,127,1.4,5406,0.6,3.4,580,Gaming,0,5986,Mature High Spender,Upsell premium services
39,Other,Kolkata,Nokia,iOS,1.1,41.5,284.4,124,0.6,9267,2.1,3.9,1405,Work,0,10672,Mature High Spender,Upsell premium services
52,Female,Hyderabad,Oppo,iOS,10.6,37.1,118.8,35,1.5,6973,5.6,2.7,591,Social Media,0,7564,Mature High Spender,Upsell premium services
37,Male,Kolkata,Oppo,iOS,8.7,49.1,20.3,109,1.8,6423,6.7,0.4,1753,Social Media,0,8176,Mature High Spender,Upsell premium services
19,Male,Pune,Oppo,Android,11.7,26.4,111.2,194,1.9,7998,1.3,4.9,171,Work,0,8169,Mature High Spender,Upsell premium services
36,Other,Mumbai,Nokia,iOS,1.9,9.7,12.1,42,1.6,7906,7.6,0.2,815,Entertainment,0,8721,Mature High Spender,Upsell premium services
22,Female,Bangalore,Vivo,iOS,1.5,13.1,118.0,142,1.8,6689,6.0,0.3,135,Work,0,6824,Mature High Spender,Upsell premium services
36,Male,Pune,Realme,Android,3.6,2.4,51.7,100,2.1,8590,2.4,2.9,1936,Work,0,10526,Mature High Spender,Upsell premium services
25,Female,Lucknow,Oppo,iOS,10.4,47.8,199.4,19,0.7,9351,0.5,0.9,564,Social Media,0,9915,Mature High Spender,Upsell premium services
46,Female,Bangalore,Oppo,Android,4.8,3.8,54.4,24,1.5,8805,4.5,2.2,1967,Work,0,10772,Mature High Spender,Upsell premium services
34,Female,Jaipur,Motorola,Android,3.0,43.8,58.9,58,1.4,9884,3.0,4.1,601,Social Media,0,10485,Mature High Spender,Upsell premium services
55,Male,Delhi,Xiaomi,Android,2.5,41.9,97.1,46,2.3,9669,2.8,3.1,998,Gaming,0,10667,Mature High Spender,Upsell premium services
24,Female,Bangalore,Samsung,iOS,11.0,4.7,138.9,163,2.7,7750,7.4,2.8,491,Entertainment,0,8241,Mature High Spender,Upsell premium services
54,Female,Jaipur,Samsung,Android,10.4,16.3,239.0,150,2.5,6153,2.5,4.7,1789,Social Media,0,7942,Mature High Spender,Upsell premium services
49,Other,Lucknow,Nokia,Android,6.7,36.6,227.9,162,1.0,7759,3.7,0.7,1568,Entertainment,0,9327,Mature High Spender,Upsell premium services
54,Female,Mumbai,Google Pixel,Android,9.1,3.7,69.5,137,0.9,4571,2.0,2.7,1802,Education,0,6373,Mature High Spender,Upsell premium services
48,Male,Bangalore,Apple,Android,7.8,24.7,204.8,167,3.3,9795,4.5,4.2,942,Education,0,10737,Mature High Spender,Upsell premium services
55,Other,Chennai,Xiaomi,iOS,2.2,49.5,219.5,98,1.4,6562,2.8,4.8,1535,Entertainment,0,8097,Mature High Spender,Upsell premium services
60,Male,Chennai,Nokia,iOS,10.5,38.0,146.0,199,2.4,8887,7.0,2.0,1109,Work,0,9996,Mature High Spender,Upsell premium services
38,Male,Delhi,Google Pixel,iOS,11.5,41.8,40.2,45,1.1,7548,4.8,1.4,1717,Entertainment,0,9265,Mature High Spender,Upsell premium services
34,Male,Pune,Nokia,iOS,8.2,15.8,146.6,163,0.7,4395,3.4,4.5,636,Work,0,5031,Mature High Spender,Upsell premium services
60,Other,Chennai,Apple,iOS,4.9,7.3,281.1,65,1.1,7722,7.4,1.3,1247,Gaming,0,8969,Mature High Spender,Upsell premium services
48,Female,Lucknow,Google Pixel,Android,1.1,47.9,284.8,151,1.8,6801,3.2,2.3,720,Entertainment,0,7521,Mature High Spender,Upsell premium services
38,Male,Lucknow,Vivo,iOS,9.3,8.8,278.4,116,3.3,9287,5.3,2.5,398,Entertainment,0,9685,Mature High Spender,Upsell premium services
54,Female,Bangalore,Oppo,iOS,2.4,19.2,274.7,198,1.8,5837,2.5,4.3,1560,Social Media,0,7397,Mature High Spender,Upsell premium services
40,Male,Chennai,Xiaomi,Android,6.6,49.3,195.0,30,2.5,9580,6.9,0.7,152,Social Media,0,9732,Mature High Spender,Upsell premium services
25,Male,Ahmedabad,Google Pixel,iOS,10.3,40.1,30.7,159,1.6,9503,5.7,3.6,1991,Social Media,0,11494,Mature High Spender,Upsell premium services
59,Other,Delhi,Oppo,Android,9.5,5.9,260.8,76,3.5,7338,5.0,1.1,333,Entertainment,0,7671,Mature High Spender,Upsell premium services
24,Male,Lucknow,Vivo,Android,5.3,32.6,185.1,43,0.9,8608,7.8,4.4,1093,Work,0,9701,Mature High Spender,Upsell premium services
37,Female,Bangalore,Google Pixel,iOS,9.9,12.1,128.0,158,1.3,6203,3.6,0.4,483,Education,0,6686,Mature High Spender,Upsell premium services
42,Female,Lucknow,Nokia,Android,8.2,47.9,283.3,70,2.5,9086,1.0,4.7,298,Social Media,0,9384,Mature High Spender,Upsell premium services
41,Other,Hyderabad,Xiaomi,Android,4.6,5.8,44.2,140,1.4,9502,1.1,0.9,1435,Education,0,10937,Mature High Spender,Upsell premium services
49,Male,Chennai,Nokia,Android,5.0,38.1,294.9,102,2.0,8793,5.1,2.6,1315,Education,0,10108,Mature High Spender,Upsell premium services
54,Other,Mumbai,Realme,iOS,9.5,29.7,150.0,37,1.6,5300,2.3,3.7,610,Gaming,0,5910,Mature High Spender,Upsell premium services
41,Male,Hyderabad,Samsung,iOS,4.5,10.5,274.6,110,1.1,3396,6.7,3.7,556,Work,0,3952,Mature High Spender,Upsell premium services
58,Other,Delhi,Vivo,Android,11.4,14.5,23.2,179,0.7,8382,2.3,4.5,630,Social Media,0,9012,Mature High Spender,Upsell premium services
45,Other,Kolkata,Realme,Android,8.3,17.3,133.0,127,2.1,7970,1.3,0.8,1535,Social Media,0,9505,Mature High Spender,Upsell premium services
30,Male,Hyderabad,Samsung,Android,2.6,49.8,158.5,70,1.4,5510,1.0,2.8,503,Gaming,0,6013,Mature High Spender,Upsell premium services
54,Other,Delhi,Samsung,Android,8.0,6.9,194.7,56,1.4,8623,4.9,1.5,1041,Education,0,9664,Mature High Spender,Upsell premium services
23,Male,Delhi,Vivo,Android,4.6,42.0,14.9,33,2.2,9304,7.1,2.0,953,Social Media,0,10257,Mature High Spender,Upsell premium services
43,Male,Bangalore,Apple,Android,7.1,39.3,183.2,182,2.3,6805,2.5,0.2,1873,Entertainment,0,8678,Mature High Spender,Upsell premium services
40,Male,Kolkata,Oppo,Android,7.5,43.2,85.3,66,1.9,8406,4.7,0.7,692,Entertainment,0,9098,Mature High Spender,Upsell premium services
28,Male,Pune,Google Pixel,iOS,10.0,27.0,238.2,126,2.3,9311,5.6,3.5,846,Entertainment,0,10157,Mature High Spender,Upsell premium services
50,Female,Hyderabad,Samsung,iOS,8.4,25.3,298.7,50,0.9,8527,3.8,3.7,1951,Gaming,0,10478,Mature High Spender,Upsell premium services
18,Other,Chennai,Nokia,Android,7.3,22.0,99.6,144,1.8,8876,7.8,1.0,1271,Entertainment,0,10147,Mature High Spender,Upsell premium services
57,Female,Ahmedabad,Realme,Android,7.5,18.2,155.5,65,2.4,6542,2.7,3.1,579,Social Media,0,7121,Mature High Spender,Upsell premium services
59,Other,Jaipur,Motorola,Android,7.3,24.4,131.5,96,0.7,8978,2.8,4.6,509,Education,0,9487,Mature High Spender,Upsell premium services
40,Female,Pune,Xiaomi,Android,10.0,29.2,267.3,83,1.1,5255,7.8,2.4,392,Entertainment,0,5647,Mature High Spender,Upsell premium services
43,Male,Bangalore,OnePlus,Android,11.2,2.3,263.6,190,0.8,2734,2.4,0.3,157,Entertainment,0,2891,Mature High Spender,Upsell premium services
44,Other,Hyderabad,Nokia,Android,4.6,7.0,40.7,76,1.0,3512,2.9,2.9,435,Work,0,3947,Mature High Spender,Upsell premium services
23,Female,Bangalore,Vivo,iOS,9.4,15.2,256.1,161,0.8,7066,6.2,4.1,1004,Education,0,8070,Mature High Spender,Upsell premium services
33,Male,Delhi,Oppo,iOS,11.6,13.8,144.6,162,0.7,4386,2.9,0.6,1374,Work,0,5760,Mature High Spender,Upsell premium services
34,Male,Chennai,Nokia,Android,8.9,20.5,87.0,88,2.6,9803,5.2,2.7,475,Gaming,0,10278,Mature High Spender,Upsell premium services
28,Female,Jaipur,Nokia,iOS,8.1,49.1,142.6,185,1.8,9737,7.7,2.5,1491,Work,0,11228,Mature High Spender,Upsell premium services
41,Female,Ahmedabad,Samsung,Android,11.3,47.7,255.5,47,0.8,5998,5.8,2.2,1115,Education,0,7113,Mature High Spender,Upsell premium services
38,Other,Kolkata,Nokia,Android,6.2,2.3,47.2,67,2.0,8612,8.0,3.6,971,Work,0,9583,Mature High Spender,Upsell premium services
24,Other,Kolkata,Samsung,iOS,9.3,32.8,164.1,98,1.4,9741,2.1,4.2,676,Work,0,10417,Mature High Spender,Upsell premium services
54,Female,Lucknow,Realme,Android,6.7,49.8,38.2,175,1.0,6427,3.1,0.4,1474,Social Media,0,7901,Mature High Spender,Upsell premium services
43,Other,Chennai,Vivo,Android,2.8,32.6,14.1,80,1.7,7716,5.1,3.2,647,Education,0,8363,Mature High Spender,Upsell premium services
56,Female,Chennai,Nokia,Android,2.5,4.3,92.9,188,1.7,9356,7.0,1.6,1261,Education,0,10617,Mature High Spender,Upsell premium services
23,Other,Lucknow,Vivo,Android,6.8,4.3,128.6,83,2.5,8596,3.4,2.7,1603,Gaming,0,10199,Mature High Spender,Upsell premium services
47,Other,Mumbai,Oppo,iOS,10.6,18.3,272.4,29,3.0,9028,3.5,1.9,157,Entertainment,0,9185,Mature High Spender,Upsell premium services
40,Male,Pune,Oppo,iOS,1.1,7.5,17.7,138,2.1,6289,6.7,2.2,515,Education,0,6804,Mature High Spender,Upsell premium services
27,Female,Lucknow,Oppo,Android,5.8,48.8,69.7,67,1.0,7696,3.4,1.3,463,Social Media,0,8159,Mature High Spender,Upsell premium services
60,Male,Ahmedabad,Motorola,iOS,2.7,15.3,237.7,63,3.8,8802,4.4,3.1,1444,Entertainment,0,10246,Mature High Spender,Upsell premium services
59,Other,Mumbai,OnePlus,Android,6.7,30.2,131.9,12,3.2,8337,7.4,3.8,742,Social Media,0,9079,Mature High Spender,Upsell premium services
46,Male,Hyderabad,Motorola,Android,11.4,15.6,254.7,165,2.6,9192,7.4,4.7,564,Social Media,0,9756,Mature High Spender,Upsell premium services
25,Other,Hyderabad,Google Pixel,iOS,5.8,27.3,200.9,125,1.9,9799,7.5,2.0,1241,Education,0,11040,Mature High Spender,Upsell premium services
54,Female,Pune,Samsung,iOS,10.6,26.3,94.8,169,2.7,8737,3.6,2.1,987,Education,0,9724,Mature High Spender,Upsell premium services
37,Male,Chennai,Vivo,iOS,2.9,18.6,270.9,126,1.8,8000,6.3,3.7,173,Gaming,0,8173,Mature High Spender,Upsell premium services
25,Other,Hyderabad,Motorola,iOS,8.3,21.5,34.7,165,1.0,6769,4.9,3.5,1947,Work,0,8716,Mature High Spender,Upsell premium services
37,Male,Lucknow,Realme,iOS,7.1,46.1,197.1,56,1.2,5940,1.3,0.7,1950,Gaming,0,7890,Mature High Spender,Upsell premium services
37,Male,Kolkata,Google Pixel,iOS,8.7,12.8,235.2,69,0.9,7713,1.6,0.6,1961,Work,0,9674,Mature High Spender,Upsell premium services
55,Female,Hyderabad,Vivo,Android,2.1,3.2,259.7,35,3.7,7555,4.8,2.6,1401,Gaming,0,8956,Mature High Spender,Upsell premium services
56,Female,Hyderabad,Samsung,iOS,5.3,43.2,59.5,39,1.5,6809,1.4,0.6,1372,Work,0,8181,Mature High Spender,Upsell premium services
32,Female,Kolkata,Xiaomi,Android,8.5,1.1,189.7,42,1.5,4807,7.1,2.8,527,Entertainment,0,5334,Mature High Spender,Upsell premium services
34,Male,Lucknow,Realme,Android,7.1,41.2,254.1,22,2.3,8136,5.7,4.6,1320,Entertainment,0,9456,Mature High Spender,Upsell premium services
44,Female,Ahmedabad,Google Pixel,iOS,3.8,25.8,35.8,172,1.8,7259,7.0,2.8,679,Education,0,7938,Mature High Spender,Upsell premium services
57,Male,Jaipur,Nokia,Android,2.6,34.9,252.7,128,2.4,5850,1.1,4.1,685,Social Media,0,6535,Mature High Spender,Upsell premium services
44,Female,Hyderabad,Vivo,iOS,3.4,44.5,27.6,81,2.9,7656,6.9,1.3,475,Entertainment,0,8131,Mature High Spender,Upsell premium services
29,Male,Lucknow,Motorola,Android,4.5,38.2,70.2,15,1.4,7572,5.6,2.3,628,Work,0,8200,Mature High Spender,Upsell premium services
26,Other,Hyderabad,Motorola,iOS,2.2,29.2,244.8,71,2.5,9272,6.9,3.8,1941,Social Media,0,11213,Mature High Spender,Upsell premium services
33,Male,Pune,Apple,iOS,2.8,39.0,61.0,116,1.1,5751,6.0,2.7,1345,Education,0,7096,Mature High Spender,Upsell premium services
21,Other,Mumbai,Oppo,iOS,5.6,4.1,190.8,164,1.2,8540,3.8,4.9,1760,Social Media,0,10300,Mature High Spender,Upsell premium services
31,Male,Pune,Realme,Android,1.8,46.3,288.5,183,2.2,6443,5.8,3.9,815,Work,0,7258,Mature High Spender,Upsell premium services
24,Male,Ahmedabad,Nokia,iOS,11.7,34.6,69.0,97,0.7,9469,1.4,4.9,410,Social Media,0,9879,Mature High Spender,Upsell premium services
36,Male,Delhi,Xiaomi,Android,4.8,30.8,107.7,19,0.6,9662,0.7,3.8,685,Education,0,10347,Mature High Spender,Upsell premium services
45,Male,Lucknow,Apple,Android,10.4,1.0,16.9,132,3.1,5781,1.3,4.7,191,Social Media,0,5972,Mature High Spender,Upsell premium services
48,Female,Pune,Oppo,Android,4.3,11.6,110.0,178,1.2,6302,1.2,1.3,392,Entertainment,0,6694,Mature High Spender,Upsell premium services
28,Other,Kolkata,Xiaomi,iOS,12.0,11.6,24.4,55,1.3,6814,3.4,0.9,545,Work,0,7359,Mature High Spender,Upsell premium services
33,Female,Mumbai,Motorola,iOS,8.5,15.9,43.7,117,0.9,8379,6.3,1.8,1468,Education,0,9847,Mature High Spender,Upsell premium services
34,Female,Lucknow,Oppo,Android,3.3,24.2,237.0,18,1.7,9311,6.7,1.5,151,Work,0,9462,Mature High Spender,Upsell premium services
42,Female,Ahmedabad,Oppo,iOS,10.6,44.1,202.5,38,0.6,8951,7.4,1.3,1363,Education,0,10314,Mature High Spender,Upsell premium services
59,Other,Mumbai,Nokia,Android,9.3,29.8,70.9,181,1.3,9010,2.8,4.6,922,Education,0,9932,Mature High Spender,Upsell premium services
53,Other,Delhi,Xiaomi,Android,4.0,7.4,95.4,122,1.9,5722,5.6,1.2,1435,Education,0,7157,Mature High Spender,Upsell premium services
40,Other,Pune,Motorola,iOS,2.2,44.7,250.5,43,1.8,6926,3.8,1.9,944,Education,0,7870,Mature High Spender,Upsell premium services
56,Male,Mumbai,Samsung,iOS,4.4,30.5,159.0,46,1.7,9861,3.2,3.8,1062,Social Media,0,10923,Mature High Spender,Upsell premium services
52,Female,Chennai,Vivo,Android,10.1,22.4,93.2,76,0.7,6226,1.4,2.5,645,Work,0,6871,Mature High Spender,Upsell premium services
54,Female,Delhi,Nokia,Android,5.6,20.2,241.2,113,1.9,8621,2.9,2.6,921,Social Media,0,9542,Mature High Spender,Upsell premium services
49,Male,Kolkata,Samsung,iOS,7.2,12.2,73.2,55,3.1,6094,7.5,4.7,753,Social Media,0,6847,Mature High Spender,Upsell premium services
51,Male,Ahmedabad,Google Pixel,Android,6.0,26.5,235.3,15,2.2,9933,7.0,4.8,1621,Social Media,0,11554,Mature High Spender,Upsell premium services
40,Female,Delhi,OnePlus,iOS,11.7,45.6,240.9,117,1.3,3503,4.3,1.3,1457,Work,0,4960,Mature High Spender,Upsell premium services
54,Other,Bangalore,Apple,iOS,9.1,22.4,134.2,163,1.2,6760,3.8,0.9,170,Gaming,0,6930,Mature High Spender,Upsell premium services
51,Other,Delhi,Apple,Android,3.3,28.4,297.1,178,1.6,7863,3.0,4.7,1006,Social Media,0,8869,Mature High Spender,Upsell premium services
46,Other,Ahmedabad,Oppo,Android,2.9,49.7,90.7,97,0.6,6878,3.6,3.9,907,Education,0,7785,Mature High Spender,Upsell premium services
35,Other,Bangalore,Google Pixel,Android,5.6,1.3,210.1,32,1.1,3811,1.5,4.5,819,Gaming,0,4630,Mature High Spender,Upsell premium services
54,Female,Chennai,OnePlus,iOS,5.0,13.5,270.9,166,1.1,3653,3.5,0.4,864,Education,0,4517,Mature High Spender,Upsell premium services
54,Male,Pune,Realme,iOS,7.9,32.8,166.8,101,2.1,7650,7.2,2.0,436,Education,0,8086,Mature High Spender,Upsell premium services
33,Male,Bangalore,Apple,Android,10.2,29.2,262.4,193,2.4,9595,4.5,2.3,1697,Social Media,0,11292,Mature High Spender,Upsell premium services
36,Other,Lucknow,Apple,iOS,8.3,22.3,159.1,140,1.3,8404,3.9,0.4,202,Work,0,8606,Mature High Spender,Upsell premium services
54,Female,Delhi,Nokia,iOS,3.2,44.1,184.8,194,2.1,8600,1.7,2.1,816,Work,0,9416,Mature High Spender,Upsell premium services
18,Other,Delhi,OnePlus,iOS,9.2,42.2,249.2,72,2.1,8752,4.7,2.7,165,Work,0,8917,Mature High Spender,Upsell premium services
24,Male,Delhi,Motorola,Android,10.3,40.8,28.3,41,0.7,5844,5.8,0.0,1733,Work,0,7577,Mature High Spender,Upsell premium services
55,Other,Ahmedabad,Apple,iOS,4.8,5.7,124.7,53,1.8,9633,4.4,0.9,1578,Social Media,0,11211,Mature High Spender,Upsell premium services
55,Other,Chennai,Nokia,iOS,10.3,34.5,251.5,32,1.7,9501,3.7,1.2,933,Entertainment,0,10434,Mature High Spender,Upsell premium services
47,Male,Jaipur,Motorola,Android,3.6,26.8,94.8,155,3.1,5891,2.9,0.4,108,Work,0,5999,Mature High Spender,Upsell premium services
38,Female,Jaipur,Motorola,Android,2.8,18.8,270.3,87,1.4,7792,7.1,1.7,246,Social Media,0,8038,Mature High Spender,Upsell premium services
31,Female,Ahmedabad,OnePlus,iOS,1.7,2.1,262.3,11,2.1,7087,3.5,4.8,1859,Work,0,8946,Mature High Spender,Upsell premium services
26,Male,Ahmedabad,Google Pixel,iOS,9.1,9.6,138.5,166,0.9,9087,6.5,4.0,156,Entertainment,0,9243,Mature High Spender,Upsell premium services
16,Other,Delhi,Samsung,Android,6.2,10.8,196.0,148,2.1,7882,3.1,4.1,1999,Education,0,9881,Mature High Spender,Upsell premium services
53,Male,Pune,Motorola,iOS,5.1,28.9,217.3,42,2.0,5171,5.4,3.9,1646,Entertainment,0,6817,Mature High Spender,Upsell premium services
51,Male,Bangalore,Vivo,iOS,7.8,8.6,244.3,101,0.8,9789,5.6,0.8,457,Entertainment,0,10246,Mature High Spender,Upsell premium services
49,Female,Ahmedabad,Oppo,Android,2.2,47.8,9.0,90,0.9,7725,2.6,4.9,184,Social Media,0,7909,Mature High Spender,Upsell premium services
34,Other,Bangalore,Xiaomi,Android,11.4,30.9,105.5,138,2.7,5518,5.1,0.2,1683,Work,0,7201,Mature High Spender,Upsell premium services
56,Other,Chennai,OnePlus,Android,2.2,12.0,277.1,36,1.4,7398,5.1,2.4,266,Social Media,0,7664,Mature High Spender,Upsell premium services
57,Male,Chennai,Samsung,iOS,1.9,43.5,10.2,162,1.1,9655,4.5,4.7,732,Social Media,0,10387,Mature High Spender,Upsell premium services
53,Male,Kolkata,Samsung,iOS,9.7,46.9,194.9,11,2.0,6126,0.6,5.0,190,Social Media,0,6316,Mature High Spender,Upsell premium services
59,Other,Chennai,Realme,iOS,7.1,49.7,294.4,157,2.6,9251,4.8,2.2,1573,Work,0,10824,Mature High Spender,Upsell premium services
29,Other,Mumbai,Samsung,Android,6.6,16.9,110.1,104,1.1,8058,6.7,0.2,1466,Social Media,0,9524,Mature High Spender,Upsell premium services
27,Other,Mumbai,OnePlus,Android,1.4,9.6,274.9,137,2.1,6898,2.4,1.0,702,Work,0,7600,Mature High Spender,Upsell premium services
37,Female,Jaipur,Google Pixel,Android,1.8,8.1,187.8,82,2.1,6319,1.8,4.6,768,Social Media,0,7087,Mature High Spender,Upsell premium services
57,Other,Ahmedabad,Xiaomi,Android,4.8,43.2,295.0,148,0.8,6557,5.1,4.0,1139,Gaming,0,7696,Mature High Spender,Upsell premium services
40,Male,Jaipur,Google Pixel,iOS,1.1,48.5,270.7,185,1.2,4415,6.0,2.7,109,Social Media,0,4524,Mature High Spender,Upsell premium services
29,Male,Mumbai,Motorola,iOS,7.1,38.5,213.6,16,1.1,8098,3.0,4.5,307,Education,0,8405,Mature High Spender,Upsell premium services
60,Other,Chennai,Nokia,Android,3.9,42.0,47.9,13,3.0,7210,6.6,4.2,1950,Gaming,0,9160,Mature High Spender,Upsell premium services
19,Other,Delhi,Motorola,Android,11.3,23.9,155.7,46,2.7,7894,1.7,3.6,601,Education,0,8495,Mature High Spender,Upsell premium services
24,Male,Lucknow,Motorola,iOS,1.9,36.2,19.0,78,2.1,8949,0.7,1.9,783,Gaming,0,9732,Mature High Spender,Upsell premium services
52,Other,Hyderabad,Apple,iOS,5.3,28.0,118.1,124,1.3,8032,6.7,2.0,1288,Work,0,9320,Mature High Spender,Upsell premium services
47,Other,Hyderabad,Vivo,iOS,6.1,49.3,52.7,159,1.4,7330,0.6,3.3,1230,Social Media,0,8560,Mature High Spender,Upsell premium services
58,Other,Lucknow,Samsung,Android,6.5,32.2,235.4,178,2.2,6696,1.6,2.8,799,Education,0,7495,Mature High Spender,Upsell premium services
19,Other,Pune,Realme,Android,7.0,36.7,296.0,88,1.7,9577,2.1,1.6,228,Entertainment,0,9805,Mature High Spender,Upsell premium services
58,Other,Delhi,Realme,iOS,2.7,45.9,36.6,38,2.0,6988,4.1,3.8,518,Gaming,0,7506,Mature High Spender,Upsell premium services
45,Other,Delhi,Motorola,Android,3.6,8.3,225.7,177,2.1,8145,6.4,3.5,207,Work,0,8352,Mature High Spender,Upsell premium services
51,Male,Mumbai,Motorola,Android,9.0,17.0,80.9,77,2.0,6075,1.8,3.3,774,Education,0,6849,Mature High Spender,Upsell premium services
50,Female,Jaipur,Nokia,iOS,10.7,36.5,46.0,41,2.1,5294,6.1,3.6,787,Gaming,0,6081,Mature High Spender,Upsell premium services
48,Male,Chennai,Xiaomi,Android,7.9,18.7,139.3,150,2.2,5481,2.8,1.6,1516,Work,0,6997,Mature High Spender,Upsell premium services
53,Female,Ahmedabad,Vivo,iOS,1.2,29.7,92.8,38,0.8,5547,2.7,4.5,1642,Entertainment,0,7189,Mature High Spender,Upsell premium services
54,Male,Chennai,Samsung,iOS,1.6,13.1,153.9,40,1.0,8831,6.5,4.3,552,Entertainment,0,9383,Mature High Spender,Upsell premium services
33,Female,Ahmedabad,Xiaomi,Android,6.2,45.1,262.8,176,2.3,5355,6.4,2.8,1640,Work,0,6995,Mature High Spender,Upsell premium services
39,Other,Mumbai,Motorola,iOS,5.9,31.9,144.8,46,3.0,6706,5.7,3.8,1365,Work,0,8071,Mature High Spender,Upsell premium services
56,Male,Kolkata,Oppo,Android,9.5,48.5,246.5,14,3.3,7232,1.9,0.7,1614,Social Media,0,8846,Mature High Spender,Upsell premium services
16,Other,Jaipur,Samsung,Android,6.0,33.5,269.4,145,0.8,7608,6.6,4.3,410,Work,0,8018,Mature High Spender,Upsell premium services
58,Female,Chennai,Apple,Android,9.7,13.0,228.4,121,2.9,8871,4.7,1.2,534,Entertainment,0,9405,Mature High Spender,Upsell premium services
27,Male,Hyderabad,OnePlus,iOS,2.1,36.5,20.5,198,0.5,4973,0.9,4.5,1826,Work,0,6799,Mature High Spender,Upsell premium services
54,Female,Ahmedabad,Apple,Android,6.5,48.5,107.6,31,0.8,4239,5.6,4.1,684,Social Media,0,4923,Mature High Spender,Upsell premium services
59,Male,Ahmedabad,Google Pixel,iOS,5.9,13.6,265.0,63,2.9,8290,4.8,1.2,723,Education,0,9013,Mature High Spender,Upsell premium services
16,Male,Hyderabad,Vivo,iOS,1.5,25.7,97.8,151,2.3,8218,2.0,3.0,146,Gaming,0,8364,Mature High Spender,Upsell premium services
16,Male,Pune,Samsung,Android,2.1,39.3,284.7,115,2.4,9942,7.4,4.9,1937,Work,0,11879,Mature High Spender,Upsell premium services
47,Female,Delhi,Google Pixel,Android,10.7,6.3,6.0,78,2.5,8090,4.7,1.1,166,Education,0,8256,Mature High Spender,Upsell premium services
45,Other,Bangalore,Google Pixel,iOS,9.5,42.9,155.4,169,1.2,3504,7.2,2.7,1036,Social Media,0,4540,Mature High Spender,Upsell premium services
34,Female,Mumbai,Samsung,iOS,4.8,41.1,129.6,123,2.3,5712,2.9,1.4,1459,Social Media,0,7171,Mature High Spender,Upsell premium services
27,Other,Pune,Apple,iOS,7.8,9.6,208.2,193,0.5,8740,5.1,0.9,1190,Education,0,9930,Mature High Spender,Upsell premium services
60,Female,Kolkata,Xiaomi,iOS,7.5,2.1,221.9,103,1.8,6775,2.5,0.6,363,Social Media,0,7138,Mature High Spender,Upsell premium services
55,Other,Kolkata,Nokia,Android,4.7,38.8,220.9,117,1.7,6818,7.8,4.1,444,Gaming,0,7262,Mature High Spender,Upsell premium services
50,Other,Chennai,Vivo,Android,2.6,45.1,257.9,43,2.8,5901,1.3,1.7,256,Education,0,6157,Mature High Spender,Upsell premium services
45,Male,Ahmedabad,Google Pixel,Android,3.2,42.4,225.4,66,1.1,4992,8.0,3.8,1163,Social Media,0,6155,Mature High Spender,Upsell premium services
37,Female,Lucknow,Nokia,iOS,6.7,31.3,281.2,23,3.0,6770,7.3,3.2,1159,Gaming,0,7929,Mature High Spender,Upsell premium services
44,Female,Bangalore,Google Pixel,iOS,7.6,43.3,292.0,112,1.0,6591,7.4,2.2,884,Social Media,0,7475,Mature High Spender,Upsell premium services
18,Male,Pune,Google Pixel,Android,10.1,48.6,199.5,71,1.3,8659,3.1,3.8,1638,Gaming,0,10297,Mature High Spender,Upsell premium services
55,Female,Jaipur,Nokia,Android,6.8,29.8,244.0,85,2.6,6716,3.3,1.0,1554,Education,0,8270,Mature High Spender,Upsell premium services
57,Male,Hyderabad,OnePlus,iOS,2.8,46.1,7.1,81,2.2,7678,4.6,4.4,1325,Social Media,0,9003,Mature High Spender,Upsell premium services
28,Male,Pune,Vivo,Android,8.2,10.5,252.9,29,2.0,6932,3.2,4.8,870,Work,0,7802,Mature High Spender,Upsell premium services
60,Other,Kolkata,Oppo,iOS,11.8,32.9,183.0,91,2.7,7779,1.7,1.0,1473,Work,0,9252,Mature High Spender,Upsell premium services
24,Other,Mumbai,Oppo,Android,11.9,47.5,65.1,137,0.9,7881,4.9,3.9,1499,Entertainment,0,9380,Mature High Spender,Upsell premium services
26,Female,Mumbai,Oppo,Android,6.8,14.3,213.9,40,0.7,4967,6.1,2.7,1828,Education,0,6795,Mature High Spender,Upsell premium services
39,Female,Ahmedabad,Realme,iOS,7.1,37.6,262.2,136,0.7,9605,0.9,3.3,238,Gaming,0,9843,Mature High Spender,Upsell premium services
60,Female,Jaipur,Apple,Android,3.5,34.3,199.2,144,1.6,5810,6.2,4.4,269,Education,0,6079,Mature High Spender,Upsell premium services
21,Other,Mumbai,Motorola,iOS,3.8,24.5,85.3,65,1.7,6642,0.9,4.5,1665,Social Media,0,8307,Mature High Spender,Upsell premium services
36,Other,Jaipur,Oppo,Android,5.0,2.1,5.7,160,0.5,5388,3.4,3.8,1477,Social Media,0,6865,Mature High Spender,Upsell premium services
25,Female,Lucknow,Realme,Android,4.8,39.8,64.0,81,2.3,9924,6.1,4.7,853,Education,0,10777,Mature High Spender,Upsell premium services
44,Male,Delhi,Apple,iOS,4.1,16.0,61.7,117,0.6,4026,1.1,0.4,1533,Entertainment,0,5559,Mature High Spender,Upsell premium services
45,Other,Bangalore,Xiaomi,Android,10.2,20.3,270.5,10,1.6,3700,1.8,4.3,1477,Work,0,5177,Mature High Spender,Upsell premium services
40,Male,Bangalore,Realme,Android,7.9,16.8,58.5,150,2.8,6804,1.1,0.3,1847,Social Media,0,8651,Mature High Spender,Upsell premium services
26,Female,Pune,Realme,Android,3.7,8.0,90.2,25,2.2,6062,1.7,0.6,1663,Social Media,0,7725,Mature High Spender,Upsell premium services
53,Other,Ahmedabad,Nokia,Android,8.3,25.0,188.5,104,2.3,6946,3.1,4.3,1269,Gaming,0,8215,Mature High Spender,Upsell premium services
31,Male,Ahmedabad,OnePlus,iOS,8.9,48.1,204.3,192,2.3,9938,2.6,4.9,1348,Education,0,11286,Mature High Spender,Upsell premium services
57,Female,Jaipur,Xiaomi,Android,3.1,41.2,76.5,143,2.9,9070,1.6,0.1,1372,Entertainment,0,10442,Mature High Spender,Upsell premium services
39,Male,Hyderabad,Samsung,Android,4.6,30.1,282.6,111,1.2,9705,6.6,0.6,542,Entertainment,0,10247,Mature High Spender,Upsell premium services
40,Other,Chennai,Realme,Android,5.2,2.0,48.0,40,2.0,8082,1.2,3.1,1154,Education,0,9236,Mature High Spender,Upsell premium services
39,Female,Ahmedabad,Apple,Android,5.8,7.3,122.1,64,3.2,6342,2.1,4.1,754,Entertainment,0,7096,Mature High Spender,Upsell premium services
18,Female,Ahmedabad,Samsung,iOS,6.1,41.7,43.1,104,1.2,8510,6.9,0.7,450,Social Media,0,8960,Mature High Spender,Upsell premium services
17,Male,Kolkata,Nokia,Android,6.8,7.3,151.7,195,1.0,8885,5.3,2.6,1968,Social Media,0,10853,Mature High Spender,Upsell premium services
60,Male,Jaipur,Xiaomi,iOS,11.7,14.9,123.2,63,2.3,7178,5.1,1.8,836,Education,0,8014,Mature High Spender,Upsell premium services
31,Other,Kolkata,Nokia,Android,6.5,31.1,99.6,97,1.2,5035,4.0,1.2,424,Social Media,0,5459,Mature High Spender,Upsell premium services
35,Male,Jaipur,Realme,iOS,7.9,41.6,232.0,178,2.4,6901,1.6,1.4,1705,Social Media,0,8606,Mature High Spender,Upsell premium services
48,Other,Lucknow,Vivo,iOS,5.1,21.3,201.7,94,1.7,8898,5.5,3.7,716,Social Media,0,9614,Mature High Spender,Upsell premium services
51,Female,Hyderabad,Google Pixel,Android,2.8,19.3,50.4,166,2.5,9398,0.9,2.7,1123,Work,0,10521,Mature High Spender,Upsell premium services
22,Male,Pune,Xiaomi,iOS,5.1,37.1,74.1,52,2.6,8094,3.2,0.3,676,Social Media,0,8770,Mature High Spender,Upsell premium services
33,Male,Hyderabad,OnePlus,Android,9.3,37.9,32.2,194,1.5,9230,7.8,4.4,1082,Social Media,0,10312,Mature High Spender,Upsell premium services
28,Other,Lucknow,OnePlus,iOS,4.7,29.1,262.2,39,1.1,6979,7.3,2.9,1289,Social Media,0,8268,Mature High Spender,Upsell premium services
40,Other,Ahmedabad,Motorola,iOS,2.1,34.3,88.8,87,1.5,3564,3.9,0.4,902,Social Media,0,4466,Mature High Spender,Upsell premium services
48,Male,Ahmedabad,Google Pixel,iOS,3.9,25.4,227.7,160,1.1,5499,4.7,2.0,912,Work,0,6411,Mature High Spender,Upsell premium services
34,Female,Bangalore,OnePlus,Android,5.2,17.3,202.2,69,2.1,5687,0.7,0.2,1714,Gaming,0,7401,Mature High Spender,Upsell premium services
41,Other,Hyderabad,Nokia,Android,3.6,40.6,107.8,101,1.5,3355,3.2,1.8,929,Work,0,4284,Mature High Spender,Upsell premium services
33,Female,Lucknow,Samsung,iOS,5.9,38.6,46.9,124,0.8,5998,0.5,2.7,1755,Education,0,7753,Mature High Spender,Upsell premium services
16,Female,Bangalore,Oppo,iOS,8.4,7.3,177.2,140,2.1,9080,4.8,1.0,442,Work,0,9522,Mature High Spender,Upsell premium services
45,Other,Hyderabad,Vivo,Android,10.1,3.9,134.9,59,1.8,5246,3.8,0.6,1600,Work,0,6846,Mature High Spender,Upsell premium services
44,Male,Lucknow,OnePlus,iOS,10.1,31.7,258.5,155,0.5,4149,0.8,0.7,360,Education,0,4509,Mature High Spender,Upsell premium services
41,Female,Ahmedabad,Xiaomi,Android,9.2,42.5,235.5,25,1.1,6886,1.9,4.2,625,Gaming,0,7511,Mature High Spender,Upsell premium services
59,Male,Jaipur,Xiaomi,Android,5.0,30.6,31.0,30,0.7,6791,1.9,1.4,704,Entertainment,0,7495,Mature High Spender,Upsell premium services
48,Female,Jaipur,Apple,iOS,7.3,45.3,201.7,182,1.0,9766,4.7,1.7,439,Work,0,10205,Mature High Spender,Upsell premium services
20,Male,Delhi,Nokia,Android,2.5,44.9,213.9,178,0.6,8864,1.4,2.3,1529,Entertainment,0,10393,Mature High Spender,Upsell premium services
54,Other,Bangalore,Oppo,iOS,6.8,32.5,174.6,39,1.1,3724,2.9,0.7,1706,Social Media,0,5430,Mature High Spender,Upsell premium services
32,Female,Hyderabad,Nokia,Android,2.1,22.7,123.1,33,2.2,5062,7.9,4.8,797,Gaming,0,5859,Mature High Spender,Upsell premium services
36,Other,Jaipur,Nokia,iOS,10.8,47.5,43.1,23,2.9,9171,6.6,3.2,1154,Gaming,0,10325,Mature High Spender,Upsell premium services
46,Male,Jaipur,Vivo,iOS,6.9,26.0,19.8,198,1.6,6391,2.7,4.0,1242,Work,0,7633,Mature High Spender,Upsell premium services
54,Female,Delhi,Samsung,Android,9.1,11.9,255.3,30,3.5,9968,3.8,4.4,921,Social Media,0,10889,Mature High Spender,Upsell premium services
46,Female,Delhi,Xiaomi,iOS,11.7,44.9,177.6,78,2.1,7820,0.6,1.3,1595,Gaming,0,9415,Mature High Spender,Upsell premium services
48,Male,Pune,Realme,Android,1.8,33.8,131.4,72,1.0,7929,6.7,1.2,1630,Work,0,9559,Mature High Spender,Upsell premium services
55,Female,Pune,Google Pixel,iOS,9.1,5.4,145.8,128,2.9,8170,5.2,2.2,1584,Gaming,0,9754,Mature High Spender,Upsell premium services
16,Other,Chennai,Samsung,iOS,1.5,47.2,152.0,76,1.6,7491,4.5,2.1,478,Gaming,0,7969,Mature High Spender,Upsell premium services
33,Male,Pune,Vivo,Android,5.4,17.5,183.2,64,0.9,5976,7.8,4.9,1680,Social Media,0,7656,Mature High Spender,Upsell premium services
28,Male,Kolkata,Realme,iOS,5.8,17.9,291.6,118,0.8,4705,1.8,3.1,865,Social Media,0,5570,Mature High Spender,Upsell premium services
50,Male,Pune,Google Pixel,Android,11.5,32.4,256.7,14,1.4,5326,0.9,4.0,199,Gaming,0,5525,Mature High Spender,Upsell premium services
39,Female,Kolkata,Oppo,Android,3.9,22.5,113.3,38,2.5,6765,2.3,4.3,1450,Work,0,8215,Mature High Spender,Upsell premium services
20,Female,Hyderabad,Oppo,iOS,11.5,42.7,242.0,97,0.6,9843,7.6,3.3,1611,Work,0,11454,Mature High Spender,Upsell premium services
43,Female,Mumbai,Xiaomi,iOS,4.2,42.1,56.5,174,1.4,8958,3.9,4.5,851,Gaming,0,9809,Mature High Spender,Upsell premium services
50,Male,Bangalore,Motorola,Android,9.9,46.6,78.5,73,2.5,8707,3.9,2.3,762,Work,0,9469,Mature High Spender,Upsell premium services
19,Male,Mumbai,Oppo,iOS,3.4,15.1,26.8,144,1.6,8283,3.8,3.9,1265,Entertainment,0,9548,Mature High Spender,Upsell premium services
37,Male,Bangalore,Motorola,Android,9.6,47.7,39.7,123,2.3,8655,6.7,0.9,735,Entertainment,0,9390,Mature High Spender,Upsell premium services
32,Other,Bangalore,Vivo,iOS,2.5,38.9,46.4,163,2.2,8006,5.1,0.5,562,Entertainment,0,8568,Mature High Spender,Upsell premium services
50,Other,Hyderabad,Oppo,iOS,11.3,35.3,89.4,90,2.3,8557,4.6,4.8,888,Work,0,9445,Mature High Spender,Upsell premium services
50,Male,Hyderabad,Realme,iOS,5.3,45.9,275.6,51,2.2,5775,6.4,1.7,458,Entertainment,0,6233,Mature High Spender,Upsell premium services
31,Female,Lucknow,Google Pixel,iOS,5.1,35.8,212.5,123,2.7,6817,6.1,0.9,215,Social Media,0,7032,Mature High Spender,Upsell premium services
53,Male,Pune,Xiaomi,iOS,9.7,16.6,66.5,59,1.5,5698,7.5,3.8,200,Social Media,0,5898,Mature High Spender,Upsell premium services
56,Male,Delhi,Apple,Android,7.9,10.3,188.2,71,1.7,9706,7.0,2.2,1838,Social Media,0,11544,Mature High Spender,Upsell premium services
48,Male,Chennai,Realme,iOS,6.1,1.3,280.5,14,1.7,4842,6.7,4.9,937,Gaming,0,5779,Mature High Spender,Upsell premium services
27,Other,Chennai,Motorola,Android,5.1,16.5,21.7,156,0.9,4852,3.2,1.7,188,Gaming,0,5040,Mature High Spender,Upsell premium services
33,Female,Pune,Xiaomi,Android,8.0,4.3,200.5,189,2.6,6790,3.2,4.6,1364,Entertainment,0,8154,Mature High Spender,Upsell premium services
58,Male,Mumbai,Oppo,iOS,7.2,8.1,85.4,122,0.8,8133,7.6,3.7,1350,Entertainment,0,9483,Mature High Spender,Upsell premium services
40,Other,Chennai,Google Pixel,Android,9.1,21.0,266.1,115,1.0,5220,2.2,3.7,877,Social Media,0,6097,Mature High Spender,Upsell premium services
52,Female,Mumbai,Nokia,iOS,4.9,46.5,91.5,26,2.6,8149,4.3,4.3,619,Education,0,8768,Mature High Spender,Upsell premium services
52,Male,Lucknow,Oppo,iOS,10.0,19.2,250.4,74,1.7,7791,1.4,1.2,2000,Gaming,0,9791,Mature High Spender,Upsell premium services
47,Female,Hyderabad,Xiaomi,Android,3.4,27.6,222.2,59,0.6,2844,4.2,4.0,1101,Education,0,3945,Mature High Spender,Upsell premium services
59,Other,Hyderabad,OnePlus,Android,5.1,10.0,88.3,61,0.9,5259,7.7,0.1,1087,Entertainment,0,6346,Mature High Spender,Upsell premium services
50,Female,Mumbai,Motorola,iOS,10.4,18.3,23.0,126,1.6,8435,2.7,0.1,649,Gaming,0,9084,Mature High Spender,Upsell premium services
33,Female,Kolkata,Samsung,iOS,11.9,34.7,193.3,20,0.7,6045,3.1,1.9,1923,Work,0,7968,Mature High Spender,Upsell premium services
43,Other,Pune,Samsung,Android,3.1,2.4,256.4,190,1.2,6737,2.1,0.2,363,Social Media,0,7100,Mature High Spender,Upsell premium services
59,Male,Ahmedabad,Oppo,Android,1.2,16.0,47.9,172,2.4,9614,6.3,1.0,1619,Work,0,11233,Mature High Spender,Upsell premium services
20,Male,Kolkata,Xiaomi,Android,9.0,2.9,6.5,143,2.3,8616,1.3,4.1,1430,Entertainment,0,10046,Mature High Spender,Upsell premium services
52,Female,Mumbai,OnePlus,iOS,2.2,49.2,106.8,96,1.5,7411,0.5,1.8,227,Education,0,7638,Mature High Spender,Upsell premium services
49,Male,Delhi,Oppo,Android,5.2,32.4,193.8,140,2.4,6312,1.5,3.5,138,Gaming,0,6450,Mature High Spender,Upsell premium services
40,Male,Mumbai,Vivo,Android,8.3,21.0,137.4,106,3.2,6041,1.1,2.3,1134,Education,0,7175,Mature High Spender,Upsell premium services
43,Female,Kolkata,Apple,Android,2.5,33.6,73.1,179,0.9,8340,5.8,3.7,571,Education,0,8911,Mature High Spender,Upsell premium services
31,Male,Kolkata,Motorola,iOS,7.4,49.7,86.0,80,1.7,4754,2.0,4.2,367,Entertainment,0,5121,Mature High Spender,Upsell premium services
35,Female,Hyderabad,Motorola,Android,7.3,45.4,170.6,68,0.7,6662,3.8,3.9,1684,Social Media,0,8346,Mature High Spender,Upsell premium services
54,Other,Hyderabad,Google Pixel,Android,6.6,35.0,34.8,131,2.6,7234,7.0,4.6,818,Social Media,0,8052,Mature High Spender,Upsell premium services
45,Other,Chennai,Samsung,Android,8.7,14.9,5.5,22,2.5,5029,0.6,0.3,1119,Education,0,6148,Mature High Spender,Upsell premium services
52,Other,Bangalore,Vivo,iOS,7.3,4.7,230.3,122,1.4,4612,7.4,1.8,1320,Social Media,0,5932,Mature High Spender,Upsell premium services
54,Male,Lucknow,Vivo,iOS,7.3,2.4,257.3,78,2.5,8709,1.6,1.4,1905,Education,0,10614,Mature High Spender,Upsell premium services
47,Female,Bangalore,Apple,Android,4.2,27.9,222.5,84,2.3,5476,2.1,4.6,653,Gaming,0,6129,Mature High Spender,Upsell premium services
58,Other,Ahmedabad,Google Pixel,Android,2.3,19.0,84.9,115,2.1,9379,5.4,1.2,1384,Social Media,0,10763,Mature High Spender,Upsell premium services
60,Other,Chennai,Oppo,iOS,8.6,3.9,129.1,47,1.5,8906,6.9,0.6,1235,Social Media,0,10141,Mature High Spender,Upsell premium services
46,Female,Jaipur,OnePlus,Android,2.4,37.3,197.9,16,1.6,5194,4.9,0.8,551,Work,0,5745,Mature High Spender,Upsell premium services
58,Female,Lucknow,Google Pixel,iOS,10.9,47.7,127.7,19,2.4,9497,3.7,2.8,218,Education,0,9715,Mature High Spender,Upsell premium services
30,Male,Bangalore,Google Pixel,iOS,10.6,44.0,101.5,104,0.5,7918,6.3,4.6,1361,Education,0,9279,Mature High Spender,Upsell premium services
33,Female,Jaipur,Nokia,iOS,8.6,29.9,25.5,47,1.7,9359,1.8,4.0,744,Entertainment,0,10103,Mature High Spender,Upsell premium services
43,Male,Chennai,Samsung,Android,7.8,46.6,216.2,151,0.9,5357,5.0,0.3,1255,Entertainment,0,6612,Mature High Spender,Upsell premium services
16,Female,Mumbai,Realme,Android,2.5,3.5,193.9,124,0.9,7876,3.5,4.7,1099,Education,0,8975,Mature High Spender,Upsell premium services
54,Male,Lucknow,Nokia,iOS,10.1,34.4,85.5,90,1.9,5380,5.7,3.0,1434,Work,0,6814,Mature High Spender,Upsell premium services
50,Male,Kolkata,Apple,Android,10.3,5.9,37.5,57,2.4,8648,2.3,4.5,1135,Social Media,0,9783,Mature High Spender,Upsell premium services
16,Other,Mumbai,Xiaomi,iOS,11.8,24.4,66.5,105,2.4,8853,5.8,2.6,1110,Work,0,9963,Mature High Spender,Upsell premium services
47,Other,Ahmedabad,Motorola,Android,10.0,29.9,104.7,73,0.7,5265,2.1,0.5,1777,Social Media,0,7042,Mature High Spender,Upsell premium services
48,Male,Bangalore,Google Pixel,iOS,10.1,23.3,163.8,179,0.5,4178,7.9,1.8,396,Education,0,4574,Mature High Spender,Upsell premium services
25,Other,Mumbai,Apple,Android,5.3,23.6,225.1,122,1.5,5861,1.9,2.1,308,Work,0,6169,Mature High Spender,Upsell premium services
54,Other,Pune,Motorola,Android,6.9,23.7,113.4,188,1.7,5374,5.6,0.5,1357,Work,0,6731,Mature High Spender,Upsell premium services
44,Male,Delhi,Samsung,Android,8.3,45.5,136.9,17,1.0,8859,2.9,2.5,262,Gaming,0,9121,Mature High Spender,Upsell premium services
60,Female,Ahmedabad,Xiaomi,Android,7.3,41.5,220.0,193,3.3,7656,0.9,4.6,147,Entertainment,0,7803,Mature High Spender,Upsell premium services
46,Male,Mumbai,Motorola,Android,1.7,5.1,9.5,123,0.5,2602,5.3,4.2,1067,Gaming,0,3669,Mature High Spender,Upsell premium services
47,Other,Hyderabad,OnePlus,Android,8.5,19.6,234.7,123,0.7,5459,5.3,2.8,1771,Social Media,0,7230,Mature High Spender,Upsell premium services
55,Other,Bangalore,Xiaomi,iOS,8.3,32.4,34.3,30,1.8,7394,4.1,3.9,1874,Work,0,9268,Mature High Spender,Upsell premium services
46,Female,Lucknow,Motorola,iOS,5.7,34.2,176.9,175,1.2,6220,7.0,4.8,1765,Gaming,0,7985,Mature High Spender,Upsell premium services
38,Other,Delhi,Samsung,iOS,3.6,8.7,91.2,168,1.6,9579,1.8,4.6,1300,Entertainment,0,10879,Mature High Spender,Upsell premium services
28,Male,Bangalore,Realme,iOS,5.0,9.9,123.3,177,0.6,5570,1.1,3.9,1024,Social Media,0,6594,Mature High Spender,Upsell premium services
43,Male,Chennai,Vivo,Android,8.3,24.5,205.5,19,0.7,7061,5.0,4.1,1902,Social Media,0,8963,Mature High Spender,Upsell premium services
45,Male,Pune,Vivo,Android,2.6,34.0,86.2,16,2.0,6206,4.7,3.1,298,Work,0,6504,Mature High Spender,Upsell premium services
32,Female,Hyderabad,Google Pixel,iOS,8.9,38.1,193.6,144,1.1,9550,5.0,3.9,629,Entertainment,0,10179,Mature High Spender,Upsell premium services
45,Male,Pune,Vivo,Android,2.0,48.7,27.3,65,1.4,6203,7.6,2.3,1731,Social Media,0,7934,Mature High Spender,Upsell premium services
53,Other,Mumbai,Apple,iOS,6.4,48.7,27.1,160,2.1,5474,0.8,0.0,1063,Social Media,0,6537,Mature High Spender,Upsell premium services
33,Female,Bangalore,Xiaomi,iOS,6.4,48.2,182.7,115,2.5,8866,4.7,4.5,777,Education,0,9643,Mature High Spender,Upsell premium services
44,Other,Chennai,Vivo,iOS,10.9,15.8,84.2,66,0.6,8288,5.3,1.4,1648,Gaming,0,9936,Mature High Spender,Upsell premium services
43,Other,Hyderabad,Motorola,Android,8.9,22.2,265.5,30,2.2,8268,5.7,1.4,1282,Work,0,9550,Mature High Spender,Upsell premium services
46,Other,Delhi,Samsung,Android,10.4,31.0,12.4,93,1.8,6707,3.4,2.0,1738,Work,0,8445,Mature High Spender,Upsell premium services
29,Other,Lucknow,Google Pixel,Android,5.0,42.6,147.1,145,0.6,4096,5.2,2.3,1413,Gaming,0,5509,Mature High Spender,Upsell premium services
38,Female,Kolkata,Oppo,iOS,2.6,6.4,184.4,122,1.1,8148,6.1,1.1,326,Work,0,8474,Mature High Spender,Upsell premium services
19,Other,Jaipur,Google Pixel,iOS,8.3,8.9,115.2,94,1.7,7625,1.2,1.4,1669,Work,0,9294,Mature High Spender,Upsell premium services
25,Male,Kolkata,Realme,iOS,9.8,9.9,98.5,50,2.4,9199,1.9,3.2,1685,Social Media,0,10884,Mature High Spender,Upsell premium services
42,Male,Ahmedabad,Google Pixel,Android,4.0,6.3,202.4,39,1.7,9151,3.3,1.9,1595,Entertainment,0,10746,Mature High Spender,Upsell premium services
47,Male,Jaipur,Motorola,Android,4.2,9.9,35.7,24,1.6,7690,6.9,2.9,1727,Work,0,9417,Mature High Spender,Upsell premium services
46,Other,Kolkata,Google Pixel,Android,1.5,11.6,273.5,87,3.0,8209,2.5,1.0,1879,Social Media,0,10088,Mature High Spender,Upsell premium services
27,Other,Kolkata,Samsung,iOS,7.5,42.6,59.2,43,0.6,8757,4.3,3.4,1990,Gaming,0,10747,Mature High Spender,Upsell premium services
46,Male,Mumbai,Realme,Android,4.8,18.5,114.5,195,0.5,3857,5.7,0.4,1405,Education,0,5262,Mature High Spender,Upsell premium services
43,Other,Bangalore,Motorola,iOS,8.1,34.4,275.7,135,1.7,6046,4.8,0.6,1682,Gaming,0,7728,Mature High Spender,Upsell premium services
31,Female,Chennai,Google Pixel,iOS,8.2,20.7,61.2,31,1.3,9748,4.7,2.4,1088,Work,0,10836,Mature High Spender,Upsell premium services
52,Other,Pune,Oppo,iOS,7.2,8.0,236.2,13,1.7,7628,3.1,3.1,576,Education,0,8204,Mature High Spender,Upsell premium services
35,Male,Mumbai,Vivo,Android,1.5,24.7,45.1,160,2.3,9907,4.9,3.0,989,Education,0,10896,Mature High Spender,Upsell premium services
53,Male,Bangalore,Motorola,Android,11.2,43.1,242.0,90,3.1,8292,7.0,1.3,188,Social Media,0,8480,Mature High Spender,Upsell premium services
34,Other,Delhi,Oppo,Android,1.3,47.3,33.1,85,2.6,8447,5.3,4.8,477,Work,0,8924,Mature High Spender,Upsell premium services
31,Other,Chennai,Vivo,iOS,6.6,11.3,153.1,135,0.6,6420,0.7,5.0,1942,Gaming,0,8362,Mature High Spender,Upsell premium services
45,Other,Mumbai,OnePlus,Android,11.0,21.9,175.3,31,1.8,3899,1.1,2.1,1008,Entertainment,0,4907,Mature High Spender,Upsell premium services
36,Female,Mumbai,Xiaomi,iOS,8.7,10.3,172.0,158,1.9,7855,7.1,4.3,208,Gaming,0,8063,Mature High Spender,Upsell premium services
42,Male,Bangalore,Samsung,Android,11.6,21.3,165.3,60,1.4,9756,6.5,0.8,1656,Work,0,11412,Mature High Spender,Upsell premium services
41,Male,Mumbai,Google Pixel,iOS,9.4,35.6,249.9,62,0.8,4751,0.5,0.3,880,Work,0,5631,Mature High Spender,Upsell premium services
41,Male,Bangalore,Realme,iOS,10.5,47.9,150.7,24,2.2,7872,1.8,4.5,1169,Entertainment,0,9041,Mature High Spender,Upsell premium services
39,Male,Lucknow,Realme,iOS,10.0,33.3,250.6,35,1.9,8101,1.3,4.9,1412,Education,0,9513,Mature High Spender,Upsell premium services
41,Male,Mumbai,Google Pixel,iOS,6.9,33.8,145.0,35,2.2,5099,2.7,2.4,177,Education,0,5276,Mature High Spender,Upsell premium services
54,Female,Mumbai,OnePlus,iOS,4.5,41.1,36.4,149,2.9,8280,5.0,0.2,553,Work,0,8833,Mature High Spender,Upsell premium services
50,Other,Ahmedabad,Oppo,Android,1.9,26.5,277.5,172,2.2,8721,3.2,2.6,1331,Education,0,10052,Mature High Spender,Upsell premium services
54,Female,Delhi,Samsung,Android,2.9,21.4,66.7,128,0.5,3218,3.7,4.0,1024,Gaming,0,4242,Mature High Spender,Upsell premium services
37,Male,Chennai,Realme,Android,1.5,44.9,148.0,40,0.6,5024,1.9,1.2,845,Social Media,0,5869,Mature High Spender,Upsell premium services
42,Other,Delhi,Motorola,Android,1.2,28.2,266.8,55,1.8,3662,2.0,2.5,1399,Work,0,5061,Mature High Spender,Upsell premium services
60,Other,Bangalore,Samsung,iOS,11.1,24.7,116.2,102,0.7,8190,0.9,1.0,1411,Education,0,9601,Mature High Spender,Upsell premium services
59,Female,Pune,Apple,Android,4.9,31.7,77.2,183,1.7,5846,5.3,1.2,1794,Social Media,0,7640,Mature High Spender,Upsell premium services
50,Female,Pune,Realme,Android,1.8,4.6,140.1,70,3.1,9902,2.2,3.0,487,Entertainment,0,10389,Mature High Spender,Upsell premium services
55,Female,Lucknow,Google Pixel,iOS,8.3,46.9,206.2,114,2.3,7106,0.9,4.8,1019,Entertainment,0,8125,Mature High Spender,Upsell premium services
27,Male,Bangalore,Google Pixel,iOS,7.0,24.2,82.0,145,1.1,9877,5.1,1.6,1804,Education,0,11681,Mature High Spender,Upsell premium services
26,Male,Delhi,Apple,iOS,2.1,34.3,168.7,153,1.6,8924,7.6,4.5,1293,Entertainment,0,10217,Mature High Spender,Upsell premium services
54,Female,Mumbai,Nokia,Android,1.7,16.2,248.6,141,2.8,9066,3.3,4.5,1756,Education,0,10822,Mature High Spender,Upsell premium services
41,Male,Jaipur,Motorola,iOS,4.8,7.1,29.1,158,1.9,7994,4.7,0.4,1082,Entertainment,0,9076,Mature High Spender,Upsell premium services
25,Other,Mumbai,Realme,Android,11.0,31.6,196.1,169,1.1,8130,2.1,3.1,1269,Social Media,0,9399,Mature High Spender,Upsell premium services
37,Male,Delhi,OnePlus,Android,10.6,11.6,270.1,114,1.7,7513,7.5,1.3,246,Gaming,0,7759,Mature High Spender,Upsell premium services
45,Male,Hyderabad,Realme,iOS,1.9,8.0,40.4,140,1.0,8366,7.6,0.8,113,Work,0,8479,Mature High Spender,Upsell premium services
31,Male,Mumbai,Realme,Android,10.7,42.2,113.0,71,1.1,7406,3.9,0.6,622,Education,0,8028,Mature High Spender,Upsell premium services
19,Male,Bangalore,Nokia,Android,7.3,18.0,271.7,49,1.1,9509,0.7,2.9,1984,Gaming,0,11493,Mature High Spender,Upsell premium services
21,Female,Delhi,Oppo,iOS,5.0,10.0,171.6,197,0.8,9798,7.7,4.1,1645,Entertainment,0,11443,Mature High Spender,Upsell premium services
23,Female,Delhi,OnePlus,Android,5.2,12.8,277.3,196,0.8,9643,6.7,1.6,1963,Education,0,11606,Mature High Spender,Upsell premium services
35,Female,Chennai,Oppo,iOS,10.7,45.9,258.8,20,2.6,7262,3.2,3.3,944,Gaming,0,8206,Mature High Spender,Upsell premium services
55,Female,Jaipur,Xiaomi,iOS,1.8,30.9,251.3,189,1.8,6635,2.0,4.6,1426,Work,0,8061,Mature High Spender,Upsell premium services
23,Female,Jaipur,OnePlus,Android,4.3,38.5,67.6,159,2.2,9266,4.1,1.1,124,Social Media,0,9390,Mature High Spender,Upsell premium services
20,Other,Delhi,Xiaomi,iOS,6.0,26.3,49.5,70,1.7,9294,1.9,1.8,947,Education,0,10241,Mature High Spender,Upsell premium services
52,Male,Pune,Samsung,Android,10.5,29.3,126.3,85,1.5,6741,2.8,0.9,646,Gaming,0,7387,Mature High Spender,Upsell premium services
48,Other,Chennai,Motorola,Android,1.9,5.7,236.2,174,3.4,6518,6.0,4.0,1331,Education,0,7849,Mature High Spender,Upsell premium services
29,Male,Kolkata,Google Pixel,Android,7.9,15.1,223.9,123,1.1,6496,5.0,4.7,1404,Social Media,0,7900,Mature High Spender,Upsell premium services
43,Other,Pune,Nokia,iOS,5.3,29.3,265.1,168,3.2,7610,0.8,2.5,741,Work,0,8351,Mature High Spender,Upsell premium services
24,Male,Pune,Nokia,iOS,4.4,37.8,177.1,178,0.5,5119,4.5,0.4,649,Entertainment,0,5768,Mature High Spender,Upsell premium services
40,Other,Hyderabad,OnePlus,iOS,1.9,21.9,200.7,152,2.0,3992,2.6,3.2,1947,Education,0,5939,Mature High Spender,Upsell premium services
28,Female,Pune,Oppo,iOS,7.4,46.9,21.7,66,1.1,7163,7.1,3.6,1155,Work,0,8318,Mature High Spender,Upsell premium services
55,Male,Kolkata,OnePlus,Android,5.5,37.6,98.3,152,0.7,4757,2.3,2.2,1733,Entertainment,0,6490,Mature High Spender,Upsell premium services
41,Other,Jaipur,Oppo,Android,1.8,47.0,17.2,83,1.8,7524,2.5,1.2,1130,Entertainment,0,8654,Mature High Spender,Upsell premium services
46,Other,Jaipur,Samsung,iOS,7.0,23.7,168.2,73,3.4,7236,4.9,3.1,1056,Gaming,0,8292,Mature High Spender,Upsell premium services
56,Other,Kolkata,Apple,iOS,2.1,19.6,243.4,133,1.0,3685,5.7,2.7,1180,Education,0,4865,Mature High Spender,Upsell premium services
59,Female,Kolkata,Xiaomi,Android,11.7,6.6,285.7,78,0.9,7581,1.2,4.7,1230,Social Media,0,8811,Mature High Spender,Upsell premium services
44,Male,Ahmedabad,OnePlus,iOS,10.2,50.0,291.0,61,3.4,8027,8.0,1.8,721,Work,0,8748,Mature High Spender,Upsell premium services
37,Other,Bangalore,Google Pixel,Android,6.5,39.4,206.5,13,2.1,7325,1.5,3.8,657,Gaming,0,7982,Mature High Spender,Upsell premium services
33,Female,Delhi,Google Pixel,Android,9.0,15.4,252.4,81,1.3,7522,7.6,3.6,1918,Social Media,0,9440,Mature High Spender,Upsell premium services
43,Female,Pune,Nokia,Android,5.9,47.7,128.5,151,1.8,4000,7.5,1.4,1041,Work,0,5041,Mature High Spender,Upsell premium services
49,Male,Lucknow,Oppo,iOS,1.0,37.9,211.3,196,1.1,3794,4.2,4.7,1504,Work,0,5298,Mature High Spender,Upsell premium services
40,Male,Hyderabad,Apple,iOS,3.6,35.2,185.3,95,1.0,9401,0.7,3.6,545,Education,0,9946,Mature High Spender,Upsell premium services
25,Other,Chennai,Samsung,iOS,5.3,24.8,153.3,13,2.6,6646,3.7,4.9,1513,Social Media,0,8159,Mature High Spender,Upsell premium services
39,Female,Pune,Realme,Android,5.5,27.3,136.7,50,2.5,5559,4.2,3.0,463,Work,0,6022,Mature High Spender,Upsell premium services
60,Male,Jaipur,Samsung,Android,2.2,21.5,32.1,162,1.8,7601,1.3,2.8,1113,Social Media,0,8714,Mature High Spender,Upsell premium services
47,Male,Kolkata,Vivo,iOS,1.4,49.7,74.5,45,1.7,9591,4.5,0.3,528,Social Media,0,10119,Mature High Spender,Upsell premium services
56,Male,Mumbai,Oppo,Android,1.4,9.2,262.8,92,1.0,6080,3.3,4.2,396,Gaming,0,6476,Mature High Spender,Upsell premium services
55,Other,Chennai,Apple,iOS,6.1,47.3,139.6,51,1.8,5752,6.1,4.9,1107,Social Media,0,6859,Mature High Spender,Upsell premium services
35,Female,Pune,Samsung,iOS,2.1,30.7,224.9,59,1.4,9350,5.3,3.7,1004,Work,0,10354,Mature High Spender,Upsell premium services
54,Male,Hyderabad,Xiaomi,iOS,8.5,28.2,281.5,56,3.0,7006,6.4,0.5,819,Entertainment,0,7825,Mature High Spender,Upsell premium services
49,Female,Lucknow,Nokia,iOS,5.7,49.9,28.4,32,1.1,8301,1.7,2.0,336,Entertainment,0,8637,Mature High Spender,Upsell premium services
45,Male,Hyderabad,Google Pixel,iOS,8.7,12.2,160.6,161,2.1,8216,4.8,3.3,155,Gaming,0,8371,Mature High Spender,Upsell premium services
55,Female,Mumbai,Motorola,Android,11.0,39.0,157.8,170,0.6,3781,2.8,0.5,1562,Social Media,0,5343,Mature High Spender,Upsell premium services
30,Female,Kolkata,Realme,iOS,9.1,29.4,147.7,98,0.8,8164,7.6,4.0,1286,Education,0,9450,Mature High Spender,Upsell premium services
52,Male,Chennai,OnePlus,iOS,3.1,33.0,82.6,33,0.9,7609,5.4,3.1,645,Education,0,8254,Mature High Spender,Upsell premium services
39,Male,Chennai,Google Pixel,Android,8.4,7.3,187.2,115,1.7,6175,7.8,3.6,1371,Education,0,7546,Mature High Spender,Upsell premium services
37,Other,Mumbai,Nokia,iOS,3.7,7.3,222.2,49,0.8,4248,5.8,4.6,1367,Work,0,5615,Mature High Spender,Upsell premium services
46,Male,Chennai,Apple,Android,9.0,5.8,52.9,73,1.4,5753,6.3,4.7,1047,Entertainment,0,6800,Mature High Spender,Upsell premium services
38,Male,Ahmedabad,Samsung,iOS,2.5,43.5,99.4,27,2.7,5579,3.1,3.5,206,Gaming,0,5785,Mature High Spender,Upsell premium services
19,Female,Pune,Samsung,Android,8.0,36.3,194.3,30,2.3,7375,1.4,0.4,865,Work,0,8240,Mature High Spender,Upsell premium services
40,Other,Jaipur,Apple,iOS,11.5,31.5,88.3,114,0.5,6159,2.6,4.5,1382,Work,0,7541,Mature High Spender,Upsell premium services
30,Female,Lucknow,OnePlus,Android,7.0,48.8,109.7,30,2.7,8277,2.8,0.4,521,Education,0,8798,Mature High Spender,Upsell premium services
36,Male,Chennai,Apple,Android,1.4,14.5,216.4,74,1.7,8242,7.7,1.8,505,Entertainment,0,8747,Mature High Spender,Upsell premium services
23,Other,Chennai,Samsung,iOS,10.1,37.6,6.8,115,1.3,8681,3.1,4.9,1221,Gaming,0,9902,Mature High Spender,Upsell premium services
45,Other,Delhi,Oppo,iOS,5.3,26.0,273.2,49,2.3,6999,6.4,0.3,1412,Education,0,8411,Mature High Spender,Upsell premium services
28,Male,Kolkata,Google Pixel,Android,5.3,16.5,204.7,107,2.1,9789,5.2,1.3,1685,Education,0,11474,Mature High Spender,Upsell premium services
46,Female,Chennai,Nokia,Android,11.6,34.1,23.3,160,1.5,5790,6.4,2.4,1740,Education,0,7530,Mature High Spender,Upsell premium services
49,Male,Ahmedabad,OnePlus,Android,2.0,45.8,252.1,52,3.1,9719,4.2,4.5,1129,Work,0,10848,Mature High Spender,Upsell premium services
16,Male,Mumbai,Oppo,Android,5.7,45.4,89.0,108,1.6,7132,2.2,1.1,1007,Gaming,0,8139,Mature High Spender,Upsell premium services
57,Other,Chennai,Realme,Android,9.6,11.5,141.2,129,2.4,7469,5.8,1.6,1748,Work,0,9217,Mature High Spender,Upsell premium services
32,Male,Bangalore,Samsung,Android,1.8,8.5,200.8,11,2.1,7114,4.3,1.1,1518,Gaming,0,8632,Mature High Spender,Upsell premium services
53,Other,Pune,Apple,Android,9.7,44.3,99.8,127,2.3,9921,2.1,3.2,202,Education,0,10123,Mature High Spender,Upsell premium services
57,Female,Kolkata,Xiaomi,Android,8.6,1.8,30.1,40,0.8,5781,7.6,2.2,1704,Gaming,0,7485,Mature High Spender,Upsell premium services
32,Other,Ahmedabad,Apple,iOS,7.0,47.4,149.8,68,0.6,8820,5.9,1.0,329,Gaming,0,9149,Mature High Spender,Upsell premium services
50,Male,Mumbai,Apple,Android,7.7,48.8,267.3,102,2.0,7919,0.5,2.9,1455,Gaming,0,9374,Mature High Spender,Upsell premium services
35,Male,Ahmedabad,Oppo,iOS,9.9,22.1,162.1,116,0.5,4196,3.1,1.5,1425,Education,0,5621,Mature High Spender,Upsell premium services
30,Female,Jaipur,Oppo,Android,9.9,14.5,251.5,73,1.0,4811,7.9,2.8,1112,Work,0,5923,Mature High Spender,Upsell premium services
57,Male,Delhi,Samsung,Android,9.3,17.1,192.7,127,3.6,9765,1.7,2.0,1815,Education,0,11580,Mature High Spender,Upsell premium services
29,Female,Lucknow,OnePlus,iOS,8.8,36.4,234.9,186,1.8,6822,3.2,1.8,141,Education,0,6963,Mature High Spender,Upsell premium services
24,Other,Ahmedabad,Realme,Android,2.2,10.6,180.8,28,1.1,5697,7.7,0.2,266,Social Media,0,5963,Mature High Spender,Upsell premium services
24,Other,Pune,OnePlus,Android,2.0,34.9,193.2,91,0.9,9829,1.2,1.4,1807,Work,0,11636,Mature High Spender,Upsell premium services
38,Female,Jaipur,Xiaomi,Android,4.6,14.0,213.7,15,1.7,9814,2.6,4.4,1375,Gaming,0,11189,Mature High Spender,Upsell premium services
59,Female,Kolkata,Vivo,iOS,7.0,2.1,95.9,159,3.4,9066,7.2,1.5,1810,Gaming,0,10876,Mature High Spender,Upsell premium services
25,Male,Delhi,Oppo,iOS,6.1,17.7,193.4,87,2.9,7062,4.3,0.1,1836,Education,0,8898,Mature High Spender,Upsell premium services
33,Other,Pune,OnePlus,Android,9.4,17.4,50.5,16,0.6,6639,3.6,3.7,1467,Education,0,8106,Mature High Spender,Upsell premium services
36,Female,Delhi,Vivo,Android,7.3,17.2,193.8,17,3.2,5835,1.2,5.0,1746,Entertainment,0,7581,Mature High Spender,Upsell premium services
54,Female,Lucknow,Motorola,Android,10.7,46.7,189.8,199,1.5,6978,1.2,3.6,583,Work,0,7561,Mature High Spender,Upsell premium services
59,Female,Lucknow,Google Pixel,iOS,2.4,42.2,269.3,103,3.4,8877,1.7,0.1,143,Entertainment,0,9020,Mature High Spender,Upsell premium services
49,Female,Pune,Xiaomi,iOS,8.8,36.2,139.0,118,0.5,4116,4.1,3.8,1324,Work,0,5440,Mature High Spender,Upsell premium services
38,Male,Kolkata,OnePlus,Android,3.6,17.3,205.0,61,1.3,9364,2.4,1.4,1472,Education,0,10836,Mature High Spender,Upsell premium services
34,Other,Hyderabad,Xiaomi,iOS,2.1,15.5,90.2,112,1.3,4235,7.5,4.7,1855,Education,0,6090,Mature High Spender,Upsell premium services
42,Female,Lucknow,Oppo,iOS,9.6,5.7,299.3,130,1.7,7896,1.1,4.0,1277,Work,0,9173,Mature High Spender,Upsell premium services
50,Female,Pune,Xiaomi,iOS,9.5,16.6,56.1,44,1.0,7473,0.9,2.1,1578,Gaming,0,9051,Mature High Spender,Upsell premium services
58,Other,Jaipur,OnePlus,Android,5.0,36.9,285.4,117,1.7,7010,1.7,0.7,425,Social Media,0,7435,Mature High Spender,Upsell premium services
55,Male,Jaipur,Realme,Android,9.3,34.9,7.8,86,0.8,9664,1.5,1.9,1525,Social Media,0,11189,Mature High Spender,Upsell premium services
55,Other,Hyderabad,OnePlus,Android,1.7,16.6,171.7,167,1.2,6757,1.6,4.6,728,Gaming,0,7485,Mature High Spender,Upsell premium services
30,Male,Delhi,Realme,iOS,6.3,33.3,73.2,156,1.4,9117,2.4,4.6,892,Entertainment,0,10009,Mature High Spender,Upsell premium services
29,Other,Hyderabad,Nokia,Android,5.9,27.3,78.6,115,1.2,8466,7.4,0.6,1872,Social Media,0,10338,Mature High Spender,Upsell premium services
35,Male,Jaipur,Oppo,Android,9.4,26.4,34.0,52,2.2,8168,3.4,1.5,1558,Work,0,9726,Mature High Spender,Upsell premium services
22,Other,Mumbai,Realme,iOS,4.4,28.3,277.2,50,2.9,8297,2.9,2.7,527,Work,0,8824,Mature High Spender,Upsell premium services
28,Other,Jaipur,Nokia,Android,7.6,47.2,164.1,181,2.6,8654,6.0,1.0,960,Work,0,9614,Mature High Spender,Upsell premium services
39,Other,Ahmedabad,Apple,iOS,7.7,11.5,129.5,83,1.5,9868,3.4,0.4,1700,Entertainment,0,11568,Mature High Spender,Upsell premium services
53,Female,Hyderabad,Realme,iOS,1.8,44.8,279.7,87,1.7,5963,0.8,1.1,1085,Entertainment,0,7048,Mature High Spender,Upsell premium services
30,Female,Pune,Oppo,iOS,1.8,8.9,97.4,89,0.5,8017,7.0,4.7,1266,Entertainment,0,9283,Mature High Spender,Upsell premium services
48,Other,Chennai,Oppo,iOS,10.7,10.9,276.4,93,1.1,9140,6.7,1.8,1857,Social Media,0,10997,Mature High Spender,Upsell premium services
53,Male,Jaipur,Apple,iOS,10.5,36.1,208.9,55,0.6,5556,3.9,3.1,110,Gaming,0,5666,Mature High Spender,Upsell premium services
30,Male,Kolkata,Apple,Android,7.9,18.9,5.3,102,0.7,4871,2.3,0.8,219,Social Media,0,5090,Mature High Spender,Upsell premium services
17,Female,Bangalore,Apple,Android,6.4,49.9,30.1,158,1.8,9930,6.7,0.7,208,Social Media,0,10138,Mature High Spender,Upsell premium services
20,Other,Kolkata,Apple,iOS,8.0,40.0,218.4,93,1.6,7314,3.4,3.8,1620,Gaming,0,8934,Mature High Spender,Upsell premium services
31,Female,Delhi,Vivo,iOS,7.9,37.7,99.2,33,1.0,5113,2.0,4.5,1038,Work,0,6151,Mature High Spender,Upsell premium services
32,Female,Delhi,OnePlus,Android,11.8,22.5,296.0,132,2.1,9918,7.5,0.9,1494,Work,0,11412,Mature High Spender,Upsell premium services
34,Female,Delhi,Google Pixel,iOS,1.5,28.8,271.9,58,1.0,8058,6.3,0.5,428,Education,0,8486,Mature High Spender,Upsell premium services
30,Other,Chennai,OnePlus,iOS,11.2,19.1,246.0,176,2.8,7011,6.5,1.0,1348,Entertainment,0,8359,Mature High Spender,Upsell premium services
54,Male,Kolkata,Nokia,iOS,8.0,29.0,133.3,198,2.5,7775,7.3,1.4,1393,Entertainment,0,9168,Mature High Spender,Upsell premium services
46,Male,Delhi,Samsung,Android,11.0,1.9,16.9,143,1.3,9287,2.3,3.2,466,Education,0,9753,Mature High Spender,Upsell premium services
52,Female,Lucknow,Apple,Android,4.1,6.0,135.0,171,1.5,5746,4.7,4.5,1745,Education,0,7491,Mature High Spender,Upsell premium services
45,Other,Bangalore,Vivo,iOS,10.7,25.8,106.3,108,0.8,5242,0.6,4.7,1449,Social Media,0,6691,Mature High Spender,Upsell premium services
33,Other,Kolkata,Nokia,Android,11.9,7.2,129.7,115,2.2,8208,3.9,2.0,104,Social Media,0,8312,Mature High Spender,Upsell premium services
58,Male,Jaipur,Realme,iOS,7.9,5.5,297.4,149,3.8,9295,1.6,0.9,507,Education,0,9802,Mature High Spender,Upsell premium services
40,Other,Jaipur,Google Pixel,Android,8.3,47.0,5.4,171,0.7,3501,6.8,0.3,1251,Work,0,4752,Mature High Spender,Upsell premium services
32,Other,Delhi,Vivo,Android,7.6,5.0,16.3,168,1.0,6303,2.4,3.3,1676,Gaming,0,7979,Mature High Spender,Upsell premium services
32,Other,Kolkata,Vivo,Android,9.2,27.7,140.4,109,0.6,3958,7.4,2.4,1574,Gaming,0,5532,Mature High Spender,Upsell premium services
53,Male,Mumbai,Google Pixel,iOS,8.5,29.0,290.6,111,3.2,7501,7.2,0.3,1916,Education,0,9417,Mature High Spender,Upsell premium services
43,Female,Kolkata,Xiaomi,iOS,7.4,9.4,144.3,32,2.8,7920,3.0,1.0,940,Social Media,0,8860,Mature High Spender,Upsell premium services
39,Other,Kolkata,Motorola,iOS,2.7,36.0,234.7,79,3.2,8909,0.5,1.8,778,Education,0,9687,Mature High Spender,Upsell premium services
57,Female,Chennai,Google Pixel,iOS,1.5,30.7,146.6,24,1.4,5988,1.9,4.8,278,Work,0,6266,Mature High Spender,Upsell premium services
49,Male,Ahmedabad,Apple,iOS,10.6,5.4,16.3,159,0.9,6438,1.6,1.1,1479,Gaming,0,7917,Mature High Spender,Upsell premium services
55,Other,Bangalore,Vivo,Android,4.0,23.6,25.4,90,2.0,8384,2.5,0.9,323,Entertainment,0,8707,Mature High Spender,Upsell premium services
15,Male,Ahmedabad,Nokia,iOS,1.4,20.6,104.3,144,1.0,7726,4.5,0.8,1394,Social Media,0,9120,Mature High Spender,Upsell premium services
49,Male,Pune,Nokia,Android,3.8,18.0,60.8,101,1.3,9283,6.7,1.0,1950,Education,0,11233,Mature High Spender,Upsell premium services
45,Other,Mumbai,Motorola,Android,5.1,43.3,206.8,67,2.5,5630,1.1,0.9,195,Entertainment,0,5825,Mature High Spender,Upsell premium services
19,Female,Pune,Realme,iOS,9.7,38.1,117.7,31,2.0,8187,0.9,0.0,446,Work,0,8633,Mature High Spender,Upsell premium services
18,Other,Delhi,OnePlus,Android,10.6,1.9,273.0,43,2.6,8848,2.2,4.9,1618,Education,0,10466,Mature High Spender,Upsell premium services
33,Male,Ahmedabad,Realme,iOS,8.0,20.3,275.6,136,2.6,7647,7.2,1.9,1465,Education,0,9112,Mature High Spender,Upsell premium services
58,Other,Hyderabad,Motorola,Android,8.2,19.4,142.9,39,2.0,9231,1.6,3.8,1488,Entertainment,0,10719,Mature High Spender,Upsell premium services
57,Other,Jaipur,Xiaomi,Android,10.7,21.3,269.7,125,1.9,8108,2.6,1.1,424,Work,0,8532,Mature High Spender,Upsell premium services
53,Female,Lucknow,Oppo,iOS,2.5,20.6,251.5,24,2.3,9934,6.5,4.6,401,Education,0,10335,Mature High Spender,Upsell premium services
36,Male,Jaipur,OnePlus,iOS,5.6,10.1,62.6,106,1.7,8116,6.1,3.9,700,Entertainment,0,8816,Mature High Spender,Upsell premium services
19,Male,Hyderabad,Nokia,iOS,4.8,24.9,97.4,33,0.7,9788,4.5,1.3,1113,Work,0,10901,Mature High Spender,Upsell premium services
37,Female,Delhi,Vivo,iOS,10.9,20.8,77.0,69,3.0,6777,2.8,4.7,434,Education,0,7211,Mature High Spender,Upsell premium services
46,Male,Chennai,OnePlus,iOS,10.3,47.3,96.1,87,2.3,6701,3.4,4.9,291,Work,0,6992,Mature High Spender,Upsell premium services
50,Male,Kolkata,OnePlus,iOS,9.0,30.4,49.0,72,1.6,6846,6.4,4.1,860,Entertainment,0,7706,Mature High Spender,Upsell premium services
58,Male,Mumbai,Vivo,iOS,6.0,16.2,5.1,36,1.1,7251,2.8,2.3,456,Education,0,7707,Mature High Spender,Upsell premium services
44,Male,Jaipur,Nokia,Android,1.9,23.9,39.9,142,1.1,5766,2.7,0.4,425,Entertainment,0,6191,Mature High Spender,Upsell premium services
19,Male,Lucknow,Vivo,iOS,5.9,48.7,141.4,177,2.4,8600,6.1,2.7,703,Entertainment,0,9303,Mature High Spender,Upsell premium services
45,Male,Lucknow,Oppo,iOS,8.1,11.3,211.8,87,3.2,6693,0.7,4.5,680,Education,0,7373,Mature High Spender,Upsell premium services
53,Male,Bangalore,Apple,iOS,4.9,7.5,208.4,55,0.7,3821,1.4,4.3,1065,Gaming,0,4886,Mature High Spender,Upsell premium services
47,Other,Mumbai,OnePlus,Android,7.0,44.5,220.4,21,2.0,9639,6.3,3.0,135,Education,0,9774,Mature High Spender,Upsell premium services
46,Female,Lucknow,Nokia,iOS,9.1,25.7,278.2,100,2.1,8079,2.5,1.3,991,Gaming,0,9070,Mature High Spender,Upsell premium services
32,Other,Kolkata,Nokia,Android,11.2,43.3,138.7,53,2.1,7531,2.4,1.9,1821,Education,0,9352,Mature High Spender,Upsell premium services
60,Female,Hyderabad,Apple,Android,5.3,9.5,123.1,15,0.9,4710,4.0,0.2,616,Gaming,0,5326,Mature High Spender,Upsell premium services
41,Other,Jaipur,Realme,iOS,4.5,15.9,129.5,91,0.6,2941,2.4,1.2,1448,Entertainment,0,4389,Mature High Spender,Upsell premium services
34,Male,Chennai,Xiaomi,Android,10.1,18.7,14.0,181,2.0,5768,2.7,0.2,1962,Social Media,0,7730,Mature High Spender,Upsell premium services
38,Other,Kolkata,OnePlus,iOS,7.4,43.1,283.5,160,3.4,6724,0.7,2.3,1737,Gaming,0,8461,Mature High Spender,Upsell premium services
23,Female,Mumbai,OnePlus,iOS,6.4,8.9,42.8,40,0.5,8288,4.4,1.4,1884,Work,0,10172,Mature High Spender,Upsell premium services
45,Female,Hyderabad,OnePlus,Android,7.3,13.6,137.7,21,0.9,2907,1.5,1.5,1937,Education,0,4844,Mature High Spender,Upsell premium services
58,Male,Lucknow,Apple,iOS,11.3,24.0,123.5,11,0.9,7973,6.0,1.6,1984,Gaming,0,9957,Mature High Spender,Upsell premium services
30,Male,Jaipur,Google Pixel,iOS,7.2,28.0,89.1,178,2.4,9621,7.5,4.2,622,Education,0,10243,Mature High Spender,Upsell premium services
52,Female,Bangalore,Samsung,Android,8.4,40.4,30.1,60,0.6,4224,4.0,2.7,1726,Gaming,0,5950,Mature High Spender,Upsell premium services
48,Male,Lucknow,Samsung,Android,4.2,37.0,137.9,186,0.9,7495,5.3,4.9,1435,Gaming,0,8930,Mature High Spender,Upsell premium services
48,Other,Pune,Realme,iOS,8.9,44.7,174.4,71,2.0,9400,3.8,2.5,1060,Social Media,0,10460,Mature High Spender,Upsell premium services
25,Other,Pune,Realme,iOS,11.0,28.3,85.2,179,1.2,5763,0.8,3.7,781,Education,0,6544,Mature High Spender,Upsell premium services
45,Female,Mumbai,Oppo,iOS,3.2,47.0,160.4,53,2.9,7015,7.4,3.5,1120,Work,0,8135,Mature High Spender,Upsell premium services
31,Other,Bangalore,Google Pixel,Android,10.8,17.4,288.7,178,1.6,7077,7.7,3.1,383,Work,0,7460,Mature High Spender,Upsell premium services
31,Female,Jaipur,Xiaomi,iOS,7.7,41.0,40.0,11,2.1,7104,4.2,3.0,848,Work,0,7952,Mature High Spender,Upsell premium services
43,Female,Hyderabad,Realme,Android,3.1,12.8,5.5,135,3.0,7559,4.2,2.5,1381,Gaming,0,8940,Mature High Spender,Upsell premium services
60,Male,Bangalore,Samsung,iOS,5.5,33.8,17.1,89,1.0,5797,1.5,1.0,892,Gaming,0,6689,Mature High Spender,Upsell premium services
37,Male,Mumbai,Apple,iOS,1.9,9.5,45.8,44,0.9,5769,3.6,0.1,771,Entertainment,0,6540,Mature High Spender,Upsell premium services
25,Female,Mumbai,Nokia,iOS,1.4,20.2,129.2,91,1.5,6805,2.1,4.5,602,Work,0,7407,Mature High Spender,Upsell premium services
27,Male,Delhi,Nokia,Android,11.6,31.8,258.4,186,2.5,9050,3.9,3.6,1749,Work,0,10799,Mature High Spender,Upsell premium services
53,Female,Pune,Realme,iOS,1.4,44.9,91.1,193,2.3,5557,5.3,4.0,883,Gaming,0,6440,Mature High Spender,Upsell premium services
46,Female,Mumbai,OnePlus,Android,11.5,17.4,72.8,194,1.6,4716,1.1,2.5,1975,Social Media,0,6691,Mature High Spender,Upsell premium services
45,Female,Kolkata,Motorola,iOS,1.2,48.7,291.4,19,1.5,5460,5.8,1.1,325,Work,0,5785,Mature High Spender,Upsell premium services
53,Other,Kolkata,Motorola,Android,6.7,9.3,69.1,151,2.3,5467,3.5,2.0,1707,Gaming,0,7174,Mature High Spender,Upsell premium services
46,Other,Ahmedabad,Samsung,iOS,3.3,26.5,126.9,44,2.7,6803,3.5,2.9,1414,Education,0,8217,Mature High Spender,Upsell premium services
33,Male,Jaipur,Vivo,Android,4.3,1.5,235.1,95,1.3,8730,5.4,4.4,265,Work,0,8995,Mature High Spender,Upsell premium services
40,Male,Hyderabad,Apple,Android,2.5,7.6,295.7,166,1.7,5086,6.1,1.5,740,Gaming,0,5826,Mature High Spender,Upsell premium services
57,Male,Kolkata,OnePlus,Android,1.5,41.5,185.1,170,0.8,4175,3.7,0.6,1476,Education,0,5651,Mature High Spender,Upsell premium services
54,Other,Pune,Nokia,Android,8.2,3.7,165.9,124,3.5,8148,6.6,0.6,623,Work,0,8771,Mature High Spender,Upsell premium services
38,Male,Mumbai,Google Pixel,iOS,8.3,15.1,124.3,191,2.2,8528,2.2,3.1,1793,Education,0,10321,Mature High Spender,Upsell premium services
58,Male,Chennai,OnePlus,iOS,11.6,23.6,66.1,79,2.6,6867,7.2,4.3,402,Social Media,0,7269,Mature High Spender,Upsell premium services
33,Male,Mumbai,Apple,iOS,11.8,43.6,224.7,161,2.3,5816,7.1,2.2,1751,Education,0,7567,Mature High Spender,Upsell premium services
31,Other,Ahmedabad,Google Pixel,Android,9.7,26.3,105.3,59,1.5,7386,5.8,3.6,957,Entertainment,0,8343,Mature High Spender,Upsell premium services
35,Other,Mumbai,Xiaomi,Android,9.7,48.8,158.3,160,3.1,8585,6.1,3.2,735,Entertainment,0,9320,Mature High Spender,Upsell premium services
45,Male,Mumbai,Nokia,Android,11.1,35.4,291.1,158,0.9,9186,6.0,4.5,1767,Education,0,10953,Mature High Spender,Upsell premium services
52,Other,Mumbai,Realme,Android,7.6,22.9,35.8,68,2.9,6258,7.2,0.9,133,Gaming,0,6391,Mature High Spender,Upsell premium services
43,Male,Jaipur,Xiaomi,iOS,9.8,4.1,227.5,188,3.1,8864,5.1,0.4,750,Entertainment,0,9614,Mature High Spender,Upsell premium services
22,Female,Jaipur,Nokia,iOS,6.6,18.0,245.5,194,1.0,9509,5.1,3.5,1639,Entertainment,0,11148,Mature High Spender,Upsell premium services
42,Female,Mumbai,Apple,Android,1.6,44.8,209.1,190,2.8,7037,5.3,2.7,104,Gaming,0,7141,Mature High Spender,Upsell premium services
38,Female,Hyderabad,Samsung,iOS,2.1,26.1,63.7,172,2.6,6115,4.1,4.0,293,Social Media,0,6408,Mature High Spender,Upsell premium services
56,Other,Bangalore,Nokia,Android,3.0,24.7,136.2,175,0.5,9817,5.1,1.4,1964,Gaming,0,11781,Mature High Spender,Upsell premium services
45,Female,Delhi,Realme,iOS,9.7,23.3,265.4,76,1.4,7991,2.4,3.2,1741,Gaming,0,9732,Mature High Spender,Upsell premium services
41,Male,Pune,Realme,iOS,8.0,17.6,37.7,53,1.7,4838,2.6,4.9,657,Social Media,0,5495,Mature High Spender,Upsell premium services
27,Other,Lucknow,Motorola,iOS,8.7,15.1,132.9,32,1.1,5498,7.0,0.9,1326,Entertainment,0,6824,Mature High Spender,Upsell premium services
53,Other,Ahmedabad,OnePlus,Android,11.3,1.8,215.7,185,3.6,6936,3.2,3.4,843,Education,0,7779,Mature High Spender,Upsell premium services
44,Other,Lucknow,Samsung,Android,1.5,40.5,89.4,129,0.8,2577,2.4,1.7,898,Gaming,0,3475,Mature High Spender,Upsell premium services
50,Male,Ahmedabad,Oppo,iOS,8.5,18.3,177.0,165,2.3,7934,5.7,5.0,1820,Entertainment,0,9754,Mature High Spender,Upsell premium services
24,Other,Bangalore,Apple,iOS,8.9,1.5,142.7,58,2.0,8755,1.8,4.4,310,Social Media,0,9065,Mature High Spender,Upsell premium services
55,Other,Lucknow,Vivo,iOS,2.0,14.8,273.5,67,1.1,4073,5.6,4.0,1523,Social Media,0,5596,Mature High Spender,Upsell premium services
36,Female,Hyderabad,Nokia,iOS,2.4,9.1,273.8,181,3.2,9413,3.0,1.3,1935,Education,0,11348,Mature High Spender,Upsell premium services
57,Other,Lucknow,Motorola,Android,2.7,37.0,140.7,79,0.9,8746,2.5,0.3,657,Social Media,0,9403,Mature High Spender,Upsell premium services
53,Male,Delhi,Motorola,Android,1.5,48.6,281.0,42,0.8,3330,4.7,2.1,255,Gaming,0,3585,Mature High Spender,Upsell premium services
20,Other,Delhi,Samsung,iOS,2.6,16.6,146.2,161,0.7,7496,3.3,3.7,255,Gaming,0,7751,Mature High Spender,Upsell premium services
18,Other,Chennai,Apple,Android,7.2,20.3,137.7,119,1.3,8034,2.8,1.9,1451,Work,0,9485,Mature High Spender,Upsell premium services
40,Female,Mumbai,Samsung,Android,11.5,37.2,257.8,127,3.4,8191,3.5,1.0,1907,Work,0,10098,Mature High Spender,Upsell premium services
22,Other,Mumbai,Samsung,iOS,5.1,26.6,299.9,72,1.0,9644,6.1,1.1,564,Work,0,10208,Mature High Spender,Upsell premium services
20,Male,Kolkata,Oppo,Android,2.4,25.4,29.7,106,1.3,9389,1.3,0.5,1283,Education,0,10672,Mature High Spender,Upsell premium services
30,Female,Lucknow,Nokia,Android,7.8,7.1,11.7,99,1.2,9882,3.0,2.1,202,Gaming,0,10084,Mature High Spender,Upsell premium services
24,Male,Ahmedabad,Nokia,Android,2.4,19.5,168.4,122,2.7,7474,6.3,4.7,1860,Entertainment,0,9334,Mature High Spender,Upsell premium services
56,Other,Mumbai,Realme,Android,4.6,6.3,137.5,158,0.9,5470,3.0,2.2,1008,Gaming,0,6478,Mature High Spender,Upsell premium services
59,Female,Kolkata,Apple,Android,1.3,31.9,162.1,160,2.2,8963,4.3,4.5,1578,Education,0,10541,Mature High Spender,Upsell premium services
56,Other,Ahmedabad,Google Pixel,Android,10.8,40.0,287.1,37,1.9,5952,1.1,3.4,1423,Gaming,0,7375,Mature High Spender,Upsell premium services
25,Other,Ahmedabad,Google Pixel,Android,6.4,24.4,131.7,96,2.8,9969,4.0,1.4,1337,Social Media,0,11306,Mature High Spender,Upsell premium services
22,Other,Bangalore,Apple,Android,6.9,19.3,5.3,27,1.9,7936,6.6,4.1,1234,Social Media,0,9170,Mature High Spender,Upsell premium services
51,Male,Mumbai,Google Pixel,iOS,7.7,16.3,296.9,33,3.3,6934,2.9,3.3,734,Education,0,7668,Mature High Spender,Upsell premium services
57,Other,Mumbai,Apple,iOS,5.3,3.0,70.6,139,0.6,3933,2.9,1.2,729,Gaming,0,4662,Mature High Spender,Upsell premium services
40,Other,Chennai,Apple,iOS,8.0,2.4,24.5,135,2.3,6989,2.4,1.9,1769,Gaming,0,8758,Mature High Spender,Upsell premium services
41,Female,Hyderabad,OnePlus,Android,7.0,44.9,259.8,96,1.6,5896,7.9,5.0,1642,Education,0,7538,Mature High Spender,Upsell premium services
27,Other,Ahmedabad,Realme,iOS,5.1,24.9,175.1,23,2.6,8343,6.5,4.1,731,Entertainment,0,9074,Mature High Spender,Upsell premium services
24,Female,Mumbai,Realme,Android,1.3,40.9,19.1,126,1.1,9730,2.1,4.5,393,Education,0,10123,Mature High Spender,Upsell premium services
24,Male,Jaipur,Google Pixel,iOS,10.8,48.3,29.3,180,2.3,7129,2.9,0.8,1434,Work,0,8563,Mature High Spender,Upsell premium services
33,Male,Bangalore,Apple,Android,8.4,47.2,295.1,172,2.6,9500,6.5,5.0,689,Social Media,0,10189,Mature High Spender,Upsell premium services
44,Female,Pune,Apple,Android,9.7,26.4,156.9,11,2.3,7003,3.9,4.0,1363,Gaming,0,8366,Mature High Spender,Upsell premium services
19,Male,Jaipur,Vivo,iOS,11.8,45.3,98.0,169,1.0,6554,3.8,1.4,1943,Social Media,0,8497,Mature High Spender,Upsell premium services
59,Male,Kolkata,Google Pixel,Android,1.4,12.6,235.9,129,2.5,7280,4.2,0.8,1993,Work,0,9273,Mature High Spender,Upsell premium services
20,Other,Delhi,Vivo,Android,8.6,19.7,141.3,169,2.5,7478,6.2,1.7,1867,Entertainment,0,9345,Mature High Spender,Upsell premium services
60,Male,Mumbai,Samsung,iOS,9.7,45.3,89.9,59,2.4,7860,7.6,2.3,1981,Entertainment,0,9841,Mature High Spender,Upsell premium services
30,Female,Pune,Google Pixel,Android,11.4,1.6,85.6,89,2.7,8169,4.4,4.7,1360,Entertainment,0,9529,Mature High Spender,Upsell premium services
59,Female,Kolkata,Apple,iOS,3.0,20.6,276.1,74,2.3,7898,5.3,0.0,289,Gaming,0,8187,Mature High Spender,Upsell premium services
15,Other,Chennai,OnePlus,Android,4.5,40.4,88.6,142,2.1,9928,7.4,2.0,594,Education,0,10522,Mature High Spender,Upsell premium services
28,Female,Ahmedabad,Xiaomi,Android,2.5,29.9,34.6,32,0.9,7905,5.3,4.9,185,Entertainment,0,8090,Mature High Spender,Upsell premium services
35,Female,Pune,Motorola,Android,10.1,10.4,123.3,12,2.5,7817,3.8,4.1,1256,Entertainment,0,9073,Mature High Spender,Upsell premium services
52,Other,Pune,Vivo,iOS,5.0,15.4,212.5,24,0.9,9217,1.4,5.0,1445,Entertainment,0,10662,Mature High Spender,Upsell premium services
56,Other,Jaipur,Motorola,iOS,4.8,9.8,18.2,147,2.3,8420,5.6,1.5,1569,Entertainment,0,9989,Mature High Spender,Upsell premium services
50,Female,Mumbai,Samsung,iOS,2.4,46.8,255.8,171,3.7,7944,1.2,1.2,950,Social Media,0,8894,Mature High Spender,Upsell premium services
59,Other,Pune,Nokia,iOS,3.6,47.3,181.5,182,2.4,5988,3.8,2.1,1391,Education,0,7379,Mature High Spender,Upsell premium services
19,Female,Chennai,Apple,Android,3.8,36.0,135.3,193,1.3,9441,2.3,0.1,1796,Education,0,11237,Mature High Spender,Upsell premium services
36,Female,Delhi,Oppo,iOS,9.4,48.4,15.5,165,2.1,8416,4.1,3.7,1000,Work,0,9416,Mature High Spender,Upsell premium services
23,Male,Delhi,Motorola,iOS,6.7,6.2,258.1,42,2.9,9316,1.0,4.1,1229,Gaming,0,10545,Mature High Spender,Upsell premium services
55,Male,Kolkata,Realme,iOS,4.7,20.5,210.8,104,3.3,9197,6.3,0.9,440,Social Media,0,9637,Mature High Spender,Upsell premium services
45,Female,Kolkata,Oppo,Android,11.6,22.0,94.1,160,1.3,4825,0.8,2.0,256,Work,0,5081,Mature High Spender,Upsell premium services
60,Male,Delhi,Motorola,Android,10.4,31.5,69.5,47,0.6,5846,2.1,4.5,1343,Education,0,7189,Mature High Spender,Upsell premium services
57,Other,Mumbai,Oppo,Android,5.3,5.9,217.8,91,1.0,6921,1.7,4.1,243,Social Media,0,7164,Mature High Spender,Upsell premium services
56,Female,Ahmedabad,Xiaomi,iOS,2.9,36.5,183.2,77,3.3,9377,3.6,3.7,830,Work,0,10207,Mature High Spender,Upsell premium services
28,Female,Mumbai,Xiaomi,iOS,4.8,48.1,94.5,33,2.0,7736,7.8,2.1,1970,Gaming,0,9706,Mature High Spender,Upsell premium services
49,Other,Hyderabad,Samsung,iOS,10.3,23.3,137.9,43,0.7,4166,3.0,2.3,139,Education,0,4305,Mature High Spender,Upsell premium services
38,Male,Mumbai,Vivo,Android,4.3,33.1,149.6,120,1.8,4095,3.5,0.8,1777,Gaming,0,5872,Mature High Spender,Upsell premium services
54,Other,Ahmedabad,Apple,Android,5.2,25.3,43.0,39,1.0,8487,2.3,3.7,315,Gaming,0,8802,Mature High Spender,Upsell premium services
44,Other,Pune,Samsung,Android,9.5,47.7,184.5,23,1.3,8392,6.7,2.4,1287,Work,0,9679,Mature High Spender,Upsell premium services
33,Female,Pune,Xiaomi,Android,8.2,32.9,158.2,177,2.2,8409,5.8,4.9,560,Work,0,8969,Mature High Spender,Upsell premium services
58,Male,Mumbai,Vivo,Android,6.9,6.7,128.4,183,2.9,7294,5.8,4.5,209,Education,0,7503,Mature High Spender,Upsell premium services
39,Other,Mumbai,Vivo,Android,1.9,37.2,224.3,128,1.8,9134,4.0,0.6,954,Work,0,10088,Mature High Spender,Upsell premium services
39,Other,Mumbai,Apple,Android,3.2,4.8,178.6,141,1.7,7972,5.4,0.0,961,Entertainment,0,8933,Mature High Spender,Upsell premium services
34,Male,Ahmedabad,Xiaomi,Android,1.0,49.8,89.6,24,0.7,5068,4.3,3.3,1830,Gaming,0,6898,Mature High Spender,Upsell premium services
48,Female,Ahmedabad,Vivo,iOS,9.3,13.4,132.4,179,3.2,8558,5.7,1.0,1696,Gaming,0,10254,Mature High Spender,Upsell premium services
39,Male,Delhi,Vivo,iOS,8.5,24.6,60.9,93,2.2,4633,0.6,1.6,521,Entertainment,0,5154,Mature High Spender,Upsell premium services
43,Other,Bangalore,Samsung,iOS,2.2,8.0,163.0,135,2.6,8408,1.3,0.1,1262,Education,0,9670,Mature High Spender,Upsell premium services
28,Male,Lucknow,Nokia,Android,7.9,4.7,178.2,69,2.4,7547,4.0,3.3,1242,Social Media,0,8789,Mature High Spender,Upsell premium services
56,Male,Mumbai,Oppo,Android,8.8,19.3,156.7,108,1.2,9768,7.7,2.8,260,Gaming,0,10028,Mature High Spender,Upsell premium services
56,Other,Kolkata,Realme,iOS,4.5,4.4,121.4,128,1.4,7586,0.6,3.8,1702,Education,0,9288,Mature High Spender,Upsell premium services
35,Other,Delhi,Apple,Android,9.5,40.7,99.5,109,2.2,6954,5.9,0.3,1723,Social Media,0,8677,Mature High Spender,Upsell premium services
34,Other,Bangalore,Google Pixel,Android,8.0,35.8,183.0,87,1.7,4470,6.3,0.8,1350,Gaming,0,5820,Mature High Spender,Upsell premium services
53,Female,Chennai,Vivo,Android,2.1,16.8,68.2,58,0.7,4394,1.5,4.6,411,Education,0,4805,Mature High Spender,Upsell premium services
55,Female,Jaipur,Vivo,Android,10.3,12.8,119.3,126,0.7,5488,5.6,0.2,1985,Gaming,0,7473,Mature High Spender,Upsell premium services
60,Female,Chennai,Samsung,Android,11.0,12.3,118.6,117,1.4,4877,5.7,2.6,821,Work,0,5698,Mature High Spender,Upsell premium services
47,Other,Jaipur,OnePlus,Android,5.5,6.7,222.7,117,3.4,7645,3.2,0.1,501,Entertainment,0,8146,Mature High Spender,Upsell premium services
42,Female,Kolkata,Nokia,iOS,4.4,45.9,94.8,57,1.9,7704,2.0,1.1,562,Social Media,0,8266,Mature High Spender,Upsell premium services
60,Female,Lucknow,Motorola,Android,5.4,2.6,282.1,54,2.5,8103,2.0,3.7,320,Entertainment,0,8423,Mature High Spender,Upsell premium services
43,Female,Delhi,Google Pixel,Android,1.9,12.7,95.3,136,2.5,9284,4.5,3.9,1040,Social Media,0,10324,Mature High Spender,Upsell premium services
45,Other,Delhi,Xiaomi,Android,1.7,15.5,68.5,113,2.8,9778,5.3,4.3,1516,Work,0,11294,Mature High Spender,Upsell premium services
35,Female,Lucknow,Motorola,Android,11.2,8.7,266.5,67,2.0,5777,4.5,0.2,136,Education,0,5913,Mature High Spender,Upsell premium services
54,Female,Chennai,Google Pixel,iOS,9.1,46.8,157.3,126,1.0,8137,6.9,1.1,1073,Gaming,0,9210,Mature High Spender,Upsell premium services
36,Male,Bangalore,OnePlus,Android,11.3,4.3,96.2,152,1.9,5583,3.1,4.8,1251,Work,0,6834,Mature High Spender,Upsell premium services
37,Other,Delhi,Xiaomi,iOS,10.3,1.8,102.1,188,2.9,9021,4.7,1.5,1414,Education,0,10435,Mature High Spender,Upsell premium services
22,Female,Bangalore,Oppo,Android,6.6,48.2,173.2,180,2.2,6944,0.8,0.9,577,Gaming,0,7521,Mature High Spender,Upsell premium services
52,Female,Pune,Vivo,iOS,6.6,17.3,7.1,106,1.2,5877,0.8,4.4,1581,Work,0,7458,Mature High Spender,Upsell premium services
26,Female,Pune,Motorola,iOS,2.5,28.2,211.7,59,1.0,5144,3.0,2.1,1430,Education,0,6574,Mature High Spender,Upsell premium services
42,Other,Jaipur,Samsung,iOS,1.9,39.7,211.5,137,1.5,9765,5.6,4.5,1826,Work,0,11591,Mature High Spender,Upsell premium services
28,Other,Chennai,Samsung,iOS,1.1,17.5,297.4,16,1.2,5636,5.8,4.9,691,Work,0,6327,Mature High Spender,Upsell premium services
23,Other,Kolkata,Apple,iOS,8.7,20.3,184.3,198,1.4,6401,0.8,0.2,783,Entertainment,0,7184,Mature High Spender,Upsell premium services
22,Male,Ahmedabad,Vivo,Android,3.3,40.4,183.1,182,0.9,6565,1.8,2.7,1005,Gaming,0,7570,Mature High Spender,Upsell premium services
47,Female,Hyderabad,Samsung,iOS,6.7,4.7,233.4,37,2.9,8805,0.9,2.7,287,Entertainment,0,9092,Mature High Spender,Upsell premium services
49,Female,Bangalore,Samsung,iOS,5.8,25.6,265.1,133,0.5,3467,8.0,4.1,1743,Education,0,5210,Mature High Spender,Upsell premium services
37,Female,Lucknow,Oppo,Android,5.0,34.4,169.1,111,1.9,8762,5.9,2.8,1441,Entertainment,0,10203,Mature High Spender,Upsell premium services
54,Male,Ahmedabad,Samsung,iOS,5.0,37.1,100.5,88,1.9,9140,4.9,0.5,1590,Work,0,10730,Mature High Spender,Upsell premium services
21,Female,Lucknow,Motorola,Android,1.8,24.6,296.3,121,1.4,8900,6.3,3.6,1506,Education,0,10406,Mature High Spender,Upsell premium services
47,Male,Delhi,Samsung,Android,8.3,4.4,25.0,88,2.9,9519,5.8,2.0,1782,Entertainment,0,11301,Mature High Spender,Upsell premium services
51,Female,Mumbai,Nokia,Android,10.4,15.2,288.2,30,1.2,5930,3.2,0.1,1822,Social Media,0,7752,Mature High Spender,Upsell premium services
54,Female,Mumbai,Samsung,Android,5.2,2.0,268.4,52,3.4,9995,1.4,3.3,156,Entertainment,0,10151,Mature High Spender,Upsell premium services
26,Other,Kolkata,Nokia,Android,9.1,2.7,111.1,59,1.4,7711,4.3,3.6,1082,Social Media,0,8793,Mature High Spender,Upsell premium services
42,Other,Delhi,Realme,Android,5.9,26.8,169.0,199,1.4,7056,4.4,0.6,1245,Social Media,0,8301,Mature High Spender,Upsell premium services
25,Female,Mumbai,OnePlus,Android,4.7,12.9,18.4,194,2.3,6834,4.1,4.2,1655,Social Media,0,8489,Mature High Spender,Upsell premium services
25,Other,Jaipur,Nokia,iOS,8.3,24.4,19.3,182,0.5,7364,1.2,4.1,1345,Social Media,0,8709,Mature High Spender,Upsell premium services
58,Male,Pune,Google Pixel,Android,3.2,39.6,10.8,41,1.1,8300,1.0,4.7,1507,Entertainment,0,9807,Mature High Spender,Upsell premium services
45,Female,Hyderabad,Samsung,iOS,2.9,11.9,190.4,17,2.4,9491,5.6,4.4,736,Entertainment,0,10227,Mature High Spender,Upsell premium services
37,Female,Lucknow,Oppo,Android,1.3,29.7,205.3,153,2.9,5684,2.2,0.3,1456,Gaming,0,7140,Mature High Spender,Upsell premium services
58,Male,Pune,Google Pixel,iOS,5.0,15.6,140.8,115,2.0,9965,7.2,3.5,1841,Entertainment,0,11806,Mature High Spender,Upsell premium services
56,Female,Pune,OnePlus,iOS,10.2,37.3,294.4,197,3.6,8712,5.0,1.5,1450,Gaming,0,10162,Mature High Spender,Upsell premium services
53,Other,Hyderabad,OnePlus,Android,6.2,10.1,195.3,174,2.0,8037,1.6,3.7,575,Gaming,0,8612,Mature High Spender,Upsell premium services
57,Female,Pune,Apple,iOS,2.0,12.5,295.7,36,2.6,8264,3.8,1.1,1525,Work,0,9789,Mature High Spender,Upsell premium services
51,Other,Pune,Vivo,iOS,1.3,33.5,6.2,144,2.1,5567,3.0,1.0,1446,Social Media,0,7013,Mature High Spender,Upsell premium services
23,Female,Pune,Motorola,iOS,4.6,36.8,195.4,123,0.7,8911,2.1,4.9,586,Education,0,9497,Mature High Spender,Upsell premium services
34,Male,Chennai,Motorola,Android,3.8,37.6,136.6,28,2.8,9152,5.1,3.5,918,Work,0,10070,Mature High Spender,Upsell premium services
58,Female,Delhi,Apple,Android,8.5,34.0,84.5,89,2.2,6589,5.4,1.4,480,Work,0,7069,Mature High Spender,Upsell premium services
27,Male,Pune,Oppo,iOS,1.3,21.1,240.8,35,2.8,9262,6.6,1.5,1053,Work,0,10315,Mature High Spender,Upsell premium services
42,Other,Delhi,Google Pixel,iOS,7.7,1.8,14.3,88,0.6,2775,2.1,3.2,1677,Education,0,4452,Mature High Spender,Upsell premium services
48,Female,Jaipur,Realme,Android,7.2,27.1,123.5,32,2.1,9618,2.5,2.1,335,Gaming,0,9953,Mature High Spender,Upsell premium services
55,Male,Mumbai,Samsung,iOS,7.2,2.7,38.2,160,2.3,8354,4.8,0.2,724,Education,0,9078,Mature High Spender,Upsell premium services
44,Other,Lucknow,Realme,Android,8.9,33.9,169.1,107,2.5,8000,0.5,2.7,722,Education,0,8722,Mature High Spender,Upsell premium services
50,Male,Lucknow,Apple,iOS,2.2,40.8,142.1,89,1.9,9808,3.2,3.1,1998,Work,0,11806,Mature High Spender,Upsell premium services
21,Female,Lucknow,OnePlus,Android,10.1,38.3,102.6,70,2.6,7362,3.0,3.8,1934,Gaming,0,9296,Mature High Spender,Upsell premium services
42,Other,Chennai,OnePlus,iOS,7.3,16.6,255.0,78,1.3,6339,0.8,2.8,1549,Entertainment,0,7888,Mature High Spender,Upsell premium services
57,Male,Delhi,OnePlus,iOS,2.1,8.5,189.4,111,0.7,5946,0.8,1.3,1527,Education,0,7473,Mature High Spender,Upsell premium services
24,Male,Delhi,Xiaomi,Android,1.8,48.4,131.8,60,1.1,5861,3.5,1.5,349,Work,0,6210,Mature High Spender,Upsell premium services
52,Male,Delhi,Samsung,iOS,10.6,18.8,116.1,111,1.9,8286,4.2,1.7,407,Work,0,8693,Mature High Spender,Upsell premium services
44,Male,Kolkata,Xiaomi,iOS,11.6,29.5,257.0,158,2.0,4649,6.2,3.1,421,Gaming,0,5070,Mature High Spender,Upsell premium services
45,Female,Delhi,Xiaomi,Android,3.1,24.9,249.1,72,1.9,8012,5.6,1.7,1549,Work,0,9561,Mature High Spender,Upsell premium services
20,Male,Lucknow,Motorola,iOS,7.1,27.8,198.6,89,2.0,7308,1.9,2.0,378,Education,0,7686,Mature High Spender,Upsell premium services
39,Male,Chennai,Google Pixel,Android,6.8,15.2,291.0,44,1.5,4301,4.6,2.0,173,Gaming,0,4474,Mature High Spender,Upsell premium services
47,Female,Kolkata,OnePlus,iOS,3.8,47.6,224.1,30,2.6,6962,4.3,3.0,1504,Education,0,8466,Mature High Spender,Upsell premium services
55,Female,Bangalore,Oppo,Android,1.2,22.3,90.4,74,2.1,8811,4.9,4.3,1809,Gaming,0,10620,Mature High Spender,Upsell premium services
45,Other,Bangalore,OnePlus,Android,8.0,33.6,65.9,110,0.8,4275,1.1,0.0,421,Social Media,0,4696,Mature High Spender,Upsell premium services
54,Male,Hyderabad,Google Pixel,Android,11.4,45.7,213.1,147,1.6,8249,7.7,1.0,1197,Work,0,9446,Mature High Spender,Upsell premium services
56,Male,Kolkata,OnePlus,iOS,4.7,6.9,208.1,93,0.9,8032,4.5,0.7,1674,Entertainment,0,9706,Mature High Spender,Upsell premium services
58,Female,Chennai,Motorola,iOS,1.7,5.6,232.1,22,1.2,6231,2.1,3.7,1549,Social Media,0,7780,Mature High Spender,Upsell premium services
30,Other,Delhi,Oppo,iOS,6.0,17.9,241.5,154,1.2,8638,5.8,2.1,1986,Social Media,0,10624,Mature High Spender,Upsell premium services
35,Female,Pune,Xiaomi,iOS,4.8,30.0,238.1,47,1.7,6719,3.9,2.3,1370,Entertainment,0,8089,Mature High Spender,Upsell premium services
49,Other,Mumbai,Apple,iOS,10.8,25.7,271.3,151,3.1,8495,7.5,4.2,946,Entertainment,0,9441,Mature High Spender,Upsell premium services
16,Female,Lucknow,Nokia,Android,1.4,4.5,151.5,16,1.5,7906,0.9,3.7,1833,Education,0,9739,Mature High Spender,Upsell premium services
33,Other,Chennai,Nokia,iOS,8.8,41.4,197.7,183,1.4,8013,0.6,2.6,533,Entertainment,0,8546,Mature High Spender,Upsell premium services
60,Other,Jaipur,Nokia,iOS,6.3,23.4,253.8,97,0.8,8958,4.8,4.3,1643,Entertainment,0,10601,Mature High Spender,Upsell premium services
59,Other,Hyderabad,Motorola,iOS,6.7,22.8,248.0,138,3.9,9391,6.8,1.4,981,Social Media,0,10372,Mature High Spender,Upsell premium services
55,Female,Lucknow,Realme,Android,4.7,13.5,282.4,50,3.0,7521,1.2,3.2,206,Work,0,7727,Mature High Spender,Upsell premium services
48,Female,Chennai,Xiaomi,Android,8.4,26.5,136.3,111,1.5,5660,1.2,1.2,320,Education,0,5980,Mature High Spender,Upsell premium services
56,Other,Kolkata,Oppo,iOS,9.2,46.0,206.1,13,1.9,4986,1.9,3.5,750,Entertainment,0,5736,Mature High Spender,Upsell premium services
45,Other,Pune,Nokia,Android,9.5,42.3,206.8,164,2.2,6570,7.8,2.3,1250,Social Media,0,7820,Mature High Spender,Upsell premium services
48,Female,Pune,Motorola,Android,1.1,35.7,18.2,91,2.3,6667,4.8,0.6,207,Education,0,6874,Mature High Spender,Upsell premium services
36,Male,Hyderabad,Xiaomi,iOS,5.1,18.3,266.7,66,2.5,8797,4.4,1.2,1093,Work,0,9890,Mature High Spender,Upsell premium services
58,Female,Kolkata,Oppo,Android,7.5,22.2,203.3,181,1.5,9175,1.1,1.5,410,Social Media,0,9585,Mature High Spender,Upsell premium services
27,Female,Bangalore,Vivo,Android,5.9,11.1,75.6,183,1.3,8451,7.1,2.0,1661,Education,0,10112,Mature High Spender,Upsell premium services
47,Male,Kolkata,Nokia,Android,9.0,32.6,149.8,99,1.0,8390,6.0,3.8,1924,Education,0,10314,Mature High Spender,Upsell premium services
27,Other,Lucknow,Nokia,iOS,2.2,14.3,47.3,46,1.1,5596,6.1,3.7,1965,Entertainment,0,7561,Mature High Spender,Upsell premium services
50,Other,Delhi,Samsung,iOS,5.9,48.3,253.7,95,0.6,3321,3.3,2.9,688,Entertainment,0,4009,Mature High Spender,Upsell premium services
51,Female,Delhi,Apple,Android,9.9,22.0,233.3,110,0.6,8573,1.8,2.9,1426,Work,0,9999,Mature High Spender,Upsell premium services
38,Male,Mumbai,Motorola,Android,2.3,3.7,171.9,136,1.2,6085,3.7,0.5,1077,Work,0,7162,Mature High Spender,Upsell premium services
24,Male,Lucknow,Apple,Android,4.3,3.6,119.2,176,1.1,9525,1.4,0.1,308,Education,0,9833,Mature High Spender,Upsell premium services
26,Other,Kolkata,OnePlus,iOS,11.3,5.8,294.5,100,2.5,9033,3.1,2.1,1641,Work,0,10674,Mature High Spender,Upsell premium services
51,Female,Pune,Oppo,Android,4.0,45.5,16.5,186,3.2,6504,4.3,2.4,589,Work,0,7093,Mature High Spender,Upsell premium services
45,Other,Pune,Nokia,Android,7.3,42.3,283.9,45,1.8,4836,6.4,0.7,1701,Entertainment,0,6537,Mature High Spender,Upsell premium services
49,Female,Kolkata,OnePlus,Android,3.0,41.7,185.5,178,0.6,4835,6.9,2.8,160,Entertainment,0,4995,Mature High Spender,Upsell premium services
27,Female,Chennai,Realme,Android,11.6,32.0,138.4,133,0.8,9914,2.6,4.6,1124,Entertainment,0,11038,Mature High Spender,Upsell premium services
57,Other,Hyderabad,Oppo,iOS,5.0,38.1,49.4,190,2.8,6795,6.1,4.6,347,Gaming,0,7142,Mature High Spender,Upsell premium services
38,Male,Jaipur,Motorola,iOS,1.7,42.6,194.0,15,0.6,3914,7.4,4.6,914,Social Media,0,4828,Mature High Spender,Upsell premium services
33,Other,Hyderabad,Nokia,Android,4.9,1.0,162.6,53,0.7,9659,3.2,2.7,515,Work,0,10174,Mature High Spender,Upsell premium services
37,Male,Bangalore,Realme,Android,10.2,3.9,21.3,159,2.3,6739,0.8,0.9,953,Gaming,0,7692,Mature High Spender,Upsell premium services
51,Male,Jaipur,OnePlus,Android,10.2,21.6,189.2,141,1.3,4782,4.8,2.3,939,Entertainment,0,5721,Mature High Spender,Upsell premium services
50,Other,Hyderabad,Realme,iOS,1.9,41.0,51.1,25,2.3,6771,7.6,4.8,1205,Social Media,0,7976,Mature High Spender,Upsell premium services
29,Other,Mumbai,OnePlus,Android,2.1,10.1,262.4,200,2.9,7129,6.9,3.6,869,Work,0,7998,Mature High Spender,Upsell premium services
44,Female,Hyderabad,Samsung,iOS,6.0,42.7,262.2,96,2.8,8346,0.8,4.6,1269,Entertainment,0,9615,Mature High Spender,Upsell premium services
38,Other,Kolkata,Vivo,Android,5.2,49.4,113.4,55,1.1,9949,3.0,3.2,1609,Entertainment,0,11558,Mature High Spender,Upsell premium services
41,Male,Ahmedabad,Oppo,iOS,5.5,9.0,146.7,177,3.3,7122,1.8,5.0,1606,Entertainment,0,8728,Mature High Spender,Upsell premium services
54,Female,Lucknow,Realme,iOS,5.4,6.5,295.3,178,1.5,8498,3.0,1.1,876,Entertainment,0,9374,Mature High Spender,Upsell premium services
15,Male,Lucknow,Nokia,Android,1.6,21.1,93.4,34,0.6,6714,3.2,3.1,926,Gaming,0,7640,Mature High Spender,Upsell premium services
54,Female,Ahmedabad,Nokia,Android,2.0,42.3,105.4,67,0.5,6727,2.0,2.5,1733,Gaming,0,8460,Mature High Spender,Upsell premium services
56,Female,Bangalore,Apple,iOS,1.0,20.4,267.8,159,2.8,6948,3.6,2.8,1411,Education,0,8359,Mature High Spender,Upsell premium services
60,Female,Jaipur,Oppo,iOS,6.4,38.7,165.7,114,1.8,8019,5.7,0.1,158,Social Media,0,8177,Mature High Spender,Upsell premium services
44,Male,Bangalore,Samsung,Android,4.9,50.0,177.1,30,3.2,7314,0.6,0.2,1080,Entertainment,0,8394,Mature High Spender,Upsell premium services
57,Female,Lucknow,Google Pixel,Android,9.8,1.4,291.8,162,2.4,6507,6.7,3.8,710,Education,0,7217,Mature High Spender,Upsell premium services
23,Female,Pune,Vivo,Android,1.2,31.0,247.0,122,1.3,8618,3.8,1.5,1292,Education,0,9910,Mature High Spender,Upsell premium services
48,Female,Lucknow,Google Pixel,iOS,11.5,31.4,275.5,120,0.7,9624,2.5,0.9,1584,Social Media,0,11208,Mature High Spender,Upsell premium services
45,Female,Bangalore,Apple,iOS,2.4,48.8,54.4,42,1.2,8039,7.8,0.4,1910,Gaming,0,9949,Mature High Spender,Upsell premium services
46,Other,Jaipur,OnePlus,iOS,8.2,42.7,154.3,37,2.3,5422,6.5,1.5,984,Work,0,6406,Mature High Spender,Upsell premium services
59,Male,Pune,Realme,Android,6.6,9.0,291.7,49,1.6,5102,1.0,3.1,706,Gaming,0,5808,Mature High Spender,Upsell premium services
31,Female,Mumbai,Realme,iOS,10.4,7.4,223.3,54,0.6,4036,7.4,0.7,307,Social Media,0,4343,Mature High Spender,Upsell premium services
46,Other,Pune,Samsung,Android,6.5,31.8,133.6,177,0.8,6110,3.6,1.7,1911,Social Media,0,8021,Mature High Spender,Upsell premium services
55,Other,Jaipur,Xiaomi,iOS,3.4,2.1,273.2,48,2.5,8163,2.5,3.9,156,Gaming,0,8319,Mature High Spender,Upsell premium services
52,Female,Bangalore,Motorola,Android,6.0,28.4,64.7,166,1.2,8692,2.3,1.2,1759,Work,0,10451,Mature High Spender,Upsell premium services
37,Male,Kolkata,Oppo,Android,4.0,3.9,257.4,92,1.8,9965,8.0,0.6,1153,Education,0,11118,Mature High Spender,Upsell premium services
43,Male,Pune,Xiaomi,iOS,5.8,21.4,155.1,143,1.0,9575,2.5,1.3,630,Work,0,10205,Mature High Spender,Upsell premium services
33,Other,Pune,Xiaomi,iOS,8.7,9.6,24.4,59,1.0,9619,5.8,4.2,572,Gaming,0,10191,Mature High Spender,Upsell premium services
35,Male,Chennai,Oppo,iOS,8.8,39.1,20.7,20,2.4,5803,4.7,4.6,1967,Education,0,7770,Mature High Spender,Upsell premium services
56,Male,Kolkata,Realme,iOS,4.5,24.2,288.5,162,0.9,8113,0.6,1.4,1869,Education,0,9982,Mature High Spender,Upsell premium services
30,Female,Pune,Samsung,iOS,4.2,37.1,198.9,76,1.3,6705,7.6,2.3,163,Education,0,6868,Mature High Spender,Upsell premium services
32,Other,Pune,Google Pixel,Android,10.0,49.4,11.7,72,2.2,7684,5.4,4.9,1829,Entertainment,0,9513,Mature High Spender,Upsell premium services
41,Female,Mumbai,Realme,iOS,1.8,29.0,239.9,174,2.8,5140,4.7,4.8,1677,Entertainment,0,6817,Mature High Spender,Upsell premium services
52,Female,Pune,Apple,Android,11.8,8.2,208.3,41,1.1,4164,2.0,4.7,764,Gaming,0,4928,Mature High Spender,Upsell premium services
40,Other,Lucknow,OnePlus,iOS,8.6,16.4,239.9,60,3.3,5731,0.8,2.5,608,Work,0,6339,Mature High Spender,Upsell premium services
42,Other,Ahmedabad,Apple,Android,2.4,29.1,25.6,180,2.6,9556,7.7,4.1,1447,Social Media,0,11003,Mature High Spender,Upsell premium services
51,Female,Hyderabad,Google Pixel,iOS,8.1,4.8,157.8,101,0.9,3420,0.8,3.4,1890,Work,0,5310,Mature High Spender,Upsell premium services
46,Male,Hyderabad,Google Pixel,Android,2.6,31.3,153.9,194,2.0,6713,2.0,2.7,896,Social Media,0,7609,Mature High Spender,Upsell premium services
57,Other,Mumbai,Xiaomi,Android,11.0,31.6,206.1,48,1.7,7028,2.8,1.3,1817,Work,0,8845,Mature High Spender,Upsell premium services
28,Other,Mumbai,Motorola,Android,7.6,6.4,92.2,147,1.0,7934,4.1,3.9,1228,Entertainment,0,9162,Mature High Spender,Upsell premium services
56,Male,Hyderabad,Oppo,iOS,5.2,37.6,57.3,164,1.1,9771,2.3,3.0,676,Education,0,10447,Mature High Spender,Upsell premium services
39,Female,Kolkata,Apple,Android,9.1,34.9,46.4,88,1.3,6617,2.0,1.7,822,Education,0,7439,Mature High Spender,Upsell premium services
60,Male,Hyderabad,Oppo,Android,2.7,30.7,114.1,197,1.2,7999,4.2,4.1,1444,Social Media,0,9443,Mature High Spender,Upsell premium services
36,Other,Pune,Motorola,iOS,10.9,21.9,93.6,112,0.9,9712,4.4,2.4,1784,Work,0,11496,Mature High Spender,Upsell premium services
49,Male,Delhi,Xiaomi,iOS,8.3,18.9,156.5,122,2.7,5715,1.3,4.5,210,Social Media,0,5925,Mature High Spender,Upsell premium services
54,Female,Pune,Nokia,iOS,5.4,14.8,175.1,165,1.5,4900,5.8,1.7,1318,Gaming,0,6218,Mature High Spender,Upsell premium services
23,Female,Delhi,Google Pixel,Android,4.9,27.4,44.3,127,0.8,8506,5.3,0.9,1269,Social Media,0,9775,Mature High Spender,Upsell premium services
56,Other,Bangalore,Motorola,Android,1.3,7.1,32.3,155,2.6,9513,0.9,2.2,1762,Entertainment,0,11275,Mature High Spender,Upsell premium services
46,Female,Ahmedabad,Realme,Android,10.1,44.6,120.7,156,1.3,6831,2.5,2.9,1751,Work,0,8582,Mature High Spender,Upsell premium services
57,Male,Jaipur,Samsung,iOS,6.0,34.3,47.8,65,2.3,8817,3.5,0.5,1556,Education,0,10373,Mature High Spender,Upsell premium services
49,Female,Lucknow,Vivo,iOS,6.2,3.2,7.3,77,0.6,5168,0.9,4.8,794,Gaming,0,5962,Mature High Spender,Upsell premium services
54,Male,Delhi,Vivo,Android,8.7,2.3,194.9,104,1.2,9630,1.0,3.9,1290,Work,0,10920,Mature High Spender,Upsell premium services
40,Male,Kolkata,Motorola,Android,5.9,33.5,43.3,200,2.0,9537,3.7,4.7,1629,Work,0,11166,Mature High Spender,Upsell premium services
35,Male,Chennai,Google Pixel,Android,8.3,19.8,251.4,43,2.7,5268,6.0,1.6,1560,Entertainment,0,6828,Mature High Spender,Upsell premium services
50,Male,Chennai,Motorola,Android,2.4,2.8,231.5,73,0.8,4336,5.3,1.4,1294,Gaming,0,5630,Mature High Spender,Upsell premium services
46,Male,Pune,Vivo,Android,3.9,36.3,200.7,188,1.3,9027,2.4,3.9,443,Entertainment,0,9470,Mature High Spender,Upsell premium services
49,Other,Jaipur,Vivo,Android,1.0,13.7,189.6,120,1.3,8244,1.9,4.6,1250,Work,0,9494,Mature High Spender,Upsell premium services
33,Other,Bangalore,Apple,iOS,7.7,34.9,114.3,103,2.1,7583,2.6,2.1,1775,Social Media,0,9358,Mature High Spender,Upsell premium services
37,Other,Jaipur,Samsung,Android,6.9,30.9,197.8,67,2.9,8685,7.9,2.4,1103,Entertainment,0,9788,Mature High Spender,Upsell premium services
60,Female,Chennai,Oppo,iOS,10.2,47.5,203.8,199,0.6,5809,7.3,4.6,184,Entertainment,0,5993,Mature High Spender,Upsell premium services
22,Female,Ahmedabad,Xiaomi,Android,11.2,30.0,237.2,64,1.6,6452,2.1,1.8,1212,Social Media,0,7664,Mature High Spender,Upsell premium services
36,Male,Ahmedabad,OnePlus,iOS,2.7,39.6,72.0,105,1.8,6196,5.3,2.5,1480,Work,0,7676,Mature High Spender,Upsell premium services
22,Male,Mumbai,Realme,Android,8.4,49.2,206.2,117,1.5,9188,4.3,4.4,226,Entertainment,0,9414,Mature High Spender,Upsell premium services
52,Female,Kolkata,Motorola,Android,11.2,33.8,80.9,142,2.7,8870,6.0,3.1,1714,Education,0,10584,Mature High Spender,Upsell premium services
44,Other,Ahmedabad,Xiaomi,iOS,3.5,8.8,29.4,107,1.8,7999,4.4,1.8,1802,Entertainment,0,9801,Mature High Spender,Upsell premium services
27,Male,Hyderabad,Google Pixel,Android,1.9,10.2,64.5,178,2.1,7233,4.8,2.4,1254,Gaming,0,8487,Mature High Spender,Upsell premium services
35,Male,Jaipur,Realme,iOS,2.1,39.5,140.7,17,2.6,7170,3.3,0.1,1708,Education,0,8878,Mature High Spender,Upsell premium services
54,Male,Jaipur,Xiaomi,iOS,1.3,41.2,115.8,168,2.4,6215,6.6,4.4,1737,Work,0,7952,Mature High Spender,Upsell premium services
56,Other,Jaipur,Motorola,iOS,4.2,30.3,96.1,58,1.3,9326,2.4,3.0,1712,Entertainment,0,11038,Mature High Spender,Upsell premium services
46,Female,Delhi,Oppo,Android,8.8,5.7,127.7,129,1.2,9440,3.0,2.7,1186,Education,0,10626,Mature High Spender,Upsell premium services
54,Female,Jaipur,Xiaomi,Android,10.2,30.2,290.2,161,3.1,8069,3.4,4.6,1011,Education,0,9080,Mature High Spender,Upsell premium services
60,Other,Hyderabad,OnePlus,iOS,6.7,28.5,248.0,91,3.9,8895,4.6,0.8,458,Social Media,0,9353,Mature High Spender,Upsell premium services
59,Male,Jaipur,Google Pixel,iOS,5.9,27.1,214.9,34,0.7,5315,7.5,1.7,459,Work,0,5774,Mature High Spender,Upsell premium services
58,Female,Delhi,Oppo,Android,10.9,46.2,192.8,110,3.6,9391,2.5,1.3,160,Gaming,0,9551,Mature High Spender,Upsell premium services
58,Female,Pune,Oppo,iOS,8.6,1.6,140.6,148,2.0,7013,5.5,3.1,555,Gaming,0,7568,Mature High Spender,Upsell premium services
27,Female,Mumbai,Vivo,iOS,1.4,32.9,249.8,40,1.4,6329,4.5,1.7,1192,Work,0,7521,Mature High Spender,Upsell premium services
50,Female,Hyderabad,Google Pixel,iOS,8.9,47.1,299.5,173,0.7,9119,2.3,4.6,957,Gaming,0,10076,Mature High Spender,Upsell premium services
40,Other,Jaipur,Nokia,iOS,8.1,31.4,182.6,171,2.2,6876,2.0,3.3,1192,Education,0,8068,Mature High Spender,Upsell premium services
44,Other,Jaipur,Vivo,Android,9.2,39.9,88.2,185,1.3,9931,2.5,0.6,1598,Work,0,11529,Mature High Spender,Upsell premium services
56,Male,Ahmedabad,Apple,iOS,6.6,20.2,95.0,106,0.7,7421,5.0,0.6,377,Social Media,0,7798,Mature High Spender,Upsell premium services
35,Other,Chennai,Motorola,Android,7.0,25.4,285.4,62,1.1,8208,4.8,2.1,1871,Gaming,0,10079,Mature High Spender,Upsell premium services
28,Male,Chennai,Vivo,Android,4.0,49.6,272.1,38,1.7,7769,1.0,1.0,1804,Gaming,0,9573,Mature High Spender,Upsell premium services
32,Female,Delhi,Xiaomi,iOS,3.7,21.1,64.9,125,1.2,9766,7.8,2.1,1875,Gaming,0,11641,Mature High Spender,Upsell premium services
24,Male,Pune,Realme,iOS,2.8,16.5,249.2,24,0.6,6782,7.9,2.4,506,Gaming,0,7288,Mature High Spender,Upsell premium services
16,Female,Lucknow,Apple,Android,3.5,42.4,237.7,188,0.6,7756,5.9,4.4,860,Entertainment,0,8616,Mature High Spender,Upsell premium services
48,Female,Hyderabad,Realme,Android,7.3,45.7,54.5,145,0.7,9936,4.7,3.0,1655,Social Media,0,11591,Mature High Spender,Upsell premium services
55,Female,Lucknow,Xiaomi,iOS,6.6,18.3,200.3,130,1.2,8941,2.9,4.8,572,Gaming,0,9513,Mature High Spender,Upsell premium services
53,Female,Chennai,Nokia,Android,6.1,22.4,157.7,19,2.0,8764,1.1,4.9,419,Gaming,0,9183,Mature High Spender,Upsell premium services
56,Male,Hyderabad,Nokia,iOS,6.2,18.6,206.2,138,1.7,5917,3.6,0.9,760,Entertainment,0,6677,Mature High Spender,Upsell premium services
49,Male,Bangalore,Samsung,iOS,9.8,14.0,192.7,57,0.6,3774,7.4,0.4,533,Entertainment,0,4307,Mature High Spender,Upsell premium services
20,Other,Delhi,Realme,iOS,10.9,6.7,61.3,140,0.5,9117,7.0,3.4,1887,Entertainment,0,11004,Mature High Spender,Upsell premium services
37,Female,Chennai,Oppo,Android,11.5,20.4,89.1,182,1.8,8515,7.0,0.4,591,Work,0,9106,Mature High Spender,Upsell premium services
27,Female,Chennai,Apple,Android,6.1,46.7,152.1,117,1.4,6674,3.7,2.7,1584,Gaming,0,8258,Mature High Spender,Upsell premium services
50,Male,Lucknow,Xiaomi,Android,5.7,3.5,194.9,123,3.4,9801,5.4,3.2,1939,Social Media,0,11740,Mature High Spender,Upsell premium services
45,Female,Hyderabad,Google Pixel,iOS,11.1,11.7,168.4,164,1.8,9547,1.4,1.9,322,Work,0,9869,Mature High Spender,Upsell premium services
43,Female,Jaipur,OnePlus,Android,11.8,25.5,208.4,164,0.5,2193,6.6,4.7,1984,Gaming,0,4177,Mature High Spender,Upsell premium services
56,Female,Kolkata,Xiaomi,Android,7.2,31.5,148.4,17,1.6,4871,5.6,4.2,1669,Work,0,6540,Mature High Spender,Upsell premium services
15,Other,Bangalore,Xiaomi,iOS,7.2,49.6,104.6,199,0.9,6981,6.5,3.8,1176,Work,0,8157,Mature High Spender,Upsell premium services
59,Female,Kolkata,Google Pixel,iOS,6.1,32.4,31.2,144,0.9,7961,2.4,2.5,921,Education,0,8882,Mature High Spender,Upsell premium services
30,Male,Jaipur,Motorola,iOS,11.4,25.4,216.6,174,1.0,9353,7.6,1.6,718,Entertainment,0,10071,Mature High Spender,Upsell premium services
21,Other,Delhi,Nokia,iOS,8.8,41.8,82.4,45,1.6,9763,6.4,4.7,1828,Work,0,11591,Mature High Spender,Upsell premium services
48,Other,Chennai,Oppo,iOS,3.2,40.2,235.7,25,0.8,5962,2.5,3.2,1210,Gaming,0,7172,Mature High Spender,Upsell premium services
43,Female,Kolkata,Samsung,Android,8.7,21.6,118.1,192,1.8,5831,5.7,3.3,624,Social Media,0,6455,Mature High Spender,Upsell premium services
37,Other,Chennai,OnePlus,Android,8.7,14.0,190.8,28,1.1,6650,5.1,2.9,1507,Entertainment,0,8157,Mature High Spender,Upsell premium services
47,Male,Bangalore,OnePlus,Android,9.1,31.5,200.4,30,1.9,9732,3.2,1.9,1466,Gaming,0,11198,Mature High Spender,Upsell premium services
40,Other,Bangalore,Realme,Android,9.5,35.4,294.1,72,2.7,4909,4.6,2.2,1272,Work,0,6181,Mature High Spender,Upsell premium services
23,Male,Delhi,Xiaomi,iOS,11.8,10.1,258.5,32,2.5,9952,5.5,0.3,390,Work,0,10342,Mature High Spender,Upsell premium services
56,Male,Hyderabad,Nokia,iOS,5.3,1.9,30.2,99,1.8,9110,3.2,2.7,899,Education,0,10009,Mature High Spender,Upsell premium services
49,Other,Jaipur,Google Pixel,iOS,5.8,7.9,198.9,37,3.3,8697,2.5,4.6,1843,Gaming,0,10540,Mature High Spender,Upsell premium services
35,Female,Chennai,Apple,Android,2.5,9.1,256.3,124,3.2,8668,6.9,0.6,1035,Entertainment,0,9703,Mature High Spender,Upsell premium services
25,Female,Ahmedabad,Google Pixel,Android,2.6,5.1,198.2,125,2.3,8999,6.2,3.3,1854,Entertainment,0,10853,Mature High Spender,Upsell premium services
45,Other,Kolkata,Apple,iOS,2.3,24.2,240.5,100,1.2,5473,5.9,0.0,231,Gaming,0,5704,Mature High Spender,Upsell premium services
47,Female,Bangalore,Samsung,iOS,5.9,15.2,270.7,39,2.5,9370,1.3,4.9,694,Work,0,10064,Mature High Spender,Upsell premium services
44,Male,Lucknow,Google Pixel,iOS,8.9,17.2,153.4,93,1.1,9639,4.5,1.2,119,Entertainment,0,9758,Mature High Spender,Upsell premium services
38,Other,Delhi,Realme,Android,3.2,27.5,223.2,191,1.9,9154,5.7,2.7,560,Social Media,0,9714,Mature High Spender,Upsell premium services
59,Female,Pune,Nokia,iOS,4.7,39.1,292.5,200,0.8,9606,6.9,3.2,1988,Social Media,0,11594,Mature High Spender,Upsell premium services
55,Other,Lucknow,Realme,Android,8.0,24.5,283.3,122,2.9,7370,2.5,2.9,984,Work,0,8354,Mature High Spender,Upsell premium services
55,Male,Chennai,Realme,iOS,9.6,16.4,183.6,128,2.2,6022,6.8,1.3,1918,Entertainment,0,7940,Mature High Spender,Upsell premium services
16,Male,Mumbai,OnePlus,Android,11.2,2.2,78.9,44,1.2,9157,5.3,4.9,918,Social Media,0,10075,Mature High Spender,Upsell premium services
31,Female,Hyderabad,Samsung,iOS,2.2,42.4,120.9,16,0.6,5779,4.6,1.2,334,Work,0,6113,Mature High Spender,Upsell premium services
28,Male,Ahmedabad,Vivo,iOS,1.7,40.2,244.4,132,0.6,5739,2.0,0.8,1329,Work,0,7068,Mature High Spender,Upsell premium services
34,Other,Ahmedabad,Vivo,Android,9.6,29.2,257.6,36,2.8,5454,2.2,4.8,483,Entertainment,0,5937,Mature High Spender,Upsell premium services
31,Male,Bangalore,Vivo,Android,4.3,23.4,153.2,13,2.7,8047,3.6,1.0,350,Gaming,0,8397,Mature High Spender,Upsell premium services
40,Male,Pune,Apple,Android,2.4,21.5,227.8,58,1.7,5993,3.3,1.1,649,Education,0,6642,Mature High Spender,Upsell premium services
30,Female,Ahmedabad,Nokia,iOS,9.8,25.0,25.2,25,1.3,4995,6.5,0.2,826,Education,0,5821,Mature High Spender,Upsell premium services
47,Male,Chennai,Xiaomi,Android,8.0,32.4,221.0,78,2.9,9763,6.8,0.5,1434,Work,0,11197,Mature High Spender,Upsell premium services
44,Female,Mumbai,Apple,Android,10.6,2.8,92.3,14,2.0,9327,7.9,2.8,1490,Social Media,0,10817,Mature High Spender,Upsell premium services
52,Male,Kolkata,Nokia,Android,8.4,37.4,103.8,171,2.5,6647,4.4,4.4,925,Entertainment,0,7572,Mature High Spender,Upsell premium services
54,Male,Hyderabad,Samsung,iOS,5.7,41.4,277.5,84,3.1,6368,3.1,1.4,1622,Work,0,7990,Mature High Spender,Upsell premium services
20,Female,Chennai,Motorola,iOS,2.0,29.7,236.9,59,0.7,7241,7.8,2.0,1728,Education,0,8969,Mature High Spender,Upsell premium services
52,Female,Lucknow,Motorola,Android,7.8,9.6,81.7,59,2.8,9312,6.9,2.3,690,Gaming,0,10002,Mature High Spender,Upsell premium services
24,Other,Hyderabad,Google Pixel,Android,10.0,47.3,93.5,173,1.2,7373,3.5,0.6,1417,Education,0,8790,Mature High Spender,Upsell premium services
49,Other,Jaipur,Realme,iOS,5.8,39.3,60.5,190,1.3,9979,3.4,2.6,1952,Entertainment,0,11931,Mature High Spender,Upsell premium services
58,Female,Chennai,Xiaomi,Android,11.1,2.8,265.7,199,1.4,6486,3.5,3.0,1766,Gaming,0,8252,Mature High Spender,Upsell premium services
60,Other,Kolkata,Nokia,iOS,2.5,11.0,40.5,100,1.0,6140,7.2,3.5,1424,Education,0,7564,Mature High Spender,Upsell premium services
29,Other,Bangalore,Xiaomi,Android,5.2,40.1,109.9,143,0.9,4844,6.7,2.9,1637,Entertainment,0,6481,Mature High Spender,Upsell premium services
35,Other,Jaipur,Vivo,iOS,2.4,29.3,266.5,50,1.1,8546,6.5,2.1,421,Social Media,0,8967,Mature High Spender,Upsell premium services
37,Male,Ahmedabad,Google Pixel,iOS,2.3,11.6,89.5,156,1.5,4872,5.9,2.2,1778,Education,0,6650,Mature High Spender,Upsell premium services
50,Other,Pune,OnePlus,Android,11.3,7.5,108.9,62,0.9,6170,3.9,3.7,483,Work,0,6653,Mature High Spender,Upsell premium services
31,Female,Jaipur,Google Pixel,Android,6.9,43.9,236.0,45,1.8,9752,3.5,0.0,1993,Work,0,11745,Mature High Spender,Upsell premium services
37,Female,Pune,Oppo,Android,5.8,10.9,203.0,144,1.0,9921,3.3,3.0,1575,Education,0,11496,Mature High Spender,Upsell premium services
25,Other,Kolkata,Realme,iOS,11.6,15.0,45.4,139,2.5,7646,1.1,4.1,389,Work,0,8035,Mature High Spender,Upsell premium services
34,Male,Lucknow,Oppo,Android,8.5,45.8,255.8,23,2.6,7691,4.6,3.8,881,Entertainment,0,8572,Mature High Spender,Upsell premium services
40,Male,Pune,Realme,Android,4.9,2.6,137.0,91,2.7,9345,4.5,0.8,611,Gaming,0,9956,Mature High Spender,Upsell premium services
43,Other,Chennai,Google Pixel,Android,11.9,6.9,38.9,181,1.4,4191,1.4,2.0,324,Social Media,0,4515,Mature High Spender,Upsell premium services
42,Female,Chennai,OnePlus,iOS,6.1,26.3,84.1,10,2.0,5380,2.6,0.8,290,Social Media,0,5670,Mature High Spender,Upsell premium services
44,Female,Hyderabad,Motorola,iOS,1.3,39.3,118.2,16,1.4,8250,3.6,2.5,1410,Social Media,0,9660,Mature High Spender,Upsell premium services
27,Male,Hyderabad,Apple,iOS,5.2,31.1,29.6,63,2.3,9158,3.8,3.8,1886,Social Media,0,11044,Mature High Spender,Upsell premium services
51,Female,Mumbai,Samsung,Android,5.8,49.9,130.6,70,0.9,5744,1.9,0.5,1747,Education,0,7491,Mature High Spender,Upsell premium services
59,Other,Chennai,OnePlus,Android,6.9,37.0,254.7,26,3.7,8642,5.0,3.9,1806,Education,0,10448,Mature High Spender,Upsell premium services
54,Male,Hyderabad,Motorola,iOS,2.6,36.3,38.0,21,1.0,5065,7.3,3.9,1101,Gaming,0,6166,Mature High Spender,Upsell premium services
35,Male,Chennai,Xiaomi,Android,11.2,9.6,131.3,95,1.3,6351,2.3,1.4,580,Education,0,6931,Mature High Spender,Upsell premium services
33,Female,Bangalore,Nokia,Android,7.4,20.0,91.2,199,2.7,7538,0.6,3.5,1303,Education,0,8841,Mature High Spender,Upsell premium services
51,Female,Delhi,Google Pixel,iOS,10.6,6.6,295.7,173,1.6,6519,4.8,3.4,1705,Gaming,0,8224,Mature High Spender,Upsell premium services
16,Male,Pune,Vivo,Android,6.4,14.5,264.4,40,2.2,9632,3.3,2.8,628,Gaming,0,10260,Mature High Spender,Upsell premium services
28,Other,Bangalore,Vivo,Android,1.4,25.6,202.4,74,1.7,8469,2.5,0.3,1701,Work,0,10170,Mature High Spender,Upsell premium services
27,Other,Delhi,Vivo,Android,11.4,44.0,293.7,21,1.0,7858,6.8,1.1,1049,Work,0,8907,Mature High Spender,Upsell premium services
59,Other,Delhi,Vivo,iOS,2.7,30.3,114.9,116,1.1,9507,1.9,2.1,990,Gaming,0,10497,Mature High Spender,Upsell premium services
19,Male,Hyderabad,Oppo,Android,8.4,34.2,116.5,135,1.1,9884,2.7,3.8,410,Social Media,0,10294,Mature High Spender,Upsell premium services
56,Male,Kolkata,Google Pixel,Android,3.5,16.2,163.1,36,0.8,6184,2.2,0.5,1149,Entertainment,0,7333,Mature High Spender,Upsell premium services
37,Female,Kolkata,Google Pixel,Android,12.0,10.7,191.4,18,1.2,8230,0.9,2.4,241,Work,0,8471,Mature High Spender,Upsell premium services
60,Other,Mumbai,Nokia,iOS,1.9,36.2,48.8,105,1.2,6527,4.0,3.6,1330,Education,0,7857,Mature High Spender,Upsell premium services
29,Other,Pune,Oppo,iOS,7.2,19.8,122.6,27,0.6,5217,1.1,4.8,1119,Work,0,6336,Mature High Spender,Upsell premium services
53,Other,Bangalore,Xiaomi,iOS,9.4,22.5,148.0,178,1.9,9105,4.9,1.7,1738,Education,0,10843,Mature High Spender,Upsell premium services
28,Male,Kolkata,Nokia,iOS,3.8,31.9,61.2,106,1.1,6439,7.9,5.0,807,Work,0,7246,Mature High Spender,Upsell premium services
31,Male,Jaipur,Motorola,Android,10.0,14.9,208.9,46,1.5,9598,3.1,2.6,453,Entertainment,0,10051,Mature High Spender,Upsell premium services
55,Female,Hyderabad,Apple,Android,3.2,43.8,252.2,162,2.7,6755,1.8,3.4,1253,Work,0,8008,Mature High Spender,Upsell premium services
39,Other,Jaipur,Samsung,iOS,8.5,2.0,203.2,127,1.3,3190,6.1,3.6,260,Gaming,0,3450,Mature High Spender,Upsell premium services
38,Other,Kolkata,Nokia,Android,9.4,28.9,115.5,23,2.5,8569,2.7,0.4,192,Entertainment,0,8761,Mature High Spender,Upsell premium services
27,Female,Bangalore,Realme,Android,1.0,1.2,186.7,196,2.8,8912,7.2,4.6,755,Education,0,9667,Mature High Spender,Upsell premium services
18,Other,Pune,Google Pixel,iOS,4.5,37.1,147.1,105,2.3,8605,6.1,0.1,817,Entertainment,0,9422,Mature High Spender,Upsell premium services
55,Other,Lucknow,OnePlus,iOS,3.1,18.0,265.7,126,1.3,8687,5.1,1.3,1039,Gaming,0,9726,Mature High Spender,Upsell premium services
57,Female,Bangalore,Nokia,Android,10.1,7.5,265.9,155,3.2,8374,1.4,2.1,1702,Social Media,0,10076,Mature High Spender,Upsell premium services
57,Other,Ahmedabad,Oppo,iOS,4.9,23.7,94.0,134,1.7,7802,7.3,1.7,1155,Gaming,0,8957,Mature High Spender,Upsell premium services
55,Other,Lucknow,Google Pixel,iOS,5.7,2.8,243.6,33,0.7,6292,4.1,3.6,1804,Social Media,0,8096,Mature High Spender,Upsell premium services
41,Male,Delhi,Samsung,iOS,10.1,43.3,108.7,157,1.0,3198,4.4,3.5,1345,Gaming,0,4543,Mature High Spender,Upsell premium services
42,Male,Hyderabad,Apple,Android,11.9,11.7,122.8,135,2.1,8932,6.7,4.7,111,Gaming,0,9043,Mature High Spender,Upsell premium services
54,Other,Pune,Google Pixel,iOS,9.3,19.7,147.6,79,2.7,6080,3.4,0.6,1551,Education,0,7631,Mature High Spender,Upsell premium services
45,Female,Mumbai,Oppo,Android,4.7,10.7,221.2,133,2.3,5885,4.0,4.5,1228,Social Media,0,7113,Mature High Spender,Upsell premium services
59,Other,Chennai,Nokia,iOS,4.9,30.6,133.0,103,3.0,7067,4.6,2.6,1668,Work,0,8735,Mature High Spender,Upsell premium services
48,Female,Jaipur,Google Pixel,Android,2.3,13.5,229.9,132,1.7,4112,5.3,4.4,860,Social Media,0,4972,Mature High Spender,Upsell premium services
45,Male,Lucknow,Samsung,iOS,6.5,38.0,53.5,186,2.4,7791,6.2,3.6,743,Work,0,8534,Mature High Spender,Upsell premium services
26,Male,Pune,Motorola,Android,5.5,16.1,65.2,91,1.8,8131,6.8,2.5,1361,Social Media,0,9492,Mature High Spender,Upsell premium services
44,Female,Jaipur,OnePlus,iOS,7.3,6.3,228.1,191,2.8,6216,5.0,2.8,1651,Entertainment,0,7867,Mature High Spender,Upsell premium services
22,Female,Hyderabad,Nokia,Android,3.9,10.0,102.9,10,1.3,5981,6.5,0.2,944,Entertainment,0,6925,Mature High Spender,Upsell premium services
37,Female,Chennai,Google Pixel,iOS,3.4,20.2,114.5,119,0.5,7806,4.2,0.3,1288,Social Media,0,9094,Mature High Spender,Upsell premium services
24,Other,Lucknow,OnePlus,iOS,10.6,40.1,259.0,92,0.6,5821,0.6,0.5,678,Work,0,6499,Mature High Spender,Upsell premium services
17,Female,Hyderabad,OnePlus,iOS,4.2,19.3,246.4,128,2.5,8996,1.3,0.7,487,Work,0,9483,Mature High Spender,Upsell premium services
57,Male,Bangalore,Vivo,Android,5.6,49.5,52.7,57,0.9,4547,6.9,0.8,1612,Entertainment,0,6159,Mature High Spender,Upsell premium services
26,Female,Ahmedabad,OnePlus,iOS,3.7,47.2,261.1,180,1.5,7706,6.3,0.5,998,Work,0,8704,Mature High Spender,Upsell premium services
60,Female,Mumbai,OnePlus,iOS,2.5,31.5,17.1,109,2.6,7772,6.4,4.7,637,Entertainment,0,8409,Mature High Spender,Upsell premium services
31,Male,Delhi,Xiaomi,iOS,8.5,31.0,242.9,110,1.4,4970,4.3,2.5,1718,Work,0,6688,Mature High Spender,Upsell premium services
34,Female,Jaipur,Nokia,iOS,8.2,4.7,120.6,144,1.8,6245,3.9,0.7,766,Social Media,0,7011,Mature High Spender,Upsell premium services
32,Other,Ahmedabad,Motorola,Android,11.0,43.9,125.6,15,2.2,5989,6.2,3.4,703,Education,0,6692,Mature High Spender,Upsell premium services
21,Other,Ahmedabad,Samsung,Android,6.5,5.8,218.6,22,1.1,8930,2.3,4.6,481,Social Media,0,9411,Mature High Spender,Upsell premium services
47,Female,Delhi,OnePlus,Android,11.9,29.7,129.5,165,0.8,5849,5.8,3.9,937,Social Media,0,6786,Mature High Spender,Upsell premium services
27,Other,Bangalore,Google Pixel,Android,1.4,37.1,89.6,185,1.8,9611,7.5,3.3,1523,Social Media,0,11134,Mature High Spender,Upsell premium services
39,Male,Kolkata,Apple,iOS,10.3,11.9,15.2,163,1.0,4683,4.7,0.3,462,Social Media,0,5145,Mature High Spender,Upsell premium services
48,Other,Kolkata,Xiaomi,iOS,2.8,6.6,174.2,149,2.7,6208,5.6,3.1,1901,Social Media,0,8109,Mature High Spender,Upsell premium services
46,Female,Hyderabad,Motorola,Android,10.7,22.0,31.0,38,1.6,5194,1.5,1.6,197,Education,0,5391,Mature High Spender,Upsell premium services
54,Other,Kolkata,OnePlus,Android,11.2,49.3,126.7,28,0.9,6293,2.7,1.4,1573,Work,0,7866,Mature High Spender,Upsell premium services
59,Other,Mumbai,Realme,iOS,9.0,40.4,42.4,111,1.7,6083,6.2,4.3,1387,Work,0,7470,Mature High Spender,Upsell premium services
38,Female,Delhi,Motorola,Android,5.4,2.4,194.7,182,2.2,7276,3.8,3.8,1115,Social Media,0,8391,Mature High Spender,Upsell premium services
32,Female,Ahmedabad,Nokia,iOS,5.5,33.1,265.3,62,2.6,9691,3.3,2.6,645,Work,0,10336,Mature High Spender,Upsell premium services
60,Female,Hyderabad,Xiaomi,iOS,4.0,17.7,173.0,116,2.0,5678,4.0,0.7,1999,Gaming,0,7677,Mature High Spender,Upsell premium services
37,Female,Chennai,Xiaomi,Android,4.9,49.1,24.4,169,2.0,7138,1.3,4.3,1577,Gaming,0,8715,Mature High Spender,Upsell premium services
60,Male,Hyderabad,Vivo,Android,1.6,15.8,273.2,17,1.3,9403,7.8,1.0,1678,Gaming,0,11081,Mature High Spender,Upsell premium services
45,Other,Mumbai,Apple,Android,4.0,29.2,146.1,168,0.6,4261,5.8,3.8,1581,Gaming,0,5842,Mature High Spender,Upsell premium services
18,Female,Mumbai,Samsung,iOS,2.9,27.0,271.9,70,1.5,9575,6.9,3.3,1570,Work,0,11145,Mature High Spender,Upsell premium services
36,Other,Mumbai,OnePlus,iOS,4.5,34.6,169.5,81,2.7,7144,6.4,4.8,1522,Entertainment,0,8666,Mature High Spender,Upsell premium services
54,Male,Bangalore,Google Pixel,Android,1.6,33.1,168.9,43,1.2,7148,6.0,3.0,1804,Work,0,8952,Mature High Spender,Upsell premium services
43,Male,Ahmedabad,Apple,Android,8.4,35.4,39.6,184,1.7,3854,7.3,0.7,583,Entertainment,0,4437,Mature High Spender,Upsell premium services
30,Male,Jaipur,Vivo,Android,1.2,5.9,166.0,41,2.6,9134,1.9,2.6,1343,Gaming,0,10477,Mature High Spender,Upsell premium services
40,Male,Pune,Samsung,Android,8.2,23.9,171.8,74,2.2,4306,2.8,0.3,1129,Education,0,5435,Mature High Spender,Upsell premium services
30,Other,Mumbai,Realme,Android,10.1,8.3,164.4,199,2.9,7338,4.4,1.5,1604,Education,0,8942,Mature High Spender,Upsell premium services
46,Other,Ahmedabad,Realme,Android,7.7,46.3,186.6,116,0.6,2573,6.0,2.7,115,Gaming,0,2688,Mature High Spender,Upsell premium services
52,Female,Pune,Realme,Android,11.6,36.1,58.8,40,0.5,8191,6.1,4.1,1301,Education,0,9492,Mature High Spender,Upsell premium services
58,Male,Hyderabad,OnePlus,Android,7.3,20.7,156.7,65,1.1,5931,3.2,3.9,653,Entertainment,0,6584,Mature High Spender,Upsell premium services
20,Female,Bangalore,OnePlus,iOS,11.2,21.4,25.3,164,0.6,9380,3.9,4.6,1355,Gaming,0,10735,Mature High Spender,Upsell premium services
54,Male,Ahmedabad,Samsung,Android,5.8,20.4,46.5,141,1.5,8041,4.6,0.9,1893,Education,0,9934,Mature High Spender,Upsell premium services
48,Other,Pune,Xiaomi,iOS,1.6,33.2,11.8,102,0.6,5319,3.0,0.6,1315,Social Media,0,6634,Mature High Spender,Upsell premium services
34,Male,Delhi,Apple,iOS,5.9,7.5,285.0,155,0.9,8971,0.7,4.6,694,Entertainment,0,9665,Mature High Spender,Upsell premium services
40,Other,Jaipur,Motorola,Android,8.2,42.8,80.4,132,1.4,6631,6.0,0.1,1330,Gaming,0,7961,Mature High Spender,Upsell premium services
52,Male,Delhi,Xiaomi,iOS,6.3,29.1,118.3,188,0.9,7437,2.9,2.7,400,Entertainment,0,7837,Mature High Spender,Upsell premium services
49,Female,Mumbai,Motorola,iOS,3.7,41.5,168.1,158,2.2,5799,1.3,0.8,1399,Gaming,0,7198,Mature High Spender,Upsell premium services
48,Male,Jaipur,Apple,Android,2.9,42.6,110.0,50,0.7,8207,0.6,0.3,1059,Work,0,9266,Mature High Spender,Upsell premium services
20,Other,Chennai,Realme,Android,4.6,39.8,87.3,61,0.7,9911,2.4,2.4,142,Entertainment,0,10053,Mature High Spender,Upsell premium services
59,Female,Mumbai,Xiaomi,Android,6.0,30.8,248.1,37,1.6,5240,2.2,1.0,140,Work,0,5380,Mature High Spender,Upsell premium services
34,Male,Mumbai,Vivo,iOS,2.9,46.1,191.3,93,1.1,7251,3.9,1.3,304,Entertainment,0,7555,Mature High Spender,Upsell premium services
34,Male,Mumbai,Samsung,Android,11.3,9.3,127.5,107,1.1,7271,1.5,4.0,1136,Entertainment,0,8407,Mature High Spender,Upsell premium services
27,Male,Hyderabad,Nokia,iOS,4.7,35.7,6.0,35,1.1,8016,7.1,3.7,655,Entertainment,0,8671,Mature High Spender,Upsell premium services
18,Male,Delhi,OnePlus,Android,11.0,34.1,207.9,95,1.0,7544,4.6,4.5,545,Work,0,8089,Mature High Spender,Upsell premium services
46,Female,Ahmedabad,Motorola,iOS,4.3,2.7,63.8,169,3.1,6655,1.2,4.2,365,Education,0,7020,Mature High Spender,Upsell premium services
43,Female,Delhi,Google Pixel,iOS,2.3,42.1,88.5,54,2.2,9289,3.9,1.2,783,Entertainment,0,10072,Mature High Spender,Upsell premium services
48,Other,Bangalore,Motorola,iOS,4.3,49.6,220.9,163,2.9,7494,7.7,1.6,819,Work,0,8313,Mature High Spender,Upsell premium services
30,Other,Pune,Apple,Android,8.3,29.1,195.8,57,1.8,9063,6.9,0.9,1640,Entertainment,0,10703,Mature High Spender,Upsell premium services
57,Other,Jaipur,OnePlus,Android,11.5,49.0,69.2,181,0.7,5508,3.5,1.2,346,Social Media,0,5854,Mature High Spender,Upsell premium services
46,Male,Ahmedabad,Apple,iOS,11.8,19.1,158.0,18,2.2,5887,4.6,1.4,804,Entertainment,0,6691,Mature High Spender,Upsell premium services
19,Male,Hyderabad,Xiaomi,iOS,6.8,19.4,275.9,187,1.4,9477,6.2,2.5,736,Gaming,0,10213,Mature High Spender,Upsell premium services
36,Other,Ahmedabad,Samsung,iOS,8.8,18.7,170.4,182,2.7,7821,7.9,0.7,182,Entertainment,0,8003,Mature High Spender,Upsell premium services
45,Other,Ahmedabad,OnePlus,iOS,6.0,15.8,73.1,135,3.1,6132,3.3,0.0,356,Education,0,6488,Mature High Spender,Upsell premium services
18,Other,Hyderabad,Realme,iOS,7.5,27.9,288.5,51,0.7,7726,1.9,2.3,488,Social Media,0,8214,Mature High Spender,Upsell premium services
20,Male,Bangalore,Realme,iOS,8.2,22.7,104.1,136,1.8,9427,0.7,2.8,778,Entertainment,0,10205,Mature High Spender,Upsell premium services
32,Female,Kolkata,Samsung,Android,5.7,20.4,31.6,103,1.3,9761,7.4,4.2,1581,Gaming,0,11342,Mature High Spender,Upsell premium services
28,Other,Kolkata,Oppo,iOS,7.0,33.0,169.7,86,2.0,8824,6.0,3.8,523,Social Media,0,9347,Mature High Spender,Upsell premium services
31,Male,Lucknow,Xiaomi,Android,10.2,7.2,107.9,16,2.4,5773,4.0,3.6,597,Work,0,6370,Mature High Spender,Upsell premium services
50,Female,Lucknow,Nokia,iOS,3.8,8.9,181.2,10,1.3,6757,5.2,1.2,495,Social Media,0,7252,Mature High Spender,Upsell premium services
59,Male,Pune,Google Pixel,iOS,4.2,24.2,41.4,42,1.1,4481,5.6,1.7,1940,Gaming,0,6421,Mature High Spender,Upsell premium services
40,Female,Pune,Samsung,iOS,3.8,34.4,209.7,21,2.8,9428,6.9,3.6,670,Gaming,0,10098,Mature High Spender,Upsell premium services
47,Male,Chennai,OnePlus,iOS,8.9,45.2,40.3,127,1.9,5250,3.8,3.1,997,Social Media,0,6247,Mature High Spender,Upsell premium services
40,Other,Chennai,Google Pixel,iOS,3.9,7.3,50.4,188,3.1,7970,5.4,2.3,1466,Entertainment,0,9436,Mature High Spender,Upsell premium services
51,Female,Jaipur,Vivo,Android,7.9,19.9,87.5,24,1.4,6839,3.3,1.7,1918,Work,0,8757,Mature High Spender,Upsell premium services
24,Other,Delhi,Google Pixel,iOS,11.3,7.6,79.3,122,0.8,7467,7.8,1.2,381,Gaming,0,7848,Mature High Spender,Upsell premium services
30,Male,Bangalore,Nokia,iOS,8.8,8.0,126.6,147,1.1,9700,0.9,0.8,435,Education,0,10135,Mature High Spender,Upsell premium services
55,Other,Pune,Motorola,iOS,11.0,8.7,8.7,123,0.8,5410,1.4,3.3,757,Entertainment,0,6167,Mature High Spender,Upsell premium services
41,Other,Mumbai,OnePlus,Android,9.0,42.0,77.5,76,1.0,9029,1.5,4.1,1956,Social Media,0,10985,Mature High Spender,Upsell premium services
40,Male,Mumbai,Xiaomi,Android,8.3,19.8,93.9,37,2.0,4430,5.1,0.8,507,Gaming,0,4937,Mature High Spender,Upsell premium services
42,Female,Bangalore,Samsung,iOS,3.6,17.9,227.2,61,2.1,8584,2.9,1.4,457,Work,0,9041,Mature High Spender,Upsell premium services
52,Female,Pune,Vivo,iOS,2.9,23.0,155.2,78,2.2,6327,7.7,1.4,1479,Social Media,0,7806,Mature High Spender,Upsell premium services
46,Other,Chennai,Vivo,Android,4.3,13.6,74.8,96,1.5,3939,5.0,5.0,1972,Entertainment,0,5911,Mature High Spender,Upsell premium services
32,Male,Pune,Oppo,Android,9.2,20.7,74.7,88,1.8,6680,0.8,3.1,1290,Education,0,7970,Mature High Spender,Upsell premium services
45,Other,Pune,Nokia,iOS,10.2,49.8,41.6,50,2.2,8931,2.0,2.1,708,Entertainment,0,9639,Mature High Spender,Upsell premium services
36,Male,Jaipur,Motorola,Android,11.9,49.2,26.6,128,2.5,9191,2.6,2.4,227,Gaming,0,9418,Mature High Spender,Upsell premium services
49,Female,Lucknow,Oppo,Android,11.1,11.7,48.2,136,1.9,9407,4.4,3.5,452,Education,0,9859,Mature High Spender,Upsell premium services
45,Male,Lucknow,Nokia,Android,11.1,22.3,280.4,42,0.8,9321,3.0,1.7,727,Entertainment,0,10048,Mature High Spender,Upsell premium services
30,Other,Lucknow,Vivo,iOS,10.0,2.8,120.1,174,1.0,5159,3.7,2.5,1366,Social Media,0,6525,Mature High Spender,Upsell premium services
49,Female,Jaipur,Motorola,Android,11.1,1.6,12.7,51,3.0,9144,4.2,3.2,617,Entertainment,0,9761,Mature High Spender,Upsell premium services
41,Other,Mumbai,Motorola,Android,11.8,10.3,103.1,78,2.5,6337,2.0,2.5,1121,Gaming,0,7458,Mature High Spender,Upsell premium services
31,Male,Hyderabad,Apple,iOS,2.7,19.4,204.8,133,1.4,7601,3.1,3.2,1969,Social Media,0,9570,Mature High Spender,Upsell premium services
46,Other,Mumbai,Google Pixel,iOS,1.6,10.2,195.7,25,3.1,9871,4.1,3.9,260,Education,0,10131,Mature High Spender,Upsell premium services
53,Female,Chennai,Nokia,Android,5.8,12.0,192.6,15,2.4,6139,2.7,3.1,1875,Education,0,8014,Mature High Spender,Upsell premium services
38,Male,Chennai,Samsung,iOS,4.3,32.9,211.5,33,0.9,8901,2.8,3.3,519,Entertainment,0,9420,Mature High Spender,Upsell premium services
37,Male,Jaipur,Vivo,iOS,10.4,36.0,35.8,142,1.0,6256,6.5,4.9,1978,Education,0,8234,Mature High Spender,Upsell premium services
41,Other,Mumbai,Samsung,Android,3.8,20.2,149.6,168,0.7,7720,4.2,1.0,1542,Gaming,0,9262,Mature High Spender,Upsell premium services
53,Female,Bangalore,Google Pixel,iOS,3.6,6.9,143.2,31,3.3,7134,5.1,3.1,182,Social Media,0,7316,Mature High Spender,Upsell premium services
38,Other,Ahmedabad,Vivo,Android,2.1,5.0,257.4,84,3.0,7473,2.8,0.3,736,Work,0,8209,Mature High Spender,Upsell premium services
36,Other,Bangalore,Vivo,Android,3.0,13.9,298.5,126,1.8,9040,0.7,1.9,1050,Social Media,0,10090,Mature High Spender,Upsell premium services
46,Other,Delhi,Oppo,iOS,1.7,13.9,216.9,111,3.3,6495,5.5,1.8,623,Social Media,0,7118,Mature High Spender,Upsell premium services
53,Female,Kolkata,Xiaomi,iOS,10.0,2.5,141.9,51,1.0,8165,3.5,4.2,1263,Education,0,9428,Mature High Spender,Upsell premium services
41,Male,Ahmedabad,Vivo,Android,7.2,44.0,169.7,99,3.2,7766,1.7,4.8,1376,Social Media,0,9142,Mature High Spender,Upsell premium services
41,Male,Hyderabad,OnePlus,Android,4.8,44.2,88.3,95,1.5,5528,3.5,1.6,1046,Gaming,0,6574,Mature High Spender,Upsell premium services
42,Female,Kolkata,OnePlus,iOS,8.0,29.5,231.9,116,1.2,3179,5.9,2.5,1595,Work,0,4774,Mature High Spender,Upsell premium services
56,Male,Lucknow,Apple,iOS,4.6,23.1,83.5,18,2.0,9352,5.5,0.4,1170,Entertainment,0,10522,Mature High Spender,Upsell premium services
51,Female,Ahmedabad,Vivo,iOS,5.3,10.5,161.0,107,2.8,5918,5.2,0.6,1628,Entertainment,0,7546,Mature High Spender,Upsell premium services
19,Other,Jaipur,Nokia,Android,11.6,2.2,86.1,190,1.3,6776,0.7,1.2,937,Education,0,7713,Mature High Spender,Upsell premium services
35,Other,Bangalore,Apple,Android,3.5,49.7,113.4,172,2.6,6615,6.4,1.7,770,Work,0,7385,Mature High Spender,Upsell premium services
38,Male,Ahmedabad,Xiaomi,iOS,7.3,41.1,244.2,60,0.6,7734,5.8,1.7,777,Entertainment,0,8511,Mature High Spender,Upsell premium services
59,Other,Lucknow,Samsung,iOS,9.9,39.7,11.2,48,2.4,8980,7.8,1.9,1552,Entertainment,0,10532,Mature High Spender,Upsell premium services
42,Female,Pune,Xiaomi,iOS,11.0,33.1,204.3,186,2.4,7671,2.8,3.1,777,Education,0,8448,Mature High Spender,Upsell premium services
51,Other,Kolkata,Realme,iOS,1.4,1.4,134.5,136,1.0,4617,4.0,2.6,1693,Entertainment,0,6310,Mature High Spender,Upsell premium services
38,Other,Mumbai,Samsung,Android,6.8,5.2,261.2,81,1.1,3269,4.2,0.6,1851,Entertainment,0,5120,Mature High Spender,Upsell premium services
39,Male,Pune,OnePlus,iOS,6.8,8.9,196.4,108,1.8,8391,6.7,0.7,1835,Education,0,10226,Mature High Spender,Upsell premium services
30,Other,Chennai,Nokia,iOS,10.1,6.4,246.8,187,2.0,6245,3.7,1.5,247,Gaming,0,6492,Mature High Spender,Upsell premium services
28,Female,Delhi,Oppo,iOS,2.2,18.0,166.9,80,1.1,6568,0.8,0.2,119,Social Media,0,6687,Mature High Spender,Upsell premium services
39,Male,Pune,Oppo,Android,3.4,26.8,191.4,64,1.0,4662,3.7,3.2,1947,Education,0,6609,Mature High Spender,Upsell premium services
56,Male,Hyderabad,Apple,Android,11.5,40.7,34.4,189,0.6,8686,3.0,1.8,1888,Education,0,10574,Mature High Spender,Upsell premium services
47,Other,Kolkata,OnePlus,Android,9.8,12.3,84.6,56,2.7,7158,7.1,1.8,1299,Social Media,0,8457,Mature High Spender,Upsell premium services
20,Male,Jaipur,Apple,Android,11.1,6.5,90.6,112,2.4,9498,0.6,3.1,107,Social Media,0,9605,Mature High Spender,Upsell premium services
49,Male,Delhi,OnePlus,Android,2.4,49.0,207.9,166,0.6,7888,6.4,3.8,504,Social Media,0,8392,Mature High Spender,Upsell premium services
59,Female,Chennai,Motorola,Android,8.5,47.3,140.8,20,2.5,7018,2.9,1.1,1590,Social Media,0,8608,Mature High Spender,Upsell premium services
46,Male,Pune,Apple,Android,8.8,11.4,136.3,56,3.3,9515,6.0,4.5,450,Entertainment,0,9965,Mature High Spender,Upsell premium services
46,Male,Jaipur,Oppo,Android,1.8,14.9,245.4,179,1.1,7924,3.0,1.2,1887,Entertainment,0,9811,Mature High Spender,Upsell premium services
47,Male,Delhi,Samsung,Android,4.3,15.2,127.0,12,2.5,5709,7.2,0.1,1128,Social Media,0,6837,Mature High Spender,Upsell premium services
49,Other,Jaipur,Vivo,Android,3.6,44.6,185.6,73,2.1,9448,2.1,3.4,1945,Entertainment,0,11393,Mature High Spender,Upsell premium services
43,Other,Pune,Google Pixel,iOS,3.0,41.4,24.3,99,1.4,9840,3.2,2.8,721,Gaming,0,10561,Mature High Spender,Upsell premium services
42,Other,Hyderabad,Nokia,iOS,3.4,15.3,71.7,102,1.6,4597,3.4,0.8,191,Entertainment,0,4788,Mature High Spender,Upsell premium services
20,Female,Hyderabad,Realme,Android,6.4,46.9,71.4,96,2.2,8821,5.5,4.7,1593,Gaming,0,10414,Mature High Spender,Upsell premium services
35,Female,Ahmedabad,Samsung,iOS,4.4,19.3,249.2,150,2.9,9352,4.5,0.5,1094,Education,0,10446,Mature High Spender,Upsell premium services
31,Other,Pune,Nokia,iOS,4.1,13.7,194.3,157,1.6,6766,5.6,3.6,1534,Work,0,8300,Mature High Spender,Upsell premium services
36,Female,Pune,Google Pixel,iOS,11.7,3.4,190.5,71,0.6,5159,6.6,1.1,277,Entertainment,0,5436,Mature High Spender,Upsell premium services
31,Male,Ahmedabad,Vivo,Android,10.7,48.8,10.6,34,2.1,6378,3.6,2.8,361,Entertainment,0,6739,Mature High Spender,Upsell premium services
15,Female,Chennai,OnePlus,iOS,3.0,33.4,289.9,60,1.4,7281,2.0,1.2,131,Education,0,7412,Mature High Spender,Upsell premium services
59,Female,Ahmedabad,Motorola,iOS,11.7,33.6,275.9,200,2.9,9060,6.7,1.7,1657,Entertainment,0,10717,Mature High Spender,Upsell premium services
33,Other,Ahmedabad,Apple,iOS,10.7,5.7,281.6,33,2.8,8891,4.1,3.2,546,Social Media,0,9437,Mature High Spender,Upsell premium services
37,Other,Hyderabad,Nokia,iOS,1.2,49.3,156.6,83,2.4,9543,1.6,1.6,857,Entertainment,0,10400,Mature High Spender,Upsell premium services
28,Male,Jaipur,Motorola,iOS,1.4,24.5,75.2,130,2.0,9890,7.5,3.8,1460,Work,0,11350,Mature High Spender,Upsell premium services
46,Female,Ahmedabad,Samsung,Android,1.1,45.7,86.4,100,3.0,9501,4.9,3.1,1784,Work,0,11285,Mature High Spender,Upsell premium services
43,Male,Ahmedabad,Motorola,Android,4.4,47.0,104.5,38,0.9,3333,3.9,2.9,124,Entertainment,0,3457,Mature High Spender,Upsell premium services
35,Other,Pune,Xiaomi,iOS,1.8,24.9,87.1,115,1.4,4519,3.1,0.7,309,Education,0,4828,Mature High Spender,Upsell premium services
30,Female,Delhi,Nokia,Android,1.0,30.6,197.7,103,2.3,9195,1.4,0.5,538,Social Media,0,9733,Mature High Spender,Upsell premium services
46,Other,Lucknow,OnePlus,iOS,4.4,24.9,276.5,67,2.0,4917,7.2,5.0,1769,Gaming,0,6686,Mature High Spender,Upsell premium services
45,Other,Chennai,OnePlus,Android,11.3,14.3,175.4,127,3.2,5680,6.1,2.7,1293,Work,0,6973,Mature High Spender,Upsell premium services
26,Female,Chennai,Samsung,iOS,9.8,41.1,288.5,35,2.1,8631,6.6,0.5,1534,Work,0,10165,Mature High Spender,Upsell premium services
45,Male,Chennai,Nokia,iOS,9.5,33.6,108.8,124,2.0,7301,3.2,0.6,300,Social Media,0,7601,Mature High Spender,Upsell premium services
60,Female,Delhi,Apple,Android,6.1,26.3,86.8,124,3.1,7857,3.1,4.5,554,Gaming,0,8411,Mature High Spender,Upsell premium services
21,Male,Bangalore,Oppo,Android,10.2,9.8,278.1,119,1.8,6921,0.7,4.0,281,Entertainment,0,7202,Mature High Spender,Upsell premium services
48,Male,Ahmedabad,Samsung,iOS,7.2,4.3,258.3,119,1.6,6634,2.6,4.3,1281,Gaming,0,7915,Mature High Spender,Upsell premium services
51,Male,Kolkata,Nokia,Android,6.6,36.9,16.4,122,2.3,7214,7.1,2.1,146,Work,0,7360,Mature High Spender,Upsell premium services
47,Male,Delhi,Motorola,iOS,4.7,28.8,79.5,21,1.4,5935,1.3,1.3,379,Social Media,0,6314,Mature High Spender,Upsell premium services
22,Other,Ahmedabad,OnePlus,iOS,7.6,3.4,64.1,42,1.1,8488,6.4,1.3,1701,Gaming,0,10189,Mature High Spender,Upsell premium services
57,Female,Jaipur,Vivo,Android,8.9,27.4,83.0,134,2.6,9766,6.0,2.2,1825,Gaming,0,11591,Mature High Spender,Upsell premium services
52,Other,Delhi,Motorola,Android,8.2,33.6,96.7,184,0.6,3623,2.6,2.2,1650,Entertainment,0,5273,Mature High Spender,Upsell premium services
39,Male,Chennai,Google Pixel,iOS,7.5,48.2,24.2,142,2.1,8121,7.7,0.3,1933,Social Media,0,10054,Mature High Spender,Upsell premium services
58,Female,Ahmedabad,Samsung,iOS,5.6,43.5,293.2,90,0.8,5249,7.1,3.3,723,Social Media,0,5972,Mature High Spender,Upsell premium services
38,Female,Ahmedabad,Samsung,Android,2.0,49.1,87.5,115,0.8,4387,3.1,2.9,522,Education,0,4909,Mature High Spender,Upsell premium services
31,Male,Chennai,Vivo,iOS,9.7,3.8,218.4,167,1.6,8619,2.9,4.3,264,Entertainment,0,8883,Mature High Spender,Upsell premium services
40,Male,Hyderabad,Nokia,Android,9.4,49.1,18.3,84,2.3,5280,3.0,3.7,139,Social Media,0,5419,Mature High Spender,Upsell premium services
55,Other,Ahmedabad,Xiaomi,Android,7.1,15.1,283.2,77,0.7,4413,1.4,1.3,961,Work,0,5374,Mature High Spender,Upsell premium services
43,Female,Lucknow,Apple,Android,6.0,41.4,230.2,60,1.3,5383,2.9,0.4,116,Entertainment,0,5499,Mature High Spender,Upsell premium services
57,Female,Delhi,Realme,iOS,6.7,11.2,126.3,97,1.8,8853,5.9,3.6,955,Gaming,0,9808,Mature High Spender,Upsell premium services
27,Male,Kolkata,Oppo,Android,7.5,32.1,125.3,98,0.8,9863,4.9,3.0,916,Gaming,0,10779,Mature High Spender,Upsell premium services
21,Male,Hyderabad,Oppo,Android,4.0,3.0,123.8,70,1.9,6641,2.7,0.6,1327,Entertainment,0,7968,Mature High Spender,Upsell premium services
41,Other,Lucknow,Apple,Android,1.9,4.3,89.9,81,2.5,8460,6.6,0.8,861,Entertainment,0,9321,Mature High Spender,Upsell premium services
49,Male,Lucknow,Vivo,Android,1.6,29.6,179.6,173,1.1,6401,5.9,2.1,1449,Gaming,0,7850,Mature High Spender,Upsell premium services
38,Male,Pune,Samsung,iOS,10.3,12.8,252.3,188,1.6,8623,1.7,0.2,1842,Gaming,0,10465,Mature High Spender,Upsell premium services
36,Other,Pune,Vivo,Android,8.1,41.1,230.3,112,3.2,9079,2.7,2.5,1891,Entertainment,0,10970,Mature High Spender,Upsell premium services
60,Male,Ahmedabad,Apple,iOS,6.1,40.5,230.9,135,1.7,8840,7.1,3.2,1032,Gaming,0,9872,Mature High Spender,Upsell premium services
42,Male,Kolkata,Google Pixel,Android,2.0,18.0,42.9,54,1.9,9635,3.8,3.5,104,Work,0,9739,Mature High Spender,Upsell premium services
49,Male,Hyderabad,Oppo,Android,10.2,17.6,81.3,108,2.6,6970,0.8,3.8,1871,Social Media,0,8841,Mature High Spender,Upsell premium services
45,Other,Mumbai,Vivo,Android,8.3,7.1,240.4,89,0.7,9278,6.1,5.0,461,Education,0,9739,Mature High Spender,Upsell premium services
44,Female,Pune,Google Pixel,Android,6.8,13.8,95.0,167,3.3,6823,7.5,1.5,268,Social Media,0,7091,Mature High Spender,Upsell premium services
48,Other,Ahmedabad,Apple,iOS,1.9,13.1,255.2,85,1.9,9780,7.8,0.8,419,Entertainment,0,10199,Mature High Spender,Upsell premium services
43,Other,Chennai,Oppo,Android,2.4,17.3,214.8,199,2.7,9911,5.1,1.7,258,Work,0,10169,Mature High Spender,Upsell premium services
45,Female,Pune,Vivo,iOS,6.7,35.3,87.5,118,0.6,3936,6.1,2.2,1634,Social Media,0,5570,Mature High Spender,Upsell premium services
49,Male,Ahmedabad,Samsung,Android,1.4,10.6,295.5,190,2.0,6260,2.0,2.3,567,Social Media,0,6827,Mature High Spender,Upsell premium services
55,Female,Kolkata,Samsung,Android,10.3,28.3,60.1,186,2.9,7785,6.5,4.3,1562,Work,0,9347,Mature High Spender,Upsell premium services
55,Male,Lucknow,Nokia,Android,9.3,22.9,93.2,21,1.2,6237,6.1,0.5,601,Gaming,0,6838,Mature High Spender,Upsell premium services
45,Other,Hyderabad,Apple,iOS,6.2,34.1,290.0,139,2.5,7635,1.2,2.7,213,Gaming,0,7848,Mature High Spender,Upsell premium services
55,Other,Ahmedabad,Apple,Android,11.7,20.6,200.0,18,2.5,8237,0.8,2.2,1581,Education,0,9818,Mature High Spender,Upsell premium services
15,Female,Kolkata,Oppo,iOS,4.6,32.5,218.1,116,0.7,8302,1.9,2.1,1645,Education,0,9947,Mature High Spender,Upsell premium services
45,Female,Pune,Oppo,iOS,4.8,17.2,75.6,80,1.6,5435,6.8,4.0,1002,Work,0,6437,Mature High Spender,Upsell premium services
26,Other,Bangalore,Oppo,Android,4.2,27.6,47.1,195,1.9,7415,2.9,4.8,1284,Entertainment,0,8699,Mature High Spender,Upsell premium services
53,Other,Delhi,Apple,iOS,2.1,26.4,101.3,50,1.7,7335,0.6,0.1,456,Entertainment,0,7791,Mature High Spender,Upsell premium services
53,Other,Kolkata,Xiaomi,Android,3.1,41.0,120.1,172,2.6,8779,5.3,4.5,1522,Gaming,0,10301,Mature High Spender,Upsell premium services
25,Female,Mumbai,Motorola,iOS,2.5,25.2,101.6,116,2.7,8450,3.8,4.0,1380,Entertainment,0,9830,Mature High Spender,Upsell premium services
15,Female,Hyderabad,Google Pixel,iOS,3.4,17.0,103.3,154,1.0,7445,4.7,2.0,1771,Work,0,9216,Mature High Spender,Upsell premium services
42,Male,Mumbai,Nokia,iOS,11.8,9.9,92.5,41,2.2,8165,7.1,1.0,1871,Education,0,10036,Mature High Spender,Upsell premium services
50,Other,Jaipur,Google Pixel,Android,4.4,15.2,268.0,123,1.0,5838,1.2,3.1,1663,Work,0,7501,Mature High Spender,Upsell premium services
35,Male,Pune,Motorola,Android,6.2,26.2,36.0,115,1.9,9495,4.8,1.8,1853,Social Media,0,11348,Mature High Spender,Upsell premium services
59,Female,Chennai,Vivo,Android,7.8,29.0,51.1,100,1.7,7500,0.6,1.5,1613,Work,0,9113,Mature High Spender,Upsell premium services
56,Female,Mumbai,Nokia,Android,9.5,33.1,116.0,23,3.2,9744,4.7,3.7,283,Entertainment,0,10027,Mature High Spender,Upsell premium services
43,Other,Chennai,Google Pixel,iOS,10.5,6.0,227.1,81,1.4,5027,6.1,3.2,181,Gaming,0,5208,Mature High Spender,Upsell premium services
57,Other,Lucknow,Samsung,Android,10.1,12.4,174.3,69,3.0,7563,7.5,2.1,670,Social Media,0,8233,Mature High Spender,Upsell premium services
55,Male,Kolkata,Motorola,iOS,10.1,20.7,132.1,63,2.4,7593,7.4,0.1,663,Entertainment,0,8256,Mature High Spender,Upsell premium services
26,Female,Bangalore,Samsung,iOS,4.0,24.1,231.0,167,1.3,7588,3.4,3.9,1299,Entertainment,0,8887,Mature High Spender,Upsell premium services
55,Female,Delhi,Samsung,iOS,1.2,12.7,83.4,76,2.5,9981,7.8,4.6,235,Social Media,0,10216,Mature High Spender,Upsell premium services
23,Female,Mumbai,Samsung,iOS,8.8,47.0,52.7,78,0.8,6490,7.7,1.0,168,Education,0,6658,Mature High Spender,Upsell premium services
18,Female,Mumbai,Oppo,Android,8.2,6.7,117.2,199,1.4,7113,3.5,2.9,1214,Social Media,0,8327,Mature High Spender,Upsell premium services
39,Male,Ahmedabad,Xiaomi,Android,5.2,25.2,164.0,74,1.5,3902,2.0,3.6,994,Entertainment,0,4896,Mature High Spender,Upsell premium services
52,Male,Bangalore,Apple,Android,7.6,22.5,251.7,162,1.7,7271,5.8,2.4,1484,Gaming,0,8755,Mature High Spender,Upsell premium services
52,Other,Lucknow,Nokia,iOS,7.1,4.2,121.1,86,3.3,7188,2.3,4.5,992,Education,0,8180,Mature High Spender,Upsell premium services
15,Female,Jaipur,Motorola,Android,10.9,25.9,298.6,153,0.7,8300,2.1,2.5,1459,Social Media,0,9759,Mature High Spender,Upsell premium services
42,Other,Jaipur,OnePlus,Android,7.5,34.4,208.7,185,1.6,8873,5.3,3.3,1511,Education,0,10384,Mature High Spender,Upsell premium services
27,Male,Bangalore,OnePlus,Android,5.9,18.5,9.9,91,2.2,9571,1.0,4.0,469,Social Media,0,10040,Mature High Spender,Upsell premium services
32,Male,Bangalore,Xiaomi,iOS,10.2,7.7,197.2,27,1.2,9190,1.7,4.3,802,Education,0,9992,Mature High Spender,Upsell premium services
40,Male,Pune,Apple,iOS,1.3,38.6,225.4,141,1.5,3230,1.4,3.7,1957,Work,0,5187,Mature High Spender,Upsell premium services
39,Male,Jaipur,Samsung,iOS,3.1,5.1,190.8,145,1.7,7165,3.0,3.1,1579,Gaming,0,8744,Mature High Spender,Upsell premium services
57,Female,Kolkata,Vivo,Android,10.1,7.2,55.0,12,2.8,8441,1.5,0.2,1355,Gaming,0,9796,Mature High Spender,Upsell premium services
40,Male,Bangalore,Apple,Android,5.7,30.7,33.4,60,1.6,5263,6.6,2.8,1644,Social Media,0,6907,Mature High Spender,Upsell premium services
49,Other,Kolkata,Nokia,iOS,10.3,32.0,180.8,165,1.3,9957,7.3,2.6,1392,Education,0,11349,Mature High Spender,Upsell premium services
52,Other,Lucknow,Nokia,Android,3.1,10.9,179.9,69,0.9,9672,5.7,3.2,1712,Entertainment,0,11384,Mature High Spender,Upsell premium services
55,Male,Kolkata,Google Pixel,iOS,1.6,36.8,143.6,164,2.4,6507,7.6,1.2,1261,Work,0,7768,Mature High Spender,Upsell premium services
30,Female,Kolkata,Nokia,Android,5.8,15.6,83.2,31,2.0,8236,5.5,2.4,939,Gaming,0,9175,Mature High Spender,Upsell premium services
32,Other,Bangalore,Google Pixel,iOS,1.6,10.3,74.2,107,0.6,5679,0.7,0.5,1256,Gaming,0,6935,Mature High Spender,Upsell premium services
47,Male,Hyderabad,Nokia,Android,3.5,29.4,46.5,46,2.5,8039,7.9,4.9,1343,Social Media,0,9382,Mature High Spender,Upsell premium services
42,Other,Delhi,Samsung,Android,11.9,27.7,281.1,74,3.2,7813,0.6,0.9,1084,Education,0,8897,Mature High Spender,Upsell premium services
35,Other,Bangalore,Google Pixel,iOS,7.4,5.8,109.5,43,1.8,6486,4.2,0.2,817,Education,0,7303,Mature High Spender,Upsell premium services
58,Male,Jaipur,Oppo,Android,1.4,17.6,35.3,57,1.6,5407,2.4,3.3,971,Work,0,6378,Mature High Spender,Upsell premium services
41,Other,Delhi,Realme,Android,4.0,36.9,16.0,93,2.4,7140,7.6,0.4,1889,Work,0,9029,Mature High Spender,Upsell premium services
48,Other,Hyderabad,Nokia,Android,5.2,7.7,239.5,144,1.4,8839,4.9,3.8,1995,Gaming,0,10834,Mature High Spender,Upsell premium services
26,Male,Jaipur,Apple,Android,2.4,21.8,108.1,66,0.6,9064,2.4,3.2,1335,Education,0,10399,Mature High Spender,Upsell premium services
30,Male,Pune,Nokia,Android,10.7,47.7,195.7,159,2.1,5712,5.9,2.5,1949,Entertainment,0,7661,Mature High Spender,Upsell premium services
37,Female,Hyderabad,Nokia,iOS,11.4,40.5,201.6,70,1.4,8246,4.0,0.5,750,Work,0,8996,Mature High Spender,Upsell premium services
38,Female,Jaipur,Nokia,iOS,5.7,26.2,85.9,23,2.0,4624,2.9,4.5,801,Education,0,5425,Mature High Spender,Upsell premium services
54,Other,Pune,Samsung,Android,8.3,27.1,270.4,155,1.8,9565,3.4,4.3,457,Social Media,0,10022,Mature High Spender,Upsell premium services
47,Male,Ahmedabad,Google Pixel,iOS,2.7,11.0,54.1,65,0.8,6430,4.3,2.1,118,Gaming,0,6548,Mature High Spender,Upsell premium services
29,Other,Pune,Nokia,Android,9.0,41.7,149.4,11,2.2,8626,2.1,4.1,1404,Social Media,0,10030,Mature High Spender,Upsell premium services
33,Male,Jaipur,OnePlus,iOS,1.6,48.0,233.7,122,0.9,9101,3.6,3.8,1988,Entertainment,0,11089,Mature High Spender,Upsell premium services
31,Male,Ahmedabad,Google Pixel,iOS,11.8,23.6,85.7,56,0.7,6461,3.9,1.3,1491,Education,0,7952,Mature High Spender,Upsell premium services
24,Female,Mumbai,Samsung,Android,3.5,28.4,261.7,84,2.3,9890,6.1,3.8,1019,Entertainment,0,10909,Mature High Spender,Upsell premium services
56,Male,Kolkata,Vivo,Android,8.1,5.6,12.1,187,1.2,7194,2.4,0.2,1081,Work,0,8275,Mature High Spender,Upsell premium services
38,Other,Jaipur,OnePlus,iOS,9.1,8.0,106.7,169,1.0,7291,1.2,3.3,1401,Work,0,8692,Mature High Spender,Upsell premium services
21,Female,Mumbai,OnePlus,Android,2.9,42.8,279.6,128,1.6,8481,3.4,2.6,1881,Gaming,0,10362,Mature High Spender,Upsell premium services
29,Female,Kolkata,Nokia,Android,8.0,3.1,16.7,61,1.1,5693,6.8,4.6,1883,Work,0,7576,Mature High Spender,Upsell premium services
48,Female,Bangalore,Oppo,iOS,3.2,7.1,262.3,10,0.5,4532,2.5,0.5,328,Work,0,4860,Mature High Spender,Upsell premium services
30,Other,Ahmedabad,Oppo,iOS,3.1,29.4,279.7,56,0.7,5913,5.4,2.1,1232,Entertainment,0,7145,Mature High Spender,Upsell premium services
56,Male,Ahmedabad,Google Pixel,Android,1.6,36.2,77.9,119,2.0,8236,5.1,0.3,251,Gaming,0,8487,Mature High Spender,Upsell premium services
46,Male,Delhi,Apple,iOS,2.2,6.8,130.4,11,1.9,8851,5.2,5.0,308,Entertainment,0,9159,Mature High Spender,Upsell premium services
29,Female,Hyderabad,Nokia,Android,4.4,26.5,63.8,124,1.1,5974,2.9,1.5,1764,Social Media,0,7738,Mature High Spender,Upsell premium services
37,Male,Hyderabad,Nokia,Android,11.7,30.8,133.8,165,2.0,6533,5.6,2.2,456,Work,0,6989,Mature High Spender,Upsell premium services
20,Other,Mumbai,Realme,iOS,8.9,19.7,188.8,153,2.0,7432,5.0,4.3,1269,Gaming,0,8701,Mature High Spender,Upsell premium services
30,Male,Kolkata,Vivo,Android,2.4,45.9,261.4,46,2.7,8222,5.0,4.1,968,Social Media,0,9190,Mature High Spender,Upsell premium services
60,Female,Kolkata,Nokia,Android,9.3,2.9,204.9,40,1.6,6304,3.1,0.7,1423,Gaming,0,7727,Mature High Spender,Upsell premium services
59,Male,Bangalore,Apple,Android,4.4,24.2,252.3,19,1.8,7985,6.5,4.2,1102,Work,0,9087,Mature High Spender,Upsell premium services
44,Male,Bangalore,Apple,Android,3.3,15.2,123.5,147,1.8,4792,7.6,3.5,1749,Work,0,6541,Mature High Spender,Upsell premium services
27,Female,Chennai,Nokia,Android,5.1,32.2,21.6,179,0.8,7136,5.4,3.2,142,Work,0,7278,Mature High Spender,Upsell premium services
51,Male,Kolkata,Google Pixel,iOS,4.3,31.1,25.4,20,0.9,5394,5.5,1.4,1183,Gaming,0,6577,Mature High Spender,Upsell premium services
42,Other,Jaipur,Xiaomi,Android,10.0,11.9,77.0,43,1.0,9096,5.0,3.8,812,Gaming,0,9908,Mature High Spender,Upsell premium services
51,Other,Kolkata,Realme,iOS,7.5,19.3,26.7,55,1.7,9902,1.6,2.4,701,Entertainment,0,10603,Mature High Spender,Upsell premium services
52,Male,Hyderabad,Vivo,Android,6.1,16.1,134.5,165,2.2,9349,7.3,2.9,241,Education,0,9590,Mature High Spender,Upsell premium services
41,Other,Mumbai,Xiaomi,Android,6.6,9.2,188.8,120,2.3,8869,3.4,1.3,562,Education,0,9431,Mature High Spender,Upsell premium services
39,Male,Ahmedabad,Xiaomi,iOS,7.2,8.7,146.5,13,2.9,9702,2.2,2.4,1405,Social Media,0,11107,Mature High Spender,Upsell premium services
22,Male,Kolkata,Oppo,Android,3.4,20.5,108.1,20,1.1,9429,4.0,0.5,1958,Work,0,11387,Mature High Spender,Upsell premium services
59,Female,Ahmedabad,Xiaomi,Android,9.7,12.4,183.4,174,1.3,9179,5.7,3.4,632,Gaming,0,9811,Mature High Spender,Upsell premium services
36,Other,Delhi,Apple,Android,2.7,21.9,28.9,54,2.4,7952,2.1,3.4,1640,Social Media,0,9592,Mature High Spender,Upsell premium services
41,Male,Chennai,Xiaomi,Android,4.8,8.4,291.5,83,0.7,3692,4.1,0.5,1574,Education,0,5266,Mature High Spender,Upsell premium services
30,Female,Hyderabad,Vivo,Android,6.8,1.0,105.9,15,1.3,6124,1.2,2.3,1966,Work,0,8090,Mature High Spender,Upsell premium services
44,Female,Delhi,OnePlus,Android,1.3,17.6,128.0,12,1.7,7625,5.5,2.2,1859,Education,0,9484,Mature High Spender,Upsell premium services
41,Other,Pune,Google Pixel,iOS,3.0,31.9,187.2,95,1.2,7161,7.6,4.1,1272,Entertainment,0,8433,Mature High Spender,Upsell premium services
52,Other,Hyderabad,Apple,Android,3.7,26.7,11.8,65,1.4,9965,5.1,1.7,623,Work,0,10588,Mature High Spender,Upsell premium services
43,Male,Chennai,Oppo,Android,6.9,29.0,214.9,133,1.3,8283,0.9,0.2,272,Education,0,8555,Mature High Spender,Upsell premium services
50,Male,Delhi,Nokia,Android,4.4,16.5,156.0,156,1.1,4840,0.9,0.7,1980,Gaming,0,6820,Mature High Spender,Upsell premium services
24,Male,Hyderabad,Motorola,iOS,10.3,43.3,265.2,187,1.1,7189,4.6,4.4,538,Entertainment,0,7727,Mature High Spender,Upsell premium services
46,Male,Lucknow,Google Pixel,iOS,2.5,10.4,114.7,115,2.4,9765,7.4,2.9,416,Entertainment,0,10181,Mature High Spender,Upsell premium services
29,Male,Ahmedabad,Vivo,iOS,4.4,17.1,283.2,93,1.5,8803,0.6,3.4,1597,Education,0,10400,Mature High Spender,Upsell premium services
54,Male,Chennai,Apple,iOS,9.8,7.5,52.4,97,0.7,6427,6.7,1.1,1672,Gaming,0,8099,Mature High Spender,Upsell premium services
60,Male,Mumbai,Motorola,Android,2.2,19.1,277.2,139,1.0,8141,1.8,3.2,1086,Social Media,0,9227,Mature High Spender,Upsell premium services
41,Other,Jaipur,Oppo,Android,7.2,9.5,182.4,137,1.2,9410,3.1,3.6,1568,Education,0,10978,Mature High Spender,Upsell premium services
17,Other,Mumbai,Motorola,iOS,1.0,35.0,295.7,132,2.0,8416,3.0,1.9,1783,Education,0,10199,Mature High Spender,Upsell premium services
24,Male,Lucknow,Realme,Android,9.7,22.2,48.8,199,0.6,8823,1.4,1.9,326,Social Media,0,9149,Mature High Spender,Upsell premium services
35,Female,Kolkata,Xiaomi,iOS,1.6,20.4,58.3,24,2.3,8269,6.2,3.4,1805,Education,0,10074,Mature High Spender,Upsell premium services
46,Female,Jaipur,Apple,Android,10.3,24.7,21.2,70,2.8,6638,6.5,4.8,1817,Entertainment,0,8455,Mature High Spender,Upsell premium services
33,Other,Hyderabad,Xiaomi,iOS,3.1,48.3,92.2,92,1.7,8259,7.7,3.4,825,Education,0,9084,Mature High Spender,Upsell premium services
41,Male,Hyderabad,Google Pixel,iOS,1.8,8.4,203.9,68,1.2,9712,3.8,3.7,1406,Work,0,11118,Mature High Spender,Upsell premium services
52,Other,Kolkata,Apple,iOS,2.7,10.1,6.3,155,0.8,5286,6.0,1.3,1939,Work,0,7225,Mature High Spender,Upsell premium services
36,Other,Bangalore,Nokia,Android,5.4,26.0,55.6,104,2.4,5238,5.8,3.6,792,Education,0,6030,Mature High Spender,Upsell premium services
30,Male,Delhi,Google Pixel,iOS,8.5,11.9,107.6,64,2.8,6569,4.6,1.4,103,Social Media,0,6672,Mature High Spender,Upsell premium services
38,Male,Jaipur,Realme,Android,9.7,5.1,192.9,48,1.3,4502,4.5,4.0,1189,Education,0,5691,Mature High Spender,Upsell premium services
33,Other,Pune,Realme,Android,9.9,28.6,34.6,164,2.7,7502,7.4,2.8,387,Work,0,7889,Mature High Spender,Upsell premium services
35,Female,Chennai,OnePlus,Android,11.9,17.4,11.0,69,1.0,7522,0.7,1.8,1485,Social Media,0,9007,Mature High Spender,Upsell premium services
53,Other,Bangalore,OnePlus,iOS,11.1,27.3,164.9,136,1.2,8279,5.2,3.4,540,Education,0,8819,Mature High Spender,Upsell premium services
44,Male,Mumbai,Vivo,Android,3.5,16.2,282.9,64,3.1,7498,7.3,0.5,880,Social Media,0,8378,Mature High Spender,Upsell premium services
37,Male,Jaipur,Nokia,iOS,9.9,3.0,247.4,62,1.7,8777,6.2,0.7,1181,Education,0,9958,Mature High Spender,Upsell premium services
49,Other,Mumbai,Xiaomi,Android,6.5,7.9,286.4,25,2.9,5985,6.2,2.4,853,Social Media,0,6838,Mature High Spender,Upsell premium services
18,Male,Chennai,Motorola,iOS,10.4,4.0,230.5,58,1.4,9686,6.8,4.6,147,Social Media,0,9833,Mature High Spender,Upsell premium services
53,Female,Delhi,Google Pixel,iOS,8.5,16.5,272.9,142,2.4,5613,7.8,0.4,365,Social Media,0,5978,Mature High Spender,Upsell premium services
27,Female,Lucknow,Motorola,iOS,11.6,23.2,55.4,178,1.9,6772,3.8,3.8,397,Gaming,0,7169,Mature High Spender,Upsell premium services
30,Female,Hyderabad,Google Pixel,iOS,5.0,3.2,13.0,149,2.0,7277,3.4,2.4,253,Gaming,0,7530,Mature High Spender,Upsell premium services
17,Other,Hyderabad,Realme,iOS,3.8,6.8,23.5,54,1.3,7390,0.7,2.9,636,Entertainment,0,8026,Mature High Spender,Upsell premium services
25,Male,Hyderabad,Apple,Android,1.7,49.5,275.1,174,0.7,7170,5.4,3.6,1133,Work,0,8303,Mature High Spender,Upsell premium services
46,Female,Pune,Apple,Android,4.0,25.7,265.8,191,3.2,6584,2.2,3.8,1854,Education,0,8438,Mature High Spender,Upsell premium services
47,Male,Pune,Realme,iOS,5.0,37.2,40.0,200,1.3,4076,4.2,3.3,924,Social Media,0,5000,Mature High Spender,Upsell premium services
58,Male,Delhi,Xiaomi,iOS,2.7,43.7,82.4,13,0.5,9733,5.6,2.2,1444,Entertainment,0,11177,Mature High Spender,Upsell premium services
48,Other,Jaipur,Google Pixel,Android,7.5,7.0,78.9,52,1.0,5770,7.6,0.0,726,Social Media,0,6496,Mature High Spender,Upsell premium services
30,Male,Delhi,OnePlus,iOS,7.5,42.8,36.5,148,0.9,7777,4.0,0.0,1999,Education,0,9776,Mature High Spender,Upsell premium services
30,Male,Hyderabad,Realme,Android,3.6,34.4,99.5,194,2.2,9684,1.1,0.4,1350,Education,0,11034,Mature High Spender,Upsell premium services
36,Female,Kolkata,Vivo,Android,6.6,39.3,210.5,172,1.5,5538,4.4,4.4,1751,Entertainment,0,7289,Mature High Spender,Upsell premium services
29,Other,Bangalore,Nokia,Android,7.9,28.8,107.6,93,0.7,4849,3.1,1.4,1760,Education,0,6609,Mature High Spender,Upsell premium services
29,Female,Kolkata,Realme,iOS,6.1,42.2,158.0,53,1.9,6668,6.5,4.9,805,Education,0,7473,Mature High Spender,Upsell premium services
33,Other,Chennai,Vivo,Android,7.0,42.1,292.3,107,3.0,9945,3.3,4.4,475,Entertainment,0,10420,Mature High Spender,Upsell premium services
59,Other,Ahmedabad,OnePlus,iOS,1.0,20.6,223.9,115,2.4,7580,1.4,2.8,268,Gaming,0,7848,Mature High Spender,Upsell premium services
29,Male,Lucknow,Apple,iOS,10.8,23.4,260.9,100,1.3,5226,1.9,0.7,1729,Social Media,0,6955,Mature High Spender,Upsell premium services
52,Male,Bangalore,OnePlus,Android,7.0,12.4,195.9,141,1.5,7510,4.6,4.9,1553,Education,0,9063,Mature High Spender,Upsell premium services
47,Female,Chennai,Samsung,iOS,11.5,6.8,293.2,183,2.0,4345,6.5,1.1,1148,Education,0,5493,Mature High Spender,Upsell premium services
36,Male,Lucknow,Realme,Android,10.3,20.0,115.7,137,3.0,8528,4.5,0.2,501,Social Media,0,9029,Mature High Spender,Upsell premium services
47,Male,Jaipur,Google Pixel,Android,1.1,20.4,159.8,43,1.0,9311,6.2,3.3,214,Work,0,9525,Mature High Spender,Upsell premium services
32,Female,Bangalore,Xiaomi,iOS,5.6,7.8,88.7,151,0.9,8308,5.9,0.6,1357,Gaming,0,9665,Mature High Spender,Upsell premium services
15,Female,Jaipur,Oppo,Android,8.2,40.0,62.2,148,1.9,7563,3.4,4.8,556,Entertainment,0,8119,Mature High Spender,Upsell premium services
54,Male,Delhi,Samsung,iOS,9.5,43.4,272.4,178,2.4,9816,4.6,1.4,1294,Entertainment,0,11110,Mature High Spender,Upsell premium services
55,Other,Pune,Samsung,iOS,7.4,33.4,247.0,14,2.2,7296,3.6,3.9,924,Social Media,0,8220,Mature High Spender,Upsell premium services
44,Male,Delhi,OnePlus,iOS,11.5,12.6,87.0,119,2.5,7739,2.9,2.2,1733,Entertainment,0,9472,Mature High Spender,Upsell premium services
44,Female,Lucknow,Nokia,iOS,6.3,23.4,137.7,189,3.2,7973,1.6,0.8,689,Education,0,8662,Mature High Spender,Upsell premium services
38,Other,Jaipur,Samsung,Android,8.1,44.2,203.5,122,1.1,4305,4.6,0.8,1773,Social Media,0,6078,Mature High Spender,Upsell premium services
29,Female,Delhi,Realme,iOS,5.4,34.4,192.4,153,2.9,8372,4.3,1.6,556,Gaming,0,8928,Mature High Spender,Upsell premium services
53,Other,Lucknow,Oppo,iOS,6.0,47.1,26.0,13,1.6,6919,3.8,1.6,1991,Gaming,0,8910,Mature High Spender,Upsell premium services
53,Female,Kolkata,Oppo,Android,3.5,1.8,215.9,110,1.2,4649,4.7,3.9,1016,Education,0,5665,Mature High Spender,Upsell premium services
57,Other,Bangalore,Nokia,iOS,3.5,12.6,192.4,14,1.2,7976,6.9,3.9,1343,Social Media,0,9319,Mature High Spender,Upsell premium services
17,Female,Pune,Motorola,iOS,8.6,30.6,270.6,74,1.8,9695,6.3,4.3,974,Entertainment,0,10669,Mature High Spender,Upsell premium services
45,Male,Lucknow,Google Pixel,iOS,10.8,39.4,179.2,141,2.7,9946,5.0,0.6,1905,Entertainment,0,11851,Mature High Spender,Upsell premium services
35,Male,Mumbai,Xiaomi,iOS,5.4,47.4,110.5,74,1.9,7922,7.3,0.4,1180,Social Media,0,9102,Mature High Spender,Upsell premium services
36,Male,Mumbai,Vivo,Android,8.4,8.1,235.2,48,2.8,5880,4.9,0.5,847,Social Media,0,6727,Mature High Spender,Upsell premium services
25,Male,Chennai,Nokia,Android,3.8,21.6,199.5,83,1.4,7438,0.9,4.2,527,Entertainment,0,7965,Mature High Spender,Upsell premium services
37,Male,Lucknow,Google Pixel,Android,8.2,33.6,179.7,39,2.3,8279,7.6,3.3,1353,Education,0,9632,Mature High Spender,Upsell premium services
48,Female,Lucknow,Nokia,iOS,7.5,40.1,78.5,11,2.5,7114,6.7,0.6,1739,Work,0,8853,Mature High Spender,Upsell premium services
15,Other,Ahmedabad,OnePlus,iOS,8.7,31.8,157.0,161,2.2,8013,1.1,1.8,569,Gaming,0,8582,Mature High Spender,Upsell premium services
36,Female,Delhi,Nokia,Android,11.0,47.9,167.6,189,2.7,6002,0.9,3.0,1860,Gaming,0,7862,Mature High Spender,Upsell premium services
57,Other,Mumbai,Motorola,Android,1.3,14.4,186.9,10,2.3,7205,7.3,4.1,1290,Entertainment,0,8495,Mature High Spender,Upsell premium services
41,Male,Lucknow,Google Pixel,Android,8.4,36.2,139.2,153,0.7,8167,4.5,4.7,1736,Education,0,9903,Mature High Spender,Upsell premium services
32,Female,Pune,Vivo,Android,4.2,36.8,45.5,124,1.9,9146,1.4,2.4,1443,Work,0,10589,Mature High Spender,Upsell premium services
41,Other,Bangalore,Oppo,iOS,7.8,4.5,13.6,44,2.4,5336,0.8,3.3,459,Entertainment,0,5795,Mature High Spender,Upsell premium services
47,Female,Hyderabad,Xiaomi,Android,7.4,6.9,290.3,49,1.7,6938,6.2,2.7,1433,Entertainment,0,8371,Mature High Spender,Upsell premium services
44,Male,Kolkata,Motorola,Android,1.3,17.5,133.2,159,2.5,5884,6.4,0.6,1003,Work,0,6887,Mature High Spender,Upsell premium services
48,Male,Jaipur,Vivo,Android,11.6,7.0,50.6,56,2.0,6323,7.6,4.1,1341,Entertainment,0,7664,Mature High Spender,Upsell premium services
39,Male,Jaipur,Oppo,Android,8.9,48.4,175.2,168,2.3,4008,7.1,2.7,167,Gaming,0,4175,Mature High Spender,Upsell premium services
45,Female,Mumbai,Oppo,iOS,8.6,5.2,53.9,77,0.6,4782,4.2,1.8,1512,Work,0,6294,Mature High Spender,Upsell premium services
27,Male,Bangalore,Apple,iOS,6.4,49.5,62.8,187,1.3,5924,0.5,4.7,1534,Entertainment,0,7458,Mature High Spender,Upsell premium services
50,Male,Jaipur,Google Pixel,iOS,9.3,18.2,78.4,21,2.3,8547,5.7,2.1,1220,Entertainment,0,9767,Mature High Spender,Upsell premium services
50,Male,Chennai,Oppo,Android,4.7,23.9,110.6,35,3.3,8494,2.3,2.9,206,Entertainment,0,8700,Mature High Spender,Upsell premium services
15,Other,Delhi,Motorola,iOS,4.1,46.3,234.3,40,2.0,8661,6.3,3.8,1265,Social Media,0,9926,Mature High Spender,Upsell premium services
36,Female,Pune,Xiaomi,Android,10.8,27.6,295.9,137,2.8,8399,4.7,2.0,141,Gaming,0,8540,Mature High Spender,Upsell premium services
19,Other,Delhi,Samsung,iOS,4.2,19.8,282.5,93,1.9,9325,4.1,3.9,1048,Social Media,0,10373,Mature High Spender,Upsell premium services
51,Female,Delhi,Oppo,iOS,5.0,4.7,297.3,58,2.5,6513,4.7,0.3,1581,Education,0,8094,Mature High Spender,Upsell premium services
60,Female,Pune,Xiaomi,Android,5.0,13.1,208.7,25,2.2,9806,4.6,4.1,561,Education,0,10367,Mature High Spender,Upsell premium services
55,Male,Delhi,OnePlus,Android,2.2,28.4,249.6,135,2.5,6204,6.4,2.9,594,Entertainment,0,6798,Mature High Spender,Upsell premium services
49,Female,Delhi,Vivo,Android,1.8,42.9,14.8,75,1.4,5430,3.3,2.2,1345,Work,0,6775,Mature High Spender,Upsell premium services
18,Female,Jaipur,Xiaomi,Android,3.0,35.2,163.0,41,1.6,9721,5.5,1.0,1716,Work,0,11437,Mature High Spender,Upsell premium services
56,Male,Jaipur,Motorola,iOS,11.4,47.2,76.6,148,3.2,8477,4.2,0.0,1840,Entertainment,0,10317,Mature High Spender,Upsell premium services
60,Female,Delhi,Nokia,iOS,8.7,14.5,13.3,108,1.2,9126,6.0,2.6,1110,Gaming,0,10236,Mature High Spender,Upsell premium services
41,Female,Jaipur,Nokia,iOS,2.6,44.6,135.1,14,3.3,6061,1.1,0.8,1296,Entertainment,0,7357,Mature High Spender,Upsell premium services
42,Other,Jaipur,Nokia,iOS,3.0,5.6,264.3,98,1.2,8986,7.9,4.1,787,Gaming,0,9773,Mature High Spender,Upsell premium services
25,Male,Mumbai,Xiaomi,Android,1.5,38.0,138.4,96,0.6,6444,4.5,1.7,1030,Entertainment,0,7474,Mature High Spender,Upsell premium services
22,Male,Pune,Nokia,Android,3.5,4.6,43.0,83,1.6,6345,2.1,0.6,555,Gaming,0,6900,Mature High Spender,Upsell premium services
54,Other,Kolkata,OnePlus,Android,5.0,27.9,161.0,135,0.6,5087,3.4,4.8,596,Gaming,0,5683,Mature High Spender,Upsell premium services
41,Female,Ahmedabad,Nokia,Android,8.1,24.0,185.6,172,1.2,3546,4.8,0.3,1811,Entertainment,0,5357,Mature High Spender,Upsell premium services
40,Female,Kolkata,Apple,iOS,5.4,37.3,92.8,28,2.3,9522,7.6,3.0,1183,Entertainment,0,10705,Mature High Spender,Upsell premium services
30,Female,Lucknow,Oppo,iOS,10.6,12.8,253.0,28,2.4,6576,5.2,1.7,1369,Entertainment,0,7945,Mature High Spender,Upsell premium services
52,Female,Lucknow,Motorola,iOS,5.5,17.2,121.7,23,1.4,5034,1.4,4.4,1131,Social Media,0,6165,Mature High Spender,Upsell premium services
53,Other,Mumbai,Google Pixel,iOS,1.2,18.2,184.9,87,1.7,5442,0.7,1.7,442,Education,0,5884,Mature High Spender,Upsell premium services
34,Male,Mumbai,Nokia,iOS,2.9,11.1,276.0,74,0.6,7253,7.0,3.1,753,Entertainment,0,8006,Mature High Spender,Upsell premium services
40,Other,Chennai,Vivo,iOS,9.4,37.4,88.8,95,2.4,5029,6.3,3.0,1642,Gaming,0,6671,Mature High Spender,Upsell premium services
17,Other,Ahmedabad,Motorola,iOS,4.1,42.5,14.7,29,1.2,7732,5.4,0.5,1390,Education,0,9122,Mature High Spender,Upsell premium services
42,Female,Hyderabad,OnePlus,Android,11.4,34.4,204.2,139,1.2,8240,7.6,0.2,1884,Entertainment,0,10124,Mature High Spender,Upsell premium services
28,Male,Mumbai,OnePlus,Android,7.0,30.7,36.9,95,1.0,8329,6.2,2.0,976,Gaming,0,9305,Mature High Spender,Upsell premium services
47,Male,Ahmedabad,Nokia,iOS,7.4,20.7,86.0,18,2.8,8270,4.6,4.8,1385,Social Media,0,9655,Mature High Spender,Upsell premium services
23,Other,Pune,OnePlus,Android,11.4,12.8,51.5,111,1.3,6852,5.9,3.8,1796,Entertainment,0,8648,Mature High Spender,Upsell premium services
48,Other,Lucknow,OnePlus,Android,8.6,5.0,180.4,170,1.4,4271,6.7,2.7,1127,Work,0,5398,Mature High Spender,Upsell premium services
55,Male,Bangalore,Oppo,iOS,11.1,46.4,51.6,99,3.1,6640,3.3,0.0,1160,Entertainment,0,7800,Mature High Spender,Upsell premium services
36,Female,Mumbai,Samsung,iOS,3.5,35.5,190.6,28,1.4,9631,5.7,2.7,1081,Work,0,10712,Mature High Spender,Upsell premium services
30,Male,Chennai,Motorola,Android,3.7,48.6,16.8,92,1.3,6278,2.0,0.7,1621,Work,0,7899,Mature High Spender,Upsell premium services
44,Female,Mumbai,Realme,iOS,3.5,22.6,153.4,42,1.6,6447,2.1,3.4,535,Work,0,6982,Mature High Spender,Upsell premium services
36,Female,Chennai,Motorola,Android,8.7,5.6,138.5,161,2.2,6249,7.3,4.0,1864,Gaming,0,8113,Mature High Spender,Upsell premium services
49,Female,Hyderabad,Samsung,iOS,6.2,34.2,285.0,20,1.5,4955,1.1,4.1,1618,Education,0,6573,Mature High Spender,Upsell premium services
57,Other,Hyderabad,Nokia,Android,1.2,11.2,9.4,132,0.9,4300,6.2,0.9,1311,Entertainment,0,5611,Mature High Spender,Upsell premium services
21,Male,Ahmedabad,Xiaomi,iOS,7.8,37.4,291.3,81,1.0,7586,4.5,1.5,1949,Education,0,9535,Mature High Spender,Upsell premium services
49,Other,Ahmedabad,Motorola,Android,10.3,35.1,98.3,68,1.4,7557,2.8,2.7,471,Education,0,8028,Mature High Spender,Upsell premium services
38,Male,Lucknow,Nokia,iOS,4.3,18.0,57.5,12,1.2,6958,5.7,4.8,1945,Education,0,8903,Mature High Spender,Upsell premium services
44,Other,Pune,OnePlus,iOS,7.1,41.7,262.2,74,0.6,2480,3.8,2.0,1359,Education,0,3839,Mature High Spender,Upsell premium services
37,Female,Kolkata,OnePlus,Android,7.7,17.9,22.9,148,1.1,8781,7.9,4.9,503,Gaming,0,9284,Mature High Spender,Upsell premium services
48,Other,Delhi,Motorola,iOS,4.4,5.0,88.1,91,1.3,9088,1.8,0.1,1843,Work,0,10931,Mature High Spender,Upsell premium services
43,Male,Mumbai,Samsung,iOS,3.6,48.3,210.9,31,3.4,6285,6.9,2.8,397,Gaming,0,6682,Mature High Spender,Upsell premium services
15,Male,Jaipur,Nokia,Android,4.0,26.4,294.6,70,0.8,7153,6.2,3.2,311,Gaming,0,7464,Mature High Spender,Upsell premium services
54,Male,Pune,Oppo,iOS,9.2,16.2,22.8,164,1.8,7746,8.0,1.5,1178,Social Media,0,8924,Mature High Spender,Upsell premium services
60,Other,Chennai,Oppo,Android,10.7,26.6,290.8,193,1.9,8091,6.1,0.8,1787,Entertainment,0,9878,Mature High Spender,Upsell premium services
42,Other,Hyderabad,Nokia,iOS,12.0,32.1,188.6,94,2.1,7554,5.4,4.6,434,Entertainment,0,7988,Mature High Spender,Upsell premium services
43,Other,Chennai,Vivo,Android,11.1,28.3,60.3,22,0.9,7479,5.4,0.9,663,Work,0,8142,Mature High Spender,Upsell premium services
34,Other,Ahmedabad,Xiaomi,Android,2.3,28.4,233.1,129,2.0,6982,6.1,2.3,374,Work,0,7356,Mature High Spender,Upsell premium services
35,Female,Chennai,Nokia,Android,5.6,40.1,226.6,55,2.7,5704,6.6,1.9,1753,Social Media,0,7457,Mature High Spender,Upsell premium services
20,Other,Jaipur,OnePlus,Android,6.5,29.4,159.6,162,2.2,8775,4.0,2.6,603,Entertainment,0,9378,Mature High Spender,Upsell premium services
50,Male,Lucknow,Nokia,iOS,8.9,27.8,128.4,146,2.3,9371,4.9,2.4,1898,Education,0,11269,Mature High Spender,Upsell premium services
19,Male,Chennai,Vivo,Android,6.9,27.1,293.9,96,1.2,9480,2.9,1.5,390,Work,0,9870,Mature High Spender,Upsell premium services
21,Female,Jaipur,Google Pixel,Android,10.1,44.5,32.5,77,1.2,7547,2.2,3.0,1158,Social Media,0,8705,Mature High Spender,Upsell premium services
39,Male,Kolkata,Motorola,Android,2.1,4.0,49.3,71,2.1,5890,5.7,3.0,870,Social Media,0,6760,Mature High Spender,Upsell premium services
40,Other,Kolkata,Vivo,Android,9.8,27.5,126.7,165,2.4,8055,4.3,1.4,620,Entertainment,0,8675,Mature High Spender,Upsell premium services
54,Other,Hyderabad,Nokia,Android,5.2,21.8,275.8,200,0.8,3483,4.9,4.2,292,Social Media,0,3775,Mature High Spender,Upsell premium services
41,Female,Kolkata,Vivo,iOS,5.9,17.1,280.3,155,1.3,6939,1.8,0.1,1801,Gaming,0,8740,Mature High Spender,Upsell premium services
52,Female,Ahmedabad,Xiaomi,iOS,1.3,40.0,274.4,48,1.6,6065,6.8,0.2,512,Work,0,6577,Mature High Spender,Upsell premium services
26,Female,Pune,Samsung,iOS,11.1,46.9,138.6,104,1.2,5645,7.0,5.0,654,Education,0,6299,Mature High Spender,Upsell premium services
38,Other,Bangalore,Xiaomi,Android,2.5,39.3,153.5,129,1.2,6865,5.8,4.6,318,Social Media,0,7183,Mature High Spender,Upsell premium services
58,Male,Ahmedabad,Realme,Android,9.4,14.8,237.5,16,1.7,6045,4.7,2.9,1419,Education,0,7464,Mature High Spender,Upsell premium services
50,Female,Pune,OnePlus,Android,5.1,11.0,123.4,149,3.2,8576,3.8,1.4,406,Entertainment,0,8982,Mature High Spender,Upsell premium services
45,Other,Jaipur,Apple,Android,4.2,8.2,295.2,153,2.1,8525,4.3,2.6,892,Gaming,0,9417,Mature High Spender,Upsell premium services
29,Other,Lucknow,Realme,iOS,9.7,44.3,170.2,83,2.4,9362,5.9,3.7,173,Education,0,9535,Mature High Spender,Upsell premium services
51,Other,Hyderabad,Nokia,Android,3.2,5.2,127.6,87,2.1,5914,1.0,1.2,251,Work,0,6165,Mature High Spender,Upsell premium services
57,Female,Chennai,Motorola,iOS,6.6,29.1,135.8,83,1.1,5852,2.7,4.5,1379,Education,0,7231,Mature High Spender,Upsell premium services
36,Female,Ahmedabad,Google Pixel,Android,9.4,40.6,105.8,109,1.4,8349,7.1,4.3,1217,Gaming,0,9566,Mature High Spender,Upsell premium services
49,Female,Delhi,OnePlus,iOS,7.7,31.8,195.8,194,2.7,7458,3.8,4.2,1354,Entertainment,0,8812,Mature High Spender,Upsell premium services
53,Female,Pune,Nokia,Android,7.9,48.7,154.9,150,2.3,8340,4.0,4.3,1630,Work,0,9970,Mature High Spender,Upsell premium services
18,Other,Lucknow,Xiaomi,Android,2.2,8.3,9.7,56,1.3,7817,6.1,4.0,1523,Social Media,0,9340,Mature High Spender,Upsell premium services
42,Other,Jaipur,Nokia,Android,5.1,46.3,295.8,55,2.8,5637,1.2,3.0,1571,Education,0,7208,Mature High Spender,Upsell premium services
28,Female,Ahmedabad,Oppo,iOS,10.0,48.1,213.2,69,2.7,8569,6.2,0.2,372,Education,0,8941,Mature High Spender,Upsell premium services
51,Other,Mumbai,Realme,Android,1.6,32.2,103.8,75,0.5,9390,4.9,0.0,1626,Work,0,11016,Mature High Spender,Upsell premium services
41,Other,Kolkata,Samsung,Android,1.2,22.0,155.7,89,3.0,7656,0.7,3.1,1850,Entertainment,0,9506,Mature High Spender,Upsell premium services
42,Female,Pune,Oppo,Android,7.6,29.9,146.9,104,0.9,8392,7.4,0.8,375,Entertainment,0,8767,Mature High Spender,Upsell premium services
44,Other,Bangalore,Apple,Android,10.3,19.9,29.3,56,2.5,8015,2.6,0.3,1059,Social Media,0,9074,Mature High Spender,Upsell premium services
59,Female,Delhi,OnePlus,Android,10.2,45.7,19.7,63,1.1,5959,4.3,2.7,886,Entertainment,0,6845,Mature High Spender,Upsell premium services
53,Other,Mumbai,OnePlus,iOS,1.3,35.0,146.1,135,2.4,6489,3.9,3.5,711,Entertainment,0,7200,Mature High Spender,Upsell premium services
48,Male,Delhi,Realme,iOS,6.1,40.6,184.1,155,1.0,5023,6.9,3.6,353,Work,0,5376,Mature High Spender,Upsell premium services
53,Female,Mumbai,Google Pixel,iOS,10.8,31.9,154.0,103,3.0,8653,0.5,1.3,1139,Entertainment,0,9792,Mature High Spender,Upsell premium services
58,Male,Jaipur,Apple,iOS,5.5,30.8,92.2,83,1.1,7843,3.4,3.6,243,Entertainment,0,8086,Mature High Spender,Upsell premium services
21,Female,Chennai,Oppo,iOS,2.1,47.3,72.0,63,1.8,6904,3.5,3.5,1519,Education,0,8423,Mature High Spender,Upsell premium services
49,Female,Jaipur,Realme,iOS,3.5,35.5,203.3,157,2.8,9844,1.3,1.4,668,Education,0,10512,Mature High Spender,Upsell premium services
26,Female,Hyderabad,Google Pixel,Android,1.2,28.1,46.2,126,1.1,8791,1.9,3.0,850,Social Media,0,9641,Mature High Spender,Upsell premium services
55,Male,Lucknow,Apple,iOS,2.0,25.3,277.9,81,1.8,4962,7.5,4.7,154,Entertainment,0,5116,Mature High Spender,Upsell premium services
58,Male,Lucknow,OnePlus,Android,10.0,4.0,93.7,25,0.6,9415,2.6,2.8,446,Social Media,0,9861,Mature High Spender,Upsell premium services
42,Male,Bangalore,Realme,Android,7.6,15.7,194.0,182,0.9,8264,4.7,4.2,1929,Social Media,0,10193,Mature High Spender,Upsell premium services
59,Male,Mumbai,Google Pixel,iOS,7.9,13.3,76.4,181,1.3,9810,1.4,0.7,1597,Entertainment,0,11407,Mature High Spender,Upsell premium services
59,Male,Lucknow,Oppo,Android,6.4,11.8,47.3,141,2.1,6656,7.4,4.0,1304,Education,0,7960,Mature High Spender,Upsell premium services
60,Other,Jaipur,Vivo,iOS,2.7,15.1,161.3,196,0.6,3941,7.6,3.7,384,Gaming,0,4325,Mature High Spender,Upsell premium services
19,Male,Ahmedabad,Nokia,Android,10.0,46.4,95.9,111,2.2,9711,5.9,1.3,928,Entertainment,0,10639,Mature High Spender,Upsell premium services
25,Female,Chennai,Samsung,iOS,6.8,44.5,48.8,131,1.4,5779,4.8,4.5,1872,Entertainment,0,7651,Mature High Spender,Upsell premium services
32,Other,Hyderabad,Samsung,Android,11.8,6.6,224.1,174,0.6,7503,5.0,4.7,505,Social Media,0,8008,Mature High Spender,Upsell premium services
35,Male,Jaipur,Vivo,Android,10.4,30.0,265.6,91,2.7,6000,5.9,2.0,1588,Entertainment,0,7588,Mature High Spender,Upsell premium services
60,Male,Jaipur,Realme,Android,8.1,27.5,151.4,173,1.2,7515,4.8,3.0,1358,Gaming,0,8873,Mature High Spender,Upsell premium services
44,Other,Lucknow,Oppo,iOS,3.9,24.8,291.1,135,2.2,6633,1.0,1.3,1882,Gaming,0,8515,Mature High Spender,Upsell premium services
60,Female,Ahmedabad,Vivo,Android,2.8,38.2,30.9,10,2.0,9260,2.9,2.9,1724,Social Media,0,10984,Mature High Spender,Upsell premium services
31,Other,Kolkata,Oppo,Android,11.0,40.2,61.8,66,1.9,6246,1.6,3.0,451,Entertainment,0,6697,Mature High Spender,Upsell premium services
39,Other,Jaipur,Apple,iOS,4.3,4.6,256.4,173,2.6,8423,5.6,3.4,245,Education,0,8668,Mature High Spender,Upsell premium services
23,Male,Chennai,Apple,iOS,11.0,48.0,121.8,88,2.2,7292,3.6,5.0,414,Work,0,7706,Mature High Spender,Upsell premium services
22,Male,Lucknow,Apple,iOS,8.8,31.9,131.8,71,1.1,8637,4.3,2.3,1712,Education,0,10349,Mature High Spender,Upsell premium services
40,Male,Pune,Google Pixel,iOS,6.8,26.5,262.1,43,2.2,5700,1.7,4.9,1088,Education,0,6788,Mature High Spender,Upsell premium services
26,Female,Pune,Samsung,Android,1.3,30.2,123.6,200,0.8,5112,2.1,1.1,1539,Gaming,0,6651,Mature High Spender,Upsell premium services
41,Male,Lucknow,Nokia,Android,5.5,42.5,281.1,86,1.2,3985,6.5,3.5,924,Education,0,4909,Mature High Spender,Upsell premium services
60,Female,Lucknow,Realme,Android,10.8,30.4,210.8,110,0.8,7017,1.5,1.0,1884,Social Media,0,8901,Mature High Spender,Upsell premium services
20,Male,Bangalore,OnePlus,Android,10.7,28.0,156.2,117,1.1,8899,7.9,3.0,1169,Education,0,10068,Mature High Spender,Upsell premium services
27,Male,Chennai,Samsung,Android,10.8,29.4,195.1,175,0.7,6214,0.7,4.2,394,Work,0,6608,Mature High Spender,Upsell premium services
42,Male,Bangalore,Nokia,Android,7.4,46.7,234.2,169,2.1,6023,1.4,0.9,1329,Gaming,0,7352,Mature High Spender,Upsell premium services
51,Other,Mumbai,Nokia,Android,1.3,10.0,206.2,94,3.6,8581,7.4,4.9,666,Gaming,0,9247,Mature High Spender,Upsell premium services
46,Female,Hyderabad,Vivo,iOS,7.6,2.1,63.9,62,3.2,8582,7.3,2.2,1381,Entertainment,0,9963,Mature High Spender,Upsell premium services
46,Other,Bangalore,OnePlus,Android,10.4,32.6,57.4,197,2.9,8043,6.5,3.3,1439,Education,0,9482,Mature High Spender,Upsell premium services
47,Male,Kolkata,Samsung,Android,8.6,31.0,188.9,183,3.1,7675,7.6,0.6,533,Education,0,8208,Mature High Spender,Upsell premium services
56,Other,Pune,Apple,iOS,8.7,7.4,273.5,27,0.9,3826,1.3,1.6,730,Social Media,0,4556,Mature High Spender,Upsell premium services
48,Other,Jaipur,Google Pixel,iOS,7.0,16.8,137.7,79,0.8,6853,1.6,2.2,1273,Social Media,0,8126,Mature High Spender,Upsell premium services
22,Male,Chennai,Realme,iOS,4.0,39.1,227.5,17,0.6,8024,3.4,2.9,851,Entertainment,0,8875,Mature High Spender,Upsell premium services
39,Male,Hyderabad,Nokia,Android,2.9,29.5,81.1,122,0.9,6032,5.4,1.0,105,Gaming,0,6137,Mature High Spender,Upsell premium services
56,Other,Chennai,Apple,iOS,9.6,44.9,123.6,42,1.1,9258,4.3,1.9,217,Gaming,0,9475,Mature High Spender,Upsell premium services
47,Female,Bangalore,Google Pixel,Android,8.9,31.8,74.1,73,1.3,3658,6.6,1.1,722,Education,0,4380,Mature High Spender,Upsell premium services
32,Other,Mumbai,OnePlus,Android,8.0,11.6,147.9,71,0.7,4738,3.9,1.1,166,Entertainment,0,4904,Mature High Spender,Upsell premium services
47,Male,Mumbai,Nokia,iOS,7.1,45.7,176.0,130,1.9,7455,5.9,1.1,1735,Education,0,9190,Mature High Spender,Upsell premium services
26,Female,Kolkata,Samsung,iOS,9.1,40.9,188.3,165,1.0,7506,5.1,1.4,757,Education,0,8263,Mature High Spender,Upsell premium services
35,Female,Delhi,Vivo,Android,8.3,17.7,201.0,93,1.5,8347,2.5,4.9,1760,Social Media,0,10107,Mature High Spender,Upsell premium services
57,Other,Delhi,Nokia,iOS,9.4,40.6,287.8,49,2.1,5166,5.5,3.5,1126,Gaming,0,6292,Mature High Spender,Upsell premium services
32,Male,Chennai,Samsung,Android,8.9,29.7,222.0,135,0.7,4570,4.4,4.9,1693,Work,0,6263,Mature High Spender,Upsell premium services
57,Male,Hyderabad,Xiaomi,Android,8.6,50.0,245.2,178,1.3,5221,3.4,3.5,989,Work,0,6210,Mature High Spender,Upsell premium services
51,Female,Ahmedabad,Google Pixel,iOS,7.0,30.4,182.1,167,1.4,8438,7.8,3.8,591,Gaming,0,9029,Mature High Spender,Upsell premium services
35,Other,Lucknow,Nokia,Android,8.7,11.8,37.4,63,0.8,3361,6.0,3.0,262,Work,0,3623,Mature High Spender,Upsell premium services
42,Female,Delhi,Nokia,Android,3.7,1.2,212.6,13,1.2,8048,6.0,3.4,1032,Work,0,9080,Mature High Spender,Upsell premium services
53,Male,Kolkata,Motorola,Android,5.0,30.6,299.8,105,0.9,4138,3.2,0.0,463,Work,0,4601,Mature High Spender,Upsell premium services
37,Other,Pune,OnePlus,Android,1.6,49.6,142.7,37,1.8,8982,2.5,0.1,1243,Education,0,10225,Mature High Spender,Upsell premium services
21,Male,Pune,Nokia,Android,1.9,33.1,266.5,129,2.6,7806,7.0,5.0,1637,Work,0,9443,Mature High Spender,Upsell premium services
30,Other,Kolkata,Xiaomi,Android,6.1,32.8,147.6,18,1.7,5601,6.1,2.4,198,Entertainment,0,5799,Mature High Spender,Upsell premium services
47,Female,Pune,Xiaomi,Android,8.9,4.8,152.9,127,1.7,8829,4.1,3.2,1101,Education,0,9930,Mature High Spender,Upsell premium services
36,Male,Ahmedabad,Realme,Android,2.1,45.3,50.6,116,2.1,6330,1.0,4.5,1691,Education,0,8021,Mature High Spender,Upsell premium services
50,Other,Delhi,Samsung,Android,11.1,18.9,40.3,40,0.9,7334,7.2,1.2,726,Gaming,0,8060,Mature High Spender,Upsell premium services
49,Female,Lucknow,Apple,iOS,4.9,20.5,43.1,19,2.2,4937,1.2,3.4,704,Education,0,5641,Mature High Spender,Upsell premium services
54,Female,Kolkata,Motorola,iOS,11.8,39.5,182.4,131,2.0,7319,3.9,3.3,1362,Education,0,8681,Mature High Spender,Upsell premium services
54,Male,Hyderabad,Motorola,Android,4.0,35.1,191.3,34,3.1,8003,3.7,1.0,1511,Social Media,0,9514,Mature High Spender,Upsell premium services
47,Female,Kolkata,Apple,iOS,1.0,40.2,7.6,156,1.8,4884,4.9,3.3,1482,Entertainment,0,6366,Mature High Spender,Upsell premium services
40,Other,Mumbai,Samsung,iOS,11.9,32.8,253.1,152,1.1,7905,5.4,4.4,1752,Gaming,0,9657,Mature High Spender,Upsell premium services
56,Male,Bangalore,Samsung,iOS,5.9,2.9,185.2,46,1.3,8499,1.3,2.4,1250,Entertainment,0,9749,Mature High Spender,Upsell premium services
38,Other,Chennai,OnePlus,iOS,4.1,31.5,196.0,181,2.5,9760,7.7,4.4,407,Work,0,10167,Mature High Spender,Upsell premium services
48,Male,Jaipur,Google Pixel,iOS,4.0,20.5,107.8,46,3.1,9136,3.0,4.7,127,Gaming,0,9263,Mature High Spender,Upsell premium services
45,Other,Mumbai,Oppo,iOS,7.7,13.1,102.1,31,1.1,4948,3.5,3.9,872,Gaming,0,5820,Mature High Spender,Upsell premium services
53,Male,Bangalore,Google Pixel,Android,4.8,36.8,16.8,140,1.5,5080,7.6,0.8,1166,Gaming,0,6246,Mature High Spender,Upsell premium services
57,Male,Pune,Vivo,Android,9.3,41.0,248.9,30,1.4,7498,1.2,4.0,1732,Entertainment,0,9230,Mature High Spender,Upsell premium services
35,Other,Ahmedabad,Apple,iOS,4.4,38.4,28.1,29,1.7,8779,1.5,1.9,533,Gaming,0,9312,Mature High Spender,Upsell premium services
35,Other,Hyderabad,Oppo,Android,8.2,9.8,239.6,16,1.6,9413,7.9,2.8,308,Social Media,0,9721,Mature High Spender,Upsell premium services
44,Female,Lucknow,Apple,Android,7.2,21.5,233.5,102,0.6,8736,5.1,0.0,599,Education,0,9335,Mature High Spender,Upsell premium services
42,Male,Chennai,Apple,iOS,4.9,3.5,223.4,66,1.0,9797,4.8,0.4,1055,Gaming,0,10852,Mature High Spender,Upsell premium services
34,Other,Kolkata,Motorola,Android,9.9,7.6,134.9,139,1.8,9626,7.6,4.4,878,Gaming,0,10504,Mature High Spender,Upsell premium services
55,Female,Ahmedabad,OnePlus,Android,11.4,4.3,125.7,140,1.0,7604,2.5,3.0,1151,Education,0,8755,Mature High Spender,Upsell premium services
38,Other,Delhi,Motorola,iOS,2.2,42.7,34.8,85,1.6,3944,4.9,4.4,334,Education,0,4278,Mature High Spender,Upsell premium services
37,Other,Pune,Nokia,iOS,2.5,36.5,85.1,187,1.3,4677,5.8,5.0,1761,Entertainment,0,6438,Mature High Spender,Upsell premium services
17,Other,Ahmedabad,Motorola,iOS,3.9,7.8,160.7,32,1.9,9112,5.1,1.8,477,Gaming,0,9589,Mature High Spender,Upsell premium services
47,Female,Hyderabad,Oppo,iOS,3.4,1.5,192.4,14,1.5,4355,5.7,3.8,1680,Social Media,0,6035,Mature High Spender,Upsell premium services
28,Female,Kolkata,Xiaomi,iOS,5.4,31.1,184.3,36,1.0,5480,2.5,0.2,1836,Gaming,0,7316,Mature High Spender,Upsell premium services
37,Male,Ahmedabad,Oppo,Android,6.6,19.2,124.8,87,1.6,3963,1.3,3.0,235,Work,0,4198,Mature High Spender,Upsell premium services
55,Male,Chennai,Samsung,iOS,9.3,31.6,55.9,166,1.4,7884,1.5,3.8,1044,Education,0,8928,Mature High Spender,Upsell premium services
42,Other,Kolkata,Samsung,iOS,3.1,30.7,87.8,82,2.4,6751,7.3,2.6,992,Education,0,7743,Mature High Spender,Upsell premium services
50,Male,Pune,Realme,iOS,9.4,12.4,150.3,94,3.2,9055,4.9,3.9,923,Education,0,9978,Mature High Spender,Upsell premium services
37,Male,Chennai,Apple,Android,6.3,15.2,59.5,12,0.8,4824,4.5,1.4,1114,Work,0,5938,Mature High Spender,Upsell premium services
33,Other,Mumbai,Nokia,Android,10.3,16.9,195.1,67,3.0,8434,7.0,4.0,225,Education,0,8659,Mature High Spender,Upsell premium services
41,Male,Pune,Oppo,Android,4.9,41.5,95.0,27,2.6,5395,1.9,1.1,1308,Gaming,0,6703,Mature High Spender,Upsell premium services
40,Other,Mumbai,Samsung,Android,6.3,46.0,49.2,143,1.9,9558,4.8,3.8,982,Gaming,0,10540,Mature High Spender,Upsell premium services
32,Other,Ahmedabad,Oppo,iOS,11.8,9.5,164.1,173,3.0,8820,5.6,3.7,344,Work,0,9164,Mature High Spender,Upsell premium services
18,Other,Chennai,Google Pixel,iOS,3.2,18.9,47.0,86,1.9,8491,2.7,1.6,1059,Work,0,9550,Mature High Spender,Upsell premium services
40,Female,Hyderabad,Motorola,iOS,9.9,31.4,219.0,148,2.3,5723,4.9,4.2,893,Social Media,0,6616,Mature High Spender,Upsell premium services
37,Male,Pune,Vivo,Android,8.6,20.5,19.5,63,2.3,5299,1.3,3.8,1616,Gaming,0,6915,Mature High Spender,Upsell premium services
36,Male,Kolkata,Motorola,iOS,9.5,20.7,189.4,64,1.2,7684,1.2,2.0,183,Education,0,7867,Mature High Spender,Upsell premium services
35,Other,Bangalore,OnePlus,iOS,7.3,21.2,279.6,108,1.2,5686,3.4,0.9,1685,Education,0,7371,Mature High Spender,Upsell premium services
22,Other,Delhi,OnePlus,Android,6.6,42.5,133.8,59,2.3,7530,5.9,4.5,925,Work,0,8455,Mature High Spender,Upsell premium services
28,Male,Pune,Nokia,Android,10.5,5.7,256.1,64,0.5,6398,2.2,4.0,1864,Entertainment,0,8262,Mature High Spender,Upsell premium services
50,Female,Jaipur,Oppo,iOS,11.6,46.8,254.9,47,0.6,8239,4.4,1.4,1236,Gaming,0,9475,Mature High Spender,Upsell premium services
44,Other,Jaipur,Oppo,Android,5.5,45.5,45.3,174,2.6,7332,3.7,0.1,1015,Social Media,0,8347,Mature High Spender,Upsell premium services
32,Male,Mumbai,Motorola,iOS,7.4,42.8,108.6,191,1.2,9969,3.5,0.5,1761,Work,0,11730,Mature High Spender,Upsell premium services
49,Female,Lucknow,Nokia,iOS,5.2,28.8,58.3,157,0.6,8869,0.5,1.9,1451,Entertainment,0,10320,Mature High Spender,Upsell premium services
40,Male,Jaipur,Realme,Android,4.2,25.7,127.7,189,0.7,3972,5.9,4.2,1850,Gaming,0,5822,Mature High Spender,Upsell premium services
35,Male,Mumbai,Motorola,iOS,7.2,30.6,172.4,77,1.2,9794,5.7,2.8,1955,Social Media,0,11749,Mature High Spender,Upsell premium services
46,Other,Mumbai,Google Pixel,iOS,8.9,6.9,155.7,22,1.2,4935,7.5,1.0,301,Entertainment,0,5236,Mature High Spender,Upsell premium services
32,Other,Lucknow,Google Pixel,Android,2.9,6.7,178.5,112,2.0,7032,3.2,4.7,653,Work,0,7685,Mature High Spender,Upsell premium services
30,Male,Jaipur,Xiaomi,iOS,5.5,43.5,116.6,108,1.5,6440,3.7,3.1,639,Social Media,0,7079,Mature High Spender,Upsell premium services
32,Female,Bangalore,Vivo,iOS,2.0,48.9,273.0,77,2.6,8803,4.9,1.5,407,Entertainment,0,9210,Mature High Spender,Upsell premium services
50,Female,Hyderabad,Samsung,iOS,9.7,9.4,276.7,29,0.5,3725,1.9,4.3,113,Education,0,3838,Mature High Spender,Upsell premium services
