User ID,Age,Gender,Location,OS,Screen Time (hrs/day),Data Usage (GB/month),Calls Duration (mins/day),Number of Apps Installed,Gaming Time (hrs/day),Monthly Recharge Cost (INR),Primary Use,Total Expernditure
U00002,60,Other,Delhi,iOS,9.2,28.1,13.7,169,0.4,1526,Gaming,6523
U00022,59,Other,Pune,Android,11.7,9.1,203.9,101,4.1,446,Gaming,3025
U00024,16,Female,Hyderabad,Android,1.4,25.5,222.0,141,0.4,1118,Gaming,2237
U00027,15,Male,Delhi,Android,9.2,42.7,230.9,180,2.5,210,Gaming,4821
U00034,23,Female,Chennai,Android,11.4,48.4,216.8,98,4.9,1079,Gaming,6105
U00060,35,Male,Hyderabad,iOS,3.0,8.3,253.1,18,4.6,479,Gaming,9973
U00070,18,Male,Delhi,iOS,5.3,10.4,257.0,116,4.2,1359,Gaming,5727
U00073,23,Other,Kolkata,iOS,5.2,34.6,159.3,140,2.8,1406,Gaming,7222
U00074,43,Other,Kolkata,Android,6.9,3.0,74.6,117,1.8,108,Gaming,1991
U00076,56,Female,Delhi,Android,6.1,20.7,23.2,117,2.1,430,Gaming,4102
U00080,28,Male,Chennai,iOS,5.7,49.5,98.2,190,3.2,195,Gaming,8910
U00090,38,Male,Lucknow,Android,1.8,49.9,87.3,95,0.1,1401,Gaming,7292
U00091,46,Other,Lucknow,Android,6.7,15.8,120.9,187,2.5,1186,Gaming,3613
U00093,51,Other,Delhi,Android,10.5,28.4,182.7,86,1.7,1479,Gaming,2784
U00096,21,Other,Kolkata,Android,7.2,29.6,180.6,88,0.4,1727,Gaming,11722
U00106,29,Female,Jaipur,iOS,4.8,8.4,253.0,62,0.8,1216,Gaming,2589
U00112,57,Male,Jaipur,Android,9.6,49.4,257.1,47,2.5,414,Gaming,6313
U00119,19,Female,Chennai,iOS,7.2,16.0,163.5,191,1.8,1202,Gaming,7332
U00121,44,Other,Chennai,iOS,10.8,15.8,152.4,81,1.6,1350,Gaming,9503
U00127,24,Male,Delhi,Android,6.1,9.0,240.6,126,1.3,944,Gaming,1979
U00139,33,Male,Ahmedabad,iOS,8.2,34.4,173.0,177,3.0,850,Gaming,9601
U00141,59,Female,Kolkata,Android,1.5,5.3,286.9,83,0.4,1849,Gaming,2000
U00143,53,Female,Bangalore,Android,8.1,22.6,228.5,48,2.2,176,Gaming,1351
U00155,51,Female,Lucknow,Android,7.3,44.2,211.4,80,2.5,1150,Gaming,8133
U00163,58,Other,Mumbai,iOS,7.1,43.3,248.5,57,0.9,160,Gaming,8634
U00166,29,Male,Chennai,iOS,10.1,33.3,168.3,40,0.2,621,Gaming,8803
U00167,29,Other,Chennai,iOS,8.1,37.9,218.4,93,0.1,157,Gaming,7299
U00168,33,Other,Ahmedabad,iOS,3.6,36.2,83.9,52,3.0,1480,Gaming,2119
U00190,58,Female,Jaipur,Android,4.5,7.3,126.7,174,2.4,779,Gaming,8831
U00191,32,Other,Hyderabad,Android,1.6,9.1,122.1,120,1.3,1557,Gaming,4116
U00198,34,Female,Kolkata,Android,3.9,43.6,296.2,193,4.0,1128,Gaming,3558
U00200,49,Female,Ahmedabad,iOS,8.4,28.8,62.6,16,3.7,1184,Gaming,4220
U00202,33,Other,Delhi,Android,8.7,7.5,258.6,42,1.9,366,Gaming,9042
U00204,45,Other,Hyderabad,Android,3.9,3.6,154.3,183,4.9,929,Gaming,4267
U00209,21,Male,Ahmedabad,Android,2.7,25.3,76.5,169,1.8,185,Gaming,2497
U00217,28,Other,Ahmedabad,Android,10.1,23.4,209.2,78,1.6,1712,Gaming,6910
U00223,45,Male,Pune,iOS,3.9,15.1,68.9,124,1.7,1484,Gaming,3083
U00229,25,Female,Mumbai,iOS,6.4,8.4,5.7,168,2.4,651,Gaming,4963
U00246,58,Female,Jaipur,iOS,11.2,14.3,287.8,106,3.1,363,Gaming,8174
U00256,26,Female,Kolkata,iOS,2.4,19.5,284.8,134,3.7,1629,Gaming,10916
U00262,60,Female,Chennai,Android,3.1,4.4,259.8,73,1.1,1188,Gaming,6211
U00264,24,Male,Bangalore,iOS,8.4,34.0,295.8,58,3.6,1549,Gaming,11335
U00277,19,Female,Ahmedabad,iOS,7.3,46.6,208.3,109,2.5,921,Gaming,1931
U00279,19,Female,Kolkata,Android,3.7,32.7,194.3,87,2.6,1596,Gaming,2902
U00281,52,Female,Hyderabad,Android,3.0,39.5,65.0,126,3.8,1912,Gaming,9900
U00283,25,Male,Hyderabad,iOS,2.8,31.8,98.3,72,1.3,645,Gaming,4611
U00285,45,Male,Lucknow,iOS,10.2,12.4,268.8,71,4.6,268,Gaming,1700
U00291,30,Female,Pune,Android,7.4,26.6,15.7,82,3.8,1026,Gaming,10937
U00293,52,Female,Delhi,iOS,8.2,14.1,128.6,53,4.0,1477,Gaming,9103
U00294,37,Female,Hyderabad,Android,5.7,42.7,287.5,114,1.0,273,Gaming,1347
U00298,38,Other,Chennai,Android,10.8,16.6,54.1,53,1.7,1522,Gaming,6154
U00308,49,Female,Lucknow,iOS,1.9,22.2,127.2,12,4.3,618,Gaming,8597
U00317,50,Other,Hyderabad,Android,6.6,44.5,288.4,126,0.0,437,Gaming,1624
U00322,52,Male,Kolkata,Android,5.1,16.6,10.2,109,2.7,575,Gaming,9785
U00329,19,Female,Delhi,Android,1.1,29.9,98.1,69,2.7,792,Gaming,6224
U00330,40,Female,Kolkata,iOS,9.1,37.3,138.2,154,4.4,1581,Gaming,2224
U00333,50,Female,Pune,Android,5.7,49.1,252.0,166,4.6,1615,Gaming,7275
U00340,35,Male,Bangalore,iOS,10.1,10.0,248.8,136,1.0,1638,Gaming,8972
U00343,36,Female,Kolkata,Android,10.3,2.8,90.2,55,0.6,111,Gaming,4672
U00347,38,Male,Pune,Android,11.9,22.9,13.2,168,2.3,113,Gaming,3415
U00352,34,Male,Ahmedabad,iOS,6.4,27.2,193.5,83,2.6,426,Gaming,997
U00354,57,Male,Chennai,iOS,5.1,29.4,103.5,13,2.4,360,Gaming,5977
U00364,31,Female,Kolkata,iOS,8.6,42.5,290.1,182,4.5,326,Gaming,5275
U00366,59,Other,Bangalore,iOS,9.7,45.2,70.1,48,2.5,681,Gaming,5802
U00379,48,Female,Mumbai,iOS,8.5,20.9,184.1,78,3.3,188,Gaming,8374
U00387,16,Other,Jaipur,iOS,1.8,8.4,127.0,200,2.2,1845,Gaming,9600
U00389,41,Male,Bangalore,iOS,5.4,36.7,269.3,55,1.5,1954,Gaming,10898
U00393,49,Female,Bangalore,iOS,3.9,11.0,151.1,57,3.6,609,Gaming,9130
U00398,17,Other,Pune,Android,3.4,47.4,76.0,24,3.6,269,Gaming,4935
U00404,39,Male,Pune,iOS,4.3,31.7,145.2,101,4.4,512,Gaming,9668
U00407,35,Female,Ahmedabad,iOS,7.5,43.1,283.8,46,3.3,1016,Gaming,7560
U00414,56,Female,Hyderabad,Android,4.5,1.9,149.0,25,0.8,362,Gaming,5189
U00415,54,Female,Lucknow,iOS,11.7,21.6,143.2,55,1.3,1656,Gaming,5679
U00421,54,Female,Kolkata,iOS,7.2,23.3,128.5,24,2.1,1880,Gaming,6790
U00423,49,Female,Delhi,Android,6.6,23.5,203.0,199,4.8,1866,Gaming,6246
U00427,33,Female,Jaipur,Android,7.7,18.7,189.4,109,1.6,1212,Gaming,9978
U00430,28,Other,Kolkata,Android,9.1,25.4,128.5,43,1.3,1664,Gaming,10153
U00435,21,Female,Kolkata,iOS,4.6,28.4,99.4,103,1.1,1317,Gaming,2550
U00441,21,Male,Kolkata,iOS,11.6,23.3,100.6,13,0.1,327,Gaming,9176
U00449,52,Male,Bangalore,Android,11.3,34.8,63.6,52,3.7,1891,Gaming,2161
U00454,48,Other,Bangalore,Android,11.1,25.3,11.1,123,2.7,222,Gaming,3405
U00460,55,Male,Lucknow,iOS,9.4,44.6,105.8,83,3.5,1302,Gaming,7879
U00462,17,Male,Kolkata,Android,10.2,15.4,22.6,47,2.9,1751,Gaming,4124
U00470,40,Male,Bangalore,Android,9.0,14.8,176.3,124,2.0,1826,Gaming,11474
U00473,22,Other,Bangalore,Android,10.3,13.9,84.8,80,2.2,108,Gaming,2756
U00476,24,Female,Bangalore,iOS,10.7,33.8,249.8,194,4.5,400,Gaming,8045
U00478,54,Male,Chennai,iOS,7.9,39.3,246.7,76,1.8,1051,Gaming,6678
U00482,18,Male,Ahmedabad,iOS,11.4,7.2,206.2,134,4.5,1304,Gaming,10437
U00486,29,Other,Ahmedabad,iOS,8.8,22.9,77.0,166,4.7,1569,Gaming,4952
U00494,31,Male,Pune,Android,1.2,12.0,297.8,107,4.8,1722,Gaming,5306
U00497,41,Other,Bangalore,Android,5.8,37.5,220.3,154,0.3,655,Gaming,1843
U00500,60,Other,Kolkata,Android,5.9,34.7,280.4,165,1.6,1500,Gaming,2931
U00501,32,Male,Hyderabad,iOS,8.7,46.0,196.7,144,1.7,953,Gaming,3734
U00507,43,Other,Delhi,Android,7.8,43.9,98.6,46,1.3,206,Gaming,9117
U00524,50,Male,Kolkata,iOS,9.3,47.2,226.1,51,0.3,385,Gaming,9491
U00525,41,Male,Ahmedabad,iOS,9.7,14.0,166.7,173,3.0,1268,Gaming,2472
U00534,28,Other,Chennai,Android,7.9,23.3,66.2,134,1.9,755,Gaming,9747
U00542,48,Other,Pune,iOS,4.8,13.7,184.6,127,2.4,1234,Gaming,5179
U00545,20,Other,Delhi,iOS,8.7,16.3,238.9,164,1.2,776,Gaming,10244
U00550,31,Male,Bangalore,Android,8.3,37.2,20.1,14,4.1,288,Gaming,5200
U00551,25,Other,Kolkata,iOS,1.8,31.0,192.4,41,2.3,742,Gaming,9616
U00557,46,Other,Pune,iOS,2.3,45.8,176.4,42,1.4,1731,Gaming,11446
U00559,33,Female,Hyderabad,iOS,6.5,2.0,164.2,125,3.0,1524,Gaming,6015
U00569,57,Male,Pune,Android,9.1,48.7,154.1,111,4.0,1551,Gaming,6820
U00576,19,Other,Kolkata,Android,2.9,17.1,222.0,145,3.5,1377,Gaming,7180
U00582,58,Female,Hyderabad,Android,2.1,8.5,98.6,65,4.9,124,Gaming,1320
U00583,35,Other,Bangalore,Android,10.2,11.0,119.5,131,3.8,506,Gaming,1398
U00585,56,Female,Jaipur,Android,5.5,48.5,254.6,113,1.2,1943,Gaming,8541
U00586,28,Other,Chennai,iOS,10.3,30.8,124.0,147,2.6,728,Gaming,9133
U00589,42,Female,Delhi,Android,4.8,24.1,285.2,101,2.1,1495,Gaming,8165
U00594,36,Other,Bangalore,Android,8.9,34.3,286.9,14,3.5,1026,Gaming,9914
U00595,54,Female,Hyderabad,iOS,7.4,46.1,148.6,82,4.3,1904,Gaming,9364
U00597,56,Other,Lucknow,Android,10.6,6.0,57.2,117,3.8,1257,Gaming,4298
U00599,27,Other,Jaipur,iOS,2.0,30.4,170.5,40,4.7,1265,Gaming,6986
U00617,49,Other,Mumbai,Android,11.8,31.4,134.5,27,0.1,1192,Gaming,4417
U00619,44,Male,Jaipur,iOS,10.4,7.9,215.1,168,2.1,1714,Gaming,1843
U00632,39,Other,Hyderabad,iOS,1.3,18.7,46.4,24,4.7,1557,Gaming,9624
U00640,29,Female,Jaipur,iOS,11.6,8.5,295.4,118,3.4,614,Gaming,3919
U00643,18,Other,Delhi,iOS,5.0,32.0,201.5,27,2.6,1786,Gaming,2483
U00644,36,Other,Jaipur,Android,7.9,10.8,46.1,96,1.2,876,Gaming,9023
U00653,44,Male,Delhi,Android,4.7,17.6,84.9,78,3.3,1629,Gaming,3888
U00661,31,Female,Jaipur,Android,1.1,22.8,102.4,18,1.9,1734,Gaming,9184
U00665,37,Male,Ahmedabad,iOS,3.3,40.2,107.0,64,4.3,1231,Gaming,6986
U00667,53,Female,Kolkata,iOS,9.3,24.6,7.1,105,3.6,204,Gaming,7996
U00668,30,Female,Chennai,Android,4.4,13.4,137.2,85,4.8,1628,Gaming,4646
U00672,52,Male,Bangalore,iOS,9.1,47.2,259.5,78,4.3,1511,Gaming,2530
U00676,20,Other,Jaipur,iOS,5.4,46.9,261.4,43,4.1,299,Gaming,1193
U00677,31,Female,Kolkata,iOS,5.3,10.3,98.6,74,0.7,1115,Gaming,6471
U00680,38,Female,Mumbai,iOS,9.1,20.2,162.1,65,4.3,670,Gaming,5284
U00682,46,Other,Lucknow,Android,9.2,30.3,67.2,100,1.2,118,Gaming,8249
U00690,60,Female,Jaipur,Android,7.0,2.0,24.5,39,1.7,513,Gaming,2207
U00692,36,Male,Jaipur,iOS,9.3,2.9,37.6,163,0.7,594,Gaming,6204
U00698,53,Female,Mumbai,Android,8.5,33.4,136.2,71,1.8,1303,Gaming,2490
U00699,18,Other,Bangalore,iOS,3.7,17.4,51.3,37,3.1,905,Gaming,8015
U00707,16,Other,Hyderabad,iOS,7.2,43.2,255.1,183,2.6,139,Gaming,9766
U00715,19,Male,Bangalore,iOS,3.9,22.8,38.2,172,2.2,1922,Gaming,3098
U00718,37,Male,Lucknow,iOS,1.8,33.3,100.1,122,2.2,1305,Gaming,4810
U00747,35,Other,Kolkata,Android,12.0,10.9,33.0,140,1.6,1862,Gaming,5647
U00750,51,Female,Ahmedabad,Android,8.3,36.6,262.0,31,1.7,1618,Gaming,6839
U00753,21,Male,Bangalore,Android,8.0,7.0,274.7,143,4.0,566,Gaming,4895
U00755,30,Female,Lucknow,iOS,5.1,44.4,232.4,108,1.8,1409,Gaming,8303
U00757,35,Male,Jaipur,Android,8.1,7.7,144.4,133,2.7,1707,Gaming,2331
U00759,46,Male,Bangalore,Android,8.0,40.0,186.3,124,2.9,540,Gaming,1837
U00762,59,Male,Lucknow,Android,6.3,34.7,272.9,151,2.3,258,Gaming,3377
U00768,51,Other,Lucknow,iOS,4.6,29.8,210.8,110,0.4,264,Gaming,9310
U00780,30,Other,Jaipur,iOS,11.5,31.8,79.0,95,2.5,1870,Gaming,7394
U00791,23,Female,Hyderabad,iOS,9.0,37.7,107.8,117,1.6,1301,Gaming,6986
U00801,52,Male,Delhi,iOS,8.0,49.1,81.3,181,1.4,281,Gaming,2302
U00806,26,Female,Mumbai,Android,11.6,28.0,227.0,87,2.8,600,Gaming,2495
U00807,22,Other,Delhi,Android,2.0,35.6,69.6,39,4.7,864,Gaming,10660
U00811,47,Male,Hyderabad,iOS,7.7,43.5,52.7,98,1.1,1167,Gaming,5067
U00812,21,Other,Kolkata,Android,7.8,27.1,140.2,135,4.9,798,Gaming,8128
U00828,22,Female,Mumbai,iOS,7.0,10.2,36.4,43,0.1,143,Gaming,9507
U00837,60,Other,Chennai,iOS,2.3,6.0,100.7,51,4.5,1795,Gaming,11032
U00840,59,Other,Jaipur,Android,2.9,44.3,56.1,160,3.2,1402,Gaming,6598
U00841,53,Other,Ahmedabad,Android,2.3,47.3,147.3,129,0.7,1546,Gaming,3152
U00852,57,Other,Delhi,Android,7.2,49.4,76.1,72,1.3,1692,Gaming,6466
U00856,36,Male,Pune,Android,11.1,13.5,211.7,47,3.1,1082,Gaming,6078
U00863,46,Other,Ahmedabad,iOS,10.9,5.2,278.4,119,2.9,436,Gaming,4338
U00868,19,Other,Ahmedabad,iOS,7.8,27.1,179.2,133,1.4,627,Gaming,9026
U00870,41,Other,Bangalore,Android,9.2,10.0,170.1,130,2.1,1118,Gaming,11111
U00880,39,Female,Delhi,iOS,7.6,40.7,200.6,182,3.3,1967,Gaming,5606
U00883,34,Male,Ahmedabad,Android,1.8,29.4,281.2,142,4.2,514,Gaming,1372
U00886,51,Other,Ahmedabad,Android,8.0,29.4,58.2,12,1.1,963,Gaming,10721
U00898,20,Other,Lucknow,Android,5.3,42.4,162.0,23,2.4,799,Gaming,2421
U00900,33,Other,Chennai,iOS,9.6,30.3,136.1,164,4.6,1904,Gaming,10269
U00909,19,Male,Jaipur,iOS,9.7,43.5,122.1,200,3.0,755,Gaming,1417
U00910,21,Other,Delhi,Android,3.9,13.5,10.0,102,1.6,1302,Gaming,1405
U00925,57,Male,Chennai,iOS,10.2,20.0,168.4,102,4.3,1226,Gaming,7576
U00931,25,Male,Bangalore,Android,3.2,16.0,65.0,26,2.9,1845,Gaming,11108
U00939,26,Female,Chennai,iOS,9.4,35.0,162.1,146,2.5,593,Gaming,2736
U00943,32,Other,Chennai,Android,5.4,37.7,260.0,43,3.1,1242,Gaming,9520
U00944,48,Male,Lucknow,Android,10.5,18.7,47.4,10,4.0,1397,Gaming,10242
U00947,52,Male,Chennai,iOS,2.4,9.5,92.8,150,1.1,1381,Gaming,5044
U00948,56,Female,Bangalore,iOS,3.6,5.1,76.4,94,0.2,1155,Gaming,3323
U00955,41,Male,Hyderabad,Android,10.5,17.4,90.8,60,1.7,387,Gaming,9002
U00963,38,Male,Jaipur,Android,10.0,42.6,187.6,22,4.2,1508,Gaming,11064
U00964,39,Other,Ahmedabad,iOS,2.0,16.6,114.3,169,3.7,845,Gaming,3462
U00967,57,Female,Kolkata,Android,7.7,22.2,118.8,132,0.4,1132,Gaming,1744
U00968,56,Male,Bangalore,iOS,7.5,19.7,271.9,192,2.6,105,Gaming,209
U00973,39,Female,Kolkata,Android,1.6,36.1,132.0,74,3.3,208,Gaming,7339
U00974,53,Female,Delhi,iOS,7.6,13.6,97.7,165,3.0,1541,Gaming,6250
U00980,17,Female,Jaipur,iOS,1.4,12.7,143.6,35,4.9,133,Gaming,8263
U00991,25,Other,Ahmedabad,iOS,3.2,23.8,255.3,15,1.9,497,Gaming,8913
U00992,39,Male,Hyderabad,iOS,7.7,7.9,266.0,74,4.5,152,Gaming,8219
U01000,29,Other,Bangalore,Android,3.8,44.1,178.4,60,0.1,1010,Gaming,3209
U01003,29,Other,Delhi,Android,6.4,35.1,185.3,189,2.4,1434,Gaming,9636
U01006,27,Female,Chennai,Android,4.9,5.3,25.2,88,2.4,980,Gaming,6432
U01007,22,Male,Pune,Android,10.4,1.3,31.2,26,3.0,1243,Gaming,5720
U01010,53,Other,Mumbai,Android,5.2,38.0,197.9,171,4.7,1231,Gaming,4286
U01011,31,Female,Pune,iOS,10.5,17.6,227.6,13,1.7,1063,Gaming,1623
U01012,50,Other,Lucknow,iOS,2.8,4.5,127.4,101,3.0,106,Gaming,308
U01016,47,Female,Delhi,Android,11.4,4.7,50.4,133,3.5,1704,Gaming,10533
U01022,55,Female,Bangalore,Android,6.7,25.8,66.3,148,0.4,1555,Gaming,5460
U01031,34,Female,Bangalore,iOS,3.2,47.8,54.3,170,1.5,341,Gaming,5210
U01034,24,Other,Jaipur,iOS,10.6,32.9,140.7,106,1.3,638,Gaming,1084
U01038,37,Other,Mumbai,Android,6.9,18.7,114.9,10,1.4,1997,Gaming,11073
U01039,44,Female,Lucknow,Android,10.1,37.2,97.7,51,4.6,1234,Gaming,8885
U01043,45,Male,Jaipur,Android,2.4,14.9,294.8,145,4.6,316,Gaming,7327
U01044,22,Female,Kolkata,iOS,7.1,30.1,278.1,10,0.5,1705,Gaming,3988
U01049,31,Male,Delhi,iOS,9.8,15.1,156.7,92,1.2,433,Gaming,3096
U01063,59,Female,Bangalore,iOS,3.4,9.0,155.1,35,4.5,1105,Gaming,2144
U01084,16,Male,Lucknow,iOS,11.1,20.4,113.2,47,3.6,721,Gaming,5381
U01095,59,Other,Delhi,Android,2.2,16.1,60.4,148,4.7,628,Gaming,5626
U01096,45,Male,Hyderabad,Android,1.8,29.6,131.4,193,4.4,103,Gaming,4268
U01097,48,Female,Delhi,iOS,4.8,30.6,226.7,195,2.8,439,Gaming,5669
U01102,46,Other,Kolkata,iOS,8.7,1.1,23.2,16,3.9,457,Gaming,787
U01111,24,Other,Mumbai,Android,10.6,2.2,159.3,181,4.3,1405,Gaming,4046
U01117,31,Other,Mumbai,Android,9.4,39.6,79.4,144,0.3,396,Gaming,3087
U01122,48,Other,Jaipur,Android,10.5,32.4,253.3,98,0.2,231,Gaming,9927
U01128,27,Female,Hyderabad,iOS,1.2,40.8,268.2,177,0.6,616,Gaming,5240
U01129,20,Male,Kolkata,iOS,7.1,16.7,173.8,193,1.2,298,Gaming,6062
U01135,21,Male,Chennai,Android,1.7,3.6,292.7,158,4.6,1378,Gaming,5598
U01137,49,Female,Hyderabad,Android,4.4,48.8,99.1,153,2.3,573,Gaming,1084
U01161,57,Female,Delhi,Android,9.0,45.8,78.6,195,0.9,634,Gaming,990
U01166,33,Male,Delhi,Android,2.3,29.0,72.2,36,3.2,733,Gaming,10449
U01174,57,Male,Ahmedabad,iOS,1.9,1.1,243.5,48,4.6,1388,Gaming,9332
U01183,41,Other,Ahmedabad,Android,2.3,5.2,279.0,154,2.4,1364,Gaming,6323
U01185,45,Female,Pune,iOS,4.8,30.4,244.4,67,1.9,1418,Gaming,6902
U01189,38,Male,Kolkata,iOS,3.1,7.7,128.5,187,4.8,883,Gaming,1226
U01191,28,Other,Mumbai,iOS,3.4,6.8,256.1,195,1.7,1227,Gaming,5322
U01192,58,Other,Kolkata,iOS,9.6,29.9,189.9,85,1.7,1118,Gaming,10093
U01196,51,Other,Bangalore,iOS,8.0,18.7,298.1,173,3.9,395,Gaming,4346
U01197,36,Other,Pune,Android,8.1,25.0,227.2,173,3.1,113,Gaming,7842
U01200,48,Other,Lucknow,Android,5.8,44.9,95.9,47,4.6,688,Gaming,8951
U01203,46,Male,Lucknow,Android,7.2,11.6,105.3,180,1.1,762,Gaming,9924
U01205,52,Other,Jaipur,Android,5.2,11.5,42.8,127,3.3,1262,Gaming,3795
U01218,39,Male,Hyderabad,Android,8.6,35.5,109.6,138,0.0,1160,Gaming,6301
U01232,25,Other,Mumbai,Android,8.4,9.6,175.6,55,2.7,1949,Gaming,7115
U01239,40,Other,Jaipur,Android,12.0,4.1,59.9,38,1.8,1562,Gaming,5582
U01240,49,Male,Hyderabad,Android,7.2,36.3,242.2,134,1.8,921,Gaming,2798
U01250,26,Male,Pune,Android,4.0,25.8,84.7,154,2.5,1802,Gaming,7708
U01260,24,Female,Hyderabad,Android,3.5,40.2,180.7,34,2.5,792,Gaming,10009
U01263,40,Female,Jaipur,iOS,4.1,33.8,9.7,74,2.8,621,Gaming,3007
U01268,20,Female,Ahmedabad,iOS,4.4,49.3,57.2,40,0.9,1012,Gaming,9502
U01269,50,Female,Kolkata,Android,7.6,47.9,269.5,133,2.6,554,Gaming,9573
U01270,38,Female,Pune,iOS,2.6,13.0,50.6,53,1.0,474,Gaming,7655
U01272,37,Female,Ahmedabad,iOS,11.4,39.9,121.5,94,3.9,387,Gaming,1236
U01275,50,Male,Pune,Android,4.0,42.3,98.2,77,4.2,136,Gaming,5221
U01278,59,Male,Chennai,iOS,3.3,5.8,121.9,140,3.3,524,Gaming,3100
U01279,46,Male,Delhi,iOS,11.3,15.7,66.8,62,4.7,1302,Gaming,7683
U01281,18,Female,Bangalore,Android,10.6,42.9,207.4,183,0.4,1030,Gaming,5911
U01283,47,Female,Kolkata,iOS,10.8,22.2,99.3,96,2.8,1273,Gaming,5881
U01288,30,Other,Bangalore,iOS,5.2,32.7,291.9,62,3.1,1300,Gaming,5597
U01293,25,Other,Hyderabad,Android,2.2,37.4,296.4,200,2.3,1381,Gaming,4522
U01297,38,Other,Delhi,iOS,6.5,11.8,205.3,41,0.7,671,Gaming,9492
U01298,18,Female,Kolkata,iOS,10.2,48.6,227.9,45,2.7,511,Gaming,5131
U01307,58,Male,Hyderabad,iOS,5.9,16.7,38.8,126,2.7,1951,Gaming,5020
U01308,15,Male,Delhi,iOS,5.4,28.6,188.7,190,0.5,1669,Gaming,4053
U01313,53,Female,Lucknow,Android,4.8,46.9,123.3,50,3.5,378,Gaming,3870
U01316,44,Female,Jaipur,Android,1.9,2.5,227.7,97,1.4,251,Gaming,4230
U01319,55,Male,Mumbai,iOS,5.6,6.5,270.9,79,4.1,1298,Gaming,7585
U01325,47,Other,Mumbai,Android,11.1,16.1,204.5,37,3.0,1383,Gaming,7518
U01334,49,Male,Mumbai,Android,9.7,29.8,228.8,172,4.9,1588,Gaming,11101
U01336,25,Other,Chennai,iOS,3.1,43.5,55.8,36,0.5,476,Gaming,6132
U01340,52,Other,Kolkata,iOS,2.4,18.7,134.6,111,2.0,600,Gaming,6782
U01348,19,Female,Bangalore,iOS,5.9,26.6,55.8,82,2.4,1754,Gaming,6558
U01354,38,Female,Jaipur,iOS,3.8,32.4,29.7,41,0.0,1510,Gaming,5756
U01357,51,Other,Lucknow,iOS,11.0,13.0,153.7,189,3.9,481,Gaming,3431
U01361,31,Male,Lucknow,iOS,3.4,36.1,140.4,35,1.1,1680,Gaming,5244
U01364,19,Male,Mumbai,iOS,8.5,18.4,149.0,79,3.4,1985,Gaming,11016
U01368,29,Other,Lucknow,iOS,2.2,47.3,66.2,144,0.9,672,Gaming,1827
U01376,22,Male,Bangalore,iOS,1.7,15.3,104.7,78,0.1,1662,Gaming,4604
U01386,34,Other,Bangalore,iOS,6.9,14.4,86.6,199,3.2,614,Gaming,10573
U01393,19,Other,Lucknow,Android,7.6,40.5,196.3,150,0.8,1417,Gaming,4258
U01397,20,Female,Jaipur,iOS,7.0,15.1,150.5,172,3.4,1115,Gaming,10083
U01398,55,Other,Delhi,Android,5.2,35.7,282.2,66,1.4,292,Gaming,5799
U01402,60,Female,Bangalore,iOS,5.9,25.0,226.0,37,0.4,588,Gaming,6877
U01410,40,Male,Chennai,Android,8.4,8.7,112.8,150,3.2,1903,Gaming,9635
U01415,60,Other,Jaipur,Android,2.4,15.7,24.8,183,3.1,1320,Gaming,8061
U01422,16,Male,Ahmedabad,iOS,5.7,47.3,244.3,31,0.9,130,Gaming,9904
U01427,26,Other,Delhi,iOS,2.3,19.6,93.8,158,0.8,638,Gaming,1731
U01430,36,Other,Bangalore,iOS,8.5,47.9,24.0,145,3.8,913,Gaming,7501
U01432,34,Female,Delhi,iOS,8.3,33.1,153.9,29,3.7,954,Gaming,7676
U01437,40,Other,Jaipur,Android,7.6,43.2,55.7,69,4.6,1420,Gaming,10830
U01442,54,Male,Lucknow,Android,3.6,30.1,285.8,45,2.2,1869,Gaming,6788
U01445,28,Male,Ahmedabad,iOS,8.2,44.9,288.9,25,3.2,1500,Gaming,2423
U01447,35,Other,Ahmedabad,Android,6.5,41.5,56.9,112,4.8,1118,Gaming,1911
U01448,40,Female,Mumbai,iOS,8.7,26.6,42.3,105,1.3,1595,Gaming,4915
U01449,43,Other,Kolkata,Android,10.3,49.4,216.5,14,2.1,751,Gaming,8665
U01455,18,Other,Chennai,iOS,9.8,48.8,275.2,114,2.9,713,Gaming,4735
U01459,37,Male,Delhi,iOS,10.9,41.7,53.7,172,0.9,1283,Gaming,3688
U01461,58,Female,Delhi,iOS,4.5,29.9,132.9,188,2.3,1012,Gaming,3049
U01469,58,Other,Delhi,iOS,9.5,14.5,292.1,34,1.1,1396,Gaming,9141
U01482,40,Female,Hyderabad,Android,5.1,45.6,108.8,51,4.1,1414,Gaming,4285
U01488,44,Female,Mumbai,iOS,10.8,18.2,151.7,144,2.7,1649,Gaming,8733
U01495,32,Male,Delhi,iOS,7.7,38.2,89.3,119,3.1,1617,Gaming,8131
U01507,17,Other,Hyderabad,iOS,7.6,2.0,55.9,29,4.1,1997,Gaming,8535
U01512,33,Female,Jaipur,iOS,5.3,9.5,228.4,188,2.6,526,Gaming,5532
U01513,19,Other,Delhi,iOS,9.6,18.7,248.2,172,1.4,749,Gaming,5834
U01515,59,Male,Bangalore,iOS,10.7,16.3,172.1,122,1.8,353,Gaming,8062
U01516,34,Female,Delhi,Android,1.6,48.3,195.5,123,4.9,1966,Gaming,6792
U01519,45,Female,Hyderabad,iOS,2.5,35.3,281.3,97,2.1,1807,Gaming,4877
U01530,41,Female,Lucknow,iOS,1.7,9.5,180.6,159,3.4,339,Gaming,2298
U01532,32,Female,Mumbai,iOS,5.0,45.4,92.1,141,2.3,704,Gaming,2908
U01543,53,Other,Hyderabad,Android,4.6,3.0,51.7,19,4.9,696,Gaming,9700
U01545,39,Other,Jaipur,iOS,5.9,18.3,11.2,108,4.0,917,Gaming,2486
U01546,40,Other,Chennai,iOS,5.7,1.3,42.5,146,4.7,1150,Gaming,10336
U01547,52,Female,Mumbai,iOS,10.3,7.5,287.8,132,1.6,990,Gaming,1523
U01549,19,Female,Hyderabad,iOS,6.9,19.7,9.9,54,1.4,1659,Gaming,4341
U01556,35,Other,Jaipur,iOS,5.2,1.1,202.9,94,0.6,1662,Gaming,6550
U01558,35,Female,Lucknow,Android,1.2,16.6,228.8,197,2.8,1844,Gaming,7513
U01572,55,Female,Mumbai,iOS,9.7,2.3,22.9,198,3.6,147,Gaming,8841
U01575,16,Other,Jaipur,Android,8.8,21.0,84.5,17,3.6,1372,Gaming,9777
U01587,37,Other,Ahmedabad,Android,9.4,43.8,82.5,49,0.2,1850,Gaming,4476
U01588,48,Male,Mumbai,iOS,9.8,28.3,120.7,19,4.1,468,Gaming,4612
U01594,49,Other,Jaipur,Android,8.2,40.1,96.7,104,4.1,368,Gaming,5527
U01603,15,Other,Pune,Android,5.5,4.8,136.5,178,1.9,481,Gaming,801
U01607,17,Male,Mumbai,Android,7.2,11.9,19.7,109,3.4,1885,Gaming,7287
U01610,15,Female,Pune,iOS,4.5,25.3,272.2,117,3.4,1076,Gaming,5311
U01612,36,Female,Chennai,iOS,7.3,32.0,65.9,16,3.4,778,Gaming,2336
U01621,28,Male,Jaipur,Android,7.0,32.8,105.1,194,2.1,992,Gaming,3492
U01623,59,Other,Delhi,iOS,3.7,12.5,209.5,125,4.3,243,Gaming,1020
U01627,17,Male,Jaipur,iOS,8.6,33.2,50.8,177,0.7,947,Gaming,2125
U01640,30,Female,Chennai,Android,5.9,16.8,64.9,38,3.8,620,Gaming,4161
U01662,23,Male,Jaipur,iOS,10.8,4.8,158.4,135,1.0,1140,Gaming,3891
U01663,37,Female,Kolkata,Android,2.9,44.9,267.3,183,2.2,676,Gaming,4746
U01678,27,Female,Kolkata,Android,3.0,37.8,18.3,55,3.4,1945,Gaming,11670
U01683,27,Other,Bangalore,iOS,7.8,1.7,26.7,28,1.6,1636,Gaming,3197
U01684,22,Male,Kolkata,iOS,6.8,26.7,41.5,22,2.3,1335,Gaming,6975
U01688,37,Female,Kolkata,iOS,1.2,16.0,12.3,121,1.6,441,Gaming,10073
U01697,37,Female,Jaipur,iOS,7.8,40.5,109.2,199,0.5,1846,Gaming,11584
U01698,53,Female,Bangalore,iOS,9.6,7.7,224.3,164,0.1,1591,Gaming,11145
U01707,34,Male,Ahmedabad,Android,2.3,12.8,233.3,129,0.0,1712,Gaming,8661
U01711,48,Other,Pune,iOS,10.1,22.4,212.9,13,0.8,1961,Gaming,6950
U01715,56,Other,Hyderabad,iOS,8.9,43.7,79.3,113,4.1,938,Gaming,8024
U01722,55,Other,Lucknow,Android,10.8,27.8,75.8,114,2.9,1660,Gaming,9532
U01724,18,Other,Bangalore,iOS,6.6,2.7,102.6,123,4.4,404,Gaming,9418
U01734,51,Female,Bangalore,Android,2.6,21.1,186.8,198,0.4,1541,Gaming,3011
U01738,31,Female,Delhi,Android,4.0,7.7,19.8,45,0.7,1990,Gaming,8211
U01745,37,Male,Jaipur,iOS,9.0,31.3,59.1,189,3.2,1670,Gaming,7655
U01754,39,Female,Jaipur,iOS,9.2,18.6,276.9,199,4.3,192,Gaming,9417
U01755,50,Female,Ahmedabad,iOS,2.3,40.6,161.8,157,2.2,281,Gaming,9050
U01767,54,Male,Lucknow,iOS,9.0,16.3,46.1,34,0.3,158,Gaming,532
U01769,56,Other,Lucknow,Android,5.1,36.0,28.2,104,3.5,1996,Gaming,6535
U01784,60,Female,Lucknow,Android,9.5,46.5,261.0,141,4.0,1673,Gaming,4422
U01789,60,Female,Jaipur,Android,5.7,43.9,174.1,10,0.4,259,Gaming,7814
U01790,56,Male,Delhi,iOS,4.1,26.8,141.1,36,2.5,341,Gaming,2427
U01797,59,Other,Ahmedabad,iOS,5.8,41.6,142.4,193,3.3,497,Gaming,3525
U01801,55,Female,Pune,Android,7.1,24.6,165.7,178,4.1,301,Gaming,9226
U01809,16,Female,Kolkata,Android,6.4,7.5,219.1,20,0.9,154,Gaming,6281
U01815,28,Other,Chennai,iOS,6.9,31.4,101.0,70,3.0,1011,Gaming,5032
U01816,47,Male,Jaipur,iOS,10.5,42.0,105.9,12,3.4,293,Gaming,6568
U01817,32,Female,Kolkata,iOS,10.1,18.7,256.2,24,3.4,1937,Gaming,10404
U01819,43,Other,Lucknow,Android,8.4,5.4,83.3,120,0.6,1165,Gaming,8564
U01825,59,Male,Hyderabad,Android,6.4,43.4,170.3,60,4.7,918,Gaming,9928
U01826,23,Male,Kolkata,iOS,8.2,16.0,198.4,43,3.3,1687,Gaming,10106
U01843,57,Male,Kolkata,Android,8.1,2.3,125.5,123,3.1,1707,Gaming,8912
U01844,22,Male,Kolkata,Android,11.5,48.2,62.1,118,2.2,1859,Gaming,4017
U01848,34,Other,Pune,Android,2.3,32.7,241.9,125,1.4,1959,Gaming,11156
U01849,29,Female,Bangalore,iOS,9.4,47.1,134.7,118,2.9,1960,Gaming,2493
U01857,16,Other,Kolkata,Android,11.8,30.6,279.1,94,4.4,1720,Gaming,11549
U01860,50,Female,Delhi,Android,9.1,47.5,28.5,111,2.9,164,Gaming,8592
U01870,46,Female,Lucknow,iOS,4.1,45.1,115.9,147,2.2,465,Gaming,9419
U01878,21,Female,Chennai,iOS,3.3,36.4,85.9,151,2.3,1739,Gaming,7239
U01886,24,Other,Delhi,iOS,2.0,43.0,169.1,102,0.6,596,Gaming,3836
U01887,45,Other,Lucknow,Android,3.3,5.4,157.6,125,5.0,1827,Gaming,5120
U01895,58,Female,Pune,iOS,3.8,3.5,28.4,20,1.9,1389,Gaming,9188
U01897,49,Female,Ahmedabad,iOS,10.0,22.0,297.1,44,1.3,1042,Gaming,3752
U01903,54,Female,Mumbai,Android,1.5,21.8,160.7,134,3.0,1466,Gaming,5827
U01908,42,Male,Delhi,Android,8.5,35.1,43.3,96,4.6,1563,Gaming,4248
U01911,39,Other,Pune,iOS,5.8,8.7,91.9,19,1.5,176,Gaming,5278
U01925,40,Male,Chennai,iOS,10.7,7.9,266.8,48,0.1,164,Gaming,7990
U01928,49,Other,Chennai,iOS,9.3,14.0,127.1,56,3.8,221,Gaming,3015
U01929,32,Other,Jaipur,iOS,2.8,30.6,197.0,163,3.6,1725,Gaming,6619
U01932,52,Other,Lucknow,iOS,2.7,11.1,241.3,101,2.2,1991,Gaming,3337
U01935,54,Other,Ahmedabad,Android,3.9,40.1,231.0,174,3.0,1136,Gaming,5795
U01936,28,Other,Ahmedabad,Android,11.0,46.7,190.1,59,3.7,988,Gaming,5117
U01939,16,Other,Pune,Android,4.5,18.6,108.1,199,4.4,269,Gaming,8448
U01940,42,Male,Hyderabad,iOS,7.1,22.7,28.8,84,2.2,954,Gaming,10716
U01945,15,Female,Bangalore,Android,6.0,24.2,81.0,45,3.0,938,Gaming,4702
U01949,18,Male,Hyderabad,Android,2.7,36.6,123.8,40,2.2,1384,Gaming,1884
U01957,52,Male,Kolkata,iOS,9.2,17.3,261.3,22,2.6,1907,Gaming,6383
U01961,29,Other,Ahmedabad,Android,8.8,41.1,126.0,69,1.7,1746,Gaming,6930
U01962,21,Other,Jaipur,Android,5.8,14.1,86.7,70,1.9,1317,Gaming,2964
U01964,31,Other,Lucknow,Android,5.6,42.5,285.0,168,3.9,1625,Gaming,9917
U01967,34,Male,Mumbai,iOS,7.7,1.4,147.3,68,4.1,258,Gaming,5553
U01971,43,Other,Pune,Android,6.9,45.9,195.2,47,1.8,268,Gaming,4953
U01975,57,Male,Chennai,Android,5.0,44.6,102.8,40,1.1,1213,Gaming,3410
U01979,17,Other,Lucknow,iOS,7.0,18.1,290.0,25,2.9,1425,Gaming,5806
U01981,33,Male,Bangalore,Android,10.8,9.4,168.2,75,2.2,1901,Gaming,11307
U01983,37,Other,Kolkata,Android,10.4,37.8,163.7,145,4.0,1098,Gaming,5655
U01988,21,Male,Delhi,Android,10.6,48.6,64.4,15,0.5,1865,Gaming,11530
U01989,60,Other,Bangalore,Android,2.9,12.7,170.0,82,4.0,1406,Gaming,7107
U01992,35,Other,Chennai,iOS,9.1,43.9,171.5,150,3.4,976,Gaming,9683
U01993,21,Other,Pune,iOS,6.4,17.4,83.9,185,0.2,472,Gaming,744
U01999,25,Male,Pune,iOS,10.4,17.3,271.7,60,1.7,138,Gaming,9664
U02000,35,Female,Kolkata,Android,6.8,27.8,151.0,48,5.0,731,Gaming,8156
U02010,39,Other,Delhi,iOS,9.7,26.3,109.8,103,3.8,852,Gaming,8275
U02014,37,Male,Jaipur,Android,10.7,40.3,40.6,157,2.3,624,Gaming,3638
U02018,46,Other,Jaipur,Android,11.0,22.4,185.2,109,0.4,928,Gaming,3575
U02019,45,Other,Lucknow,Android,3.9,43.3,129.3,79,0.1,1419,Gaming,2904
U02022,42,Female,Hyderabad,Android,2.6,49.1,232.0,50,0.3,1579,Gaming,11274
U02023,30,Other,Pune,iOS,3.3,31.8,277.1,103,4.3,1199,Gaming,10400
U02029,15,Male,Delhi,Android,10.7,33.4,292.6,169,0.4,448,Gaming,1265
U02031,52,Male,Jaipur,Android,2.0,28.3,291.4,21,2.0,975,Gaming,7464
U02037,16,Male,Bangalore,Android,9.0,16.7,84.1,147,3.5,409,Gaming,5316
U02040,34,Female,Mumbai,Android,1.3,3.3,75.2,85,4.3,1993,Gaming,7560
U02042,34,Male,Pune,iOS,2.0,3.0,120.5,161,1.0,939,Gaming,7042
U02046,51,Other,Bangalore,iOS,8.6,40.3,167.5,88,1.5,1509,Gaming,7758
U02047,49,Male,Ahmedabad,Android,3.7,17.1,173.1,48,1.5,1252,Gaming,10230
U02048,46,Other,Chennai,iOS,4.0,20.9,39.3,74,3.6,433,Gaming,1930
U02060,39,Other,Bangalore,iOS,8.3,12.8,261.1,182,4.7,1616,Gaming,3017
U02068,42,Other,Jaipur,Android,9.2,15.3,252.7,130,1.6,143,Gaming,10027
U02073,54,Female,Chennai,iOS,5.1,28.4,223.4,129,3.0,614,Gaming,1402
U02076,33,Female,Mumbai,Android,4.3,11.1,103.4,170,0.5,1112,Gaming,5639
U02097,50,Other,Jaipur,Android,3.2,18.9,280.4,81,3.0,1150,Gaming,3782
U02101,19,Female,Bangalore,iOS,5.2,11.4,73.9,22,4.7,303,Gaming,9362
U02119,30,Male,Lucknow,Android,6.6,9.2,121.2,187,3.1,1696,Gaming,5287
U02122,48,Female,Hyderabad,iOS,1.8,35.8,121.1,179,1.9,1875,Gaming,3917
U02124,18,Other,Bangalore,iOS,6.0,24.6,200.4,46,1.3,776,Gaming,3200
U02127,35,Other,Bangalore,Android,8.7,37.6,251.5,114,2.9,1309,Gaming,10482
U02137,35,Female,Ahmedabad,iOS,4.3,18.3,241.8,136,0.4,976,Gaming,3438
U02139,21,Female,Delhi,Android,6.3,15.5,169.5,176,4.5,383,Gaming,4285
U02143,41,Other,Jaipur,Android,10.1,3.7,151.2,47,1.2,630,Gaming,9350
U02144,19,Other,Ahmedabad,Android,1.2,38.7,264.6,101,4.7,118,Gaming,5216
U02160,34,Other,Jaipur,Android,3.0,36.9,92.4,102,1.1,301,Gaming,5959
U02166,20,Female,Kolkata,Android,9.0,4.0,122.2,48,4.4,1406,Gaming,8632
U02170,38,Male,Chennai,iOS,9.7,44.9,231.8,171,0.1,285,Gaming,3930
U02174,58,Female,Ahmedabad,iOS,11.8,8.9,12.2,140,2.4,1090,Gaming,1266
U02175,42,Male,Delhi,Android,3.0,5.0,149.9,22,4.1,602,Gaming,8466
U02181,43,Male,Hyderabad,Android,12.0,37.8,167.5,123,1.5,1774,Gaming,8955
U02189,17,Male,Lucknow,iOS,1.7,26.0,133.7,38,3.1,1721,Gaming,9571
U02191,44,Male,Lucknow,iOS,1.4,35.7,98.3,178,2.3,949,Gaming,9843
U02192,18,Male,Pune,iOS,9.7,8.2,299.3,65,0.7,428,Gaming,6487
U02195,40,Male,Delhi,Android,7.7,36.5,228.0,98,3.2,888,Gaming,4289
U02209,28,Male,Chennai,iOS,4.0,13.6,238.1,118,2.3,1541,Gaming,9935
U02228,36,Female,Ahmedabad,iOS,7.8,16.4,132.8,29,2.7,303,Gaming,1018
U02232,37,Other,Ahmedabad,iOS,5.1,21.5,35.0,73,0.4,1334,Gaming,6405
U02241,40,Other,Jaipur,iOS,8.9,27.1,145.6,124,2.2,401,Gaming,1363
U02245,58,Other,Ahmedabad,iOS,10.2,45.8,33.0,192,4.2,1020,Gaming,2786
U02273,27,Male,Jaipur,iOS,6.1,35.2,163.3,117,0.3,438,Gaming,2148
U02277,25,Female,Bangalore,Android,9.8,8.0,298.6,73,1.0,1124,Gaming,3257
U02291,38,Male,Jaipur,iOS,10.3,7.0,258.0,149,4.0,843,Gaming,9861
U02294,25,Female,Kolkata,Android,11.0,35.9,47.8,63,2.1,1767,Gaming,11541
U02295,34,Male,Ahmedabad,iOS,10.1,1.3,106.9,167,0.4,732,Gaming,3641
U02297,39,Female,Bangalore,iOS,6.8,31.0,145.8,101,4.5,663,Gaming,8913
U02298,52,Other,Jaipur,Android,1.2,44.8,31.3,59,2.2,1057,Gaming,6054
U02300,44,Male,Delhi,iOS,7.6,45.8,199.6,191,1.9,660,Gaming,10298
U02310,55,Female,Hyderabad,iOS,3.4,24.9,18.6,162,2.8,590,Gaming,6257
U02315,50,Female,Lucknow,iOS,8.1,37.8,167.7,15,4.2,899,Gaming,7925
U02325,47,Female,Kolkata,Android,2.0,34.9,50.4,152,3.5,1110,Gaming,10237
U02326,54,Other,Ahmedabad,Android,8.8,11.4,55.3,141,0.9,1759,Gaming,7810
U02332,49,Male,Jaipur,iOS,2.6,22.6,15.7,28,3.1,1568,Gaming,10830
U02342,52,Female,Kolkata,Android,1.6,47.7,117.9,129,1.9,1927,Gaming,3457
U02346,33,Other,Lucknow,Android,9.1,38.6,134.4,130,1.8,1763,Gaming,10460
U02357,28,Other,Bangalore,Android,6.6,25.1,227.7,120,2.4,424,Gaming,10143
U02358,20,Other,Pune,iOS,1.1,16.6,22.4,31,1.2,1293,Gaming,10639
U02372,53,Other,Pune,Android,10.2,14.6,95.4,19,0.9,1825,Gaming,8185
U02381,34,Male,Mumbai,Android,4.6,32.6,229.7,131,0.6,1864,Gaming,6723
U02386,49,Female,Pune,Android,2.9,36.2,217.1,107,1.9,857,Gaming,4167
U02387,23,Other,Lucknow,iOS,6.0,35.8,138.1,187,0.2,926,Gaming,2042
U02388,33,Female,Mumbai,iOS,6.4,45.0,294.8,161,1.0,291,Gaming,9866
U02390,24,Other,Chennai,iOS,2.5,31.2,254.9,67,1.7,424,Gaming,1427
U02392,52,Other,Chennai,Android,5.0,22.8,132.5,147,3.6,1694,Gaming,8510
U02402,25,Female,Pune,Android,6.5,37.9,87.3,123,3.9,345,Gaming,2559
U02403,49,Male,Chennai,iOS,8.4,1.8,137.0,67,0.9,171,Gaming,3364
U02408,28,Male,Bangalore,Android,8.4,27.0,14.2,30,4.7,1117,Gaming,8366
U02414,41,Male,Mumbai,Android,11.2,21.9,48.7,129,4.6,644,Gaming,8156
U02421,36,Male,Delhi,iOS,4.9,15.3,117.6,125,3.9,1267,Gaming,3236
U02422,58,Female,Bangalore,Android,2.6,26.8,158.7,114,2.3,201,Gaming,2840
U02441,38,Other,Bangalore,Android,6.1,8.7,42.8,41,2.6,667,Gaming,8684
U02445,50,Female,Pune,Android,8.0,24.5,120.6,14,3.0,382,Gaming,4754
U02446,50,Female,Jaipur,iOS,8.3,19.8,12.5,191,3.5,670,Gaming,2893
U02451,44,Male,Lucknow,Android,9.8,23.5,246.4,24,4.9,817,Gaming,1644
U02455,58,Other,Bangalore,iOS,5.3,3.2,270.9,79,2.7,569,Gaming,1474
U02462,57,Male,Jaipur,Android,3.1,42.3,95.5,148,2.5,1893,Gaming,8003
U02463,18,Female,Mumbai,Android,1.3,35.7,93.8,90,3.1,1957,Gaming,4872
U02465,24,Male,Chennai,iOS,10.7,4.3,88.8,185,2.2,1699,Gaming,7193
U02469,31,Female,Kolkata,Android,7.1,16.7,10.1,104,0.3,1296,Gaming,6156
U02470,49,Female,Kolkata,iOS,1.6,3.5,15.7,125,0.7,1419,Gaming,7949
U02472,40,Male,Mumbai,iOS,3.2,33.3,203.8,144,3.4,643,Gaming,6222
U02473,38,Female,Chennai,iOS,7.5,3.7,81.8,10,2.7,1320,Gaming,2516
U02474,39,Female,Pune,Android,11.7,34.7,21.2,157,3.4,191,Gaming,8431
U02475,22,Female,Jaipur,iOS,8.4,6.2,269.9,95,1.2,1971,Gaming,4462
U02482,34,Male,Kolkata,iOS,6.9,23.8,165.4,30,2.3,1871,Gaming,8752
U02485,54,Other,Delhi,iOS,1.6,10.1,229.6,140,4.7,209,Gaming,6818
U02487,52,Female,Hyderabad,Android,11.9,10.6,276.9,32,0.2,738,Gaming,8387
U02488,31,Male,Pune,Android,2.9,36.8,124.9,38,4.8,1936,Gaming,3344
U02505,19,Other,Hyderabad,iOS,10.5,18.0,279.7,189,2.4,1165,Gaming,1634
U02507,39,Female,Hyderabad,iOS,1.2,48.1,98.2,10,2.1,348,Gaming,1058
U02513,46,Female,Delhi,Android,7.2,11.0,31.8,149,1.1,650,Gaming,8070
U02514,31,Male,Delhi,iOS,3.5,16.1,95.9,125,2.2,324,Gaming,8873
U02519,23,Other,Mumbai,iOS,6.0,23.9,51.3,194,1.1,1507,Gaming,9133
U02523,51,Female,Delhi,iOS,11.8,10.9,12.6,21,3.9,594,Gaming,2482
U02536,38,Male,Hyderabad,iOS,11.3,6.7,143.8,169,3.0,725,Gaming,913
U02539,31,Other,Pune,iOS,3.8,36.9,143.0,143,1.9,152,Gaming,7519
U02541,36,Male,Mumbai,iOS,3.9,43.4,223.9,97,2.5,752,Gaming,8925
U02548,24,Female,Chennai,Android,3.4,15.4,193.5,120,4.5,870,Gaming,1821
U02549,20,Male,Kolkata,iOS,1.4,6.4,294.0,17,0.0,1736,Gaming,5948
U02552,59,Male,Lucknow,Android,5.2,30.2,299.8,49,1.0,396,Gaming,7301
U02559,25,Female,Hyderabad,iOS,3.6,10.3,146.0,52,2.6,1004,Gaming,10302
U02561,56,Female,Kolkata,iOS,7.9,16.4,298.9,22,3.7,1464,Gaming,1769
U02569,31,Female,Hyderabad,iOS,10.6,6.2,268.6,198,3.2,1841,Gaming,7310
U02577,44,Other,Lucknow,Android,9.8,1.8,91.6,47,2.7,1630,Gaming,3960
U02579,35,Female,Lucknow,iOS,10.6,36.2,21.8,16,4.3,1330,Gaming,2829
U02582,55,Male,Chennai,Android,3.7,28.8,228.3,29,3.3,1505,Gaming,6920
U02590,33,Other,Ahmedabad,Android,6.9,15.6,157.9,181,3.0,1952,Gaming,4514
U02598,47,Other,Ahmedabad,iOS,2.1,17.1,135.4,131,4.8,1038,Gaming,7046
U02602,15,Female,Lucknow,Android,10.2,7.5,273.2,135,3.6,304,Gaming,6757
U02604,60,Female,Lucknow,iOS,9.2,42.2,211.7,87,0.7,941,Gaming,3359
U02625,35,Male,Mumbai,Android,1.1,35.1,124.0,108,2.4,484,Gaming,7342
U02626,22,Male,Lucknow,Android,11.1,43.4,12.1,113,3.7,1761,Gaming,10058
U02627,19,Other,Ahmedabad,iOS,5.9,42.5,259.6,66,3.5,1269,Gaming,8660
U02633,53,Female,Lucknow,Android,11.7,44.1,164.9,57,1.7,542,Gaming,1888
U02634,40,Other,Hyderabad,Android,6.6,5.7,6.7,143,1.6,1401,Gaming,9122
U02639,27,Other,Mumbai,iOS,2.8,39.8,252.9,194,3.7,1056,Gaming,6103
U02642,59,Female,Delhi,Android,4.8,42.7,50.6,60,2.8,1904,Gaming,10662
U02646,38,Other,Kolkata,Android,1.1,22.8,89.4,36,4.5,685,Gaming,5156
U02652,60,Male,Ahmedabad,Android,5.4,17.1,107.8,104,2.4,1536,Gaming,11189
U02655,21,Other,Bangalore,Android,10.1,31.9,142.7,60,3.0,696,Gaming,7807
U02671,28,Male,Mumbai,Android,10.6,3.6,205.5,58,4.8,803,Gaming,8415
U02672,58,Male,Chennai,Android,8.5,43.7,196.8,113,1.1,295,Gaming,1749
U02676,35,Female,Pune,iOS,8.3,20.8,267.3,168,0.0,1416,Gaming,10757
U02679,57,Other,Chennai,iOS,4.6,18.0,249.0,46,4.3,1079,Gaming,7768
U02680,57,Female,Delhi,Android,9.3,42.0,192.4,21,0.8,750,Gaming,10249
U02681,19,Other,Bangalore,Android,1.4,49.5,52.4,108,0.1,1884,Gaming,8936
U02683,24,Male,Delhi,Android,6.7,32.8,19.7,170,0.2,937,Gaming,9697
U02687,26,Other,Mumbai,iOS,1.9,49.9,28.4,133,4.3,1812,Gaming,3334
U02694,26,Other,Lucknow,Android,7.7,15.3,169.7,103,0.9,1135,Gaming,8376
U02695,38,Female,Chennai,Android,3.8,36.0,80.4,10,3.2,1383,Gaming,2597
U02697,24,Other,Delhi,iOS,2.6,30.6,249.1,94,0.1,1790,Gaming,3237
U02699,40,Female,Kolkata,iOS,8.6,14.6,266.0,124,2.3,1746,Gaming,4446
U02700,44,Other,Hyderabad,iOS,8.7,34.6,152.4,37,4.2,1548,Gaming,3835
U02703,55,Female,Mumbai,Android,6.9,29.5,178.9,178,2.3,267,Gaming,1718
U02706,20,Other,Chennai,Android,9.9,29.8,232.8,100,4.6,1888,Gaming,11505
U02707,58,Male,Jaipur,Android,11.1,39.1,233.5,173,3.1,1458,Gaming,6336
U02709,28,Other,Chennai,iOS,8.6,47.0,237.7,136,1.9,1820,Gaming,3962
U02717,15,Other,Hyderabad,Android,8.9,42.9,125.9,44,2.1,449,Gaming,673
U02718,58,Male,Kolkata,Android,10.0,34.3,185.1,70,1.2,1513,Gaming,2856
U02723,53,Male,Delhi,iOS,8.6,26.0,75.5,61,0.4,1769,Gaming,9972
U02724,25,Male,Pune,iOS,5.7,9.1,213.1,168,4.0,1972,Gaming,4403
U02727,23,Other,Delhi,iOS,7.3,19.1,180.8,119,0.7,1598,Gaming,7632
U02729,29,Other,Bangalore,Android,2.6,20.4,112.7,156,3.5,1682,Gaming,8630
U02731,35,Female,Pune,Android,4.5,36.9,229.3,178,3.0,1481,Gaming,5125
U02732,59,Male,Pune,Android,2.9,7.0,267.4,48,1.9,759,Gaming,5377
U02733,25,Female,Chennai,iOS,8.0,29.1,24.3,140,2.1,1432,Gaming,6803
U02734,24,Male,Mumbai,Android,6.8,13.8,261.4,192,2.5,514,Gaming,3564
U02747,49,Male,Delhi,iOS,1.4,12.7,185.8,44,1.3,1823,Gaming,4206
U02756,56,Male,Pune,Android,10.3,27.6,155.3,98,4.9,103,Gaming,5476
U02758,56,Male,Lucknow,iOS,4.8,49.0,86.8,68,2.2,1539,Gaming,9472
U02759,17,Male,Bangalore,iOS,3.2,38.7,204.9,80,4.6,1077,Gaming,1638
U02762,32,Male,Jaipur,Android,4.2,20.6,152.6,30,1.9,801,Gaming,7551
U02763,56,Female,Hyderabad,Android,4.5,17.3,147.8,74,3.4,1695,Gaming,10032
U02778,29,Other,Kolkata,Android,9.5,33.6,279.9,103,0.8,1991,Gaming,6526
U02783,18,Other,Jaipur,Android,5.5,26.0,81.3,55,2.4,199,Gaming,4995
U02787,47,Other,Lucknow,Android,1.2,30.5,200.3,104,3.9,461,Gaming,2429
U02788,28,Male,Jaipur,Android,2.1,45.9,212.5,75,3.4,387,Gaming,8801
U02790,59,Other,Pune,Android,10.9,24.2,269.6,15,4.5,447,Gaming,9370
U02799,40,Other,Pune,iOS,2.8,2.7,69.0,34,0.5,481,Gaming,8390
U02817,40,Male,Chennai,iOS,2.2,22.8,11.7,19,4.5,311,Gaming,4073
U02837,43,Other,Jaipur,Android,10.7,40.2,88.3,196,2.2,1757,Gaming,7372
U02849,60,Female,Hyderabad,iOS,6.9,3.9,64.5,83,1.9,511,Gaming,3468
U02850,18,Other,Kolkata,iOS,1.2,32.5,251.1,66,2.7,1183,Gaming,6955
U02853,45,Other,Pune,iOS,6.1,43.0,210.6,127,3.5,1487,Gaming,5622
U02857,51,Female,Lucknow,Android,10.4,43.3,205.6,70,0.8,1540,Gaming,9099
U02858,33,Female,Jaipur,iOS,11.8,33.7,109.2,142,4.6,1558,Gaming,7438
U02862,32,Other,Chennai,iOS,10.6,38.3,48.0,65,1.6,1634,Gaming,4720
U02865,21,Female,Mumbai,iOS,10.6,30.0,252.8,60,1.3,1974,Gaming,9574
U02870,32,Female,Chennai,iOS,6.3,43.7,225.9,102,2.0,1005,Gaming,3207
U02873,48,Other,Delhi,iOS,4.1,18.4,71.9,114,4.4,1492,Gaming,5567
U02874,49,Male,Chennai,Android,5.4,16.3,65.0,29,4.8,1883,Gaming,10249
U02882,51,Female,Ahmedabad,iOS,10.4,7.4,156.2,56,0.7,1194,Gaming,7006
U02885,36,Other,Jaipur,Android,3.7,40.5,143.0,150,2.5,1783,Gaming,2581
U02887,31,Female,Kolkata,iOS,3.0,2.3,141.1,102,0.7,1029,Gaming,8572
U02889,52,Male,Jaipur,iOS,10.3,20.8,42.9,84,0.3,942,Gaming,3727
U02890,35,Other,Kolkata,iOS,6.1,23.2,55.0,59,1.2,1617,Gaming,10332
U02899,39,Male,Bangalore,iOS,7.4,30.9,205.5,148,1.4,1764,Gaming,5206
U02901,51,Female,Lucknow,Android,1.0,36.2,18.7,181,1.5,235,Gaming,3006
U02902,34,Male,Bangalore,Android,11.8,39.0,18.5,150,1.9,387,Gaming,4135
U02908,45,Other,Ahmedabad,Android,11.2,29.5,224.6,10,1.0,1594,Gaming,2318
U02915,37,Other,Lucknow,Android,11.6,18.9,155.4,76,1.0,122,Gaming,5192
U02916,52,Male,Chennai,Android,8.9,17.6,52.8,111,1.9,1430,Gaming,3301
U02917,22,Female,Hyderabad,Android,5.1,20.7,53.3,129,4.9,747,Gaming,3768
U02924,60,Male,Lucknow,Android,7.3,28.7,78.6,52,0.7,755,Gaming,7007
U02925,46,Male,Chennai,Android,5.6,15.9,277.9,84,2.1,1825,Gaming,4860
U02926,42,Other,Delhi,Android,1.2,20.3,279.9,177,1.0,326,Gaming,6223
U02927,35,Male,Bangalore,iOS,9.3,15.0,226.3,32,2.5,1299,Gaming,2265
U02928,20,Female,Mumbai,iOS,7.7,31.8,38.1,136,3.8,1483,Gaming,2423
U02940,52,Female,Ahmedabad,iOS,9.2,29.4,70.8,174,1.6,1108,Gaming,6358
U02945,27,Other,Hyderabad,Android,11.4,14.3,173.7,95,4.4,957,Gaming,3055
U02947,27,Other,Lucknow,Android,11.0,1.8,42.5,171,1.9,1802,Gaming,9374
U02951,22,Female,Pune,iOS,8.1,12.0,276.9,137,2.6,967,Gaming,10442
U02955,41,Other,Jaipur,Android,2.3,24.8,88.5,193,3.7,142,Gaming,9368
U02958,54,Male,Hyderabad,Android,1.4,29.7,205.1,167,4.4,267,Gaming,10258
U02966,16,Male,Ahmedabad,iOS,7.0,37.8,180.1,27,0.1,1489,Gaming,4124
U02969,50,Other,Chennai,iOS,7.0,32.5,262.3,157,2.7,570,Gaming,7146
U02974,37,Female,Pune,iOS,9.4,6.7,238.9,65,2.7,876,Gaming,2286
U02975,28,Other,Jaipur,Android,2.1,41.2,293.6,58,1.6,1300,Gaming,7849
U02978,29,Female,Jaipur,iOS,3.6,40.8,247.3,109,3.4,994,Gaming,1711
U02979,29,Male,Delhi,iOS,1.3,9.2,22.6,187,3.4,1544,Gaming,6459
U02982,28,Other,Lucknow,Android,4.5,32.4,201.4,142,0.5,1431,Gaming,1756
U02984,59,Male,Delhi,Android,11.2,28.2,278.2,56,2.1,1683,Gaming,2533
U02994,54,Other,Bangalore,Android,7.2,32.8,129.6,119,0.5,616,Gaming,4796
U03002,47,Male,Mumbai,Android,10.1,29.5,269.2,116,4.9,781,Gaming,4101
U03006,45,Other,Chennai,iOS,3.3,36.7,99.3,127,0.3,1667,Gaming,7360
U03007,37,Other,Hyderabad,Android,7.0,23.7,211.7,53,4.7,1901,Gaming,8261
U03011,35,Female,Kolkata,Android,5.1,41.6,30.4,47,0.9,820,Gaming,6773
U03012,53,Male,Bangalore,iOS,11.0,40.1,246.3,27,4.3,1498,Gaming,9596
U03015,26,Female,Lucknow,iOS,7.6,11.8,140.7,189,3.7,593,Gaming,5345
U03022,54,Female,Lucknow,Android,11.7,18.0,98.2,42,4.2,651,Gaming,1501
U03023,19,Female,Kolkata,Android,8.1,8.2,241.3,104,2.2,349,Gaming,9268
U03025,17,Female,Chennai,Android,1.2,28.2,104.6,32,4.8,1034,Gaming,9486
U03028,40,Female,Lucknow,iOS,3.2,16.7,82.9,168,0.7,849,Gaming,9722
U03034,52,Male,Mumbai,iOS,2.0,26.5,45.1,142,1.1,1263,Gaming,3259
U03040,49,Other,Kolkata,iOS,8.0,28.9,38.2,49,1.4,788,Gaming,4891
U03044,34,Female,Delhi,iOS,11.7,3.8,175.6,90,1.0,522,Gaming,8824
U03045,18,Other,Jaipur,Android,11.6,26.9,154.1,165,3.0,625,Gaming,5473
U03051,46,Other,Pune,iOS,8.8,42.3,82.7,92,2.1,1870,Gaming,6550
U03062,33,Female,Pune,Android,9.7,46.2,21.5,49,0.3,1513,Gaming,9650
U03063,47,Female,Chennai,iOS,11.6,36.5,144.4,51,2.2,1083,Gaming,9975
U03067,50,Other,Ahmedabad,Android,7.2,34.7,240.6,34,0.7,541,Gaming,5669
U03072,59,Male,Hyderabad,iOS,2.8,46.4,23.1,119,2.5,767,Gaming,7983
U03074,36,Other,Lucknow,iOS,7.8,42.8,98.8,106,1.7,1461,Gaming,4160
U03081,16,Male,Hyderabad,iOS,4.5,30.1,124.9,186,4.8,1580,Gaming,3347
U03090,19,Male,Jaipur,iOS,1.6,12.0,132.1,24,4.0,1413,Gaming,7087
U03096,37,Male,Lucknow,iOS,6.9,42.4,113.2,43,2.6,1728,Gaming,9866
U03102,49,Other,Delhi,iOS,10.6,24.0,226.2,81,2.4,194,Gaming,1300
U03104,48,Female,Ahmedabad,Android,3.3,26.2,293.9,57,4.0,263,Gaming,4999
U03106,53,Female,Mumbai,iOS,8.6,27.1,28.4,31,2.1,1141,Gaming,9098
U03110,44,Male,Ahmedabad,Android,3.8,49.0,132.9,174,0.2,1946,Gaming,5629
U03112,50,Female,Chennai,Android,1.7,10.6,19.7,100,2.6,288,Gaming,6800
U03113,38,Male,Pune,iOS,1.1,9.1,217.8,20,4.0,868,Gaming,7650
U03116,31,Female,Pune,Android,11.5,43.9,151.5,101,3.9,663,Gaming,7342
U03120,43,Other,Delhi,Android,6.1,23.2,256.2,51,0.4,1056,Gaming,6427
U03123,46,Male,Hyderabad,Android,1.5,36.4,260.9,61,0.4,1430,Gaming,1661
U03132,37,Female,Lucknow,Android,12.0,47.7,225.3,98,2.1,1122,Gaming,1481
U03134,55,Female,Chennai,iOS,11.7,33.9,24.1,78,0.4,258,Gaming,1123
U03143,60,Female,Pune,Android,7.8,25.3,299.6,193,3.7,1836,Gaming,6218
U03146,40,Female,Bangalore,Android,1.7,10.8,129.8,75,0.3,258,Gaming,10105
U03148,28,Male,Delhi,iOS,3.2,18.9,215.0,108,0.2,520,Gaming,10018
U03150,59,Other,Ahmedabad,iOS,11.1,37.4,12.5,131,0.4,401,Gaming,4838
U03151,33,Male,Mumbai,iOS,9.1,8.6,282.0,178,3.8,1547,Gaming,6104
U03154,18,Female,Chennai,Android,4.8,48.3,78.3,50,2.4,1366,Gaming,10288
U03160,22,Female,Bangalore,iOS,11.4,21.5,291.6,185,3.7,1079,Gaming,9852
U03169,19,Female,Hyderabad,iOS,2.7,8.6,147.9,92,2.8,1970,Gaming,11397
U03173,24,Male,Pune,iOS,10.2,17.2,64.8,20,1.4,194,Gaming,4329
U03176,51,Male,Bangalore,Android,12.0,12.0,139.3,112,1.0,320,Gaming,563
U03197,54,Male,Pune,iOS,10.8,7.1,293.2,171,0.5,1438,Gaming,7304
U03199,39,Female,Ahmedabad,Android,7.4,21.7,294.1,141,0.7,939,Gaming,10669
U03206,53,Other,Hyderabad,iOS,2.1,28.7,146.0,23,0.0,990,Gaming,8563
U03213,27,Female,Pune,Android,10.8,49.7,5.2,66,3.4,1973,Gaming,6176
U03226,43,Female,Jaipur,Android,10.6,8.8,153.7,135,1.7,835,Gaming,7702
U03228,36,Other,Lucknow,Android,11.4,3.9,112.6,112,2.0,162,Gaming,2149
U03234,15,Male,Bangalore,Android,3.5,32.6,188.0,57,4.4,457,Gaming,3939
U03236,60,Other,Kolkata,Android,7.4,32.8,166.0,113,1.7,1313,Gaming,9520
U03250,42,Male,Chennai,Android,11.4,27.8,178.8,193,1.8,1682,Gaming,8430
U03254,46,Female,Pune,iOS,5.9,20.6,145.1,140,2.5,1895,Gaming,9308
U03258,20,Female,Kolkata,iOS,10.4,4.1,12.5,185,1.9,1704,Gaming,8761
U03262,19,Female,Kolkata,Android,11.5,15.5,93.4,89,1.2,1654,Gaming,5156
U03267,59,Male,Jaipur,iOS,2.1,19.0,237.6,157,4.3,613,Gaming,4962
U03270,30,Male,Chennai,Android,5.0,32.0,89.1,73,0.2,1787,Gaming,2075
U03276,31,Female,Delhi,Android,7.9,18.2,238.9,21,3.4,958,Gaming,2371
U03286,42,Male,Mumbai,iOS,8.2,40.5,66.5,61,1.4,763,Gaming,9032
U03287,15,Female,Mumbai,iOS,4.4,9.1,277.0,129,4.0,1938,Gaming,7776
U03288,41,Other,Bangalore,Android,2.9,24.4,232.1,117,4.0,169,Gaming,8616
U03290,23,Male,Jaipur,Android,6.3,8.9,103.2,189,0.7,1661,Gaming,10145
U03292,46,Other,Mumbai,Android,7.1,12.1,57.7,65,2.2,987,Gaming,7570
U03295,37,Female,Hyderabad,Android,6.9,7.3,63.4,145,2.7,586,Gaming,808
U03296,58,Other,Bangalore,iOS,5.0,21.2,24.9,10,0.4,1025,Gaming,10979
U03304,29,Male,Hyderabad,Android,8.7,47.4,30.8,175,4.1,1028,Gaming,8488
U03312,41,Male,Kolkata,Android,7.6,22.2,266.4,155,1.0,319,Gaming,7527
U03316,38,Female,Hyderabad,Android,11.2,8.2,155.8,136,4.3,1139,Gaming,6594
U03330,37,Male,Delhi,iOS,4.7,16.6,48.8,151,3.1,973,Gaming,6585
U03331,56,Female,Hyderabad,Android,7.3,23.7,117.9,198,0.5,1861,Gaming,11271
U03332,57,Male,Ahmedabad,iOS,6.1,2.2,179.3,200,4.1,1445,Gaming,3772
U03342,37,Female,Delhi,iOS,3.2,40.6,26.6,176,1.6,955,Gaming,6127
U03345,15,Other,Lucknow,Android,4.2,23.9,40.9,198,0.1,1311,Gaming,1665
U03347,37,Male,Jaipur,Android,7.1,12.7,293.6,98,2.1,397,Gaming,6955
U03348,27,Other,Chennai,Android,8.9,4.7,38.4,70,0.2,1604,Gaming,3218
U03355,30,Other,Jaipur,Android,9.1,5.3,56.0,75,0.4,745,Gaming,9401
U03358,30,Other,Hyderabad,iOS,1.6,25.1,248.3,132,1.6,1718,Gaming,6693
U03359,51,Female,Delhi,Android,10.9,11.7,133.2,174,3.6,1699,Gaming,9106
U03360,47,Other,Kolkata,Android,3.8,11.7,224.6,170,2.7,1085,Gaming,4084
U03362,38,Male,Lucknow,iOS,2.5,22.2,52.4,178,2.1,1437,Gaming,6342
U03366,40,Male,Hyderabad,Android,8.0,15.4,194.4,79,2.0,1234,Gaming,11082
U03368,24,Female,Pune,Android,5.4,33.2,221.4,57,1.5,1113,Gaming,8658
U03372,42,Other,Kolkata,iOS,3.4,39.7,163.9,80,0.3,1282,Gaming,8733
U03382,35,Female,Kolkata,Android,7.7,20.9,150.8,69,4.5,199,Gaming,8273
U03389,32,Male,Hyderabad,iOS,8.0,10.4,251.5,13,1.8,1956,Gaming,10493
U03391,30,Female,Chennai,iOS,7.9,6.4,254.9,87,3.4,1937,Gaming,11672
U03392,31,Other,Jaipur,Android,3.7,24.2,154.6,138,0.4,1903,Gaming,11198
U03402,44,Male,Jaipur,iOS,7.2,30.4,172.1,180,3.8,162,Gaming,1136
U03403,37,Female,Bangalore,Android,3.8,7.7,152.7,153,3.6,1865,Gaming,9851
U03405,53,Other,Pune,Android,6.9,27.5,284.9,59,1.3,189,Gaming,3632
U03409,47,Male,Delhi,Android,11.9,39.2,125.3,177,0.5,160,Gaming,5103
U03412,43,Female,Kolkata,Android,2.1,33.3,18.8,20,2.3,481,Gaming,4894
U03416,48,Female,Bangalore,iOS,7.3,37.9,240.0,61,0.6,1852,Gaming,7199
U03418,22,Male,Bangalore,iOS,9.5,22.5,61.7,10,3.3,461,Gaming,3199
U03427,50,Female,Delhi,iOS,6.3,20.9,245.4,176,0.6,501,Gaming,9410
U03437,59,Female,Ahmedabad,iOS,6.4,40.2,259.3,84,3.0,1113,Gaming,6729
U03444,22,Other,Lucknow,Android,7.2,24.9,163.6,93,3.1,654,Gaming,10349
U03449,37,Other,Jaipur,iOS,7.7,15.3,282.4,118,0.8,1665,Gaming,2988
U03453,34,Other,Delhi,iOS,3.4,10.4,36.0,193,1.2,1707,Gaming,4530
U03455,49,Other,Delhi,iOS,9.0,5.3,219.9,34,3.0,931,Gaming,8058
U03457,19,Female,Delhi,Android,3.4,42.6,49.6,99,1.0,426,Gaming,9738
U03458,18,Other,Chennai,iOS,1.2,8.6,48.8,173,3.3,1258,Gaming,7517
U03473,19,Female,Ahmedabad,Android,8.5,43.8,243.0,11,1.6,473,Gaming,9496
U03474,33,Male,Pune,Android,10.7,49.8,146.9,57,3.0,1283,Gaming,9644
U03475,27,Female,Lucknow,iOS,4.3,17.4,68.6,45,3.8,140,Gaming,10093
U03492,48,Male,Kolkata,iOS,11.8,46.6,170.3,73,2.0,1746,Gaming,5667
U03494,31,Female,Chennai,iOS,11.7,13.1,247.0,43,0.3,1599,Gaming,11510
U03498,50,Other,Hyderabad,iOS,1.3,1.7,49.2,176,3.6,1731,Gaming,5808
U03502,46,Other,Delhi,iOS,10.3,27.6,281.1,98,2.5,1047,Gaming,1973
U03504,27,Other,Pune,iOS,7.2,20.8,62.7,79,1.2,479,Gaming,4892
U03510,51,Female,Delhi,Android,9.7,5.0,246.3,183,4.9,590,Gaming,7182
U03537,31,Other,Bangalore,Android,4.2,28.4,269.8,180,1.9,295,Gaming,9431
U03539,59,Female,Kolkata,Android,3.0,46.5,219.2,144,4.4,1245,Gaming,1360
U03540,23,Female,Lucknow,iOS,1.6,14.7,120.4,83,0.0,312,Gaming,9314
U03557,43,Female,Jaipur,Android,1.2,36.2,119.2,103,1.7,1356,Gaming,1609
U03561,51,Other,Ahmedabad,iOS,7.0,19.1,274.3,183,3.0,1715,Gaming,7753
U03563,29,Other,Ahmedabad,iOS,9.3,32.8,61.3,124,1.8,241,Gaming,6186
U03569,33,Male,Bangalore,Android,1.3,12.1,15.7,103,1.0,1535,Gaming,6476
U03576,47,Female,Pune,iOS,5.7,4.8,273.9,94,3.9,1283,Gaming,10374
U03579,39,Male,Kolkata,iOS,9.2,24.8,132.3,184,0.4,1676,Gaming,10179
U03583,48,Female,Bangalore,iOS,10.2,47.7,17.6,101,2.1,1585,Gaming,5030
U03586,27,Other,Chennai,iOS,7.0,27.6,124.3,28,3.6,1296,Gaming,4257
U03591,48,Other,Delhi,Android,3.5,6.0,223.7,64,1.5,1797,Gaming,9921
U03597,21,Male,Pune,iOS,6.3,29.2,26.7,184,0.1,1932,Gaming,9605
U03598,52,Female,Chennai,iOS,10.2,38.2,122.3,167,3.1,1665,Gaming,3516
U03603,49,Other,Bangalore,Android,1.1,49.0,108.5,78,3.6,331,Gaming,6106
U03608,47,Other,Lucknow,Android,7.4,32.1,215.4,16,4.4,625,Gaming,2003
U03611,19,Male,Pune,Android,10.7,1.0,92.4,69,1.7,342,Gaming,6212
U03613,35,Female,Delhi,iOS,12.0,43.9,203.0,18,0.5,671,Gaming,8762
U03616,23,Female,Chennai,Android,1.6,44.1,271.9,175,1.0,376,Gaming,9242
U03624,54,Male,Pune,Android,9.4,17.9,40.1,19,0.0,615,Gaming,8122
U03629,32,Other,Hyderabad,Android,4.9,31.2,88.7,69,0.7,522,Gaming,6329
U03644,30,Female,Delhi,Android,7.5,49.8,215.9,161,0.1,1796,Gaming,3722
U03645,36,Male,Mumbai,Android,10.1,19.3,99.1,128,2.3,1355,Gaming,7357
U03647,40,Other,Bangalore,iOS,4.0,34.9,77.4,127,0.1,278,Gaming,1682
U03648,27,Other,Mumbai,Android,1.9,26.7,121.4,40,1.0,951,Gaming,6733
U03658,29,Female,Kolkata,Android,3.8,40.1,184.4,125,4.6,115,Gaming,3704
U03659,22,Male,Bangalore,iOS,7.8,14.3,261.8,21,0.6,286,Gaming,5833
U03664,44,Male,Bangalore,Android,4.9,32.6,247.9,178,2.4,1616,Gaming,10488
U03665,52,Female,Ahmedabad,Android,9.2,39.3,85.2,94,1.9,1308,Gaming,7717
U03667,31,Male,Delhi,Android,5.1,7.1,188.7,17,2.7,1252,Gaming,4034
U03675,37,Female,Kolkata,Android,8.5,36.2,75.4,54,3.3,1592,Gaming,10868
U03678,29,Other,Bangalore,Android,8.5,7.1,133.6,150,1.0,376,Gaming,3709
U03681,47,Other,Ahmedabad,iOS,4.7,33.0,199.0,51,0.9,223,Gaming,6938
U03683,21,Male,Kolkata,iOS,5.4,2.0,75.1,199,4.4,730,Gaming,7938
U03690,18,Female,Chennai,Android,11.3,26.8,232.2,80,2.8,166,Gaming,6873
U03694,30,Other,Hyderabad,Android,10.1,49.6,213.0,191,2.0,166,Gaming,6962
U03696,48,Other,Bangalore,iOS,3.5,37.9,130.4,59,1.4,257,Gaming,5727
U03698,44,Female,Kolkata,Android,3.2,48.3,112.6,53,0.7,447,Gaming,4354
U03703,56,Male,Jaipur,Android,6.1,26.0,189.5,163,3.4,997,Gaming,1973
U03711,52,Other,Hyderabad,Android,9.7,21.3,115.0,197,4.8,869,Gaming,2507
U03712,22,Other,Jaipur,iOS,10.8,40.8,145.1,142,2.2,423,Gaming,4346
U03715,27,Other,Ahmedabad,Android,4.7,45.3,18.9,175,1.4,1394,Gaming,6688
U03718,30,Female,Mumbai,iOS,1.2,17.5,28.7,150,2.0,413,Gaming,5984
U03724,43,Female,Pune,Android,5.3,29.4,173.6,173,2.6,289,Gaming,4254
U03737,51,Male,Ahmedabad,Android,8.2,25.9,232.0,177,0.1,969,Gaming,4450
U03742,46,Female,Hyderabad,iOS,9.3,40.8,84.0,146,4.9,236,Gaming,3009
U03743,31,Other,Lucknow,Android,9.1,41.5,51.4,140,3.5,869,Gaming,7668
U03746,40,Other,Jaipur,Android,1.5,43.7,113.2,166,0.4,261,Gaming,8267
U03747,22,Other,Mumbai,iOS,3.1,41.0,84.5,24,4.9,742,Gaming,10622
U03752,42,Female,Jaipur,iOS,10.2,33.7,274.3,134,4.8,311,Gaming,7297
U03757,43,Male,Jaipur,iOS,7.8,20.0,235.2,130,3.3,355,Gaming,894
U03762,53,Other,Kolkata,iOS,5.7,18.6,151.6,161,0.8,170,Gaming,6112
U03764,53,Other,Bangalore,iOS,11.1,29.1,182.6,46,0.5,709,Gaming,1623
U03766,58,Other,Pune,iOS,3.2,38.9,111.8,13,2.9,928,Gaming,7736
U03773,30,Male,Chennai,Android,1.6,10.4,266.4,112,1.8,1030,Gaming,8870
U03778,43,Male,Pune,iOS,2.7,22.0,104.1,22,1.3,275,Gaming,6917
U03799,26,Other,Pune,Android,7.7,13.7,64.1,185,3.0,740,Gaming,1874
U03806,51,Female,Chennai,Android,1.3,2.6,233.4,43,3.0,502,Gaming,10219
U03809,18,Other,Bangalore,iOS,1.3,5.7,162.0,182,2.6,520,Gaming,6699
U03810,36,Female,Jaipur,iOS,4.2,21.1,18.2,140,1.8,505,Gaming,5575
U03825,54,Male,Kolkata,Android,6.3,22.0,219.6,168,1.6,246,Gaming,3496
U03834,57,Female,Pune,iOS,6.8,24.3,77.8,125,0.4,183,Gaming,10164
U03839,31,Other,Delhi,iOS,6.7,31.1,39.0,52,1.5,1421,Gaming,1814
U03841,37,Female,Ahmedabad,iOS,4.9,20.4,26.2,63,4.9,205,Gaming,9039
U03845,24,Female,Lucknow,Android,1.8,19.0,283.9,22,2.7,1062,Gaming,8304
U03848,18,Female,Pune,Android,10.1,31.6,178.3,59,1.6,1860,Gaming,6277
U03852,46,Male,Lucknow,Android,1.8,17.7,81.6,20,4.3,1453,Gaming,6050
U03855,55,Male,Jaipur,iOS,6.7,24.1,287.4,71,5.0,342,Gaming,1897
U03856,59,Other,Mumbai,Android,7.1,31.2,253.0,140,3.1,594,Gaming,8089
U03857,41,Male,Ahmedabad,iOS,2.4,19.5,259.0,195,3.3,1897,Gaming,6799
U03868,50,Other,Delhi,iOS,7.8,46.3,280.6,138,3.4,398,Gaming,8601
U03870,22,Female,Pune,iOS,1.2,18.7,94.2,77,0.9,558,Gaming,2929
U03876,29,Female,Lucknow,Android,8.3,10.9,287.7,38,4.6,1684,Gaming,5057
U03879,54,Male,Chennai,iOS,1.6,3.2,63.5,113,3.9,1678,Gaming,6634
U03890,43,Female,Kolkata,iOS,8.5,32.2,283.9,63,3.0,1616,Gaming,9201
U03894,55,Female,Mumbai,Android,5.8,5.8,264.5,186,3.5,739,Gaming,3467
U03895,58,Female,Jaipur,iOS,11.3,22.2,20.3,105,3.1,417,Gaming,1541
U03902,45,Male,Jaipur,Android,9.0,11.2,269.5,155,1.9,363,Gaming,8646
U03908,58,Male,Chennai,iOS,6.4,10.2,17.8,117,3.7,1143,Gaming,1976
U03910,40,Other,Pune,Android,3.9,6.6,154.5,153,1.7,1949,Gaming,9423
U03917,26,Other,Jaipur,iOS,9.3,8.1,208.6,178,0.3,393,Gaming,4495
U03918,23,Male,Pune,iOS,5.2,7.9,131.2,123,0.3,1390,Gaming,10100
U03919,43,Other,Mumbai,iOS,1.3,16.7,146.8,145,0.7,1805,Gaming,11119
U03924,54,Other,Chennai,iOS,7.3,40.4,187.3,46,1.6,1088,Gaming,7496
U03932,17,Female,Jaipur,iOS,7.2,23.3,156.6,28,0.7,235,Gaming,2361
U03934,49,Female,Kolkata,iOS,3.9,5.0,282.0,10,0.9,1083,Gaming,2748
U03935,35,Female,Chennai,iOS,8.6,2.3,238.4,115,2.2,313,Gaming,7681
U03936,17,Female,Jaipur,iOS,2.9,34.5,50.9,77,2.3,828,Gaming,4034
U03941,37,Female,Kolkata,Android,1.6,17.5,300.0,34,3.8,1677,Gaming,2810
U03946,19,Other,Kolkata,Android,6.0,44.2,9.8,158,4.6,1953,Gaming,6333
U03947,45,Female,Ahmedabad,iOS,6.7,13.4,188.7,125,2.7,412,Gaming,6740
U03948,32,Other,Mumbai,iOS,5.1,18.0,299.6,72,4.8,1706,Gaming,3103
U03949,44,Female,Ahmedabad,Android,7.6,42.7,123.4,199,2.1,1651,Gaming,10156
U03952,53,Male,Kolkata,Android,6.3,15.8,21.3,33,2.5,986,Gaming,1318
U03961,53,Other,Delhi,Android,11.1,4.0,261.9,142,0.8,142,Gaming,8234
U03964,46,Other,Jaipur,iOS,9.4,7.3,190.7,104,3.1,450,Gaming,2033
U03970,39,Male,Mumbai,Android,11.7,47.1,44.3,194,1.4,1630,Gaming,2551
U03986,36,Other,Chennai,iOS,7.2,6.4,270.6,181,1.3,1639,Gaming,5437
U03988,30,Male,Kolkata,Android,11.6,7.1,122.6,54,4.5,436,Gaming,4490
U03994,18,Male,Lucknow,Android,5.4,13.8,158.2,98,0.3,537,Gaming,4427
U04004,24,Other,Delhi,iOS,8.1,42.8,89.5,135,1.1,1166,Gaming,4054
U04008,52,Other,Delhi,iOS,8.1,39.3,91.9,82,1.9,1065,Gaming,6106
U04010,59,Female,Ahmedabad,Android,11.8,28.4,63.1,101,3.6,938,Gaming,8912
U04013,33,Other,Kolkata,Android,9.7,49.9,211.6,183,0.9,339,Gaming,6090
U04014,47,Female,Lucknow,Android,2.6,42.5,192.8,62,2.2,616,Gaming,6240
U04022,44,Male,Delhi,Android,3.9,21.4,59.0,61,2.9,251,Gaming,9600
U04029,48,Other,Ahmedabad,Android,6.6,44.0,264.1,30,4.1,1615,Gaming,2719
U04033,31,Male,Ahmedabad,Android,7.7,19.2,190.1,123,1.3,1706,Gaming,2498
U04042,15,Other,Lucknow,Android,10.1,49.9,259.9,129,3.4,387,Gaming,9902
U04045,36,Other,Lucknow,iOS,4.2,15.3,133.4,151,3.4,1791,Gaming,7186
U04050,48,Other,Delhi,iOS,7.0,19.0,197.4,93,0.5,1648,Gaming,6700
U04051,55,Other,Bangalore,iOS,4.0,41.0,169.4,99,2.5,341,Gaming,8736
U04060,49,Female,Jaipur,Android,11.1,28.2,256.3,169,2.8,1662,Gaming,8342
U04062,20,Female,Pune,Android,8.6,7.8,137.8,30,0.5,1818,Gaming,8756
U04065,46,Female,Bangalore,iOS,2.9,1.0,99.4,159,3.6,771,Gaming,2158
U04070,40,Male,Hyderabad,Android,8.4,40.9,120.9,161,1.8,552,Gaming,3381
U04072,51,Female,Jaipur,iOS,10.0,3.1,66.7,104,0.3,706,Gaming,9346
U04073,15,Female,Bangalore,iOS,7.2,2.6,218.0,91,0.2,1008,Gaming,7982
U04074,52,Male,Lucknow,Android,2.0,45.0,139.8,195,2.1,785,Gaming,3052
U04078,33,Other,Jaipur,Android,5.8,26.3,217.0,56,3.9,545,Gaming,5453
U04084,54,Other,Lucknow,iOS,2.6,48.6,172.3,72,3.8,1843,Gaming,3940
U04087,37,Other,Jaipur,iOS,9.9,20.7,151.4,12,0.2,1179,Gaming,1523
U04090,56,Male,Chennai,iOS,10.7,26.9,199.3,159,4.6,226,Gaming,1771
U04099,59,Female,Chennai,iOS,9.4,4.2,208.4,51,0.5,241,Gaming,9247
U04101,57,Male,Kolkata,Android,3.9,46.6,183.7,58,3.1,1830,Gaming,7869
U04106,24,Other,Kolkata,Android,10.5,27.0,112.2,148,4.8,315,Gaming,5611
U04107,60,Female,Kolkata,iOS,9.7,36.7,144.5,59,0.6,1130,Gaming,8978
U04109,47,Male,Lucknow,iOS,9.9,39.4,18.7,67,1.9,1137,Gaming,4095
U04113,40,Male,Hyderabad,Android,8.5,2.6,82.9,103,4.3,1062,Gaming,10208
U04115,15,Male,Pune,iOS,7.1,38.8,62.5,171,2.4,548,Gaming,4668
U04127,52,Male,Pune,Android,11.5,42.2,261.9,77,2.6,1813,Gaming,11165
U04129,23,Other,Hyderabad,iOS,2.6,8.0,169.1,16,0.4,1537,Gaming,2883
U04132,47,Other,Pune,iOS,7.7,10.6,16.3,159,0.9,1256,Gaming,7866
U04134,56,Male,Hyderabad,Android,7.0,9.0,275.0,64,2.5,1546,Gaming,3781
U04138,20,Male,Hyderabad,Android,4.8,45.2,74.5,44,4.4,957,Gaming,5638
U04148,34,Male,Jaipur,iOS,6.1,15.7,299.9,123,0.6,1349,Gaming,9154
U04150,43,Male,Bangalore,Android,8.8,43.3,121.2,111,4.1,656,Gaming,6928
U04159,37,Female,Bangalore,Android,1.6,33.7,152.0,17,0.5,1080,Gaming,1192
U04162,27,Male,Pune,iOS,10.8,12.7,102.9,93,4.4,1530,Gaming,8764
U04168,30,Male,Chennai,Android,9.8,7.1,124.6,69,2.8,995,Gaming,3287
U04169,31,Male,Jaipur,Android,11.2,29.2,18.8,116,3.9,1942,Gaming,10532
U04170,38,Male,Kolkata,iOS,3.7,14.1,195.1,198,2.2,680,Gaming,6478
U04171,46,Male,Ahmedabad,iOS,6.8,47.8,153.1,82,0.4,1415,Gaming,1550
U04175,59,Other,Mumbai,iOS,9.3,21.7,86.2,18,2.0,798,Gaming,3369
U04183,15,Male,Delhi,iOS,9.9,19.9,173.2,65,3.3,1068,Gaming,10760
U04196,48,Female,Bangalore,iOS,7.5,23.8,227.3,167,0.8,1164,Gaming,9537
U04199,54,Other,Chennai,iOS,8.7,17.2,110.7,108,2.0,1207,Gaming,9447
U04215,60,Female,Jaipur,Android,10.0,28.0,297.5,62,1.4,652,Gaming,6378
U04222,15,Male,Delhi,iOS,7.7,38.9,214.1,136,2.1,1053,Gaming,6108
U04223,25,Male,Pune,iOS,8.1,43.2,7.2,42,2.1,334,Gaming,6141
U04225,38,Female,Kolkata,iOS,10.5,21.1,236.5,64,0.1,1788,Gaming,4428
U04239,49,Female,Kolkata,Android,2.4,3.2,267.2,180,0.1,161,Gaming,4261
U04245,56,Male,Hyderabad,Android,10.0,39.5,105.5,59,0.9,1999,Gaming,8565
U04246,35,Female,Delhi,Android,9.6,42.4,15.7,10,1.0,623,Gaming,3394
U04249,41,Other,Ahmedabad,iOS,4.4,16.6,110.9,117,4.8,1690,Gaming,2946
U04252,47,Other,Delhi,Android,11.3,23.2,34.0,161,1.9,542,Gaming,9685
U04258,22,Male,Kolkata,Android,2.0,19.8,154.6,54,0.6,644,Gaming,4167
U04259,28,Other,Delhi,Android,3.5,25.4,82.1,167,2.7,1746,Gaming,6276
U04282,37,Other,Ahmedabad,iOS,4.9,14.1,79.1,151,2.7,1918,Gaming,9536
U04289,19,Other,Ahmedabad,Android,8.4,35.5,167.9,83,3.1,589,Gaming,8158
U04295,19,Male,Pune,Android,11.3,27.9,260.5,33,3.4,1634,Gaming,8650
U04298,19,Male,Pune,Android,3.4,5.5,67.0,159,4.7,1766,Gaming,7334
U04300,56,Male,Delhi,Android,11.0,24.4,119.2,42,2.0,1493,Gaming,5507
U04305,30,Male,Bangalore,Android,4.4,5.1,70.4,114,4.2,1230,Gaming,5279
U04310,51,Female,Hyderabad,Android,9.8,11.1,89.7,158,1.0,448,Gaming,9308
U04319,45,Female,Ahmedabad,Android,4.2,38.2,146.2,163,2.4,503,Gaming,3501
U04324,34,Female,Lucknow,Android,6.5,8.5,136.1,155,1.9,1219,Gaming,9081
U04329,53,Male,Lucknow,iOS,2.9,35.3,267.6,89,1.9,238,Gaming,1067
U04331,31,Other,Kolkata,Android,2.8,24.0,78.8,111,4.3,1057,Gaming,1321
U04335,29,Other,Lucknow,Android,9.6,9.7,237.8,152,2.2,1340,Gaming,9509
U04344,34,Other,Jaipur,iOS,2.1,9.6,137.6,160,3.5,636,Gaming,10010
U04350,42,Other,Kolkata,Android,4.3,13.6,292.5,92,2.7,1965,Gaming,10985
U04352,15,Female,Delhi,iOS,4.3,15.6,273.2,184,1.0,172,Gaming,8030
U04360,54,Male,Ahmedabad,Android,11.8,46.9,186.1,34,3.2,1817,Gaming,3882
U04367,32,Male,Kolkata,Android,1.8,3.8,173.4,82,0.8,1927,Gaming,10527
U04368,43,Other,Lucknow,iOS,11.7,8.4,295.7,155,3.1,1712,Gaming,9904
U04370,40,Female,Mumbai,iOS,3.8,47.3,78.7,163,2.8,341,Gaming,925
U04372,53,Female,Jaipur,iOS,4.1,9.1,153.4,81,2.7,473,Gaming,9996
U04377,16,Other,Ahmedabad,Android,10.6,37.9,213.8,27,1.6,483,Gaming,5899
U04379,17,Male,Jaipur,Android,7.6,15.2,46.5,27,4.0,1659,Gaming,9893
U04383,55,Female,Hyderabad,iOS,8.3,34.5,299.4,60,1.2,1381,Gaming,10374
U04394,30,Male,Bangalore,Android,11.9,17.8,137.9,181,0.6,146,Gaming,4346
U04395,41,Other,Ahmedabad,Android,5.9,18.6,259.9,80,2.1,1890,Gaming,10971
U04397,33,Other,Jaipur,Android,2.1,43.7,175.4,118,4.8,346,Gaming,8108
U04398,53,Other,Kolkata,Android,9.2,48.9,157.4,141,3.9,1439,Gaming,6243
U04403,28,Female,Bangalore,Android,1.1,42.3,282.5,78,1.0,1836,Gaming,4246
U04411,26,Female,Hyderabad,iOS,7.0,38.1,263.2,24,1.1,1047,Gaming,5923
U04416,31,Female,Bangalore,Android,4.5,3.5,232.2,85,4.9,247,Gaming,5810
U04422,49,Other,Jaipur,Android,3.9,29.1,31.3,118,2.8,1265,Gaming,3883
U04423,57,Male,Ahmedabad,iOS,10.0,33.9,70.4,20,2.5,1006,Gaming,9133
U04424,31,Female,Chennai,Android,2.3,3.2,126.5,107,4.4,1940,Gaming,3226
U04432,40,Other,Chennai,iOS,8.3,43.5,107.6,49,1.6,255,Gaming,5419
U04436,34,Male,Chennai,iOS,8.1,41.8,79.6,168,4.4,236,Gaming,4375
U04438,21,Female,Bangalore,iOS,1.7,14.6,239.2,170,3.9,159,Gaming,9244
U04445,51,Male,Ahmedabad,Android,12.0,25.0,170.1,10,3.9,916,Gaming,5427
U04454,37,Other,Mumbai,Android,2.3,40.1,59.5,103,0.8,1595,Gaming,2698
U04455,55,Male,Bangalore,Android,2.7,19.7,84.0,66,4.0,1060,Gaming,4369
U04460,54,Male,Bangalore,iOS,5.7,40.2,20.4,18,4.3,1679,Gaming,1889
U04463,15,Other,Kolkata,iOS,12.0,4.3,141.7,91,3.9,109,Gaming,4539
U04466,18,Male,Delhi,iOS,5.3,26.8,230.0,198,4.1,1986,Gaming,2541
U04471,52,Male,Bangalore,Android,7.4,17.9,250.6,22,2.7,1968,Gaming,6625
U04473,56,Female,Lucknow,iOS,1.6,1.7,95.5,177,3.5,1475,Gaming,9313
U04475,52,Male,Mumbai,Android,9.2,39.3,14.2,196,4.9,1561,Gaming,1960
U04480,17,Male,Delhi,iOS,4.5,8.8,134.1,185,0.8,1087,Gaming,2269
U04489,21,Other,Hyderabad,Android,8.1,9.3,83.9,52,1.3,1352,Gaming,7470
U04491,38,Male,Ahmedabad,Android,10.7,2.2,132.0,105,2.6,425,Gaming,9377
U04494,23,Female,Mumbai,iOS,5.3,40.3,130.9,155,2.7,1992,Gaming,11963
U04499,57,Male,Kolkata,Android,1.2,37.4,11.0,105,4.5,455,Gaming,633
U04510,40,Female,Lucknow,iOS,7.7,19.4,256.2,187,4.2,429,Gaming,4914
U04524,20,Other,Bangalore,iOS,9.7,36.3,219.3,176,1.4,1752,Gaming,6271
U04530,35,Female,Bangalore,Android,5.8,8.2,234.3,143,2.8,1141,Gaming,7407
U04534,56,Female,Mumbai,iOS,5.4,1.3,259.1,181,4.4,552,Gaming,7660
U04535,32,Female,Delhi,iOS,3.5,37.2,15.3,144,2.6,1670,Gaming,6231
U04536,47,Male,Hyderabad,iOS,10.2,8.8,164.2,36,4.1,1354,Gaming,3580
U04540,18,Male,Bangalore,Android,9.8,27.5,67.2,199,3.7,905,Gaming,7658
U04544,56,Female,Kolkata,iOS,8.4,47.6,134.1,55,3.8,1019,Gaming,4213
U04547,48,Female,Pune,iOS,2.6,42.7,235.5,138,1.3,509,Gaming,10255
U04550,40,Male,Lucknow,Android,10.7,21.3,192.0,144,4.7,393,Gaming,9353
U04555,50,Female,Chennai,Android,1.6,14.7,150.4,86,1.6,1768,Gaming,5226
U04559,21,Female,Chennai,Android,6.7,5.5,65.4,61,1.1,1541,Gaming,3475
U04568,37,Other,Lucknow,iOS,6.7,18.3,116.5,25,0.8,666,Gaming,7537
U04569,20,Other,Hyderabad,iOS,1.4,14.9,189.5,132,5.0,1197,Gaming,1949
U04576,40,Male,Jaipur,iOS,1.4,42.0,237.5,130,3.5,253,Gaming,8204
U04584,48,Female,Mumbai,Android,10.3,11.9,15.0,88,0.0,357,Gaming,9709
U04586,52,Other,Lucknow,iOS,10.3,43.4,198.2,41,0.1,749,Gaming,3358
U04589,58,Male,Lucknow,Android,3.9,24.9,94.3,139,3.5,1237,Gaming,6535
U04590,52,Female,Bangalore,Android,1.9,12.8,186.3,197,3.2,1245,Gaming,3741
U04591,26,Other,Kolkata,iOS,9.9,35.3,180.5,70,1.8,765,Gaming,5250
U04594,19,Other,Jaipur,Android,8.0,28.9,190.0,39,0.5,1746,Gaming,3202
U04596,26,Other,Jaipur,iOS,5.8,1.8,169.3,52,1.5,957,Gaming,9467
U04603,28,Other,Mumbai,Android,1.8,30.6,236.1,21,0.5,1486,Gaming,6292
U04604,56,Male,Delhi,Android,2.1,44.2,233.7,48,2.6,956,Gaming,3422
U04607,33,Female,Jaipur,iOS,5.7,18.8,127.4,123,2.5,1470,Gaming,5922
U04608,33,Female,Kolkata,Android,2.9,12.4,125.1,53,3.0,1378,Gaming,9318
U04610,26,Other,Pune,Android,6.1,45.8,91.3,78,4.9,794,Gaming,6626
U04626,52,Male,Pune,Android,2.0,47.4,114.8,119,4.4,1536,Gaming,4795
U04629,22,Male,Mumbai,iOS,3.9,7.1,268.1,108,0.1,1420,Gaming,10178
U04641,31,Male,Bangalore,iOS,3.7,38.7,218.1,171,3.5,1152,Gaming,9811
U04642,33,Female,Ahmedabad,iOS,4.4,14.2,271.9,116,2.9,572,Gaming,3201
U04644,51,Other,Ahmedabad,iOS,3.8,23.8,133.6,72,3.1,1531,Gaming,2207
U04651,25,Other,Ahmedabad,Android,8.3,16.9,273.5,168,2.4,357,Gaming,9220
U04653,35,Other,Chennai,iOS,11.6,28.4,218.6,27,1.0,1858,Gaming,5303
U04655,33,Other,Chennai,iOS,1.5,27.2,114.3,53,4.8,1076,Gaming,5701
U04664,46,Other,Jaipur,Android,8.9,44.6,31.9,139,2.7,1030,Gaming,5028
U04665,42,Male,Lucknow,iOS,6.6,4.8,128.6,70,2.7,1749,Gaming,10935
U04685,23,Other,Bangalore,Android,11.9,29.3,227.9,186,2.3,933,Gaming,10464
U04687,15,Female,Hyderabad,iOS,10.9,47.9,15.9,51,1.2,919,Gaming,6602
U04692,36,Other,Pune,Android,5.2,14.6,47.1,85,5.0,1608,Gaming,10146
U04696,15,Male,Pune,Android,4.8,7.5,208.9,20,1.6,183,Gaming,5810
U04698,15,Female,Lucknow,iOS,9.9,42.2,145.7,57,2.2,260,Gaming,5481
U04703,41,Male,Kolkata,Android,9.8,35.7,66.6,36,4.7,242,Gaming,7813
U04704,59,Other,Delhi,iOS,8.3,2.3,139.3,142,1.2,921,Gaming,4536
U04732,57,Male,Ahmedabad,iOS,7.0,3.5,197.6,77,4.9,1858,Gaming,5563
U04739,54,Female,Jaipur,Android,4.6,19.9,174.7,181,2.7,1386,Gaming,10019
U04740,58,Female,Delhi,Android,8.6,35.9,190.8,17,3.5,1390,Gaming,2742
U04742,46,Other,Delhi,iOS,5.0,17.3,71.7,156,0.7,340,Gaming,10168
U04745,22,Other,Pune,Android,4.7,24.7,121.4,171,3.0,1487,Gaming,2059
U04748,35,Male,Lucknow,Android,7.1,4.0,161.8,140,1.3,1330,Gaming,8774
U04749,33,Female,Kolkata,iOS,6.8,21.7,293.8,110,4.5,160,Gaming,7282
U04750,15,Male,Chennai,iOS,7.4,36.3,25.2,22,1.2,1379,Gaming,5288
U04761,48,Other,Pune,Android,6.8,32.3,166.5,56,0.2,1231,Gaming,8808
U04782,52,Female,Ahmedabad,Android,2.9,32.6,250.3,198,2.2,658,Gaming,1508
U04785,26,Other,Pune,iOS,8.2,44.8,58.2,13,2.3,948,Gaming,8927
U04786,27,Other,Hyderabad,iOS,3.4,35.9,98.0,53,4.6,411,Gaming,9870
U04796,41,Female,Jaipur,Android,4.2,25.7,269.9,176,1.9,850,Gaming,7874
U04799,26,Male,Bangalore,Android,4.1,39.6,178.8,106,2.7,261,Gaming,8627
U04803,19,Male,Bangalore,iOS,9.1,2.0,121.3,186,3.7,1910,Gaming,9530
U04811,19,Male,Delhi,Android,8.1,4.6,172.1,50,3.7,561,Gaming,8575
U04812,24,Other,Lucknow,Android,7.3,1.2,67.7,86,2.1,1408,Gaming,9585
U04823,51,Male,Ahmedabad,Android,2.5,38.6,265.5,191,4.9,696,Gaming,4655
U04829,20,Other,Jaipur,Android,9.6,35.9,215.9,80,1.1,111,Gaming,3525
U04834,54,Female,Mumbai,Android,6.0,15.5,142.3,30,1.0,619,Gaming,1948
U04846,33,Other,Pune,iOS,4.9,18.7,41.2,128,0.7,1530,Gaming,7228
U04856,29,Male,Bangalore,iOS,4.5,42.3,72.1,57,4.7,322,Gaming,4165
U04864,52,Female,Lucknow,Android,3.7,22.9,61.4,18,4.9,1040,Gaming,5723
U04867,55,Other,Bangalore,Android,7.1,38.1,210.4,177,2.9,1960,Gaming,3832
U04872,18,Male,Pune,Android,11.6,7.8,153.1,122,3.9,1241,Gaming,5235
U04878,60,Female,Jaipur,Android,4.0,10.3,39.7,160,4.4,912,Gaming,3782
U04887,35,Male,Kolkata,iOS,11.0,41.4,262.5,154,4.6,1512,Gaming,6495
U04893,40,Female,Mumbai,iOS,3.4,29.0,37.6,161,1.3,559,Gaming,9143
U04895,24,Male,Delhi,Android,8.2,21.6,285.4,96,4.2,497,Gaming,6124
U04901,35,Female,Jaipur,iOS,3.9,4.9,285.3,61,3.5,412,Gaming,6538
U04902,29,Male,Chennai,Android,3.0,7.8,235.8,103,1.4,1943,Gaming,6309
U04906,36,Male,Lucknow,Android,8.0,48.5,62.5,114,4.6,1258,Gaming,6367
U04908,43,Male,Pune,iOS,11.8,9.6,60.0,151,2.8,461,Gaming,6721
U04911,59,Female,Lucknow,Android,2.2,46.8,56.9,119,1.2,364,Gaming,1130
U04917,42,Other,Chennai,iOS,2.3,35.5,134.4,181,1.7,1015,Gaming,1360
U04922,52,Male,Kolkata,iOS,8.4,26.4,205.1,125,0.2,1729,Gaming,5393
U04928,34,Female,Pune,iOS,2.9,8.9,63.3,154,2.1,263,Gaming,4182
U04930,39,Male,Hyderabad,Android,11.2,43.6,96.6,153,3.6,1539,Gaming,11477
U04943,22,Female,Jaipur,Android,6.8,18.6,30.1,76,1.2,1813,Gaming,3472
U04949,52,Male,Delhi,iOS,9.4,44.7,52.5,199,4.1,852,Gaming,6788
U04957,36,Other,Jaipur,Android,4.6,30.4,257.8,35,0.1,1665,Gaming,5279
U04958,58,Other,Chennai,Android,1.1,31.5,98.3,120,0.5,325,Gaming,4477
U04960,58,Other,Hyderabad,iOS,4.1,21.7,16.2,144,3.0,1652,Gaming,8113
U04962,41,Male,Lucknow,Android,10.6,32.6,169.3,106,1.9,1823,Gaming,3231
U04964,26,Female,Pune,iOS,10.1,30.4,83.3,81,0.4,1096,Gaming,2377
U04965,26,Female,Ahmedabad,iOS,4.7,39.8,283.4,188,2.1,1258,Gaming,4483
U04973,18,Female,Delhi,Android,4.0,12.6,38.3,109,2.8,1074,Gaming,6957
U04974,36,Female,Jaipur,iOS,2.0,41.7,57.8,96,0.1,1228,Gaming,9484
U04977,53,Male,Ahmedabad,Android,2.8,40.1,91.7,92,0.6,1093,Gaming,10528
U04984,59,Other,Hyderabad,iOS,3.1,36.2,189.4,70,1.1,1869,Gaming,10760
U04988,59,Male,Lucknow,Android,7.7,44.2,263.3,115,1.1,216,Gaming,4040
U04993,50,Female,Jaipur,Android,9.0,33.1,272.6,166,4.9,654,Gaming,8000
U04994,47,Male,Bangalore,Android,1.1,17.6,118.8,142,3.1,950,Gaming,8272
U04996,16,Other,Jaipur,iOS,4.6,25.8,255.6,65,0.1,736,Gaming,5240
U05003,30,Other,Hyderabad,iOS,9.9,31.2,137.7,166,4.7,141,Gaming,6933
U05009,41,Female,Pune,iOS,9.0,12.8,148.4,53,2.3,1996,Gaming,4993
U05016,16,Male,Chennai,iOS,9.4,12.1,150.1,22,3.6,934,Gaming,7976
U05017,36,Female,Ahmedabad,iOS,11.0,13.4,228.5,16,0.3,1745,Gaming,8910
U05021,29,Other,Hyderabad,Android,9.1,10.5,223.8,75,1.8,513,Gaming,3558
U05037,27,Male,Ahmedabad,Android,10.8,39.6,213.8,59,2.0,1923,Gaming,7720
U05038,58,Female,Chennai,iOS,11.6,45.9,287.7,176,1.2,458,Gaming,7153
U05043,34,Female,Mumbai,iOS,3.3,36.2,19.1,181,0.1,1660,Gaming,8690
U05045,21,Female,Chennai,iOS,4.7,43.7,99.5,39,4.9,1805,Gaming,5126
U05047,29,Male,Jaipur,iOS,3.2,28.4,179.0,140,2.5,1006,Gaming,1185
U05048,17,Other,Mumbai,iOS,6.6,18.2,58.0,32,3.6,189,Gaming,4500
U05051,15,Other,Ahmedabad,iOS,9.2,28.4,38.9,92,1.8,915,Gaming,8399
U05056,45,Male,Ahmedabad,Android,3.8,19.0,222.8,39,3.6,293,Gaming,3422
U05065,20,Male,Chennai,iOS,10.2,23.0,284.7,20,4.5,1908,Gaming,11574
U05079,22,Male,Kolkata,iOS,8.5,49.3,64.5,168,1.7,1709,Gaming,7034
U05082,52,Other,Ahmedabad,Android,1.8,8.9,160.6,162,0.4,1817,Gaming,11507
U05084,54,Female,Delhi,Android,5.8,2.3,105.6,24,3.0,1300,Gaming,10265
U05091,24,Female,Bangalore,iOS,4.6,44.8,48.8,26,0.0,151,Gaming,3693
U05099,52,Female,Lucknow,iOS,3.3,36.5,175.6,198,3.2,476,Gaming,8460
U05100,27,Other,Pune,iOS,2.6,26.9,153.0,94,4.9,791,Gaming,9009
U05112,50,Male,Hyderabad,iOS,8.5,33.1,7.8,104,0.3,176,Gaming,8905
U05118,26,Female,Jaipur,Android,5.5,12.3,66.6,25,1.8,1315,Gaming,2493
U05123,34,Other,Ahmedabad,iOS,5.7,5.8,146.3,172,4.6,1811,Gaming,3708
U05124,42,Male,Ahmedabad,Android,11.7,21.5,94.7,38,3.2,1994,Gaming,4706
U05128,27,Female,Lucknow,iOS,6.7,46.4,287.5,189,1.5,183,Gaming,4910
U05129,42,Female,Jaipur,Android,11.5,23.0,101.6,133,2.1,149,Gaming,3526
U05139,17,Other,Delhi,iOS,5.8,29.6,197.6,73,3.3,1425,Gaming,3064
U05149,55,Male,Bangalore,Android,10.7,32.4,56.8,12,4.3,514,Gaming,8512
U05152,17,Male,Kolkata,iOS,11.7,38.6,140.8,150,1.3,746,Gaming,5590
U05154,31,Male,Pune,Android,2.6,27.0,140.2,47,4.0,1343,Gaming,1786
U05170,52,Female,Delhi,Android,10.9,17.7,81.0,58,2.7,483,Gaming,6191
U05172,60,Female,Chennai,iOS,10.2,19.8,262.3,166,2.5,696,Gaming,4896
U05189,41,Other,Pune,iOS,11.6,11.8,130.7,168,0.2,607,Gaming,4378
U05195,30,Other,Delhi,iOS,11.6,13.6,227.7,128,4.2,1836,Gaming,5838
U05200,15,Male,Hyderabad,Android,10.9,40.8,45.5,31,3.2,1474,Gaming,3797
U05201,22,Male,Kolkata,Android,4.2,48.7,175.7,140,2.7,591,Gaming,4451
U05203,45,Male,Lucknow,Android,8.8,34.4,217.8,28,2.5,701,Gaming,7114
U05213,54,Other,Mumbai,Android,1.8,28.9,178.8,38,1.8,1919,Gaming,5271
U05214,34,Other,Bangalore,Android,10.2,5.0,137.7,25,1.2,1309,Gaming,8564
U05218,45,Male,Pune,Android,1.8,49.2,8.7,122,3.9,1807,Gaming,8751
U05219,39,Female,Jaipur,iOS,4.4,10.0,95.3,172,4.1,1565,Gaming,5536
U05221,33,Male,Lucknow,iOS,3.1,46.8,277.5,173,4.9,1638,Gaming,2033
U05222,35,Other,Hyderabad,iOS,4.9,11.3,123.5,73,4.5,1721,Gaming,9502
U05223,36,Other,Bangalore,Android,8.0,41.5,175.3,56,4.7,1856,Gaming,3183
U05257,21,Male,Pune,Android,7.3,44.5,265.4,180,4.3,1077,Gaming,5851
U05280,46,Male,Jaipur,Android,10.0,48.6,229.5,78,2.6,809,Gaming,4786
U05286,46,Male,Ahmedabad,Android,2.4,30.8,147.3,83,0.8,865,Gaming,6470
U05293,17,Male,Kolkata,iOS,9.0,38.9,158.3,179,1.9,617,Gaming,4858
U05294,29,Female,Jaipur,Android,11.3,11.7,184.8,126,1.4,533,Gaming,10143
U05303,50,Other,Mumbai,Android,1.5,13.5,198.0,93,0.3,1849,Gaming,3101
U05304,16,Other,Jaipur,iOS,6.3,31.3,210.2,166,2.5,1516,Gaming,10711
U05313,60,Female,Mumbai,iOS,10.3,34.6,74.7,98,2.7,524,Gaming,989
U05322,19,Female,Mumbai,iOS,8.3,26.1,33.1,155,4.6,824,Gaming,10015
U05324,55,Other,Lucknow,Android,5.7,28.9,205.4,152,0.9,1865,Gaming,2047
U05326,28,Female,Chennai,iOS,8.8,37.7,282.7,25,3.8,1497,Gaming,9908
U05327,47,Other,Lucknow,Android,2.7,41.8,111.8,71,2.7,1606,Gaming,3961
U05330,30,Male,Pune,Android,4.8,21.0,40.6,188,4.9,886,Gaming,9130
U05336,41,Other,Delhi,iOS,11.6,24.8,12.5,120,2.2,1498,Gaming,5470
U05343,42,Male,Bangalore,Android,1.9,16.1,176.1,59,1.7,721,Gaming,3940
U05345,41,Female,Hyderabad,iOS,10.3,28.2,297.1,178,4.7,1132,Gaming,3569
U05346,33,Other,Delhi,Android,8.0,7.0,12.4,93,4.6,1711,Gaming,1854
U05350,23,Female,Lucknow,iOS,5.2,11.3,120.8,58,2.5,469,Gaming,10193
U05353,46,Male,Delhi,Android,4.0,22.4,95.2,182,1.9,418,Gaming,3246
U05362,30,Male,Ahmedabad,iOS,3.2,27.8,219.3,198,1.7,1570,Gaming,9082
U05364,15,Other,Bangalore,Android,12.0,10.2,251.7,195,2.7,817,Gaming,5979
U05368,52,Other,Chennai,iOS,4.1,46.3,221.6,173,4.0,1038,Gaming,7594
U05372,43,Other,Lucknow,Android,3.1,29.5,272.7,171,3.3,1412,Gaming,5245
U05383,35,Female,Delhi,iOS,3.5,46.6,92.9,65,3.8,383,Gaming,1774
U05384,41,Male,Delhi,Android,11.2,46.0,294.7,152,2.5,768,Gaming,3850
U05385,46,Other,Kolkata,Android,9.1,46.0,211.5,63,2.3,418,Gaming,5524
U05386,18,Female,Ahmedabad,Android,7.1,7.5,105.7,13,2.8,1581,Gaming,11433
U05390,54,Female,Mumbai,Android,4.6,1.1,167.6,29,2.5,1830,Gaming,2130
U05392,17,Other,Hyderabad,Android,10.6,8.4,47.8,109,5.0,491,Gaming,3794
U05398,43,Other,Bangalore,Android,6.4,30.5,223.2,112,3.5,1843,Gaming,2289
U05414,33,Male,Chennai,Android,10.4,8.9,200.4,122,3.3,1090,Gaming,4031
U05421,45,Female,Pune,Android,1.2,29.8,251.8,23,2.5,868,Gaming,2015
U05424,46,Female,Kolkata,iOS,2.0,20.5,32.3,47,4.2,185,Gaming,3227
U05425,40,Female,Delhi,iOS,3.5,43.0,83.0,106,0.7,194,Gaming,1227
U05426,19,Other,Kolkata,Android,2.0,33.6,59.5,57,2.1,992,Gaming,4353
U05431,48,Other,Bangalore,Android,9.0,14.0,188.1,103,2.8,1314,Gaming,8170
U05434,57,Male,Kolkata,Android,1.4,40.0,256.5,185,2.2,284,Gaming,1005
U05443,17,Female,Ahmedabad,Android,9.3,10.3,102.3,105,3.3,1731,Gaming,5669
U05444,43,Other,Mumbai,Android,2.9,6.2,62.0,125,3.3,823,Gaming,2582
U05451,42,Male,Mumbai,iOS,8.5,1.4,24.1,117,0.9,506,Gaming,6103
U05452,59,Female,Delhi,Android,11.5,31.7,151.9,186,0.4,1430,Gaming,6035
U05455,19,Female,Bangalore,Android,3.4,12.5,68.6,135,1.5,1509,Gaming,8665
U05457,15,Other,Ahmedabad,Android,5.1,29.4,117.0,61,3.2,655,Gaming,5133
U05478,46,Female,Pune,Android,6.6,6.5,269.1,186,4.2,1163,Gaming,9629
U05484,56,Male,Chennai,iOS,1.3,5.7,145.2,27,1.4,755,Gaming,9922
U05488,59,Other,Jaipur,iOS,6.4,33.6,11.7,125,1.3,1447,Gaming,1561
U05489,16,Female,Mumbai,Android,11.1,14.8,291.8,23,3.8,595,Gaming,1406
U05492,50,Male,Hyderabad,Android,8.9,8.3,111.5,130,2.2,974,Gaming,6216
U05498,59,Male,Pune,iOS,8.4,47.5,192.4,176,3.0,1716,Gaming,11567
U05504,56,Other,Chennai,Android,3.9,33.5,129.8,43,0.5,1291,Gaming,7691
U05505,29,Other,Pune,Android,3.8,42.0,79.0,48,4.6,1313,Gaming,2399
U05509,54,Female,Pune,iOS,4.6,5.5,179.6,189,2.8,1812,Gaming,5602
U05514,43,Other,Lucknow,Android,2.8,23.8,285.5,88,2.7,995,Gaming,6725
U05532,46,Male,Bangalore,Android,3.9,3.5,57.5,35,1.8,1700,Gaming,9513
U05535,46,Other,Delhi,Android,1.7,44.9,104.5,111,0.1,1156,Gaming,6204
U05538,21,Other,Delhi,Android,9.5,19.1,109.8,128,1.3,621,Gaming,4146
U05544,36,Other,Mumbai,iOS,7.1,8.1,65.5,168,3.8,393,Gaming,8212
U05549,22,Female,Pune,Android,2.3,18.6,274.9,198,4.9,1135,Gaming,8278
U05550,47,Female,Chennai,Android,1.8,7.9,247.1,117,3.8,513,Gaming,3200
U05555,15,Other,Ahmedabad,Android,6.7,8.5,93.4,166,3.8,699,Gaming,1162
U05557,39,Other,Pune,Android,8.0,15.8,62.8,98,4.0,1970,Gaming,9706
U05560,18,Female,Hyderabad,iOS,5.4,31.1,16.3,191,4.3,707,Gaming,5306
U05566,31,Male,Ahmedabad,Android,4.5,35.3,287.6,124,1.7,1838,Gaming,7009
U05568,22,Male,Hyderabad,Android,5.3,26.1,162.6,118,1.7,1762,Gaming,4608
U05575,18,Other,Ahmedabad,iOS,2.0,20.5,26.5,187,2.6,1567,Gaming,2383
U05577,54,Male,Chennai,iOS,3.5,32.5,147.2,50,3.1,1787,Gaming,4043
U05580,52,Female,Mumbai,Android,11.1,16.6,21.3,133,0.2,417,Gaming,722
U05586,42,Male,Chennai,iOS,6.5,33.3,150.4,80,3.8,1526,Gaming,2731
U05592,54,Female,Lucknow,iOS,5.0,7.8,47.4,16,1.4,484,Gaming,9427
U05596,48,Male,Kolkata,iOS,11.8,42.5,282.5,126,3.2,770,Gaming,1220
U05602,22,Male,Hyderabad,iOS,10.6,31.6,115.3,190,4.1,1996,Gaming,3434
U05605,48,Female,Kolkata,Android,10.7,41.8,287.1,136,2.9,1920,Gaming,4251
U05606,24,Other,Lucknow,Android,1.2,23.9,95.4,106,4.6,528,Gaming,10351
U05607,23,Male,Hyderabad,Android,4.1,19.4,231.0,48,4.4,1406,Gaming,9395
U05620,15,Other,Kolkata,iOS,10.8,39.6,70.6,141,3.6,577,Gaming,8246
U05626,53,Female,Bangalore,Android,3.7,47.0,117.4,152,4.2,998,Gaming,8826
U05640,53,Male,Pune,Android,3.4,5.7,250.4,152,1.8,376,Gaming,5306
U05648,35,Female,Delhi,Android,10.8,1.9,84.5,103,1.2,714,Gaming,10468
U05651,30,Male,Hyderabad,Android,1.6,44.3,43.8,144,4.3,534,Gaming,2472
U05655,28,Female,Lucknow,Android,2.9,22.7,69.6,198,0.1,415,Gaming,4959
U05666,21,Male,Ahmedabad,iOS,1.4,25.0,13.9,185,1.5,1332,Gaming,8793
U05674,37,Male,Chennai,Android,9.1,37.0,43.2,11,3.7,1063,Gaming,3383
U05678,40,Female,Kolkata,Android,7.8,43.8,113.9,145,3.2,944,Gaming,4470
U05680,54,Other,Delhi,Android,6.3,44.4,50.0,92,2.3,146,Gaming,6705
U05682,17,Male,Jaipur,iOS,9.3,31.1,32.1,144,4.6,1168,Gaming,3129
U05687,26,Male,Bangalore,iOS,10.4,17.8,32.4,27,2.3,1716,Gaming,7265
U05688,54,Male,Bangalore,iOS,6.5,27.9,193.8,182,1.8,1840,Gaming,10258
U05690,32,Other,Jaipur,iOS,4.8,33.8,97.6,14,3.2,515,Gaming,9671
U05699,24,Other,Jaipur,Android,7.5,44.4,197.1,103,1.8,1046,Gaming,5787
U05706,56,Female,Ahmedabad,iOS,2.5,45.1,129.8,99,2.9,1901,Gaming,8532
U05714,28,Other,Jaipur,Android,7.7,21.1,279.1,47,0.4,1679,Gaming,9257
U05715,32,Female,Pune,iOS,3.6,47.5,263.2,176,4.0,1989,Gaming,8161
U05718,59,Male,Lucknow,iOS,6.5,6.2,195.0,49,5.0,1746,Gaming,2743
U05721,60,Male,Lucknow,iOS,6.9,40.7,116.9,151,1.4,399,Gaming,1664
U05732,52,Male,Bangalore,Android,7.2,23.2,176.6,174,2.7,1211,Gaming,3916
U05733,51,Other,Ahmedabad,iOS,5.4,9.0,223.4,111,4.8,1273,Gaming,5322
U05734,27,Female,Pune,Android,1.7,44.9,274.2,111,2.8,1452,Gaming,2333
U05735,27,Male,Chennai,iOS,6.2,6.6,272.7,143,3.4,1644,Gaming,7698
U05737,27,Female,Jaipur,iOS,5.8,27.7,105.7,85,0.6,448,Gaming,9526
U05738,44,Other,Jaipur,Android,7.8,30.1,291.7,154,1.9,420,Gaming,7730
U05743,59,Other,Jaipur,iOS,10.5,49.1,94.7,178,4.7,269,Gaming,843
U05744,35,Other,Bangalore,Android,3.2,49.9,94.0,88,2.1,854,Gaming,5220
U05747,47,Male,Chennai,Android,6.9,21.4,271.6,147,3.9,1949,Gaming,10807
U05759,54,Male,Jaipur,Android,7.7,7.7,93.0,44,0.7,795,Gaming,2693
U05763,44,Other,Hyderabad,iOS,4.2,3.0,286.8,29,0.7,409,Gaming,7416
U05775,24,Other,Ahmedabad,iOS,1.4,3.7,243.2,187,3.2,1062,Gaming,9092
U05779,36,Other,Jaipur,Android,8.5,22.5,109.1,99,1.6,651,Gaming,6647
U05782,59,Male,Hyderabad,iOS,1.3,38.6,252.6,53,4.5,920,Gaming,6032
U05796,47,Female,Bangalore,Android,5.7,36.8,259.6,198,3.5,1477,Gaming,3739
U05804,37,Other,Mumbai,iOS,7.1,6.4,242.6,179,1.1,164,Gaming,1361
U05806,45,Other,Delhi,Android,9.0,3.4,147.2,66,3.1,1457,Gaming,11355
U05810,51,Other,Lucknow,Android,6.5,23.6,283.1,187,2.8,588,Gaming,9732
U05812,58,Female,Delhi,Android,2.6,33.1,223.5,92,2.8,196,Gaming,9240
U05814,18,Male,Mumbai,iOS,4.5,37.1,31.0,53,1.4,1604,Gaming,9210
U05815,53,Other,Mumbai,Android,6.0,18.2,140.0,118,0.3,1491,Gaming,7146
U05817,22,Female,Pune,Android,2.8,6.7,84.0,132,0.2,1623,Gaming,10502
U05833,17,Female,Pune,iOS,2.9,19.5,12.1,173,0.9,1908,Gaming,2906
U05836,55,Male,Bangalore,iOS,10.0,14.2,138.2,99,3.1,191,Gaming,724
U05841,51,Female,Hyderabad,iOS,6.6,33.9,157.1,91,1.8,1018,Gaming,3100
U05842,45,Female,Lucknow,Android,6.9,32.5,51.1,95,1.1,505,Gaming,9874
U05854,42,Other,Bangalore,iOS,1.4,2.0,15.6,48,2.7,1904,Gaming,9781
U05859,45,Male,Mumbai,iOS,1.2,3.8,68.6,45,2.9,779,Gaming,4534
U05860,53,Male,Bangalore,Android,1.5,25.1,123.3,154,2.5,1075,Gaming,1759
U05862,50,Male,Kolkata,Android,9.0,16.5,244.6,68,4.2,984,Gaming,7007
U05867,24,Female,Kolkata,Android,9.3,2.1,221.0,186,3.5,314,Gaming,8162
U05874,30,Other,Ahmedabad,Android,10.6,19.7,120.4,53,0.0,545,Gaming,10206
U05879,19,Other,Bangalore,Android,4.4,13.1,144.3,49,3.8,703,Gaming,9988
U05885,15,Other,Mumbai,iOS,7.0,29.8,248.4,131,1.4,524,Gaming,9619
U05889,46,Female,Mumbai,Android,8.7,10.6,282.6,152,1.5,1892,Gaming,2769
U05893,60,Female,Delhi,Android,8.2,6.9,8.8,34,3.8,964,Gaming,3684
U05899,41,Female,Mumbai,iOS,8.0,14.4,279.6,140,2.4,104,Gaming,2358
U05913,31,Female,Hyderabad,Android,11.5,32.9,83.5,156,2.8,362,Gaming,9510
U05916,43,Other,Lucknow,iOS,9.4,17.3,105.6,74,1.4,1041,Gaming,10974
U05928,45,Male,Lucknow,iOS,3.7,1.4,225.3,186,0.0,865,Gaming,9099
U05929,31,Other,Ahmedabad,Android,8.0,43.4,79.4,194,4.4,1178,Gaming,10187
U05938,28,Other,Mumbai,Android,3.1,32.1,130.1,173,1.1,311,Gaming,4190
U05949,57,Female,Kolkata,Android,11.3,25.9,269.6,35,5.0,448,Gaming,8838
U05951,19,Male,Delhi,iOS,10.8,4.2,142.6,63,1.3,1040,Gaming,7500
U05953,47,Male,Kolkata,Android,11.9,37.7,153.6,58,3.3,1067,Gaming,5388
U05954,22,Other,Hyderabad,iOS,2.1,45.2,226.9,85,2.8,1713,Gaming,4143
U05956,25,Female,Ahmedabad,iOS,2.6,28.4,27.8,54,1.9,850,Gaming,1212
U05958,27,Female,Ahmedabad,Android,2.4,49.1,53.7,79,2.8,1459,Gaming,7489
U05961,23,Other,Kolkata,iOS,7.1,27.1,194.6,120,1.4,1393,Gaming,11245
U05964,28,Female,Chennai,iOS,9.0,45.7,16.5,14,0.3,1091,Gaming,10675
U05971,52,Other,Kolkata,iOS,9.8,17.6,266.5,133,1.7,1337,Gaming,1658
U05972,29,Female,Mumbai,Android,10.6,33.6,89.9,102,2.3,219,Gaming,2733
U05988,27,Other,Delhi,iOS,7.7,45.3,65.8,102,0.7,931,Gaming,5909
U05992,39,Other,Ahmedabad,Android,8.9,39.2,51.3,125,1.1,1174,Gaming,9720
U05995,17,Other,Bangalore,iOS,9.8,36.5,283.6,34,4.1,1830,Gaming,5964
U05997,55,Other,Bangalore,Android,2.1,4.3,168.0,191,2.0,831,Gaming,10587
U06002,40,Male,Kolkata,iOS,5.4,19.4,20.5,29,3.8,613,Gaming,7290
U06004,26,Other,Lucknow,iOS,8.1,41.6,168.0,175,1.4,808,Gaming,4063
U06007,23,Male,Bangalore,iOS,10.0,48.5,12.0,62,2.7,691,Gaming,2513
U06008,56,Male,Delhi,iOS,10.5,2.9,61.8,25,4.1,1540,Gaming,1767
U06012,56,Male,Mumbai,iOS,11.7,8.7,210.3,140,3.6,1053,Gaming,8590
U06017,37,Other,Delhi,iOS,3.0,48.0,82.1,24,3.3,1540,Gaming,5211
U06023,46,Female,Kolkata,Android,11.4,2.6,42.2,83,3.3,1401,Gaming,8468
U06028,24,Male,Mumbai,iOS,4.5,28.9,145.2,194,0.7,1694,Gaming,3440
U06036,42,Male,Kolkata,Android,3.7,26.4,234.6,45,0.4,418,Gaming,6970
U06039,24,Female,Chennai,iOS,4.2,32.6,148.6,181,0.2,1269,Gaming,1996
U06049,16,Male,Mumbai,Android,11.9,25.4,202.3,70,2.8,1460,Gaming,6797
U06055,58,Other,Hyderabad,Android,5.7,48.8,18.6,37,3.9,598,Gaming,1536
U06058,21,Male,Delhi,iOS,11.5,3.0,146.6,190,4.0,545,Gaming,2040
U06070,33,Other,Pune,iOS,2.5,34.3,44.2,180,0.7,626,Gaming,4579
U06085,21,Other,Chennai,iOS,8.7,16.2,98.4,28,0.8,812,Gaming,10121
U06088,36,Female,Lucknow,iOS,11.0,44.9,151.8,22,1.5,1094,Gaming,6672
U06095,26,Female,Chennai,iOS,2.6,17.3,293.5,94,2.5,1168,Gaming,9330
U06101,23,Male,Mumbai,Android,3.3,6.5,192.5,39,3.6,1782,Gaming,7603
U06102,49,Male,Ahmedabad,iOS,8.4,34.2,292.3,72,3.0,540,Gaming,6027
U06107,51,Other,Jaipur,iOS,1.3,6.5,194.0,139,4.5,320,Gaming,3758
U06115,46,Male,Ahmedabad,Android,8.4,38.5,109.5,183,0.2,1950,Gaming,6535
U06117,36,Female,Pune,Android,2.5,4.4,47.1,109,2.4,273,Gaming,4407
U06120,54,Other,Bangalore,Android,4.9,25.1,148.1,107,1.1,1466,Gaming,4721
U06129,25,Male,Bangalore,iOS,10.0,16.7,98.8,191,2.1,407,Gaming,8865
U06131,56,Female,Delhi,iOS,9.4,46.6,122.5,72,4.9,1289,Gaming,11228
U06132,42,Other,Jaipur,iOS,3.3,24.3,80.8,78,0.5,281,Gaming,1784
U06135,57,Female,Ahmedabad,Android,3.0,16.7,27.8,157,2.6,1676,Gaming,11587
U06138,24,Male,Chennai,Android,11.2,31.0,26.9,114,2.5,229,Gaming,1534
U06145,21,Female,Jaipur,iOS,8.8,20.5,291.9,100,0.1,1784,Gaming,3584
U06146,35,Other,Pune,iOS,6.9,40.5,96.8,15,4.8,1093,Gaming,6310
U06149,21,Other,Pune,iOS,5.3,48.8,25.0,162,1.9,482,Gaming,7500
U06157,60,Other,Lucknow,iOS,1.8,30.5,29.8,16,2.7,907,Gaming,6139
U06158,35,Female,Lucknow,Android,11.8,12.2,48.4,163,4.4,175,Gaming,3967
U06160,17,Male,Chennai,iOS,5.8,4.8,77.0,56,4.8,1681,Gaming,11004
U06166,56,Other,Kolkata,iOS,4.5,37.1,66.2,123,1.2,685,Gaming,9411
U06171,35,Female,Delhi,Android,4.5,2.6,10.6,102,2.0,1859,Gaming,10021
U06179,40,Other,Pune,Android,5.8,5.4,90.5,175,0.7,1197,Gaming,6040
U06180,28,Male,Kolkata,Android,2.8,20.4,29.6,19,2.4,904,Gaming,9775
U06183,58,Other,Chennai,Android,2.6,10.2,83.3,67,0.2,1552,Gaming,8776
U06185,46,Female,Hyderabad,Android,11.4,2.6,79.3,157,4.9,1606,Gaming,8453
U06189,54,Other,Ahmedabad,iOS,3.8,30.8,286.4,176,0.4,830,Gaming,8536
U06198,37,Female,Pune,iOS,2.7,4.6,266.1,96,0.2,1423,Gaming,10412
U06204,59,Other,Delhi,Android,8.0,6.7,166.5,153,2.6,598,Gaming,6342
U06206,36,Female,Bangalore,iOS,8.6,32.5,172.2,58,0.3,772,Gaming,3086
U06215,31,Female,Mumbai,iOS,11.1,36.2,76.6,163,4.4,1067,Gaming,2180
U06223,50,Other,Chennai,iOS,7.1,10.3,112.9,91,4.0,1729,Gaming,5621
U06225,48,Other,Ahmedabad,Android,5.5,36.0,293.8,156,2.3,634,Gaming,10054
U06229,20,Female,Jaipur,Android,5.9,34.1,145.1,199,3.4,1649,Gaming,3704
U06237,17,Male,Bangalore,iOS,9.9,17.8,190.3,120,4.5,1994,Gaming,3373
U06238,33,Female,Lucknow,iOS,6.3,7.1,28.1,66,0.3,1347,Gaming,10107
U06241,45,Male,Jaipur,iOS,8.8,40.7,218.7,21,4.7,948,Gaming,10628
U06247,24,Male,Delhi,iOS,7.2,46.4,254.1,174,4.7,1059,Gaming,10998
U06249,18,Female,Hyderabad,Android,4.3,46.0,141.1,63,2.2,1623,Gaming,4547
U06253,37,Other,Pune,Android,1.2,1.7,224.3,16,0.8,1444,Gaming,8586
U06257,33,Male,Kolkata,Android,8.9,4.0,266.0,91,3.5,1568,Gaming,5945
U06259,50,Female,Mumbai,iOS,7.1,9.0,76.7,87,3.9,1936,Gaming,7814
U06266,60,Male,Mumbai,Android,1.6,17.9,187.8,25,0.2,667,Gaming,6016
U06270,32,Male,Ahmedabad,Android,10.1,44.2,266.5,44,0.6,772,Gaming,1875
U06275,20,Female,Delhi,iOS,11.9,49.6,84.4,146,3.8,806,Gaming,10041
U06277,42,Other,Delhi,iOS,5.0,39.3,239.7,190,0.2,1877,Gaming,5552
U06283,29,Other,Pune,Android,7.3,32.6,157.0,112,2.8,1412,Gaming,7994
U06286,34,Other,Pune,Android,5.0,27.5,201.0,194,2.3,1948,Gaming,6655
U06287,54,Female,Pune,iOS,7.0,8.7,233.0,121,0.7,1549,Gaming,7862
U06288,54,Male,Ahmedabad,iOS,2.9,41.7,49.5,71,0.5,1397,Gaming,3549
U06290,40,Male,Mumbai,iOS,11.2,20.0,104.4,27,1.0,1041,Gaming,5611
U06306,47,Male,Ahmedabad,iOS,11.6,27.4,243.3,15,4.9,615,Gaming,1502
U06307,59,Male,Hyderabad,iOS,5.7,1.3,177.5,184,1.1,1220,Gaming,5646
U06309,39,Female,Delhi,iOS,8.8,16.3,45.6,153,3.5,866,Gaming,9574
U06314,56,Other,Delhi,Android,6.1,28.2,244.0,132,0.7,1125,Gaming,4902
U06316,35,Female,Chennai,Android,5.1,2.0,65.2,55,3.2,114,Gaming,7726
U06322,58,Other,Delhi,iOS,5.8,1.8,298.2,119,4.7,732,Gaming,9806
U06323,16,Other,Delhi,iOS,7.3,31.5,279.6,75,3.4,731,Gaming,4444
U06324,17,Other,Pune,iOS,3.6,38.1,146.1,83,2.4,1062,Gaming,1791
U06332,26,Other,Delhi,Android,5.6,32.0,125.6,47,1.8,397,Gaming,1317
U06333,37,Female,Bangalore,iOS,4.8,16.3,44.4,35,3.2,861,Gaming,3984
U06335,35,Male,Jaipur,Android,4.6,24.6,228.3,172,3.8,1782,Gaming,4385
U06336,33,Male,Delhi,Android,7.1,1.2,68.1,131,0.5,418,Gaming,6819
U06338,42,Male,Ahmedabad,iOS,1.4,34.7,275.0,69,2.5,358,Gaming,7921
U06340,15,Male,Lucknow,Android,8.1,48.7,109.0,62,4.8,1377,Gaming,5890
U06346,19,Female,Bangalore,Android,5.9,12.9,243.0,27,3.4,1255,Gaming,10390
U06347,41,Other,Mumbai,iOS,8.6,16.6,28.6,17,4.3,184,Gaming,1324
U06353,37,Male,Ahmedabad,Android,4.5,11.5,274.5,45,1.5,875,Gaming,5408
U06355,41,Other,Hyderabad,Android,8.6,46.6,80.9,165,3.0,670,Gaming,9114
U06360,22,Other,Ahmedabad,iOS,7.9,26.0,140.5,102,2.2,546,Gaming,5325
U06363,17,Other,Lucknow,Android,5.1,5.7,188.7,25,0.2,1003,Gaming,3409
U06368,45,Female,Lucknow,iOS,10.0,30.0,114.0,99,1.1,298,Gaming,2034
U06369,48,Other,Kolkata,iOS,7.5,4.4,97.0,133,2.3,262,Gaming,5275
U06374,24,Other,Lucknow,Android,8.8,32.3,222.7,164,0.8,822,Gaming,8277
U06376,34,Other,Delhi,iOS,5.5,46.4,245.1,156,2.7,914,Gaming,3976
U06379,31,Female,Ahmedabad,iOS,1.5,18.3,111.5,106,4.0,142,Gaming,5363
U06383,43,Male,Chennai,Android,6.4,48.9,25.1,148,0.6,811,Gaming,2287
U06391,40,Other,Jaipur,Android,7.6,38.4,167.0,118,1.8,1387,Gaming,1690
U06392,18,Other,Lucknow,iOS,7.0,31.2,173.8,197,1.9,1052,Gaming,8008
U06397,53,Other,Mumbai,iOS,8.6,25.4,153.8,20,1.0,701,Gaming,8145
U06400,32,Male,Lucknow,Android,3.6,23.2,280.5,60,4.6,1197,Gaming,6469
U06407,48,Male,Delhi,Android,2.7,7.7,45.7,34,4.9,690,Gaming,7176
U06411,58,Other,Lucknow,Android,6.4,26.5,66.2,57,0.2,1693,Gaming,4647
U06418,33,Male,Jaipur,Android,1.4,12.9,33.4,34,2.4,622,Gaming,1763
U06422,52,Female,Ahmedabad,Android,5.7,2.1,184.8,158,4.8,250,Gaming,8813
U06424,34,Female,Pune,Android,8.3,48.6,258.1,192,1.8,735,Gaming,6870
U06428,42,Other,Delhi,Android,7.1,4.1,69.2,175,1.1,1692,Gaming,10822
U06430,58,Female,Lucknow,iOS,3.6,24.1,98.3,106,1.2,1826,Gaming,4905
U06432,36,Female,Hyderabad,iOS,3.9,17.4,74.9,70,0.6,582,Gaming,8984
U06433,15,Male,Ahmedabad,Android,7.5,17.3,247.3,107,0.3,1496,Gaming,7676
U06439,47,Other,Bangalore,iOS,10.1,40.6,242.4,11,3.1,1142,Gaming,10774
U06452,50,Female,Ahmedabad,iOS,3.8,3.7,219.9,11,0.1,1317,Gaming,10862
U06456,47,Female,Chennai,Android,2.1,24.5,150.1,100,3.1,1634,Gaming,5284
U06461,35,Other,Chennai,iOS,8.8,27.5,229.0,140,2.6,1156,Gaming,2961
U06463,36,Male,Chennai,Android,4.3,49.5,38.7,15,2.2,1728,Gaming,3712
U06465,18,Female,Lucknow,Android,2.5,34.2,207.7,187,2.5,1508,Gaming,7793
U06469,44,Female,Delhi,iOS,6.7,17.0,290.8,112,1.4,1316,Gaming,2566
U06470,31,Male,Lucknow,Android,9.3,32.2,66.2,184,3.0,228,Gaming,1012
U06471,58,Other,Bangalore,Android,1.8,25.0,32.2,32,3.9,1091,Gaming,6844
U06472,18,Male,Kolkata,Android,8.2,15.6,190.1,66,1.2,301,Gaming,7197
U06473,42,Female,Bangalore,iOS,11.7,35.5,250.0,61,3.1,991,Gaming,10433
U06482,58,Female,Mumbai,iOS,11.1,27.2,231.1,144,0.5,1219,Gaming,10710
U06495,19,Male,Mumbai,Android,3.1,49.6,250.6,10,2.0,713,Gaming,9612
U06496,57,Other,Kolkata,Android,2.0,41.9,224.6,190,4.8,1146,Gaming,5446
U06497,43,Other,Ahmedabad,Android,9.7,15.0,205.6,61,1.5,1657,Gaming,8063
U06498,52,Other,Bangalore,iOS,11.0,38.6,86.7,124,3.0,819,Gaming,4843
U06506,17,Male,Delhi,iOS,9.1,16.1,56.6,184,1.6,582,Gaming,9169
U06516,19,Female,Kolkata,iOS,3.6,44.0,62.6,127,4.1,1882,Gaming,7874
U06520,59,Male,Ahmedabad,iOS,9.7,39.3,33.1,81,1.1,1207,Gaming,4318
U06531,30,Male,Lucknow,Android,10.6,36.7,171.9,14,3.6,321,Gaming,1445
U06533,17,Female,Jaipur,iOS,7.3,33.3,182.0,128,0.6,1346,Gaming,10707
U06536,33,Other,Chennai,Android,5.9,11.6,38.1,10,0.9,966,Gaming,1880
U06540,30,Other,Jaipur,iOS,10.9,46.3,182.4,147,4.0,674,Gaming,1688
U06549,19,Male,Bangalore,iOS,11.5,49.2,67.1,195,0.0,140,Gaming,10102
U06556,33,Female,Lucknow,Android,11.0,28.4,63.7,29,3.6,1482,Gaming,7478
U06558,58,Female,Chennai,Android,5.1,39.4,205.9,117,1.7,849,Gaming,9525
U06561,38,Other,Chennai,iOS,11.9,25.2,40.7,42,2.4,1134,Gaming,3027
U06572,34,Other,Bangalore,iOS,5.6,33.7,255.8,77,3.3,1989,Gaming,4992
U06575,25,Other,Bangalore,iOS,12.0,31.1,294.8,137,3.4,615,Gaming,9199
U06578,27,Other,Ahmedabad,Android,5.7,10.0,265.4,41,1.6,1508,Gaming,8592
U06581,36,Female,Delhi,iOS,1.3,39.6,153.8,195,1.7,819,Gaming,7296
U06584,32,Female,Chennai,Android,2.7,46.5,242.1,67,1.4,1972,Gaming,6907
U06586,48,Male,Kolkata,iOS,5.8,18.0,199.0,44,3.8,400,Gaming,8186
U06591,31,Male,Chennai,Android,3.0,25.9,224.8,110,1.4,121,Gaming,5547
U06592,28,Other,Chennai,iOS,8.7,8.5,183.6,15,0.4,906,Gaming,10519
U06593,38,Other,Pune,iOS,7.0,49.6,199.9,186,1.6,1192,Gaming,9075
U06595,26,Male,Bangalore,iOS,10.2,30.6,277.1,139,1.0,787,Gaming,5034
U06597,28,Other,Hyderabad,Android,2.0,6.9,19.4,148,3.5,614,Gaming,3349
U06598,40,Other,Pune,iOS,8.4,26.0,170.6,198,5.0,1251,Gaming,5205
U06621,57,Male,Ahmedabad,iOS,4.0,48.1,46.2,16,2.3,142,Gaming,9179
U06626,34,Female,Delhi,Android,9.8,1.9,251.8,85,0.1,1845,Gaming,8767
U06646,44,Male,Jaipur,iOS,9.6,40.9,133.6,161,2.1,1804,Gaming,3496
U06647,45,Male,Chennai,iOS,8.7,7.7,148.7,95,1.1,671,Gaming,7141
U06649,50,Other,Pune,Android,11.6,6.5,242.3,147,4.9,1498,Gaming,4468
U06650,16,Other,Kolkata,Android,4.0,27.8,248.8,154,1.3,1595,Gaming,3962
U06651,28,Other,Lucknow,iOS,10.0,32.5,211.9,124,2.3,1070,Gaming,8619
U06654,56,Other,Hyderabad,iOS,9.7,23.9,296.5,36,1.5,1907,Gaming,3133
U06657,52,Other,Lucknow,Android,3.4,14.6,267.8,185,0.4,1500,Gaming,10900
U06671,22,Female,Mumbai,iOS,3.5,15.6,127.2,91,1.3,770,Gaming,8036
U06672,18,Other,Pune,Android,8.7,20.4,227.4,199,0.6,890,Gaming,4315
U06678,47,Other,Mumbai,iOS,3.2,20.8,134.8,132,2.3,442,Gaming,6854
U06679,17,Male,Pune,Android,3.3,30.5,187.2,138,2.2,1238,Gaming,2688
U06680,27,Female,Ahmedabad,iOS,5.3,37.3,117.2,89,0.3,1434,Gaming,5689
U06693,49,Female,Lucknow,Android,8.3,24.9,188.5,83,2.6,1713,Gaming,6171
U06706,15,Other,Lucknow,iOS,3.0,6.2,142.9,65,4.3,1228,Gaming,10030
U06708,29,Female,Hyderabad,iOS,3.9,21.8,237.5,39,0.0,654,Gaming,2867
U06710,60,Male,Chennai,iOS,4.1,24.9,32.7,33,3.3,837,Gaming,3748
U06722,40,Male,Mumbai,iOS,1.7,35.3,98.0,170,4.3,1938,Gaming,8365
U06724,45,Female,Jaipur,Android,1.4,32.5,76.5,133,0.8,876,Gaming,10659
U06731,34,Other,Jaipur,iOS,11.3,42.4,29.9,124,0.7,1928,Gaming,9360
U06733,54,Other,Lucknow,iOS,3.3,18.6,263.8,127,3.3,1957,Gaming,3194
U06734,22,Male,Mumbai,Android,8.1,24.2,47.1,145,3.7,311,Gaming,5976
U06741,43,Female,Chennai,Android,2.6,29.9,28.4,92,1.3,1561,Gaming,11065
U06743,53,Other,Ahmedabad,Android,9.0,37.0,258.5,57,0.9,1751,Gaming,9026
U06747,17,Male,Ahmedabad,Android,8.4,47.0,9.2,102,3.4,1373,Gaming,9720
U06749,23,Female,Bangalore,iOS,2.9,6.3,163.3,160,2.8,908,Gaming,6288
U06752,47,Other,Mumbai,Android,6.7,31.7,59.9,33,3.2,1063,Gaming,1777
U06755,35,Male,Mumbai,iOS,2.9,8.6,111.4,100,0.2,1689,Gaming,10373
U06756,16,Female,Kolkata,Android,3.6,25.2,126.5,158,1.4,1842,Gaming,8694
U06760,55,Female,Pune,iOS,11.7,17.8,16.4,20,3.5,648,Gaming,2601
U06763,34,Other,Hyderabad,Android,7.3,3.2,11.2,26,2.6,280,Gaming,8025
U06767,33,Male,Lucknow,Android,10.0,39.0,93.5,13,2.8,1010,Gaming,9879
U06773,42,Male,Pune,Android,10.8,45.0,120.6,60,4.1,1611,Gaming,5292
U06774,28,Other,Chennai,Android,3.1,20.9,155.3,104,2.1,1791,Gaming,11039
U06777,19,Male,Chennai,Android,7.5,30.3,96.0,164,1.6,290,Gaming,1251
U06786,60,Male,Hyderabad,Android,8.9,27.8,38.3,17,1.9,1744,Gaming,11466
U06813,45,Male,Jaipur,Android,1.3,44.9,112.4,129,4.1,394,Gaming,10282
U06818,16,Female,Delhi,iOS,8.6,16.1,162.5,28,3.3,1292,Gaming,10389
U06819,33,Female,Chennai,Android,8.4,14.6,165.5,131,0.2,1965,Gaming,3208
U06830,54,Other,Chennai,iOS,2.5,44.1,17.7,53,0.7,1653,Gaming,11297
U06836,21,Male,Lucknow,iOS,2.5,34.3,98.9,12,3.9,456,Gaming,4210
U06846,49,Other,Chennai,Android,7.5,17.8,146.3,192,2.3,1375,Gaming,5300
U06854,51,Male,Lucknow,iOS,4.7,1.8,47.0,60,1.4,1771,Gaming,2598
U06857,44,Male,Kolkata,Android,7.1,28.7,128.5,60,4.0,1878,Gaming,2034
U06869,27,Male,Lucknow,iOS,6.2,46.8,56.4,75,2.8,1195,Gaming,6499
U06873,57,Male,Kolkata,Android,7.6,17.5,192.5,134,3.1,756,Gaming,8520
U06878,57,Other,Chennai,iOS,1.6,21.1,126.7,145,3.1,1721,Gaming,2058
U06880,40,Female,Delhi,Android,5.5,10.4,132.3,122,4.9,1964,Gaming,4020
U06895,15,Other,Ahmedabad,Android,6.3,16.2,162.9,131,1.4,1281,Gaming,10433
U06897,58,Male,Jaipur,iOS,3.9,37.8,60.5,95,3.0,1912,Gaming,11238
U06898,31,Other,Bangalore,Android,4.1,21.0,78.2,190,2.1,1398,Gaming,5545
U06899,47,Male,Lucknow,iOS,1.6,16.3,158.1,194,2.3,851,Gaming,5662
U06901,48,Male,Chennai,iOS,8.8,35.7,42.3,61,1.2,141,Gaming,3256
U06903,46,Male,Delhi,iOS,11.8,31.5,56.4,100,4.5,391,Gaming,4165
U06907,25,Female,Hyderabad,iOS,1.8,5.3,197.9,167,3.1,1386,Gaming,1862
U06911,21,Female,Delhi,iOS,10.1,20.3,192.9,123,2.6,850,Gaming,5597
U06912,32,Other,Delhi,iOS,1.3,41.6,15.9,139,0.1,876,Gaming,3099
U06918,27,Female,Chennai,Android,6.8,27.2,35.2,189,3.7,1916,Gaming,6768
U06919,42,Male,Pune,Android,2.7,28.7,42.8,126,4.9,1782,Gaming,3228
U06932,36,Female,Kolkata,Android,4.1,36.1,134.7,50,4.2,1061,Gaming,5622
U06937,40,Male,Bangalore,iOS,1.7,22.8,244.4,157,1.2,1517,Gaming,3702
U06938,15,Male,Kolkata,iOS,11.5,26.1,141.8,31,2.7,677,Gaming,8557
U06940,24,Other,Lucknow,iOS,3.8,38.1,23.7,83,4.7,1800,Gaming,4632
U06941,44,Female,Pune,Android,9.8,25.4,278.6,150,2.5,1452,Gaming,6762
U06944,39,Male,Chennai,iOS,8.2,46.6,80.0,126,2.2,1363,Gaming,7748
U06949,46,Male,Ahmedabad,Android,11.1,16.1,283.7,160,3.8,350,Gaming,2648
U06950,55,Female,Pune,iOS,5.5,40.2,232.0,70,3.6,614,Gaming,6162
U06952,31,Other,Ahmedabad,Android,11.7,19.3,176.0,138,3.6,781,Gaming,3049
U06968,24,Female,Bangalore,iOS,8.3,16.5,226.4,18,4.7,1613,Gaming,4628
U06971,44,Female,Delhi,Android,7.7,40.0,39.8,68,0.7,1599,Gaming,8394
U06985,46,Male,Jaipur,iOS,6.5,37.6,284.9,192,2.6,340,Gaming,5352
U06988,50,Male,Hyderabad,Android,5.2,42.8,243.1,49,4.1,655,Gaming,924
U06992,52,Other,Jaipur,Android,1.1,26.5,172.9,59,3.6,290,Gaming,8405
U06998,45,Other,Pune,iOS,11.6,14.8,175.9,83,0.3,1874,Gaming,5603
U06999,56,Male,Mumbai,iOS,7.1,30.0,261.0,26,1.1,549,Gaming,821
U07000,37,Other,Hyderabad,iOS,3.1,35.5,239.2,15,4.2,1719,Gaming,10925
U07002,23,Male,Mumbai,Android,10.7,39.6,166.0,91,3.2,609,Gaming,7071
U07003,27,Male,Chennai,iOS,1.4,47.0,100.3,153,2.4,1061,Gaming,9997
U07010,44,Other,Bangalore,iOS,10.9,31.8,88.7,96,4.3,1011,Gaming,10183
U07013,59,Male,Hyderabad,iOS,1.7,37.2,161.7,46,1.9,695,Gaming,7300
U07024,21,Other,Ahmedabad,iOS,3.8,21.9,21.6,198,3.4,1248,Gaming,2339
U07031,45,Female,Jaipur,Android,11.0,28.7,57.2,135,0.6,1239,Gaming,2845
U07053,53,Male,Bangalore,Android,2.0,2.8,227.2,161,4.7,238,Gaming,2936
U07057,41,Other,Ahmedabad,Android,8.0,15.7,113.9,198,3.8,1426,Gaming,9404
U07059,39,Female,Kolkata,Android,10.7,15.7,166.4,169,0.3,124,Gaming,9330
U07065,52,Female,Bangalore,Android,9.7,27.5,136.2,132,0.0,740,Gaming,3517
U07071,23,Female,Bangalore,Android,7.3,7.1,286.7,88,4.6,364,Gaming,778
U07072,29,Female,Mumbai,Android,5.3,25.6,260.6,92,1.2,630,Gaming,6989
U07075,50,Other,Jaipur,Android,8.9,22.8,274.4,37,3.4,299,Gaming,2067
U07080,41,Other,Ahmedabad,Android,4.0,29.8,15.8,158,4.8,757,Gaming,4597
U07083,56,Other,Bangalore,iOS,2.4,1.1,33.4,149,1.3,254,Gaming,5293
U07084,31,Female,Bangalore,iOS,10.2,27.4,34.7,167,0.5,660,Gaming,7851
U07094,43,Female,Bangalore,iOS,8.6,3.1,12.4,65,4.8,316,Gaming,7566
U07100,15,Male,Pune,iOS,4.1,19.9,15.8,46,3.3,1805,Gaming,2358
U07110,22,Other,Ahmedabad,iOS,8.7,46.4,60.2,112,2.1,1850,Gaming,11483
U07114,50,Other,Hyderabad,iOS,2.6,45.8,37.9,63,1.0,878,Gaming,8568
U07117,34,Male,Jaipur,Android,7.0,6.3,248.3,187,0.6,1595,Gaming,8531
U07121,59,Other,Delhi,iOS,2.1,20.4,50.6,173,2.9,515,Gaming,5857
U07130,29,Other,Bangalore,Android,8.4,33.1,67.1,31,0.2,552,Gaming,9157
U07131,38,Male,Lucknow,iOS,11.0,9.9,67.6,129,1.1,308,Gaming,1822
U07133,48,Female,Jaipur,Android,4.2,49.6,162.2,178,0.5,863,Gaming,4537
U07134,27,Other,Ahmedabad,iOS,2.3,28.8,63.3,119,4.9,184,Gaming,1515
U07137,26,Male,Jaipur,Android,4.8,8.0,277.4,23,1.4,1757,Gaming,8598
U07141,38,Male,Bangalore,Android,10.5,6.4,190.9,132,3.3,801,Gaming,10716
U07143,48,Other,Ahmedabad,iOS,5.4,35.0,249.5,39,0.6,1956,Gaming,8688
U07146,15,Female,Jaipur,Android,1.7,30.0,142.0,163,1.5,687,Gaming,6260
U07147,42,Other,Ahmedabad,iOS,11.4,20.5,235.4,72,1.9,1813,Gaming,2960
U07156,54,Male,Pune,Android,5.3,24.4,208.5,94,3.4,1726,Gaming,2017
U07157,41,Other,Mumbai,iOS,8.0,39.8,100.4,65,1.5,1300,Gaming,3623
U07159,30,Male,Pune,Android,2.4,45.6,89.7,61,2.0,651,Gaming,2403
U07170,45,Male,Kolkata,iOS,6.4,35.7,272.0,128,2.8,1384,Gaming,4462
U07171,44,Female,Pune,iOS,10.1,18.7,58.8,46,3.2,1444,Gaming,9186
U07178,56,Other,Chennai,iOS,6.7,39.9,186.9,194,2.7,464,Gaming,7711
U07180,18,Other,Mumbai,iOS,9.4,15.4,110.6,184,1.7,386,Gaming,9968
U07187,23,Male,Hyderabad,iOS,7.7,7.8,277.0,168,1.4,838,Gaming,10698
U07195,56,Other,Lucknow,iOS,4.3,45.9,293.8,84,0.4,1023,Gaming,4281
U07202,18,Female,Lucknow,iOS,5.1,24.6,214.4,154,2.2,1107,Gaming,8459
U07203,32,Female,Pune,Android,4.5,27.1,102.8,123,4.3,1997,Gaming,11100
U07208,27,Female,Pune,iOS,2.7,17.0,169.1,140,3.5,802,Gaming,7341
U07213,51,Male,Kolkata,Android,5.3,48.1,56.6,194,4.7,1170,Gaming,8280
U07218,46,Male,Bangalore,Android,3.0,1.7,168.4,48,2.3,1887,Gaming,7556
U07220,26,Female,Ahmedabad,iOS,3.8,49.4,18.9,131,1.6,1478,Gaming,4154
U07224,18,Other,Bangalore,iOS,2.5,2.1,18.7,156,0.1,1539,Gaming,10529
U07225,26,Male,Lucknow,Android,6.3,44.8,93.3,165,2.2,1414,Gaming,4825
U07227,41,Female,Chennai,Android,1.7,25.2,150.8,135,4.8,401,Gaming,3191
U07229,31,Male,Hyderabad,iOS,8.6,49.0,108.0,99,2.4,498,Gaming,5001
U07231,46,Female,Hyderabad,Android,9.1,40.9,59.1,170,2.7,757,Gaming,3269
U07233,59,Female,Jaipur,Android,11.6,18.8,136.6,73,4.2,1239,Gaming,4833
U07234,47,Female,Bangalore,Android,9.9,35.2,255.2,99,1.5,315,Gaming,5321
U07238,39,Male,Bangalore,iOS,1.7,30.1,133.1,177,4.3,1195,Gaming,7357
U07244,55,Other,Chennai,Android,3.8,15.2,57.7,37,1.2,1413,Gaming,3084
U07252,52,Female,Kolkata,iOS,6.2,35.0,273.4,122,3.9,478,Gaming,1343
U07254,47,Male,Bangalore,Android,5.3,14.8,137.1,99,4.5,1983,Gaming,10932
U07258,39,Female,Ahmedabad,iOS,9.0,8.9,40.0,157,4.1,245,Gaming,1869
U07262,20,Male,Delhi,iOS,11.2,38.1,214.1,25,4.7,1134,Gaming,3137
U07266,51,Other,Ahmedabad,iOS,5.8,14.6,57.2,173,4.0,463,Gaming,599
U07268,38,Male,Mumbai,iOS,3.8,26.4,273.4,187,3.0,1239,Gaming,5948
U07271,46,Female,Jaipur,iOS,6.3,34.4,176.1,21,0.8,651,Gaming,7336
U07273,28,Male,Hyderabad,Android,6.8,43.2,96.5,119,1.4,558,Gaming,5408
U07276,35,Other,Pune,iOS,9.5,49.0,48.5,169,2.6,218,Gaming,5317
U07282,35,Male,Lucknow,iOS,3.3,49.3,162.4,84,1.9,1405,Gaming,2964
U07287,16,Other,Delhi,iOS,10.6,5.5,259.1,86,1.1,1626,Gaming,5496
U07289,51,Other,Pune,Android,8.5,49.0,279.1,119,3.6,1969,Gaming,11898
U07291,49,Female,Mumbai,Android,3.1,27.9,147.2,33,3.7,1260,Gaming,5152
U07296,38,Male,Bangalore,iOS,6.4,24.5,196.6,52,3.0,1212,Gaming,7435
U07301,26,Male,Delhi,Android,1.7,37.1,184.3,87,1.0,202,Gaming,5044
U07303,45,Other,Chennai,iOS,2.2,16.3,62.1,164,4.4,989,Gaming,4716
U07313,26,Male,Delhi,Android,3.5,11.2,236.4,122,3.6,1887,Gaming,5975
U07317,29,Female,Mumbai,iOS,9.7,9.2,89.9,49,0.2,1807,Gaming,2167
U07325,15,Other,Mumbai,Android,7.1,22.4,42.4,75,3.2,1614,Gaming,11471
U07326,56,Female,Lucknow,Android,7.3,39.9,217.9,186,0.5,730,Gaming,9643
U07327,18,Female,Ahmedabad,iOS,2.8,47.2,144.7,45,1.4,1176,Gaming,8767
U07329,34,Male,Mumbai,Android,8.5,18.1,17.8,64,0.4,1839,Gaming,10505
U07340,55,Other,Chennai,iOS,1.9,46.3,46.3,71,4.1,386,Gaming,2314
U07342,54,Male,Mumbai,Android,2.0,3.5,285.3,125,4.2,1986,Gaming,3762
U07343,26,Male,Ahmedabad,Android,9.7,10.9,294.0,93,0.7,1710,Gaming,9665
U07350,41,Male,Ahmedabad,iOS,11.1,45.0,84.1,150,1.9,968,Gaming,2619
U07355,34,Female,Chennai,Android,2.6,4.1,155.2,33,3.0,1357,Gaming,6128
U07359,49,Other,Bangalore,Android,8.4,17.4,197.9,172,3.4,679,Gaming,6947
U07362,54,Other,Lucknow,Android,8.9,40.0,6.9,176,1.3,1948,Gaming,11726
U07366,15,Female,Hyderabad,iOS,2.7,24.7,189.5,57,1.0,1125,Gaming,5826
U07367,33,Male,Ahmedabad,Android,6.2,30.6,38.4,94,2.4,1244,Gaming,2009
U07369,15,Male,Chennai,Android,5.8,14.8,109.8,85,3.1,1674,Gaming,9697
U07371,39,Female,Jaipur,iOS,10.1,8.6,126.7,144,0.6,397,Gaming,6032
U07373,60,Male,Jaipur,Android,9.5,9.5,83.6,180,4.9,943,Gaming,10122
U07375,35,Female,Kolkata,iOS,7.2,25.1,227.1,24,0.6,938,Gaming,2402
U07378,38,Male,Jaipur,Android,6.0,17.9,215.6,87,3.0,1748,Gaming,6922
U07387,36,Female,Mumbai,iOS,2.8,21.9,5.1,160,2.0,717,Gaming,7489
U07403,58,Female,Delhi,Android,9.8,24.7,129.9,51,3.7,1110,Gaming,8249
U07408,41,Female,Ahmedabad,Android,4.0,21.4,176.5,129,0.1,985,Gaming,3544
U07409,43,Other,Pune,iOS,8.9,7.5,292.7,13,0.9,395,Gaming,1773
U07410,53,Other,Jaipur,iOS,10.5,23.8,109.2,82,1.5,598,Gaming,7152
U07414,44,Female,Hyderabad,Android,4.6,9.3,293.0,33,2.9,991,Gaming,10789
U07425,35,Female,Ahmedabad,iOS,10.3,13.1,279.9,55,3.9,1197,Gaming,7359
U07426,40,Male,Hyderabad,Android,11.1,12.5,274.3,89,2.8,1417,Gaming,7282
U07427,35,Other,Kolkata,Android,8.1,17.2,157.8,35,4.8,1581,Gaming,2290
U07430,58,Other,Bangalore,iOS,6.5,27.0,256.3,21,4.7,823,Gaming,4401
U07434,33,Other,Chennai,iOS,9.0,7.6,232.0,90,2.6,761,Gaming,6528
U07437,52,Male,Ahmedabad,iOS,3.7,3.0,215.3,25,0.5,596,Gaming,7157
U07446,48,Female,Delhi,iOS,5.6,22.3,202.4,137,4.2,1351,Gaming,9497
U07448,36,Female,Lucknow,iOS,6.9,39.0,207.9,118,2.7,245,Gaming,3993
U07449,28,Male,Bangalore,Android,9.9,12.1,129.2,166,0.1,1876,Gaming,4334
U07456,52,Female,Pune,iOS,11.9,36.4,283.4,17,3.7,1166,Gaming,5680
U07462,51,Female,Delhi,Android,11.4,42.2,186.0,11,1.0,1180,Gaming,4931
U07472,55,Other,Delhi,iOS,1.5,24.8,267.4,80,2.3,671,Gaming,3964
U07475,34,Other,Ahmedabad,Android,8.9,32.5,76.1,37,2.7,1285,Gaming,6130
U07481,54,Other,Ahmedabad,iOS,4.9,26.4,80.6,27,1.7,906,Gaming,7032
U07493,44,Male,Jaipur,iOS,7.1,43.8,246.7,145,2.7,108,Gaming,1855
U07498,58,Other,Ahmedabad,iOS,5.0,8.7,183.2,176,0.2,1969,Gaming,2969
U07499,19,Other,Ahmedabad,iOS,3.2,35.2,94.9,17,0.5,957,Gaming,7526
U07500,31,Male,Kolkata,iOS,8.8,49.2,76.5,180,1.1,1901,Gaming,6185
U07504,41,Other,Chennai,iOS,10.9,49.5,211.6,162,1.9,1513,Gaming,8633
U07506,26,Other,Mumbai,iOS,8.4,42.9,197.4,122,3.5,1307,Gaming,4188
U07516,55,Male,Jaipur,iOS,11.1,39.5,200.5,100,3.3,1354,Gaming,6863
U07518,29,Female,Pune,Android,5.5,49.8,292.7,153,0.2,741,Gaming,7044
U07523,39,Male,Bangalore,Android,10.2,29.0,49.9,10,4.5,869,Gaming,4985
U07529,18,Male,Chennai,Android,7.2,3.5,137.6,111,2.9,1762,Gaming,5970
U07532,31,Male,Bangalore,iOS,11.8,43.6,145.7,44,0.7,343,Gaming,10233
U07534,23,Other,Pune,Android,11.5,14.7,210.5,75,0.2,1896,Gaming,11409
U07539,50,Other,Pune,iOS,5.9,15.8,73.1,135,3.2,1779,Gaming,2326
U07543,28,Male,Jaipur,Android,7.0,5.0,270.3,138,4.0,407,Gaming,9472
U07544,20,Male,Chennai,iOS,9.7,15.7,112.6,111,3.0,953,Gaming,8906
U07547,48,Other,Ahmedabad,iOS,1.1,32.9,171.0,181,2.2,1341,Gaming,5776
U07548,35,Male,Lucknow,Android,6.8,4.9,230.3,97,4.0,547,Gaming,9598
U07566,60,Other,Bangalore,Android,3.5,29.9,235.9,22,3.5,1855,Gaming,3319
U07575,44,Female,Mumbai,iOS,3.2,48.5,59.3,67,4.2,1623,Gaming,10634
U07593,34,Female,Kolkata,iOS,10.0,34.2,286.8,19,3.3,1980,Gaming,8630
U07598,37,Female,Kolkata,iOS,8.3,4.1,90.5,135,3.9,836,Gaming,9304
U07602,48,Female,Delhi,Android,2.2,24.4,247.9,196,1.4,1984,Gaming,5491
U07604,28,Male,Bangalore,Android,1.8,36.0,70.0,126,1.1,1317,Gaming,8156
U07606,28,Male,Bangalore,Android,6.4,40.8,93.2,179,0.7,336,Gaming,4961
U07610,38,Female,Bangalore,iOS,4.2,25.2,92.1,47,4.5,507,Gaming,1666
U07611,16,Other,Ahmedabad,Android,7.2,42.0,46.2,147,3.6,186,Gaming,9982
U07613,22,Female,Pune,iOS,9.6,37.4,72.2,163,4.6,1292,Gaming,8902
U07633,58,Male,Hyderabad,iOS,9.5,23.7,54.8,183,4.9,465,Gaming,5795
U07635,34,Other,Lucknow,Android,9.5,15.1,189.7,154,1.0,1727,Gaming,10157
U07643,23,Female,Chennai,Android,9.3,27.0,276.1,111,1.3,584,Gaming,840
U07646,25,Female,Lucknow,Android,11.6,33.1,97.7,69,3.2,1883,Gaming,4103
U07648,15,Female,Jaipur,Android,5.0,29.7,99.8,84,4.0,1756,Gaming,3043
U07650,48,Female,Ahmedabad,iOS,11.7,43.2,265.4,179,3.5,743,Gaming,7542
U07651,27,Other,Mumbai,iOS,2.2,49.3,278.4,117,2.0,1566,Gaming,3012
U07653,24,Other,Ahmedabad,Android,7.7,40.7,43.1,96,0.9,185,Gaming,6635
U07656,35,Male,Pune,Android,3.7,38.0,22.8,193,3.1,1258,Gaming,5971
U07661,21,Male,Jaipur,Android,3.0,24.3,144.8,173,3.9,558,Gaming,1411
U07666,43,Other,Lucknow,iOS,8.7,37.7,230.4,38,1.4,998,Gaming,7281
U07667,28,Female,Hyderabad,iOS,10.4,12.4,287.7,98,4.8,942,Gaming,9901
U07676,26,Other,Delhi,Android,6.3,5.4,245.8,122,1.1,972,Gaming,8765
U07677,23,Female,Kolkata,iOS,3.2,15.2,86.4,79,3.7,168,Gaming,9934
U07687,26,Female,Jaipur,iOS,9.8,40.4,237.8,116,2.1,1196,Gaming,6284
U07693,16,Female,Chennai,iOS,8.3,19.5,244.7,150,2.6,175,Gaming,9178
U07697,34,Other,Jaipur,iOS,2.6,46.3,176.9,193,4.9,1136,Gaming,9578
U07702,50,Male,Ahmedabad,Android,9.1,10.9,212.8,159,1.2,546,Gaming,1108
U07703,56,Female,Pune,Android,10.9,22.8,298.3,110,3.9,1702,Gaming,8032
U07712,58,Female,Mumbai,Android,6.8,46.8,78.9,75,2.5,735,Gaming,1808
U07722,26,Other,Ahmedabad,Android,11.0,18.5,157.2,17,1.0,1559,Gaming,2769
U07733,41,Male,Ahmedabad,Android,3.6,32.6,23.4,187,0.7,281,Gaming,4199
U07740,32,Male,Chennai,iOS,6.8,40.9,287.4,143,1.6,628,Gaming,2247
U07750,52,Female,Pune,Android,11.4,27.6,22.9,123,4.2,1351,Gaming,7177
U07752,56,Female,Lucknow,iOS,1.1,47.0,174.6,75,1.4,1124,Gaming,8228
U07762,18,Other,Mumbai,Android,1.6,13.7,197.2,45,2.5,1638,Gaming,6724
U07764,54,Other,Ahmedabad,Android,7.4,37.4,188.1,119,4.2,572,Gaming,7050
U07777,28,Male,Kolkata,Android,11.7,35.6,38.2,102,1.7,931,Gaming,9203
U07779,50,Female,Bangalore,iOS,11.3,33.2,75.7,162,2.0,914,Gaming,5078
U07781,17,Male,Ahmedabad,iOS,9.9,18.6,100.0,115,3.3,184,Gaming,5723
U07787,30,Other,Mumbai,iOS,10.1,11.5,217.7,83,2.6,478,Gaming,3019
U07791,27,Other,Hyderabad,iOS,4.9,40.4,189.4,139,3.0,464,Gaming,2326
U07812,29,Male,Ahmedabad,iOS,7.0,32.6,32.7,111,2.6,999,Gaming,6603
U07820,22,Male,Hyderabad,Android,4.5,14.4,160.5,121,2.3,1990,Gaming,7527
U07823,48,Other,Mumbai,Android,8.0,36.3,152.3,91,5.0,431,Gaming,2356
U07829,49,Other,Hyderabad,Android,6.3,20.8,197.0,155,3.5,855,Gaming,9078
U07832,30,Other,Kolkata,Android,3.8,11.2,43.6,35,1.1,123,Gaming,7839
U07836,16,Female,Kolkata,Android,12.0,26.1,285.5,52,3.5,536,Gaming,5780
U07847,56,Other,Delhi,iOS,1.7,3.5,106.4,93,5.0,1033,Gaming,5538
U07849,48,Female,Delhi,iOS,9.0,18.2,116.4,103,1.1,1963,Gaming,11674
U07850,39,Other,Mumbai,iOS,3.4,17.5,60.5,162,0.9,803,Gaming,3743
U07852,19,Male,Kolkata,iOS,9.9,3.7,129.8,196,0.4,803,Gaming,3431
U07856,45,Other,Ahmedabad,iOS,10.1,16.3,62.0,122,3.9,1718,Gaming,2008
U07857,51,Female,Hyderabad,Android,6.6,11.7,274.5,146,1.5,1476,Gaming,2015
U07862,45,Other,Ahmedabad,Android,7.4,44.3,202.4,37,4.7,188,Gaming,6491
U07871,25,Female,Delhi,iOS,8.6,22.2,173.3,192,4.0,1635,Gaming,4701
U07873,33,Male,Mumbai,Android,4.8,48.4,228.3,18,4.7,1515,Gaming,5050
U07878,41,Female,Hyderabad,Android,6.9,25.0,246.3,80,2.5,1835,Gaming,11662
U07879,24,Male,Pune,Android,10.8,27.8,195.0,31,2.3,1775,Gaming,7503
U07889,23,Male,Delhi,iOS,11.1,2.3,90.3,32,5.0,301,Gaming,4399
U07894,40,Other,Jaipur,Android,8.8,10.6,66.9,43,1.6,716,Gaming,5045
U07899,41,Male,Delhi,Android,11.9,21.0,278.1,18,4.3,205,Gaming,3228
U07900,41,Female,Jaipur,Android,9.0,1.6,39.6,44,1.2,746,Gaming,4971
U07902,23,Female,Bangalore,iOS,11.5,14.4,93.1,17,3.1,1377,Gaming,10897
U07903,58,Other,Jaipur,Android,9.7,30.2,203.8,91,0.6,1448,Gaming,11163
U07908,50,Female,Pune,Android,8.3,4.5,98.1,40,4.7,1536,Gaming,7896
U07923,24,Female,Hyderabad,Android,4.9,42.6,125.0,34,1.9,1070,Gaming,2188
U07925,26,Female,Bangalore,iOS,9.7,49.1,196.1,16,0.0,1280,Gaming,10574
U07928,47,Female,Pune,Android,4.6,12.4,228.6,122,2.9,544,Gaming,4747
U07930,47,Female,Hyderabad,Android,10.8,13.7,48.8,194,4.5,670,Gaming,8605
U07933,25,Other,Ahmedabad,Android,5.4,24.6,96.9,185,2.0,761,Gaming,8567
U07934,23,Male,Chennai,Android,2.7,43.3,104.8,43,3.1,570,Gaming,10121
U07936,35,Male,Jaipur,iOS,2.3,22.8,130.1,85,3.5,406,Gaming,4188
U07943,20,Male,Chennai,iOS,8.5,5.0,37.8,48,2.4,1044,Gaming,9646
U07945,60,Other,Kolkata,Android,5.6,16.5,219.2,85,0.9,1241,Gaming,7407
U07947,15,Male,Kolkata,Android,7.9,13.0,213.2,101,4.3,1164,Gaming,9128
U07948,32,Male,Pune,iOS,3.9,45.5,65.2,187,4.0,462,Gaming,4379
U07955,44,Female,Delhi,iOS,8.7,25.5,209.0,75,4.2,1873,Gaming,10983
U07967,58,Male,Kolkata,iOS,2.1,15.2,191.5,26,4.6,732,Gaming,6884
U07975,49,Male,Ahmedabad,iOS,2.6,42.2,40.0,87,4.7,1422,Gaming,3318
U07984,22,Male,Delhi,iOS,5.1,45.6,175.4,127,2.4,792,Gaming,1170
U07985,35,Female,Hyderabad,iOS,3.9,13.5,241.7,102,0.8,1007,Gaming,6903
U07988,22,Other,Mumbai,iOS,9.3,16.3,64.9,70,1.7,316,Gaming,3933
U07989,53,Male,Mumbai,Android,5.4,9.6,181.7,19,2.5,513,Gaming,8750
U08000,30,Other,Chennai,iOS,9.7,7.7,208.6,102,4.6,1959,Gaming,11502
U08001,46,Other,Pune,Android,1.2,14.9,196.1,26,2.5,1621,Gaming,2519
U08002,52,Other,Hyderabad,iOS,8.1,16.5,155.3,136,3.7,818,Gaming,4043
U08004,58,Female,Delhi,iOS,4.6,25.7,57.7,93,0.3,537,Gaming,3094
U08007,53,Male,Kolkata,Android,9.7,40.0,181.5,47,0.8,1674,Gaming,7432
U08009,58,Male,Bangalore,Android,3.1,21.3,160.6,167,4.6,518,Gaming,10068
U08012,55,Male,Jaipur,Android,2.4,43.4,37.7,123,1.2,662,Gaming,9144
U08021,21,Female,Bangalore,Android,4.3,3.1,226.8,79,2.1,788,Gaming,5214
U08029,56,Other,Mumbai,iOS,4.7,4.9,274.8,69,2.3,291,Gaming,6735
U08031,16,Male,Ahmedabad,Android,1.4,49.8,246.4,16,1.3,1594,Gaming,10622
U08037,23,Female,Hyderabad,iOS,11.4,19.8,248.6,51,2.7,1866,Gaming,6209
U08040,49,Other,Delhi,iOS,6.4,12.0,156.4,19,3.2,1266,Gaming,3500
U08047,48,Other,Kolkata,Android,1.2,5.0,289.9,148,3.9,1512,Gaming,8696
U08052,22,Female,Hyderabad,Android,3.8,7.0,83.5,149,1.8,652,Gaming,10255
U08055,46,Male,Delhi,iOS,5.4,29.0,270.2,29,1.7,1954,Gaming,7319
U08056,23,Female,Kolkata,Android,3.7,16.4,176.1,98,0.7,551,Gaming,4633
U08057,44,Female,Bangalore,iOS,4.8,23.1,135.3,132,2.9,1804,Gaming,11461
U08068,26,Male,Hyderabad,Android,1.6,47.7,114.3,177,2.4,1957,Gaming,4419
U08075,56,Other,Hyderabad,iOS,8.3,38.7,147.3,91,0.8,191,Gaming,9398
U08091,41,Male,Bangalore,Android,1.8,46.2,299.5,37,2.7,1653,Gaming,8123
U08097,47,Female,Kolkata,Android,1.4,39.7,138.1,22,2.9,734,Gaming,1588
U08103,26,Female,Hyderabad,iOS,8.6,1.8,265.0,16,2.8,1245,Gaming,5059
U08104,37,Other,Bangalore,iOS,4.3,46.6,290.6,119,4.8,689,Gaming,5329
U08105,40,Other,Delhi,Android,9.4,4.0,124.3,190,1.4,640,Gaming,6676
U08107,48,Female,Ahmedabad,Android,1.8,27.1,60.0,157,3.3,531,Gaming,5574
U08112,55,Female,Pune,iOS,10.5,46.2,252.9,121,4.7,714,Gaming,8642
U08113,58,Male,Mumbai,Android,3.7,11.0,82.5,165,4.4,393,Gaming,4476
U08115,21,Other,Bangalore,iOS,11.5,40.1,136.3,108,4.1,887,Gaming,3972
U08118,57,Other,Delhi,iOS,7.7,14.0,84.0,10,4.2,1184,Gaming,8146
U08120,54,Male,Lucknow,iOS,4.9,17.5,289.5,40,4.0,1191,Gaming,8148
U08126,30,Female,Bangalore,Android,6.0,24.1,13.3,188,2.7,476,Gaming,5651
U08127,38,Female,Mumbai,Android,5.9,18.8,137.1,176,1.2,108,Gaming,1851
U08131,25,Other,Ahmedabad,iOS,2.2,27.3,102.0,83,0.9,1310,Gaming,8775
U08132,52,Female,Delhi,iOS,2.5,45.4,45.0,58,2.4,1146,Gaming,2992
U08139,31,Other,Delhi,iOS,5.6,46.1,5.5,176,3.9,807,Gaming,5469
U08146,59,Male,Bangalore,Android,3.4,12.3,252.7,192,4.7,294,Gaming,9007
U08150,49,Female,Jaipur,iOS,8.7,32.1,278.1,59,1.7,289,Gaming,2799
U08157,42,Male,Chennai,iOS,8.1,6.7,226.2,98,4.9,1106,Gaming,10663
U08162,33,Male,Ahmedabad,Android,10.6,14.9,155.9,48,0.8,1212,Gaming,5438
U08170,39,Other,Kolkata,Android,9.8,40.8,121.9,113,0.2,623,Gaming,1622
U08173,59,Other,Hyderabad,iOS,1.0,10.8,86.5,190,1.6,1030,Gaming,10666
U08185,20,Other,Bangalore,iOS,11.9,21.7,294.6,57,0.2,1323,Gaming,6299
U08187,23,Other,Kolkata,Android,10.6,32.6,138.3,196,4.6,772,Gaming,7828
U08190,32,Female,Chennai,Android,8.9,38.2,203.1,60,2.4,1774,Gaming,8877
U08195,30,Female,Hyderabad,iOS,10.3,38.3,15.4,169,4.5,134,Gaming,2664
U08200,48,Male,Chennai,iOS,1.9,25.9,112.6,109,1.1,1279,Gaming,11088
U08201,34,Male,Pune,iOS,3.5,5.4,33.1,119,4.6,578,Gaming,4432
U08204,20,Female,Delhi,iOS,9.7,14.7,237.9,183,3.3,153,Gaming,2235
U08207,30,Other,Jaipur,Android,2.3,15.0,31.5,193,4.0,494,Gaming,8642
U08214,52,Other,Kolkata,iOS,3.2,44.1,225.1,139,1.8,945,Gaming,9089
U08225,19,Male,Lucknow,iOS,10.4,18.7,270.6,16,3.5,108,Gaming,6627
U08226,58,Female,Chennai,Android,10.6,34.1,14.3,60,4.4,1315,Gaming,9873
U08228,23,Female,Kolkata,iOS,3.3,18.4,210.1,129,3.9,1650,Gaming,6394
U08233,22,Female,Pune,iOS,8.4,50.0,22.2,145,4.5,1653,Gaming,4283
U08245,36,Female,Pune,Android,9.1,14.2,258.3,140,4.5,747,Gaming,1467
U08255,31,Female,Ahmedabad,iOS,5.1,31.9,88.8,148,2.8,293,Gaming,6653
U08256,48,Male,Chennai,iOS,7.8,28.6,170.3,71,4.7,378,Gaming,7305
U08262,57,Other,Delhi,Android,10.6,28.0,30.4,184,2.8,1478,Gaming,3736
U08266,28,Female,Chennai,iOS,1.1,10.2,93.4,131,4.9,157,Gaming,2814
U08267,37,Male,Hyderabad,iOS,6.8,17.0,249.8,191,0.2,1837,Gaming,4256
U08272,47,Female,Delhi,iOS,3.2,9.8,205.9,184,3.4,1226,Gaming,1579
U08281,29,Other,Kolkata,iOS,8.8,43.6,148.4,29,4.6,1070,Gaming,2106
U08284,50,Other,Jaipur,iOS,5.2,34.7,137.8,123,4.2,465,Gaming,3057
U08286,43,Female,Delhi,iOS,6.4,49.6,233.7,135,0.3,1858,Gaming,2023
U08291,16,Female,Kolkata,iOS,5.6,33.1,49.7,55,0.2,1268,Gaming,3388
U08292,44,Female,Bangalore,iOS,2.4,19.9,233.2,56,0.7,568,Gaming,2780
U08295,41,Female,Jaipur,Android,8.8,9.4,275.0,83,1.8,445,Gaming,1777
U08306,22,Female,Mumbai,Android,2.7,45.5,94.2,35,3.8,1123,Gaming,10426
U08309,41,Female,Lucknow,iOS,5.0,43.1,88.3,142,1.0,1252,Gaming,2664
U08312,27,Female,Kolkata,iOS,4.9,41.2,146.4,200,2.1,889,Gaming,7598
U08319,39,Other,Ahmedabad,Android,5.3,19.8,120.5,116,2.9,510,Gaming,1934
U08322,40,Other,Jaipur,iOS,4.2,8.9,139.3,126,4.4,1668,Gaming,6387
U08328,58,Female,Jaipur,Android,8.4,25.6,64.5,116,0.8,424,Gaming,4120
U08334,48,Female,Jaipur,Android,9.3,19.7,191.0,70,3.8,579,Gaming,2848
U08336,17,Female,Lucknow,iOS,3.2,42.9,224.3,179,2.3,181,Gaming,2503
U08337,50,Female,Bangalore,iOS,5.5,45.0,281.7,195,4.1,1215,Gaming,4066
U08344,31,Other,Jaipur,iOS,3.9,19.4,116.8,106,1.5,1925,Gaming,7515
U08356,24,Female,Hyderabad,Android,10.1,8.3,180.0,34,0.0,483,Gaming,10199
U08357,41,Female,Jaipur,Android,11.1,47.6,109.7,104,1.6,913,Gaming,5815
U08368,35,Other,Pune,iOS,6.2,41.2,19.3,157,2.0,970,Gaming,6992
U08377,47,Other,Ahmedabad,iOS,6.9,39.3,45.5,108,2.8,1461,Gaming,5648
U08395,17,Male,Hyderabad,Android,5.7,37.1,51.7,109,1.4,1435,Gaming,3926
U08400,42,Female,Pune,Android,11.8,18.6,192.7,50,3.5,712,Gaming,10366
U08420,39,Female,Mumbai,iOS,6.0,39.1,280.4,190,1.1,191,Gaming,8427
U08423,56,Male,Chennai,iOS,11.4,34.9,51.7,167,4.6,582,Gaming,1388
U08432,15,Other,Kolkata,Android,4.4,38.3,293.2,110,4.7,1825,Gaming,10650
U08455,44,Other,Chennai,Android,7.6,2.1,91.3,155,2.3,1485,Gaming,10128
U08459,29,Female,Pune,Android,9.0,4.1,121.9,65,1.1,1492,Gaming,3717
U08461,59,Female,Chennai,iOS,10.7,18.6,200.6,112,4.7,667,Gaming,3687
U08468,31,Female,Mumbai,Android,7.6,28.0,220.1,142,3.3,146,Gaming,6916
U08470,32,Male,Mumbai,Android,4.4,27.2,51.7,198,2.6,897,Gaming,1816
U08472,46,Other,Mumbai,Android,6.8,9.3,218.4,146,3.3,1205,Gaming,4784
U08479,28,Female,Jaipur,iOS,6.3,26.1,176.5,26,4.8,890,Gaming,9283
U08488,20,Female,Hyderabad,Android,8.4,10.1,195.1,76,3.7,357,Gaming,1832
U08493,18,Female,Kolkata,Android,2.0,40.2,113.9,40,0.3,266,Gaming,7681
U08494,47,Male,Chennai,iOS,3.9,9.4,202.8,95,4.0,171,Gaming,7172
U08505,38,Female,Lucknow,Android,8.3,1.4,224.6,77,4.4,1244,Gaming,1958
U08506,58,Other,Ahmedabad,iOS,3.3,28.9,231.8,27,2.1,1254,Gaming,10609
U08507,36,Female,Bangalore,iOS,8.8,20.0,213.9,104,4.8,1456,Gaming,10444
U08516,18,Female,Delhi,iOS,3.2,46.7,38.1,32,4.0,1889,Gaming,11009
U08522,41,Other,Lucknow,iOS,3.7,42.3,236.9,148,4.4,450,Gaming,1581
U08527,22,Other,Jaipur,Android,5.4,9.9,149.4,49,4.2,382,Gaming,2569
U08528,42,Female,Mumbai,Android,5.0,40.8,229.5,59,4.4,757,Gaming,6369
U08543,21,Male,Mumbai,Android,11.5,48.3,213.4,132,1.3,915,Gaming,9328
U08556,38,Female,Pune,iOS,4.4,12.6,287.7,48,5.0,151,Gaming,6380
U08558,32,Male,Lucknow,Android,3.5,9.3,169.4,177,1.6,1679,Gaming,8562
U08561,55,Female,Chennai,iOS,11.7,19.9,122.4,182,2.7,426,Gaming,10353
U08563,27,Other,Delhi,iOS,4.8,9.5,132.1,44,3.6,793,Gaming,10073
U08567,34,Other,Hyderabad,Android,6.9,9.1,203.6,53,3.3,1158,Gaming,10173
U08568,27,Male,Ahmedabad,Android,9.1,26.6,264.8,23,0.7,518,Gaming,4300
U08576,36,Male,Lucknow,Android,2.7,31.5,253.4,190,2.5,270,Gaming,2351
U08580,15,Male,Kolkata,Android,10.0,3.4,251.7,62,0.1,868,Gaming,1851
U08585,18,Female,Ahmedabad,Android,10.8,2.8,230.0,91,3.3,1677,Gaming,7126
U08586,32,Female,Chennai,iOS,7.0,31.7,140.4,21,4.8,1662,Gaming,5783
U08590,40,Other,Chennai,Android,9.0,12.8,112.4,99,4.8,1381,Gaming,4433
U08592,30,Male,Jaipur,Android,1.4,34.1,64.8,139,2.5,1258,Gaming,8961
U08605,44,Other,Lucknow,Android,1.6,42.4,148.0,67,3.0,553,Gaming,4635
U08612,23,Male,Bangalore,Android,5.6,47.7,185.7,167,2.1,795,Gaming,8616
U08613,36,Female,Jaipur,iOS,4.9,25.9,100.7,115,4.1,616,Gaming,10246
U08617,48,Other,Hyderabad,iOS,4.8,8.2,6.5,156,2.8,312,Gaming,7151
U08618,58,Other,Mumbai,Android,11.9,26.7,247.3,159,1.0,617,Gaming,3720
U08622,21,Female,Pune,iOS,7.5,43.5,110.8,86,1.8,1865,Gaming,10298
U08624,27,Other,Lucknow,iOS,11.9,2.8,177.0,46,2.5,286,Gaming,9057
U08625,55,Female,Kolkata,iOS,8.9,9.2,52.2,181,4.5,957,Gaming,4659
U08629,40,Female,Lucknow,Android,4.0,19.8,187.2,47,2.2,1582,Gaming,4111
U08638,54,Female,Lucknow,Android,10.4,29.8,105.4,79,2.0,1632,Gaming,3612
U08642,43,Male,Lucknow,iOS,6.6,41.5,133.1,23,2.0,1881,Gaming,6818
U08645,18,Male,Hyderabad,iOS,11.6,20.0,237.0,37,1.8,1576,Gaming,5678
U08646,50,Other,Hyderabad,Android,10.5,1.6,39.8,142,3.2,1714,Gaming,9096
U08648,54,Other,Lucknow,iOS,5.0,43.9,183.6,49,3.5,951,Gaming,2389
U08650,53,Male,Hyderabad,iOS,8.0,12.3,54.5,70,0.2,1031,Gaming,3786
U08659,19,Other,Chennai,iOS,6.0,48.9,159.5,87,1.6,569,Gaming,5227
U08668,15,Female,Jaipur,Android,11.7,31.1,92.1,82,4.7,139,Gaming,4566
U08675,40,Other,Chennai,Android,4.2,34.8,86.2,135,1.3,1906,Gaming,7393
U08681,36,Male,Hyderabad,iOS,9.5,16.4,236.3,63,1.6,1530,Gaming,8548
U08683,54,Other,Mumbai,Android,2.5,27.2,255.7,152,0.3,1555,Gaming,3041
U08691,53,Other,Hyderabad,iOS,6.0,20.2,94.0,125,1.2,627,Gaming,4339
U08693,33,Male,Delhi,iOS,9.6,3.2,170.0,12,4.0,1142,Gaming,10250
U08695,59,Female,Mumbai,Android,8.6,28.2,280.7,152,1.8,1801,Gaming,5921
U08696,44,Male,Mumbai,Android,8.5,15.6,46.6,149,4.6,1188,Gaming,10601
U08706,25,Female,Jaipur,iOS,4.5,4.5,237.3,98,1.2,1125,Gaming,4894
U08719,58,Female,Ahmedabad,Android,8.3,21.5,208.7,134,1.8,740,Gaming,1870
U08721,23,Female,Kolkata,iOS,9.4,6.3,57.1,141,2.1,118,Gaming,3984
U08724,32,Male,Kolkata,Android,2.8,3.5,181.8,61,3.2,968,Gaming,2750
U08731,37,Other,Chennai,iOS,7.3,36.3,148.4,57,1.6,1685,Gaming,5610
U08736,18,Other,Mumbai,Android,1.0,9.9,39.8,25,4.8,548,Gaming,907
U08740,53,Other,Jaipur,iOS,1.3,19.8,234.7,42,0.0,1747,Gaming,3461
U08742,27,Female,Jaipur,iOS,3.4,36.3,34.4,11,4.0,1565,Gaming,4928
U08744,45,Other,Pune,iOS,4.5,32.1,15.2,33,1.5,982,Gaming,1511
U08747,26,Female,Bangalore,Android,10.4,35.8,239.3,58,4.5,1302,Gaming,8606
U08748,60,Male,Mumbai,iOS,6.8,16.4,285.9,93,2.5,1823,Gaming,2481
U08753,51,Female,Bangalore,Android,5.4,14.3,34.1,37,4.4,276,Gaming,1858
U08754,33,Female,Chennai,iOS,6.5,38.1,207.5,61,2.6,361,Gaming,9266
U08759,52,Male,Jaipur,iOS,7.1,36.0,154.7,33,2.7,1879,Gaming,3023
U08765,27,Other,Bangalore,Android,10.4,41.4,85.0,176,2.9,470,Gaming,7051
U08779,18,Male,Hyderabad,Android,1.2,41.5,56.0,99,0.5,1905,Gaming,2565
U08781,26,Other,Kolkata,iOS,9.3,21.2,278.9,139,0.4,1132,Gaming,7189
U08782,21,Other,Kolkata,iOS,11.3,22.7,128.7,143,0.7,1645,Gaming,11529
U08788,32,Male,Hyderabad,iOS,2.9,28.7,211.0,66,0.0,1593,Gaming,6046
U08792,53,Female,Chennai,iOS,10.5,34.5,173.2,104,3.6,1224,Gaming,8138
U08799,34,Female,Chennai,Android,10.7,24.4,276.7,170,0.9,1438,Gaming,3886
U08807,38,Male,Mumbai,Android,5.6,5.6,51.1,176,2.8,1454,Gaming,6972
U08811,41,Female,Hyderabad,Android,10.4,42.3,24.0,67,2.5,1885,Gaming,7887
U08812,38,Other,Mumbai,iOS,5.0,5.3,209.2,161,0.5,217,Gaming,9840
U08823,36,Female,Kolkata,Android,4.6,17.5,109.8,73,1.3,208,Gaming,5339
U08826,56,Other,Bangalore,iOS,6.6,26.6,225.0,156,1.0,1278,Gaming,4281
U08829,60,Male,Pune,Android,7.0,24.3,55.6,88,0.2,1840,Gaming,10028
U08836,32,Male,Bangalore,Android,1.9,16.0,97.8,90,1.4,1522,Gaming,2787
U08837,56,Other,Bangalore,Android,7.4,22.8,25.4,62,4.5,852,Gaming,10541
U08838,18,Male,Chennai,Android,4.0,20.0,239.7,136,1.9,1725,Gaming,9930
U08839,42,Male,Kolkata,Android,5.8,47.1,49.4,87,2.8,1174,Gaming,3294
U08840,19,Female,Lucknow,iOS,8.7,19.3,229.2,55,2.4,205,Gaming,6355
U08843,40,Female,Delhi,Android,1.2,39.4,284.1,135,3.7,1587,Gaming,10695
U08848,60,Male,Pune,iOS,9.7,20.5,74.6,193,1.2,1663,Gaming,8178
U08855,50,Other,Delhi,Android,10.9,13.3,286.0,97,2.8,1592,Gaming,4146
U08860,39,Female,Pune,Android,2.8,30.2,228.1,121,2.7,1061,Gaming,3124
U08871,55,Other,Chennai,iOS,10.2,5.1,72.6,89,3.6,290,Gaming,2262
U08875,53,Other,Jaipur,iOS,11.1,33.7,68.4,114,3.7,520,Gaming,3818
U08880,28,Other,Lucknow,Android,11.8,41.0,189.7,147,1.6,197,Gaming,8823
U08881,34,Male,Jaipur,Android,9.7,4.0,164.8,79,2.3,593,Gaming,5389
U08895,58,Other,Mumbai,iOS,10.5,25.5,176.9,29,1.0,1895,Gaming,9912
U08904,34,Other,Mumbai,Android,4.1,41.3,164.8,121,0.8,804,Gaming,1823
U08906,49,Other,Mumbai,Android,10.1,33.1,231.3,29,2.8,1359,Gaming,7805
U08919,33,Male,Pune,Android,4.0,4.6,65.5,159,2.0,817,Gaming,8135
U08934,38,Male,Pune,iOS,11.2,45.5,178.0,69,1.3,1238,Gaming,7138
U08935,43,Other,Delhi,Android,6.3,13.3,43.0,99,2.0,1294,Gaming,3561
U08936,57,Female,Kolkata,Android,3.5,37.8,180.0,132,4.1,341,Gaming,2448
U08957,26,Female,Jaipur,iOS,10.0,46.7,197.4,58,1.6,1300,Gaming,11038
U08969,26,Female,Mumbai,Android,4.0,38.5,119.7,141,3.3,510,Gaming,8868
U08971,38,Male,Hyderabad,iOS,2.5,48.8,229.1,46,0.3,903,Gaming,5792
U08977,40,Other,Ahmedabad,iOS,9.4,42.0,187.7,112,0.3,883,Gaming,5711
U08981,15,Other,Ahmedabad,iOS,4.9,36.7,107.8,173,2.5,1188,Gaming,2356
U08982,51,Female,Pune,iOS,2.6,43.0,66.0,34,0.9,1118,Gaming,5341
U08983,49,Other,Delhi,Android,3.5,10.6,241.4,103,4.6,1248,Gaming,3170
U08994,39,Male,Bangalore,iOS,4.4,2.0,89.6,52,1.0,198,Gaming,3694
U08995,29,Male,Lucknow,Android,6.0,28.5,149.5,119,2.7,476,Gaming,2770
U08996,52,Female,Bangalore,iOS,9.7,17.2,226.8,191,4.6,900,Gaming,2525
U09009,19,Other,Hyderabad,iOS,5.3,33.6,15.8,112,1.2,599,Gaming,7566
U09011,17,Male,Delhi,Android,3.1,29.2,191.8,144,0.1,625,Gaming,8879
U09013,40,Male,Bangalore,iOS,7.5,17.2,35.4,110,0.4,1229,Gaming,10484
U09023,25,Female,Mumbai,Android,8.2,46.5,28.6,144,2.6,323,Gaming,2880
U09031,52,Male,Delhi,Android,6.1,19.9,222.2,163,3.8,766,Gaming,10185
U09033,21,Female,Mumbai,Android,1.4,30.6,146.1,126,1.1,180,Gaming,6622
U09034,42,Female,Kolkata,Android,8.3,35.7,287.6,128,3.2,1709,Gaming,8455
U09036,55,Female,Kolkata,Android,9.2,31.0,265.8,13,4.6,1520,Gaming,8230
U09040,22,Male,Pune,Android,6.7,33.0,289.2,179,1.9,1180,Gaming,5957
U09042,45,Female,Mumbai,Android,3.7,27.2,245.9,44,3.2,1623,Gaming,1789
U09059,23,Female,Bangalore,iOS,7.0,46.6,110.2,164,2.7,288,Gaming,6491
U09066,16,Other,Lucknow,iOS,6.9,10.8,67.2,195,0.9,579,Gaming,814
U09068,59,Other,Jaipur,Android,9.8,2.6,95.0,15,4.6,1038,Gaming,4573
U09076,56,Male,Chennai,Android,11.2,32.2,14.2,13,4.1,1626,Gaming,8494
U09078,52,Male,Ahmedabad,Android,10.5,47.6,209.7,42,0.6,134,Gaming,2935
U09079,47,Male,Pune,Android,4.2,38.8,254.6,194,4.1,928,Gaming,7594
U09088,17,Male,Kolkata,iOS,10.4,48.5,274.4,90,3.9,216,Gaming,5369
U09090,47,Female,Kolkata,iOS,11.0,33.6,207.7,61,4.8,1365,Gaming,2387
U09106,58,Female,Kolkata,Android,3.2,5.2,171.2,13,0.2,1744,Gaming,10323
U09114,59,Female,Pune,Android,11.8,43.3,137.3,172,0.6,1348,Gaming,7463
U09115,27,Female,Jaipur,iOS,10.8,29.8,195.1,165,1.4,1181,Gaming,2851
U09118,42,Female,Pune,iOS,11.7,7.3,226.7,184,4.4,1945,Gaming,2761
U09122,58,Female,Ahmedabad,iOS,6.6,49.3,295.1,181,2.1,1295,Gaming,4137
U09125,45,Other,Delhi,iOS,3.2,45.2,244.1,154,0.2,1500,Gaming,6131
U09126,30,Female,Mumbai,iOS,4.2,16.9,201.1,54,1.2,1321,Gaming,6729
U09134,48,Female,Lucknow,iOS,11.0,44.0,173.6,73,0.4,1074,Gaming,5393
U09141,29,Male,Mumbai,iOS,3.2,14.7,165.8,163,3.2,1016,Gaming,6718
U09142,18,Other,Chennai,Android,8.0,20.8,139.4,78,0.7,536,Gaming,1518
U09145,47,Female,Pune,Android,5.5,45.4,245.3,131,0.7,523,Gaming,2706
U09160,39,Other,Kolkata,iOS,6.3,11.9,260.6,200,3.7,1179,Gaming,3411
U09163,16,Male,Chennai,Android,6.8,5.9,160.2,61,1.3,787,Gaming,7103
U09170,42,Other,Pune,Android,11.0,8.3,194.3,175,2.2,1769,Gaming,2155
U09174,29,Female,Lucknow,Android,8.9,22.0,262.0,49,4.9,440,Gaming,5066
U09175,23,Other,Delhi,Android,8.8,15.7,24.7,187,4.5,1706,Gaming,4371
U09178,53,Female,Lucknow,Android,5.9,21.0,211.8,189,0.1,712,Gaming,9557
U09186,42,Female,Lucknow,Android,9.4,47.0,72.5,112,2.6,1193,Gaming,10232
U09188,25,Other,Jaipur,Android,11.0,33.7,85.7,150,3.9,275,Gaming,6108
U09204,17,Female,Kolkata,iOS,3.1,36.1,140.7,105,3.6,745,Gaming,8671
U09219,20,Male,Delhi,iOS,9.6,26.2,88.3,155,0.4,996,Gaming,3103
U09221,16,Other,Ahmedabad,Android,9.4,27.4,25.0,55,0.1,549,Gaming,3033
U09222,16,Male,Mumbai,iOS,4.2,16.3,104.8,133,4.7,1997,Gaming,10993
U09225,48,Other,Delhi,Android,6.2,46.1,46.8,92,0.1,214,Gaming,8995
U09228,56,Male,Chennai,Android,6.5,11.0,198.9,16,1.3,1019,Gaming,5493
U09230,35,Male,Lucknow,iOS,7.7,22.1,271.6,169,3.6,561,Gaming,10492
U09237,22,Female,Hyderabad,Android,8.7,42.5,61.0,66,0.9,976,Gaming,5649
U09240,39,Other,Kolkata,Android,4.8,28.5,108.9,41,1.0,489,Gaming,6416
U09242,20,Other,Ahmedabad,Android,8.3,35.5,124.8,140,1.3,1827,Gaming,3531
U09243,48,Other,Mumbai,iOS,8.6,24.4,185.7,133,0.1,1293,Gaming,1509
U09244,42,Other,Hyderabad,Android,8.4,35.1,11.5,197,3.2,1555,Gaming,3897
U09246,52,Other,Kolkata,iOS,11.1,46.5,190.0,134,4.0,639,Gaming,3747
U09248,21,Female,Kolkata,Android,7.9,20.9,134.6,108,0.2,1450,Gaming,8159
U09249,48,Female,Chennai,iOS,5.2,39.1,129.2,171,1.9,154,Gaming,8898
U09250,54,Other,Hyderabad,iOS,1.6,2.6,171.1,115,0.1,648,Gaming,3891
U09251,21,Other,Hyderabad,Android,6.3,7.9,201.7,12,1.7,1059,Gaming,9627
U09254,27,Female,Chennai,iOS,3.2,6.2,276.7,112,1.5,1733,Gaming,6178
U09255,35,Other,Ahmedabad,Android,9.6,18.2,139.4,189,1.1,1960,Gaming,4957
U09256,25,Male,Jaipur,iOS,4.8,11.6,195.3,153,0.3,973,Gaming,6374
U09259,20,Other,Chennai,Android,8.8,40.5,235.4,17,4.9,621,Gaming,8518
U09265,36,Other,Jaipur,iOS,4.4,13.4,35.3,168,4.1,283,Gaming,1203
U09267,46,Female,Hyderabad,Android,6.3,22.1,292.9,93,0.9,482,Gaming,7501
U09275,38,Female,Chennai,iOS,1.6,35.7,82.8,103,1.4,545,Gaming,2328
U09276,46,Female,Mumbai,Android,9.9,10.4,230.6,97,0.6,469,Gaming,5477
U09284,39,Female,Ahmedabad,iOS,9.6,44.3,200.3,62,2.0,1835,Gaming,11156
U09286,22,Female,Lucknow,Android,11.9,15.7,187.2,173,3.4,108,Gaming,2357
U09290,26,Other,Mumbai,iOS,4.2,28.8,189.9,151,2.8,431,Gaming,6179
U09295,56,Other,Pune,iOS,9.5,15.8,129.3,174,1.2,1944,Gaming,4132
U09299,44,Other,Ahmedabad,Android,9.4,35.2,74.0,134,4.8,808,Gaming,4446
U09301,44,Male,Delhi,Android,8.3,49.9,221.0,134,3.7,1652,Gaming,1809
U09303,35,Female,Bangalore,iOS,11.7,45.5,298.4,71,2.8,316,Gaming,1616
U09306,21,Male,Mumbai,iOS,2.4,22.5,95.4,191,4.7,1465,Gaming,7248
U09311,33,Other,Hyderabad,Android,3.8,45.6,191.1,51,3.9,1766,Gaming,11649
U09314,32,Female,Pune,iOS,11.6,16.7,72.0,46,0.3,147,Gaming,866
U09319,57,Male,Bangalore,Android,1.2,29.8,210.1,102,3.0,547,Gaming,6430
U09320,38,Other,Pune,iOS,4.0,26.8,254.0,68,3.2,821,Gaming,5706
U09323,51,Female,Mumbai,Android,5.9,28.6,282.0,108,3.7,193,Gaming,1260
U09337,33,Other,Mumbai,iOS,10.9,16.5,197.8,56,2.5,1831,Gaming,5233
U09338,35,Other,Bangalore,iOS,1.1,32.4,200.7,139,3.0,1326,Gaming,2113
U09339,51,Male,Ahmedabad,Android,10.0,19.0,258.5,41,1.1,1382,Gaming,4458
U09340,29,Female,Jaipur,iOS,10.1,30.8,193.7,154,3.5,1740,Gaming,4472
U09348,57,Female,Pune,iOS,9.9,38.4,61.4,16,1.0,1047,Gaming,3934
U09351,26,Male,Pune,iOS,10.0,9.7,207.5,134,2.6,1734,Gaming,11159
U09359,54,Female,Hyderabad,Android,6.6,27.0,203.0,34,1.9,1609,Gaming,5315
U09363,50,Other,Ahmedabad,Android,2.6,17.7,255.4,103,4.6,1552,Gaming,9393
U09366,35,Male,Jaipur,iOS,9.7,7.1,295.7,104,3.3,1657,Gaming,9486
U09368,44,Other,Delhi,Android,5.0,30.5,94.5,11,4.4,574,Gaming,4489
U09372,52,Female,Jaipur,Android,6.5,46.0,55.8,155,2.7,118,Gaming,2639
U09375,38,Male,Bangalore,Android,3.3,34.8,29.6,172,2.8,1189,Gaming,10367
U09384,58,Female,Delhi,Android,7.1,9.4,169.4,55,0.9,1786,Gaming,3254
U09389,17,Other,Lucknow,iOS,4.8,40.4,118.9,48,1.0,1350,Gaming,7041
U09391,24,Male,Ahmedabad,iOS,11.1,24.0,206.9,65,4.0,673,Gaming,2001
U09398,39,Other,Bangalore,Android,3.5,4.8,231.0,75,3.2,1309,Gaming,8243
U09400,35,Other,Ahmedabad,iOS,7.8,12.9,161.2,177,2.4,1139,Gaming,1667
U09401,34,Female,Ahmedabad,Android,9.1,33.2,139.8,128,4.2,1906,Gaming,6674
U09403,52,Female,Kolkata,iOS,11.8,25.6,116.2,25,4.9,1397,Gaming,8580
U09405,16,Female,Hyderabad,iOS,4.1,28.8,165.4,37,1.8,1688,Gaming,2258
U09412,25,Female,Ahmedabad,iOS,8.4,14.2,284.8,159,4.7,1878,Gaming,5371
U09413,54,Other,Lucknow,Android,8.2,17.1,42.4,170,5.0,291,Gaming,3502
U09417,60,Male,Ahmedabad,iOS,3.1,15.9,85.1,107,0.5,1958,Gaming,2236
U09435,57,Male,Hyderabad,iOS,11.2,13.0,93.8,183,2.6,1092,Gaming,1371
U09441,31,Female,Lucknow,Android,9.9,29.7,18.2,81,2.7,1084,Gaming,5176
U09443,51,Other,Mumbai,iOS,8.9,4.0,31.5,102,2.0,1707,Gaming,8103
U09449,35,Female,Bangalore,Android,8.6,24.2,206.2,137,4.3,1538,Gaming,4424
U09455,48,Male,Mumbai,Android,8.1,28.0,169.3,92,3.9,107,Gaming,5762
U09466,40,Female,Jaipur,iOS,2.9,38.5,205.6,13,4.9,1514,Gaming,5593
U09470,34,Other,Ahmedabad,Android,9.2,8.7,297.6,46,0.0,1214,Gaming,3513
U09472,30,Male,Ahmedabad,iOS,10.8,30.6,102.2,116,3.3,1688,Gaming,8978
U09473,50,Male,Pune,iOS,3.9,6.4,64.6,86,3.8,1714,Gaming,4794
U09477,59,Other,Bangalore,iOS,6.5,27.6,9.6,170,2.1,191,Gaming,3789
U09479,48,Male,Ahmedabad,Android,8.2,49.9,228.0,59,2.2,1026,Gaming,3749
U09483,40,Female,Delhi,iOS,4.9,30.2,26.2,79,1.8,154,Gaming,7805
U09499,29,Female,Kolkata,iOS,1.3,13.0,295.8,172,1.3,1160,Gaming,7112
U09500,31,Female,Hyderabad,Android,5.4,45.7,254.9,38,0.2,923,Gaming,6884
U09506,57,Other,Bangalore,iOS,9.2,32.6,10.0,78,2.4,1185,Gaming,9109
U09509,45,Other,Bangalore,iOS,1.9,29.2,164.1,159,4.5,116,Gaming,3989
U09532,52,Female,Bangalore,Android,9.7,18.8,62.5,29,1.9,1853,Gaming,8971
U09537,32,Other,Jaipur,iOS,11.0,10.2,68.6,193,2.6,1407,Gaming,11173
U09540,20,Male,Chennai,iOS,3.8,15.9,204.6,168,0.2,140,Gaming,5486
U09549,24,Other,Hyderabad,iOS,11.1,30.9,290.0,53,2.9,180,Gaming,6943
U09550,21,Male,Hyderabad,iOS,9.6,16.4,115.0,44,1.7,425,Gaming,2594
U09553,24,Female,Mumbai,Android,8.8,16.9,178.5,168,0.0,690,Gaming,8142
U09558,40,Female,Bangalore,iOS,6.6,4.4,97.4,78,4.9,1488,Gaming,2387
U09564,40,Other,Lucknow,Android,5.6,17.0,196.1,82,4.2,1050,Gaming,3263
U09572,41,Male,Kolkata,iOS,8.4,44.1,195.3,23,3.8,1198,Gaming,7807
U09581,36,Other,Mumbai,Android,6.3,48.9,266.7,109,3.7,997,Gaming,10665
U09582,19,Male,Ahmedabad,iOS,7.2,48.0,79.0,175,4.9,1996,Gaming,6086
U09584,55,Other,Mumbai,Android,4.3,4.4,145.9,139,4.3,747,Gaming,1698
U09585,26,Female,Bangalore,Android,3.9,10.4,13.2,181,2.0,595,Gaming,4905
U09587,33,Male,Bangalore,Android,6.4,30.8,259.4,78,3.9,382,Gaming,8322
U09597,34,Male,Bangalore,Android,3.5,49.1,247.8,129,0.3,445,Gaming,8561
U09605,40,Male,Pune,iOS,9.9,39.2,53.2,82,4.5,1576,Gaming,3549
U09611,22,Female,Pune,iOS,6.1,19.5,211.1,160,2.8,1631,Gaming,4886
U09613,36,Other,Lucknow,iOS,11.7,49.7,47.7,192,3.7,1684,Gaming,4941
U09615,37,Other,Pune,Android,11.7,27.3,88.0,20,0.4,1292,Gaming,10542
U09619,59,Female,Lucknow,iOS,9.7,35.8,255.7,83,0.2,971,Gaming,2408
U09623,39,Female,Kolkata,iOS,2.5,32.9,233.7,26,2.4,1672,Gaming,11279
U09624,20,Other,Lucknow,iOS,10.3,24.9,184.9,64,1.9,280,Gaming,9942
U09627,39,Other,Jaipur,Android,1.9,29.9,184.7,121,1.5,1094,Gaming,11050
U09629,20,Male,Kolkata,iOS,5.1,9.4,201.3,67,3.7,1766,Gaming,10529
U09630,42,Male,Hyderabad,iOS,8.9,43.9,258.5,18,4.4,879,Gaming,9799
U09638,30,Female,Kolkata,Android,2.9,7.6,29.7,35,3.8,429,Gaming,3059
U09643,39,Male,Jaipur,iOS,11.6,7.2,230.9,195,3.4,883,Gaming,9866
U09645,36,Other,Chennai,iOS,7.7,18.5,68.6,142,3.7,1156,Gaming,2018
U09653,15,Other,Ahmedabad,Android,8.7,14.1,205.4,38,1.2,1952,Gaming,6520
U09656,60,Male,Kolkata,iOS,7.7,11.3,290.9,104,1.5,614,Gaming,7664
U09660,47,Female,Bangalore,iOS,8.5,14.9,275.2,134,2.2,1938,Gaming,8834
U09663,16,Female,Delhi,iOS,4.8,21.4,190.8,143,1.7,1250,Gaming,3336
U09664,38,Female,Ahmedabad,iOS,3.6,47.8,185.3,29,0.4,784,Gaming,2125
U09667,29,Female,Pune,Android,3.5,45.9,117.2,97,3.7,1857,Gaming,2311
U09678,23,Other,Mumbai,Android,6.2,8.4,288.5,133,1.9,427,Gaming,4811
U09681,44,Female,Hyderabad,Android,9.3,21.1,286.0,188,1.2,902,Gaming,3354
U09683,20,Other,Delhi,iOS,7.9,28.6,191.0,184,2.0,1342,Gaming,9292
U09684,26,Female,Mumbai,Android,11.4,12.4,65.0,36,0.5,1946,Gaming,8010
U09692,26,Female,Hyderabad,Android,4.0,1.6,261.6,99,4.5,538,Gaming,6309
U09695,19,Male,Pune,Android,5.4,13.1,268.6,44,1.6,1312,Gaming,7019
U09708,49,Male,Lucknow,Android,7.7,29.2,292.3,97,2.4,648,Gaming,10142
U09709,28,Other,Pune,iOS,3.3,28.0,111.7,17,1.9,621,Gaming,9890
U09711,60,Male,Ahmedabad,Android,8.9,46.5,106.4,14,0.9,522,Gaming,5670
U09718,33,Male,Lucknow,Android,4.5,47.6,101.5,150,2.9,834,Gaming,1116
U09719,59,Other,Chennai,Android,8.1,37.0,153.2,197,4.4,1961,Gaming,6362
U09737,46,Male,Jaipur,Android,6.8,30.6,132.1,137,4.7,338,Gaming,1688
U09739,55,Male,Hyderabad,Android,7.1,47.3,171.3,196,0.2,881,Gaming,3866
U09741,46,Female,Lucknow,Android,3.4,29.4,190.8,51,0.4,1209,Gaming,2082
U09751,20,Other,Lucknow,Android,11.4,17.0,71.5,117,1.6,1435,Gaming,8732
U09764,25,Male,Delhi,Android,2.7,48.1,281.2,200,1.4,1443,Gaming,6623
U09768,59,Female,Mumbai,Android,3.4,4.2,292.6,49,1.0,426,Gaming,1393
U09771,50,Female,Chennai,iOS,9.9,43.9,240.8,188,3.0,1184,Gaming,3494
U09772,17,Other,Bangalore,iOS,6.4,5.2,171.7,32,0.0,452,Gaming,10183
U09775,58,Female,Kolkata,Android,9.5,40.7,150.9,192,1.6,1781,Gaming,4419
U09781,41,Male,Ahmedabad,Android,5.4,15.3,72.2,164,4.0,883,Gaming,3858
U09783,19,Male,Jaipur,Android,10.3,22.7,95.8,121,2.2,1880,Gaming,10198
U09786,43,Female,Kolkata,Android,10.0,22.4,6.7,121,5.0,934,Gaming,2376
U09789,52,Female,Mumbai,iOS,3.5,4.8,155.1,131,0.3,1802,Gaming,2149
U09790,35,Other,Pune,iOS,2.9,42.1,288.9,110,1.8,287,Gaming,4063
U09791,46,Other,Lucknow,iOS,8.4,30.2,183.5,30,3.0,299,Gaming,1004
U09792,22,Female,Bangalore,Android,4.7,23.2,157.9,116,3.3,1280,Gaming,4202
U09801,17,Female,Bangalore,Android,7.4,47.1,127.1,73,4.4,538,Gaming,1776
U09805,33,Male,Kolkata,iOS,10.7,10.0,82.6,85,4.7,1954,Gaming,6365
U09806,30,Other,Hyderabad,Android,9.9,46.1,222.7,171,0.1,398,Gaming,7668
U09816,51,Other,Delhi,Android,9.2,8.0,249.4,19,0.7,1151,Gaming,7655
U09819,23,Other,Hyderabad,Android,3.4,32.6,281.0,171,3.2,1001,Gaming,1897
U09821,49,Male,Jaipur,Android,10.0,41.5,68.5,10,0.4,519,Gaming,9709
U09822,28,Female,Bangalore,iOS,11.8,19.7,72.3,96,2.6,1131,Gaming,1913
U09825,21,Male,Mumbai,iOS,7.2,12.8,230.2,157,4.1,170,Gaming,613
U09828,56,Male,Lucknow,Android,5.4,10.5,200.6,169,1.1,562,Gaming,8660
U09829,51,Female,Delhi,Android,4.9,36.2,197.3,22,4.5,472,Gaming,7197
U09832,33,Other,Pune,Android,5.1,9.0,286.8,170,1.2,723,Gaming,1740
U09834,39,Other,Chennai,Android,10.4,26.8,277.0,35,0.6,190,Gaming,8906
U09841,31,Male,Pune,iOS,6.7,23.2,173.9,157,1.8,246,Gaming,6957
U09842,50,Other,Lucknow,iOS,10.3,1.1,132.8,182,3.0,751,Gaming,4250
U09844,30,Female,Hyderabad,iOS,2.8,23.7,120.4,99,1.2,1522,Gaming,4308
U09845,55,Other,Hyderabad,iOS,10.8,3.9,21.5,24,1.4,104,Gaming,6972
U09847,34,Female,Pune,Android,11.3,40.2,121.8,139,2.3,1990,Gaming,7285
U09849,26,Male,Jaipur,iOS,7.5,43.5,10.9,70,2.4,1606,Gaming,7511
U09859,25,Other,Jaipur,Android,6.5,15.0,96.4,70,0.7,991,Gaming,5260
U09860,50,Male,Chennai,Android,4.7,4.8,223.6,27,0.4,889,Gaming,5568
U09869,17,Female,Hyderabad,Android,6.8,14.9,259.7,195,2.1,1351,Gaming,2139
U09870,31,Female,Bangalore,Android,2.9,6.6,73.2,80,2.6,599,Gaming,2888
U09872,20,Female,Chennai,iOS,5.0,30.7,145.1,151,1.4,1331,Gaming,1819
U09895,54,Female,Delhi,Android,8.7,10.4,124.2,12,3.4,1454,Gaming,7033
U09900,33,Female,Lucknow,Android,2.1,39.8,216.3,164,0.7,866,Gaming,1805
U09904,30,Other,Kolkata,Android,7.3,36.8,262.4,184,0.4,1739,Gaming,7759
U09906,19,Female,Lucknow,iOS,2.9,23.3,41.6,51,4.3,758,Gaming,5652
U09909,31,Female,Bangalore,iOS,1.4,37.9,208.4,40,4.0,774,Gaming,6967
U09915,29,Female,Hyderabad,Android,9.1,44.0,34.9,35,2.4,765,Gaming,9105
U09916,20,Other,Pune,iOS,2.2,27.2,170.6,189,5.0,376,Gaming,761
U09923,49,Other,Mumbai,iOS,5.7,26.7,240.8,181,4.3,1738,Gaming,7854
U09925,25,Female,Hyderabad,Android,3.8,17.4,115.0,190,1.0,675,Gaming,3631
U09930,27,Male,Chennai,Android,1.9,30.0,204.7,72,4.7,858,Gaming,4727
U09939,58,Other,Kolkata,Android,10.8,4.7,25.2,182,2.5,752,Gaming,8221
U09946,56,Other,Kolkata,iOS,10.2,12.2,79.0,134,1.7,1591,Gaming,7012
U09948,40,Male,Pune,iOS,6.5,36.0,89.2,119,2.6,1609,Gaming,4857
U09949,38,Male,Lucknow,Android,8.3,47.6,264.1,110,2.5,447,Gaming,3688
U09964,22,Other,Chennai,iOS,9.7,40.1,141.0,130,1.6,983,Gaming,9348
U09973,42,Male,Chennai,Android,4.5,19.4,273.6,76,0.8,348,Gaming,3252
U09977,44,Other,Mumbai,iOS,4.0,2.3,131.8,158,0.4,1637,Gaming,8694
U09978,39,Female,Pune,Android,2.0,30.4,277.2,172,1.1,1628,Gaming,3355
U09980,35,Male,Pune,iOS,4.3,8.6,181.8,169,3.1,1141,Gaming,4140
U09992,18,Other,Ahmedabad,Android,10.9,32.1,153.6,198,4.3,1163,Gaming,1287
U09998,20,Other,Ahmedabad,Android,11.7,13.3,185.9,120,1.9,684,Gaming,3374
U10004,25,Male,Delhi,iOS,8.3,30.8,239.8,150,1.7,1801,Gaming,8892
U10009,46,Male,Chennai,iOS,2.7,40.1,111.0,161,2.9,267,Gaming,8491
U10011,41,Other,Kolkata,Android,11.5,2.6,179.9,85,3.5,436,Gaming,9588
U10015,16,Other,Ahmedabad,iOS,9.7,36.2,105.3,125,4.4,142,Gaming,6249
U10021,37,Female,Hyderabad,Android,5.2,6.8,102.9,81,1.4,1164,Gaming,7944
U10030,39,Female,Kolkata,iOS,10.2,49.8,285.1,200,0.6,1260,Gaming,2497
U10039,37,Female,Hyderabad,Android,7.9,43.4,24.3,173,4.7,1422,Gaming,8398
U10040,26,Other,Jaipur,iOS,8.8,31.7,42.6,192,0.8,1835,Gaming,4584
U10045,58,Male,Mumbai,iOS,4.1,33.6,106.8,126,2.9,762,Gaming,4140
U10049,26,Male,Ahmedabad,Android,3.2,17.4,95.0,107,3.0,1213,Gaming,5563
U10054,20,Female,Lucknow,iOS,6.9,6.9,169.1,100,4.6,1337,Gaming,3848
U10059,36,Male,Chennai,iOS,11.3,42.0,63.4,87,0.9,688,Gaming,10398
U10066,26,Other,Kolkata,Android,7.4,46.2,72.7,19,3.3,1031,Gaming,9606
U10069,23,Female,Delhi,iOS,2.9,18.7,227.0,126,4.8,1406,Gaming,9047
U10073,24,Male,Mumbai,iOS,10.4,33.3,28.8,135,3.5,1286,Gaming,6944
U10083,59,Male,Mumbai,iOS,10.0,32.7,108.1,154,4.9,710,Gaming,5139
U10086,24,Female,Kolkata,iOS,1.2,39.2,15.1,11,0.3,859,Gaming,6842
U10087,31,Other,Delhi,Android,8.8,14.1,261.4,100,0.9,377,Gaming,836
U10089,52,Male,Chennai,Android,10.8,19.2,29.7,158,1.5,1030,Gaming,9198
U10090,24,Other,Kolkata,Android,9.1,30.5,8.7,135,2.1,1341,Gaming,2048
U10098,41,Other,Ahmedabad,iOS,5.6,36.4,269.7,146,0.1,1058,Gaming,10169
U10099,17,Male,Kolkata,iOS,9.5,39.5,84.5,195,3.2,768,Gaming,4035
U10108,45,Female,Mumbai,Android,5.4,39.6,168.4,194,4.9,686,Gaming,5126
U10111,59,Male,Delhi,iOS,6.7,16.7,297.9,76,0.6,806,Gaming,4433
U10126,15,Other,Mumbai,Android,4.7,6.4,67.2,127,2.5,1560,Gaming,2677
U10136,18,Other,Jaipur,Android,11.2,30.7,130.0,34,4.4,1179,Gaming,4107
U10146,52,Female,Kolkata,iOS,4.2,46.9,197.4,53,2.1,1375,Gaming,11367
U10152,28,Other,Jaipur,iOS,3.6,16.6,158.0,33,3.9,652,Gaming,6302
U10162,31,Female,Bangalore,Android,5.2,42.7,12.2,77,2.7,1986,Gaming,6319
U10171,50,Male,Hyderabad,Android,6.4,18.1,137.3,49,4.2,1491,Gaming,6759
U10172,44,Other,Kolkata,Android,1.3,43.8,156.7,50,4.7,1126,Gaming,9742
U10175,59,Male,Pune,iOS,10.9,16.7,146.3,35,0.5,1269,Gaming,5281
U10176,46,Female,Kolkata,iOS,9.3,45.5,223.4,110,3.8,1511,Gaming,10447
U10179,54,Male,Mumbai,Android,8.8,25.6,293.7,130,3.4,1667,Gaming,10909
U10183,53,Male,Bangalore,Android,5.2,48.3,36.5,43,0.4,163,Gaming,8033
U10185,31,Other,Jaipur,Android,4.0,19.9,42.9,197,2.2,294,Gaming,3398
U10186,43,Female,Lucknow,Android,7.8,25.0,211.5,48,1.2,1346,Gaming,6599
U10187,27,Female,Kolkata,iOS,4.4,2.7,92.5,199,0.0,1029,Gaming,8843
U10188,53,Female,Hyderabad,iOS,5.7,12.3,93.1,119,0.3,1283,Gaming,9731
U10191,59,Female,Mumbai,Android,2.0,17.2,261.4,134,3.9,1123,Gaming,2895
U10192,27,Other,Chennai,iOS,11.3,14.9,58.1,18,3.5,681,Gaming,4241
U10194,35,Other,Ahmedabad,Android,5.5,7.7,32.6,77,1.8,228,Gaming,6992
U10199,57,Other,Mumbai,iOS,8.7,2.7,68.9,140,4.2,684,Gaming,4543
U10201,47,Other,Mumbai,Android,8.0,19.9,38.4,103,4.2,1142,Gaming,9745
U10209,19,Female,Bangalore,iOS,10.5,18.2,78.2,129,1.7,1269,Gaming,10049
U10211,52,Other,Delhi,iOS,7.4,4.1,193.1,13,2.8,1653,Gaming,10247
U10216,49,Female,Mumbai,Android,3.6,2.9,215.9,49,1.3,1018,Gaming,8737
U10225,32,Female,Kolkata,Android,8.0,42.2,252.6,44,1.5,289,Gaming,10139
U10244,47,Male,Pune,Android,9.5,45.2,291.4,64,3.1,1137,Gaming,1795
U10248,15,Male,Mumbai,Android,8.0,44.0,87.7,69,4.7,1490,Gaming,2709
U10260,42,Other,Ahmedabad,iOS,7.5,35.8,87.3,193,1.0,263,Gaming,8362
U10264,29,Other,Chennai,Android,7.1,12.6,19.4,31,3.4,1045,Gaming,10161
U10265,27,Male,Hyderabad,iOS,9.5,21.1,276.5,72,1.6,1347,Gaming,5568
U10269,42,Male,Chennai,Android,10.0,6.1,34.1,35,2.9,359,Gaming,581
U10274,15,Other,Delhi,iOS,2.3,30.1,110.5,38,4.1,1554,Gaming,10587
U10276,21,Other,Mumbai,Android,2.6,49.0,66.4,138,2.0,1278,Gaming,6161
U10282,32,Other,Chennai,Android,10.2,18.7,57.9,179,0.6,762,Gaming,3467
U10286,50,Female,Chennai,iOS,2.2,15.7,261.2,87,4.1,1093,Gaming,7230
U10287,55,Female,Lucknow,iOS,9.9,15.7,77.2,35,2.6,1486,Gaming,7317
U10288,24,Other,Kolkata,Android,5.1,31.8,271.0,50,0.3,1585,Gaming,7981
U10291,43,Other,Bangalore,iOS,2.3,20.7,127.3,126,2.4,1494,Gaming,4773
U10293,55,Female,Mumbai,iOS,11.7,12.3,97.6,34,2.7,523,Gaming,4855
U10295,56,Female,Bangalore,iOS,5.6,24.4,282.9,62,0.0,943,Gaming,4386
U10297,15,Other,Kolkata,iOS,10.4,16.8,191.7,153,3.0,1794,Gaming,8728
U10305,54,Other,Chennai,Android,11.5,18.2,263.1,63,0.6,1262,Gaming,9400
U10308,38,Male,Mumbai,iOS,10.3,1.5,243.6,34,4.3,1774,Gaming,5037
U10318,55,Other,Pune,Android,1.7,17.2,7.4,96,0.8,509,Gaming,5326
U10320,42,Other,Kolkata,iOS,3.1,38.3,180.6,108,3.9,554,Gaming,9875
U10328,17,Female,Bangalore,Android,2.0,18.0,12.9,114,2.9,1053,Gaming,4048
U10330,54,Female,Chennai,iOS,2.7,10.1,249.5,90,0.2,749,Gaming,8331
U10334,28,Male,Chennai,iOS,10.7,34.8,205.8,161,2.5,1888,Gaming,9720
U10335,28,Other,Mumbai,Android,9.3,11.0,21.5,116,3.6,1625,Gaming,4411
U10338,45,Female,Pune,iOS,3.0,37.0,119.1,103,1.5,1198,Gaming,9088
U10341,54,Female,Hyderabad,iOS,1.5,49.3,82.1,146,1.0,1878,Gaming,10583
U10342,30,Male,Kolkata,iOS,1.3,5.5,277.6,78,0.6,214,Gaming,2389
U10346,40,Female,Hyderabad,iOS,4.3,2.2,284.7,119,0.5,1353,Gaming,8181
U10350,36,Other,Kolkata,iOS,5.2,34.1,224.6,48,2.0,1513,Gaming,6885
U10352,46,Female,Chennai,iOS,5.9,43.4,280.5,184,2.9,1352,Gaming,2153
U10372,25,Female,Bangalore,Android,4.4,20.0,45.1,174,1.2,1733,Gaming,6245
U10378,59,Male,Lucknow,iOS,9.9,49.1,78.7,142,4.7,1470,Gaming,4950
U10379,32,Other,Ahmedabad,Android,10.8,13.5,279.1,29,4.0,172,Gaming,6681
U10395,43,Male,Hyderabad,Android,1.6,48.4,286.5,143,0.8,1733,Gaming,3949
U10402,30,Other,Mumbai,iOS,8.1,46.1,43.6,44,4.5,947,Gaming,5217
U10412,34,Other,Jaipur,Android,5.9,30.5,264.0,42,1.7,212,Gaming,3470
U10415,20,Female,Delhi,iOS,10.3,32.2,263.8,81,0.5,217,Gaming,5181
U10426,23,Female,Chennai,iOS,11.1,9.6,281.8,177,0.4,301,Gaming,669
U10438,27,Female,Kolkata,iOS,3.1,26.7,251.0,89,2.7,1063,Gaming,1529
U10452,37,Other,Chennai,Android,1.4,4.0,112.6,167,1.6,911,Gaming,1578
U10454,60,Female,Chennai,Android,3.6,10.0,78.1,87,1.6,1440,Gaming,11171
U10456,60,Other,Ahmedabad,Android,6.3,37.6,226.1,19,3.7,1753,Gaming,7716
U10460,56,Other,Delhi,iOS,9.4,46.7,60.2,100,3.0,1136,Gaming,1635
U10462,35,Male,Pune,Android,7.6,1.3,49.1,118,0.6,586,Gaming,10179
U10476,57,Other,Jaipur,Android,1.9,17.4,255.9,120,1.5,622,Gaming,4211
U10484,28,Other,Lucknow,iOS,7.8,49.6,290.2,73,4.9,1767,Gaming,4910
U10486,42,Male,Chennai,iOS,10.8,30.1,247.3,17,2.4,1205,Gaming,8211
U10488,28,Other,Mumbai,Android,6.5,44.3,181.9,105,2.8,1430,Gaming,4733
U10489,18,Other,Chennai,Android,8.3,50.0,106.0,93,0.6,1108,Gaming,9422
U10492,51,Other,Chennai,Android,11.5,12.2,94.3,159,2.9,373,Gaming,7784
U10493,60,Male,Mumbai,iOS,3.1,8.3,223.1,107,4.2,1241,Gaming,5553
U10497,30,Other,Jaipur,iOS,5.1,5.5,120.9,18,0.9,1203,Gaming,1689
U10501,27,Male,Mumbai,iOS,1.3,40.4,45.6,188,0.8,607,Gaming,8929
U10502,22,Male,Kolkata,iOS,5.4,33.7,23.9,172,4.9,858,Gaming,3564
U10504,52,Female,Delhi,iOS,7.7,31.6,250.6,50,4.6,1826,Gaming,6224
U10514,43,Male,Hyderabad,iOS,3.8,9.0,244.1,153,1.3,1533,Gaming,5577
U10517,31,Male,Chennai,iOS,11.7,15.3,265.3,178,0.3,431,Gaming,1293
U10526,17,Male,Delhi,Android,9.6,9.6,171.9,183,4.8,1411,Gaming,7898
U10536,21,Male,Lucknow,iOS,11.4,21.7,153.9,162,4.5,311,Gaming,2026
U10552,30,Female,Ahmedabad,iOS,5.0,34.6,280.6,198,2.5,1760,Gaming,5493
U10553,29,Other,Hyderabad,iOS,9.3,25.1,50.3,36,1.8,1350,Gaming,10321
U10556,43,Male,Kolkata,iOS,7.6,41.8,120.9,167,1.1,301,Gaming,6469
U10567,53,Male,Ahmedabad,Android,10.6,46.9,29.9,186,1.2,736,Gaming,4706
U10571,51,Male,Pune,iOS,1.9,15.6,30.0,78,1.4,1099,Gaming,3925
U10573,21,Male,Ahmedabad,Android,1.6,21.4,250.6,154,3.5,822,Gaming,10432
U10575,54,Other,Lucknow,iOS,9.5,35.9,199.1,40,4.7,679,Gaming,10015
U10577,49,Other,Kolkata,Android,5.5,32.6,47.0,80,0.4,1899,Gaming,5669
U10582,47,Female,Pune,iOS,10.1,25.1,199.2,171,3.5,1731,Gaming,8453
U10583,34,Female,Mumbai,Android,7.2,48.5,96.6,144,1.6,148,Gaming,7819
U10587,57,Male,Pune,iOS,5.7,33.1,199.2,70,1.1,209,Gaming,3058
U10601,19,Female,Jaipur,iOS,11.1,19.3,269.0,198,2.8,1667,Gaming,6044
U10616,60,Other,Mumbai,Android,1.9,40.0,175.8,68,2.1,151,Gaming,5539
U10619,54,Male,Delhi,Android,10.0,48.8,57.3,56,4.8,1691,Gaming,5423
U10621,21,Female,Lucknow,Android,1.8,11.9,219.4,132,1.5,506,Gaming,9080
U10622,22,Other,Mumbai,iOS,7.2,2.4,89.8,185,2.0,1883,Gaming,6059
U10631,21,Other,Bangalore,Android,11.8,20.7,151.8,181,4.2,1997,Gaming,4262
U10633,42,Male,Pune,iOS,8.8,23.8,183.2,40,0.1,1019,Gaming,10017
U10638,26,Other,Mumbai,iOS,6.5,43.0,245.6,132,4.9,525,Gaming,6076
U10640,16,Female,Lucknow,iOS,3.6,37.5,271.3,90,2.8,1829,Gaming,11390
U10643,22,Other,Mumbai,Android,5.6,19.1,7.4,114,0.9,1502,Gaming,2533
U10650,60,Other,Jaipur,Android,3.0,40.9,86.6,134,2.0,1010,Gaming,10811
U10654,30,Male,Ahmedabad,Android,7.6,9.7,260.5,30,4.8,478,Gaming,4052
U10655,48,Other,Kolkata,Android,10.7,32.7,73.8,43,3.7,635,Gaming,2187
U10656,28,Other,Jaipur,Android,10.5,8.7,28.0,119,1.1,1450,Gaming,2296
U10670,24,Male,Chennai,Android,11.6,16.3,69.9,43,4.7,1363,Gaming,6344
U10671,47,Other,Jaipur,Android,4.1,39.6,260.1,151,4.5,1899,Gaming,2921
U10673,46,Male,Jaipur,iOS,10.8,33.7,269.3,56,2.4,212,Gaming,748
U10678,27,Other,Delhi,Android,2.6,26.1,153.9,182,0.5,397,Gaming,2686
U10679,29,Female,Kolkata,iOS,5.8,3.1,54.0,76,3.6,269,Gaming,4285
U10680,53,Other,Chennai,Android,8.4,44.9,6.9,148,4.7,1094,Gaming,10185
U10689,16,Male,Hyderabad,Android,4.9,17.6,145.9,104,3.4,864,Gaming,3493
U10691,50,Other,Mumbai,iOS,6.2,20.9,188.0,80,1.5,1096,Gaming,9220
U10697,16,Other,Jaipur,iOS,7.9,35.2,149.5,153,1.2,1513,Gaming,8949
U10706,49,Other,Delhi,Android,1.5,49.3,44.1,171,3.7,1414,Gaming,11246
U10718,55,Other,Lucknow,Android,6.2,28.6,164.7,94,3.9,374,Gaming,2934
U10720,47,Male,Hyderabad,iOS,6.3,26.5,186.5,22,4.2,1830,Gaming,3638
U10739,51,Male,Jaipur,iOS,8.8,45.9,175.9,189,3.7,536,Gaming,6422
U10748,44,Other,Ahmedabad,iOS,8.6,41.5,211.6,34,2.2,1684,Gaming,10629
U10749,22,Male,Hyderabad,Android,2.2,18.5,169.3,84,0.0,1534,Gaming,7218
U10750,15,Other,Jaipur,iOS,9.1,2.0,5.7,97,3.2,1728,Gaming,4376
U10751,26,Other,Chennai,Android,4.8,14.6,136.1,24,2.4,471,Gaming,9847
U10754,40,Male,Hyderabad,Android,6.4,43.2,277.9,168,2.2,754,Gaming,7281
U10758,52,Male,Lucknow,iOS,8.8,10.6,98.2,64,2.7,1141,Gaming,9887
U10759,42,Other,Mumbai,Android,1.0,18.3,18.6,76,3.8,1971,Gaming,3202
U10767,37,Male,Pune,Android,4.5,39.6,12.1,35,2.0,980,Gaming,7257
U10769,19,Other,Ahmedabad,iOS,10.4,33.5,112.4,121,1.4,222,Gaming,2057
U10782,44,Male,Kolkata,Android,1.1,32.2,21.8,173,0.1,993,Gaming,10221
U10786,15,Other,Jaipur,iOS,9.0,21.1,38.1,85,0.2,1374,Gaming,3846
U10789,40,Other,Pune,Android,4.2,13.4,65.0,141,0.4,139,Gaming,6945
U10793,25,Male,Hyderabad,Android,4.6,2.9,6.3,36,0.1,362,Gaming,7197
U10795,37,Female,Pune,iOS,2.0,22.6,298.3,149,3.4,677,Gaming,3365
U10807,44,Female,Delhi,iOS,6.7,43.5,37.6,82,1.9,1763,Gaming,5418
U10818,31,Other,Pune,Android,1.2,24.0,182.6,119,0.0,1816,Gaming,7100
U10829,55,Other,Bangalore,iOS,2.0,31.0,33.1,163,3.1,406,Gaming,1925
U10831,55,Male,Hyderabad,iOS,6.1,3.2,145.9,88,3.9,1394,Gaming,10043
U10832,57,Female,Chennai,Android,11.3,31.5,35.6,30,1.5,1740,Gaming,7877
U10834,44,Male,Bangalore,iOS,1.2,18.9,171.1,114,3.4,1453,Gaming,4790
U10837,22,Female,Lucknow,iOS,6.2,42.5,197.3,70,1.9,856,Gaming,7559
U10838,27,Male,Ahmedabad,iOS,10.4,24.8,262.2,171,1.0,399,Gaming,3292
U10843,38,Female,Jaipur,iOS,6.2,32.0,43.9,104,3.8,592,Gaming,7216
U10845,16,Male,Ahmedabad,Android,5.9,22.6,99.8,89,0.3,1997,Gaming,7858
U10862,35,Other,Kolkata,Android,1.9,25.0,43.9,49,4.5,989,Gaming,10387
U10866,33,Other,Kolkata,Android,2.9,35.0,93.4,31,1.7,1084,Gaming,5875
U10884,44,Other,Mumbai,iOS,10.3,22.6,145.5,93,2.5,1669,Gaming,5988
U10885,30,Female,Hyderabad,iOS,4.8,14.7,157.3,164,1.9,1611,Gaming,3807
U10887,15,Other,Lucknow,iOS,2.1,31.2,123.4,106,4.6,858,Gaming,7784
U10898,44,Female,Delhi,iOS,2.0,27.6,216.0,94,1.8,1959,Gaming,5180
U10900,60,Male,Mumbai,Android,2.9,26.6,156.0,75,5.0,1450,Gaming,3836
U10901,33,Female,Ahmedabad,Android,11.6,47.7,94.6,52,3.3,1167,Gaming,6259
U10913,53,Other,Jaipur,iOS,4.0,30.8,85.8,132,2.7,838,Gaming,4154
U10927,60,Male,Ahmedabad,iOS,9.7,49.5,9.6,74,2.2,219,Gaming,9629
U10932,21,Other,Mumbai,Android,2.1,21.8,163.3,200,1.4,1287,Gaming,9104
U10936,38,Male,Kolkata,iOS,4.1,49.9,38.1,107,4.2,830,Gaming,9663
U10937,38,Female,Chennai,Android,3.3,33.0,270.5,127,1.5,910,Gaming,8007
U10943,30,Male,Hyderabad,iOS,10.3,10.3,31.6,198,3.1,1985,Gaming,2622
U10945,47,Male,Kolkata,Android,8.7,2.3,207.2,168,3.1,295,Gaming,3085
U10948,20,Female,Lucknow,Android,8.5,8.9,208.4,25,3.8,1643,Gaming,10845
U10950,58,Female,Pune,Android,9.1,16.5,25.3,146,3.1,1342,Gaming,10495
U10962,23,Female,Mumbai,iOS,5.2,29.3,112.1,79,0.1,1281,Gaming,9175
U10970,18,Female,Kolkata,iOS,9.7,34.2,292.8,23,2.6,298,Gaming,7696
U10973,53,Female,Delhi,iOS,5.9,21.6,269.5,160,4.7,861,Gaming,4788
U10982,39,Other,Hyderabad,iOS,12.0,7.3,10.2,165,1.4,1174,Gaming,3707
U10983,54,Other,Lucknow,Android,7.0,42.3,45.8,46,0.1,1475,Gaming,2672
U10986,24,Female,Mumbai,Android,7.4,7.6,264.8,106,4.9,239,Gaming,9842
U10996,26,Male,Bangalore,iOS,3.7,2.5,178.1,66,1.2,1298,Gaming,8937
U11001,37,Female,Chennai,Android,5.0,44.8,210.8,182,4.1,252,Gaming,9690
U11002,41,Female,Delhi,Android,1.4,20.2,60.1,168,2.9,1994,Gaming,11690
U11009,34,Other,Ahmedabad,iOS,2.0,2.9,143.1,50,1.3,1547,Gaming,7648
U11010,56,Other,Hyderabad,Android,7.9,21.6,230.2,169,3.8,1640,Gaming,10161
U11011,58,Male,Lucknow,Android,3.6,18.5,92.8,31,1.5,1382,Gaming,9835
U11012,20,Male,Kolkata,iOS,10.6,12.4,48.7,168,1.2,252,Gaming,9384
U11014,53,Female,Pune,iOS,6.4,1.9,236.9,159,0.6,486,Gaming,4025
U11018,59,Other,Hyderabad,Android,10.7,29.1,151.3,146,4.3,413,Gaming,683
U11031,30,Female,Jaipur,Android,1.0,36.5,208.0,163,1.0,644,Gaming,4459
U11034,49,Male,Mumbai,Android,4.6,1.7,53.6,104,3.1,954,Gaming,7756
U11036,35,Male,Mumbai,Android,4.6,38.6,140.5,46,4.5,925,Gaming,9115
U11047,36,Other,Lucknow,Android,2.3,29.9,279.5,48,0.4,1194,Gaming,1953
U11056,38,Female,Mumbai,Android,10.4,14.8,198.5,33,1.8,304,Gaming,4946
U11062,46,Female,Chennai,iOS,10.1,43.7,160.4,45,4.0,1847,Gaming,7781
U11067,54,Male,Bangalore,Android,6.2,12.4,137.5,25,2.8,1918,Gaming,6083
U11068,60,Other,Lucknow,iOS,5.4,28.4,217.3,114,4.2,1942,Gaming,6607
U11070,51,Female,Pune,Android,4.5,46.8,120.2,96,1.1,1024,Gaming,5327
U11074,46,Male,Hyderabad,Android,3.1,41.7,57.1,18,5.0,984,Gaming,6849
U11086,23,Female,Bangalore,Android,2.1,3.4,42.0,31,1.2,1148,Gaming,9045
U11088,30,Other,Delhi,iOS,3.0,16.5,142.5,62,1.8,1708,Gaming,10446
U11094,51,Female,Jaipur,Android,8.5,44.1,141.0,43,0.2,743,Gaming,1565
U11099,26,Female,Jaipur,Android,8.1,33.4,241.1,174,3.7,272,Gaming,770
U11106,56,Other,Pune,iOS,9.2,16.8,97.8,37,3.8,1364,Gaming,5895
U11108,27,Male,Bangalore,iOS,10.7,12.7,166.4,139,4.9,1071,Gaming,7197
U11109,25,Other,Pune,iOS,4.2,27.1,131.7,110,0.3,565,Gaming,10554
U11112,44,Other,Delhi,Android,5.8,33.1,103.5,144,3.0,118,Gaming,9172
U11114,48,Female,Chennai,Android,1.4,28.9,210.0,33,2.0,159,Gaming,363
U11122,59,Other,Ahmedabad,Android,6.1,29.1,183.8,40,1.2,1284,Gaming,5266
U11124,46,Female,Ahmedabad,iOS,5.3,49.3,72.0,86,0.9,422,Gaming,2305
U11133,56,Other,Lucknow,Android,8.9,39.4,196.2,155,2.0,1260,Gaming,3376
U11141,32,Female,Bangalore,iOS,9.6,13.0,72.0,54,3.8,582,Gaming,8055
U11145,15,Other,Kolkata,Android,10.3,6.1,27.4,94,0.0,1331,Gaming,3552
U11148,50,Male,Lucknow,iOS,7.5,46.9,49.8,163,3.5,477,Gaming,8989
U11168,24,Other,Mumbai,iOS,5.0,47.7,196.4,19,3.8,1755,Gaming,5265
U11171,21,Other,Hyderabad,Android,1.5,39.4,298.6,164,4.0,371,Gaming,8407
U11181,41,Male,Bangalore,Android,6.3,3.8,175.8,100,3.3,1097,Gaming,4576
U11182,24,Other,Kolkata,Android,1.9,44.8,204.9,189,4.4,418,Gaming,5075
U11183,21,Female,Jaipur,iOS,6.1,34.9,73.7,200,0.3,770,Gaming,2179
U11188,38,Female,Delhi,iOS,11.9,34.9,227.7,51,3.3,117,Gaming,2648
U11191,57,Female,Chennai,Android,8.7,20.4,123.2,144,2.4,428,Gaming,3697
U11196,44,Other,Lucknow,iOS,10.5,28.1,287.0,29,3.2,953,Gaming,1967
U11201,36,Male,Lucknow,iOS,3.8,4.7,248.6,81,2.1,580,Gaming,5351
U11206,33,Male,Hyderabad,iOS,2.6,3.3,159.9,66,2.3,274,Gaming,4287
U11209,54,Male,Delhi,Android,4.0,21.5,5.4,179,4.9,753,Gaming,5794
U11212,44,Male,Kolkata,Android,7.2,5.9,222.1,14,3.8,1560,Gaming,1798
U11222,34,Other,Lucknow,iOS,2.5,31.8,143.1,160,1.7,253,Gaming,6227
U11223,33,Other,Hyderabad,iOS,10.0,4.1,12.8,111,4.2,1448,Gaming,10959
U11228,59,Female,Mumbai,iOS,11.1,42.0,17.2,150,2.7,571,Gaming,4716
U11231,26,Female,Ahmedabad,Android,10.5,45.2,278.6,86,1.9,1233,Gaming,4342
U11234,55,Other,Ahmedabad,Android,10.6,31.0,211.8,19,1.8,305,Gaming,9827
U11238,23,Male,Mumbai,Android,1.2,6.4,174.5,49,4.5,115,Gaming,5680
U11242,15,Male,Bangalore,Android,11.7,19.0,61.8,74,2.3,857,Gaming,8464
U11245,60,Female,Bangalore,Android,10.0,1.5,25.0,82,2.8,1353,Gaming,3621
U11249,17,Male,Chennai,Android,9.8,5.2,166.8,163,3.5,1821,Gaming,2351
U11250,39,Male,Lucknow,iOS,7.1,26.7,101.2,136,0.8,1486,Gaming,6893
U11251,38,Male,Delhi,Android,4.7,12.6,90.8,90,1.8,1370,Gaming,11195
U11255,60,Male,Pune,Android,7.9,22.3,94.2,54,4.4,1832,Gaming,2749
U11267,47,Other,Bangalore,Android,9.6,6.0,89.0,168,0.7,221,Gaming,5056
U11270,51,Female,Kolkata,iOS,6.1,32.0,155.0,66,1.1,608,Gaming,4352
U11271,58,Male,Bangalore,Android,7.5,24.5,158.5,122,3.1,715,Gaming,3657
U11273,48,Other,Mumbai,Android,3.3,18.6,38.4,78,1.7,893,Gaming,6818
U11278,50,Female,Pune,Android,3.2,13.1,125.2,150,3.3,771,Gaming,9703
U11279,28,Other,Pune,Android,1.6,4.0,276.1,75,0.7,1885,Gaming,11166
U11282,38,Female,Kolkata,iOS,10.1,23.5,178.7,94,2.3,1686,Gaming,5237
U11299,28,Female,Lucknow,iOS,5.9,8.1,293.6,187,4.5,1173,Gaming,3669
U11305,40,Female,Lucknow,iOS,7.5,6.9,242.4,121,1.5,576,Gaming,2223
U11311,41,Other,Pune,iOS,11.1,40.1,80.2,156,4.2,358,Gaming,8787
U11313,54,Other,Chennai,iOS,1.1,21.3,113.4,96,4.3,1179,Gaming,4080
U11319,39,Male,Ahmedabad,Android,4.9,25.9,297.2,140,3.2,328,Gaming,4587
U11326,35,Other,Mumbai,iOS,10.2,31.8,36.6,29,2.3,1923,Gaming,7148
U11329,55,Other,Delhi,iOS,3.7,12.9,239.1,38,2.1,122,Gaming,9792
U11330,27,Other,Pune,iOS,4.8,5.0,207.7,80,2.3,961,Gaming,4710
U11332,56,Other,Kolkata,Android,9.8,19.9,284.4,178,1.6,1276,Gaming,4310
U11334,54,Other,Kolkata,iOS,5.4,5.0,34.6,70,1.4,584,Gaming,10565
U11343,48,Other,Kolkata,iOS,9.6,24.6,165.3,187,0.3,552,Gaming,2942
U11345,43,Male,Chennai,Android,10.6,2.8,33.1,122,2.4,1424,Gaming,1672
U11356,31,Female,Mumbai,Android,2.1,38.3,14.1,142,2.4,1878,Gaming,10527
U11377,51,Female,Jaipur,iOS,3.2,15.3,55.0,141,4.5,1457,Gaming,4480
U11378,57,Male,Chennai,Android,6.8,18.9,56.4,115,0.5,670,Gaming,8236
U11380,58,Male,Lucknow,Android,2.4,23.5,67.7,86,4.6,110,Gaming,6355
U11389,20,Male,Kolkata,Android,10.7,27.2,84.3,135,4.5,157,Gaming,8144
U11396,23,Other,Ahmedabad,iOS,5.6,15.6,114.9,141,0.8,1662,Gaming,1978
U11399,54,Male,Pune,iOS,3.8,22.6,279.3,135,4.0,1499,Gaming,8902
U11400,49,Female,Lucknow,Android,5.2,42.7,156.5,88,4.2,738,Gaming,7341
U11403,19,Other,Pune,iOS,10.8,16.1,101.3,193,3.6,1283,Gaming,8569
U11417,59,Male,Delhi,iOS,3.1,43.7,276.1,61,4.5,518,Gaming,7650
U11424,38,Female,Mumbai,iOS,3.5,46.3,297.3,74,4.7,281,Gaming,2478
U11425,51,Other,Delhi,Android,9.0,47.0,199.0,28,2.4,1462,Gaming,2319
U11429,56,Other,Chennai,Android,3.5,37.4,8.2,17,4.3,964,Gaming,2690
U11431,36,Female,Hyderabad,iOS,2.2,30.0,103.1,121,4.2,1458,Gaming,2313
U11435,39,Other,Lucknow,iOS,2.5,29.2,269.5,15,3.9,195,Gaming,7285
U11437,34,Male,Jaipur,Android,8.1,39.5,223.8,192,4.2,230,Gaming,7014
U11445,43,Female,Delhi,iOS,7.6,30.5,292.6,74,4.6,1536,Gaming,6538
U11468,26,Male,Bangalore,Android,2.7,19.3,155.5,64,2.1,900,Gaming,6365
U11471,50,Other,Lucknow,Android,7.7,15.6,79.9,12,0.7,1203,Gaming,8856
U11479,59,Male,Chennai,iOS,8.9,8.3,63.2,156,2.8,837,Gaming,2687
U11481,59,Female,Mumbai,Android,10.1,3.1,198.3,187,2.8,404,Gaming,3896
U11484,49,Female,Lucknow,Android,2.5,47.2,169.1,166,1.4,1718,Gaming,9466
U11490,25,Other,Delhi,iOS,5.4,10.6,63.7,118,0.4,236,Gaming,4241
U11493,52,Other,Pune,Android,9.9,32.1,181.6,150,3.3,509,Gaming,6416
U11494,30,Male,Pune,Android,6.3,14.4,60.1,45,4.7,416,Gaming,1648
U11503,39,Other,Mumbai,iOS,10.5,40.1,183.0,77,3.0,277,Gaming,2433
U11505,21,Male,Pune,iOS,9.4,4.7,127.4,146,1.6,967,Gaming,1131
U11506,40,Other,Bangalore,iOS,8.4,49.4,52.0,90,1.6,1620,Gaming,9677
U11511,44,Female,Chennai,Android,1.4,39.7,30.8,53,3.0,782,Gaming,9656
U11512,17,Female,Jaipur,iOS,10.1,16.4,61.9,183,4.7,1737,Gaming,8296
U11533,58,Other,Ahmedabad,iOS,7.5,5.8,221.6,117,0.8,1942,Gaming,8818
U11537,16,Male,Delhi,Android,4.3,10.1,178.4,178,0.7,1523,Gaming,7846
U11539,16,Male,Bangalore,Android,1.4,25.2,173.6,12,3.9,336,Gaming,4779
U11545,17,Other,Kolkata,Android,9.7,12.9,282.0,35,2.1,283,Gaming,1984
U11546,44,Female,Jaipur,iOS,9.8,11.4,125.7,146,3.9,981,Gaming,5770
U11549,52,Female,Jaipur,Android,8.7,12.7,56.7,73,4.2,1445,Gaming,7864
U11551,17,Female,Jaipur,iOS,1.9,42.3,297.7,126,0.5,1397,Gaming,9748
U11556,43,Female,Mumbai,iOS,5.3,28.6,17.3,140,3.0,1363,Gaming,10014
U11561,19,Female,Jaipur,Android,6.1,2.8,185.9,130,2.8,1342,Gaming,9397
U11562,46,Male,Delhi,iOS,3.6,18.0,151.1,184,4.6,1651,Gaming,10339
U11568,21,Male,Chennai,Android,9.2,32.3,170.7,177,3.2,300,Gaming,9753
U11572,41,Male,Pune,Android,9.0,12.0,27.5,50,0.0,156,Gaming,5446
U11584,36,Other,Hyderabad,Android,8.7,10.9,115.6,165,1.4,1390,Gaming,6581
U11585,35,Female,Jaipur,iOS,11.3,33.6,34.7,160,2.2,1458,Gaming,3405
U11600,39,Female,Pune,Android,3.4,18.3,231.9,55,2.5,1818,Gaming,7973
U11604,53,Male,Mumbai,iOS,2.8,14.9,159.3,84,2.9,1459,Gaming,4124
U11610,23,Other,Jaipur,Android,7.5,49.3,284.2,160,0.5,971,Gaming,4025
U11613,30,Female,Mumbai,iOS,1.9,21.1,292.0,139,2.7,235,Gaming,3728
U11614,15,Female,Bangalore,Android,3.5,49.2,234.8,104,3.1,1939,Gaming,9312
U11616,33,Female,Pune,Android,10.6,28.0,52.6,91,4.7,1778,Gaming,9981
U11617,43,Male,Mumbai,iOS,5.6,45.4,176.1,196,4.8,1765,Gaming,11741
U11620,50,Other,Jaipur,Android,2.4,7.0,30.4,122,2.9,1493,Gaming,3252
U11623,49,Female,Jaipur,iOS,11.5,3.9,270.9,77,2.5,902,Gaming,10481
U11632,58,Female,Mumbai,iOS,10.1,29.5,59.4,134,0.9,350,Gaming,4489
U11633,40,Other,Delhi,Android,10.7,12.3,76.8,149,0.1,1262,Gaming,5020
U11637,60,Other,Bangalore,iOS,1.5,36.5,99.7,149,1.5,1907,Gaming,11761
U11641,32,Male,Pune,Android,9.1,43.3,113.3,177,1.4,1172,Gaming,8439
U11643,42,Female,Hyderabad,iOS,10.3,5.6,204.3,111,3.2,1257,Gaming,5811
U11651,24,Other,Jaipur,Android,5.3,42.5,279.6,43,1.5,1853,Gaming,3340
U11652,52,Other,Lucknow,Android,4.3,6.5,231.8,169,0.1,339,Gaming,10121
U11665,23,Female,Pune,Android,3.3,36.4,276.5,143,1.1,1563,Gaming,7054
U11667,48,Female,Pune,Android,9.3,46.3,208.7,36,1.4,834,Gaming,3137
U11669,28,Female,Ahmedabad,iOS,10.2,2.1,44.5,65,0.0,899,Gaming,10626
U11674,25,Male,Chennai,Android,8.5,23.0,258.9,137,0.2,681,Gaming,5978
U11676,55,Female,Delhi,iOS,10.0,17.0,124.5,50,3.2,1023,Gaming,3129
U11677,39,Male,Hyderabad,Android,11.4,32.2,228.7,158,4.4,637,Gaming,1293
U11685,59,Female,Bangalore,Android,4.7,46.1,143.4,109,2.5,1460,Gaming,5284
U11687,53,Other,Kolkata,iOS,11.0,9.4,114.9,110,4.7,1678,Gaming,4139
U11698,44,Male,Chennai,iOS,5.0,44.1,286.5,20,1.7,476,Gaming,1917
U11704,33,Other,Mumbai,iOS,2.6,33.7,208.3,97,1.1,291,Gaming,1902
U11710,34,Other,Lucknow,iOS,11.7,11.2,162.9,144,2.0,775,Gaming,9779
U11721,49,Female,Delhi,iOS,6.1,21.8,139.4,117,0.8,1039,Gaming,7736
U11730,33,Other,Kolkata,Android,5.7,22.4,212.3,94,1.1,1615,Gaming,10361
U11736,19,Other,Kolkata,Android,1.2,41.5,191.8,20,4.2,377,Gaming,4414
U11740,41,Other,Hyderabad,Android,1.4,33.6,267.1,146,4.8,152,Gaming,4928
U11747,48,Other,Delhi,iOS,2.1,4.6,273.0,188,4.3,602,Gaming,4082
U11751,50,Male,Lucknow,Android,1.6,23.2,98.4,124,4.8,458,Gaming,8370
U11755,44,Male,Lucknow,iOS,8.6,31.1,248.0,194,2.5,936,Gaming,2487
U11758,32,Other,Ahmedabad,Android,11.1,16.8,104.7,17,4.4,604,Gaming,6595
U11759,59,Male,Kolkata,Android,11.0,34.0,191.7,82,0.1,604,Gaming,3418
U11760,50,Female,Hyderabad,Android,7.3,10.6,166.1,133,1.9,986,Gaming,6525
U11766,21,Female,Mumbai,Android,2.9,10.2,197.2,64,2.0,1793,Gaming,10412
U11769,48,Male,Pune,Android,5.7,5.2,38.2,52,0.2,794,Gaming,9289
U11770,49,Other,Ahmedabad,iOS,9.3,32.8,112.0,122,4.2,1801,Gaming,8262
U11780,21,Male,Kolkata,iOS,6.6,19.7,241.1,115,4.9,360,Gaming,6445
U11786,50,Other,Lucknow,iOS,11.2,3.2,255.7,81,1.6,879,Gaming,1926
U11790,25,Other,Ahmedabad,iOS,2.7,29.8,195.3,180,0.1,329,Gaming,9555
U11794,25,Male,Ahmedabad,iOS,6.9,48.3,293.0,108,4.3,426,Gaming,2611
U11795,54,Male,Chennai,Android,11.8,11.3,237.3,109,2.1,206,Gaming,7602
U11799,42,Female,Hyderabad,Android,6.0,21.5,33.9,79,2.7,1442,Gaming,4698
U11807,60,Other,Chennai,Android,8.3,26.6,134.3,14,3.4,212,Gaming,8136
U11809,52,Other,Pune,Android,7.4,39.0,282.8,153,5.0,1909,Gaming,7123
U11814,49,Other,Hyderabad,iOS,11.5,28.9,79.9,69,1.6,1064,Gaming,3716
U11820,58,Other,Pune,iOS,1.4,22.2,108.4,91,1.9,1178,Gaming,10558
U11822,24,Other,Chennai,Android,1.2,33.6,230.6,98,4.8,1927,Gaming,5109
U11826,26,Female,Mumbai,Android,5.4,14.2,194.8,161,3.6,367,Gaming,2034
U11832,48,Female,Delhi,iOS,1.2,31.6,254.6,88,0.1,685,Gaming,10531
U11834,49,Female,Pune,iOS,8.6,10.1,275.2,185,3.1,1279,Gaming,10314
U11840,44,Female,Hyderabad,iOS,7.3,17.8,79.8,32,1.1,1483,Gaming,1864
U11843,24,Male,Mumbai,Android,1.2,6.3,99.2,100,2.2,952,Gaming,9905
U11852,21,Female,Delhi,Android,9.8,45.8,90.4,118,2.2,1875,Gaming,3606
U11853,51,Female,Bangalore,Android,7.4,33.7,224.3,43,4.1,105,Gaming,6122
U11869,42,Male,Kolkata,iOS,10.1,26.2,27.9,65,0.3,1298,Gaming,9659
U11883,50,Male,Chennai,iOS,4.0,24.0,219.4,196,3.7,1415,Gaming,3513
U11889,18,Other,Chennai,iOS,3.0,3.5,63.5,155,2.4,238,Gaming,5879
U11890,24,Female,Chennai,Android,1.4,19.3,72.9,44,1.6,1275,Gaming,7299
U11892,37,Other,Bangalore,Android,10.4,46.7,153.8,133,1.3,1048,Gaming,2288
U11906,35,Female,Chennai,Android,6.2,25.6,83.2,151,3.5,1849,Gaming,5651
U11917,36,Male,Delhi,Android,10.6,38.5,180.7,130,2.5,1840,Gaming,11049
U11931,30,Female,Bangalore,iOS,8.0,11.4,104.9,82,4.2,1865,Gaming,10141
U11932,44,Other,Pune,iOS,1.8,8.0,99.0,110,2.9,1113,Gaming,4796
U11936,19,Other,Kolkata,iOS,8.6,30.0,75.0,41,1.8,514,Gaming,1369
U11937,39,Male,Lucknow,Android,5.7,42.5,279.8,121,3.4,1944,Gaming,10929
U11940,58,Other,Ahmedabad,Android,4.2,23.0,243.0,53,1.0,1747,Gaming,10486
U11949,44,Male,Pune,iOS,4.4,5.7,23.2,177,4.3,1093,Gaming,2018
U11954,51,Female,Bangalore,iOS,9.3,29.2,232.0,132,3.0,1286,Gaming,8533
U11956,36,Female,Delhi,iOS,5.8,22.5,236.1,21,2.9,469,Gaming,1876
U11958,16,Female,Bangalore,iOS,2.0,10.4,204.4,128,3.2,543,Gaming,3909
U11961,33,Female,Mumbai,Android,8.5,10.4,256.4,161,4.9,622,Gaming,6658
U11965,36,Female,Lucknow,iOS,11.3,30.5,69.0,156,0.7,197,Gaming,1866
U11973,45,Male,Chennai,iOS,7.5,17.8,196.2,107,4.7,532,Gaming,8099
U11984,34,Other,Chennai,iOS,5.2,7.1,127.4,158,3.2,842,Gaming,6079
U11987,20,Male,Hyderabad,iOS,7.9,45.0,134.8,61,3.5,1312,Gaming,10780
U11995,36,Other,Mumbai,iOS,11.5,28.5,187.8,147,0.3,1692,Gaming,7851
U11998,43,Male,Jaipur,iOS,2.5,6.5,224.5,143,3.6,1374,Gaming,5433
U11999,27,Male,Kolkata,Android,7.0,2.5,105.1,131,2.1,714,Gaming,1573
U12001,58,Female,Hyderabad,Android,3.3,44.1,35.7,39,3.6,1983,Gaming,11217
U12003,58,Other,Lucknow,iOS,1.7,18.8,288.1,150,1.4,646,Gaming,4627
U12008,34,Other,Chennai,Android,2.9,21.7,296.7,86,3.3,1266,Gaming,1903
U12021,27,Female,Pune,iOS,9.1,47.1,183.7,69,1.0,1484,Gaming,7828
U12032,38,Male,Delhi,iOS,9.3,1.6,216.4,102,1.5,1697,Gaming,8578
U12034,28,Other,Lucknow,iOS,8.0,46.6,71.3,100,3.1,1945,Gaming,9743
U12040,45,Male,Pune,Android,8.1,31.1,115.0,130,0.8,1034,Gaming,7624
U12043,15,Other,Pune,iOS,10.5,38.4,171.6,115,0.3,356,Gaming,2418
U12052,25,Female,Hyderabad,Android,2.9,11.7,25.4,57,0.8,701,Gaming,5851
U12054,36,Other,Ahmedabad,iOS,10.3,38.5,269.2,67,2.6,1094,Gaming,5069
U12058,58,Other,Ahmedabad,Android,7.4,17.7,273.9,157,1.7,1613,Gaming,2186
U12060,34,Male,Chennai,iOS,8.0,27.5,224.4,128,4.6,375,Gaming,3184
U12062,22,Female,Mumbai,Android,11.0,34.4,183.7,196,3.5,153,Gaming,6452
U12063,19,Other,Jaipur,Android,8.2,49.0,73.3,99,0.7,510,Gaming,8356
U12076,56,Other,Jaipur,Android,4.9,36.0,26.4,198,1.9,1190,Gaming,1664
U12084,43,Male,Jaipur,iOS,4.4,12.6,151.1,119,4.6,1469,Gaming,11210
U12085,47,Female,Delhi,Android,2.5,40.9,193.0,139,1.4,1754,Gaming,5250
U12093,17,Other,Chennai,iOS,3.1,21.8,23.0,26,0.0,1863,Gaming,7114
U12104,31,Female,Bangalore,Android,10.0,48.2,34.2,167,2.1,124,Gaming,6696
U12106,48,Female,Chennai,iOS,1.4,32.6,239.2,27,1.3,398,Gaming,6403
U12118,25,Male,Jaipur,iOS,11.3,16.2,179.5,83,0.5,498,Gaming,8952
U12123,38,Other,Chennai,Android,1.6,15.8,30.1,101,0.5,1634,Gaming,4543
U12133,17,Male,Delhi,iOS,9.6,24.4,96.0,189,4.9,648,Gaming,1211
U12142,47,Other,Lucknow,Android,3.7,25.8,235.2,137,3.4,952,Gaming,1260
U12143,60,Male,Chennai,iOS,6.9,5.6,253.5,16,1.2,636,Gaming,5566
U12147,24,Male,Pune,iOS,2.1,4.5,98.6,189,5.0,1802,Gaming,4181
U12149,32,Other,Bangalore,Android,10.7,42.4,230.7,143,2.4,1044,Gaming,8744
U12151,33,Other,Jaipur,Android,8.0,43.7,119.6,135,3.6,1798,Gaming,4096
U12153,29,Female,Lucknow,iOS,3.5,44.4,113.7,70,0.3,629,Gaming,2561
U12157,41,Female,Kolkata,iOS,6.8,5.2,258.4,165,0.0,843,Gaming,8185
U12158,15,Male,Chennai,iOS,11.9,42.1,13.5,12,3.3,1561,Gaming,9433
U12160,35,Female,Kolkata,iOS,5.9,3.6,238.3,124,5.0,1064,Gaming,3934
U12164,21,Male,Hyderabad,iOS,9.7,4.0,123.3,90,0.3,1251,Gaming,10822
U12166,57,Male,Delhi,Android,2.9,13.3,190.0,104,0.3,1125,Gaming,10594
U12172,19,Female,Pune,Android,1.8,21.1,21.2,117,2.4,1142,Gaming,9726
U12182,25,Other,Chennai,Android,4.2,21.8,89.6,109,1.8,354,Gaming,1463
U12185,16,Other,Pune,iOS,5.7,31.7,150.0,119,4.4,1015,Gaming,6222
U12189,31,Female,Pune,Android,11.4,47.5,163.4,115,0.3,549,Gaming,9835
U12191,55,Female,Ahmedabad,Android,1.1,10.5,140.0,98,4.0,990,Gaming,10945
U12193,22,Male,Delhi,Android,1.4,48.7,63.8,191,4.1,308,Gaming,5101
U12196,34,Other,Kolkata,Android,10.2,11.6,67.2,166,4.2,660,Gaming,8428
U12199,16,Female,Chennai,iOS,1.0,32.6,215.4,158,4.9,228,Gaming,2239
U12200,21,Male,Delhi,Android,4.1,32.1,122.8,89,3.2,1472,Gaming,5477
U12207,33,Female,Jaipur,Android,2.8,19.1,297.0,59,3.9,609,Gaming,5031
U12227,57,Other,Delhi,Android,10.9,27.8,43.3,118,2.2,786,Gaming,10006
U12239,22,Female,Delhi,Android,7.2,14.7,257.4,191,1.7,1957,Gaming,7045
U12244,45,Male,Chennai,iOS,4.8,9.8,146.0,172,3.9,734,Gaming,5354
U12245,52,Female,Kolkata,iOS,1.2,27.3,174.9,113,4.0,1780,Gaming,11305
U12249,18,Female,Jaipur,iOS,7.0,25.8,53.8,131,2.7,1941,Gaming,9701
U12252,30,Other,Mumbai,iOS,2.2,40.5,108.0,141,3.7,884,Gaming,1158
U12254,39,Female,Hyderabad,iOS,11.5,39.7,224.5,71,3.7,451,Gaming,7458
U12266,38,Other,Jaipur,iOS,3.7,31.1,53.5,27,1.0,153,Gaming,4675
U12268,53,Female,Chennai,iOS,9.4,29.0,163.7,178,4.3,1862,Gaming,5036
U12272,49,Female,Mumbai,Android,9.3,16.0,226.4,143,1.9,1209,Gaming,7580
U12273,28,Male,Hyderabad,iOS,8.9,9.9,222.1,37,4.8,1997,Gaming,10061
U12281,45,Other,Pune,Android,7.8,26.2,299.7,127,3.4,580,Gaming,5986
U12285,49,Male,Bangalore,Android,6.9,29.7,105.3,57,3.7,370,Gaming,2743
U12288,53,Male,Lucknow,iOS,4.1,13.2,62.2,45,1.8,1105,Gaming,2102
U12315,47,Other,Ahmedabad,Android,1.2,44.3,227.2,155,4.4,1416,Gaming,2165
U12327,49,Female,Lucknow,Android,1.4,47.3,189.5,178,2.9,1666,Gaming,7957
U12335,55,Male,Delhi,Android,2.5,41.9,97.1,46,3.1,998,Gaming,10667
U12337,26,Female,Ahmedabad,iOS,7.9,20.9,158.5,51,0.4,1712,Gaming,9995
U12339,53,Other,Ahmedabad,iOS,10.4,19.7,57.2,26,1.1,449,Gaming,2729
U12340,36,Female,Ahmedabad,iOS,8.9,22.9,7.3,126,1.3,1062,Gaming,4534
U12344,46,Other,Jaipur,Android,3.9,9.8,164.1,34,3.7,650,Gaming,5134
U12348,29,Other,Hyderabad,Android,9.1,22.2,236.5,64,2.7,136,Gaming,4001
U12361,18,Female,Bangalore,Android,5.2,15.4,159.0,98,2.9,257,Gaming,902
U12362,60,Other,Ahmedabad,iOS,8.8,38.8,230.0,107,2.9,1038,Gaming,10933
U12366,18,Male,Lucknow,Android,9.1,8.0,20.7,192,4.4,1042,Gaming,3243
U12376,60,Other,Chennai,iOS,4.9,7.3,281.1,65,1.3,1247,Gaming,8969
U12381,47,Female,Kolkata,iOS,8.9,27.6,250.2,192,3.1,1492,Gaming,3030
U12383,45,Other,Kolkata,iOS,8.0,20.7,282.4,62,3.5,1107,Gaming,9340
U12392,46,Other,Lucknow,Android,9.6,16.9,182.0,56,2.0,886,Gaming,4643
U12394,45,Male,Pune,Android,8.3,39.5,254.4,153,2.0,1254,Gaming,8273
U12397,51,Male,Pune,Android,9.8,4.1,118.2,22,2.3,943,Gaming,4657
U12411,16,Male,Jaipur,Android,3.2,34.6,160.9,22,3.8,983,Gaming,9553
U12423,54,Other,Mumbai,iOS,9.5,29.7,150.0,37,3.7,610,Gaming,5910
U12428,42,Male,Kolkata,iOS,2.8,16.3,145.8,85,3.3,1047,Gaming,5405
U12439,30,Male,Hyderabad,Android,9.4,1.2,231.5,200,0.4,168,Gaming,1277
U12440,15,Other,Hyderabad,iOS,9.1,49.4,133.5,159,5.0,100,Gaming,5618
U12445,16,Male,Pune,iOS,8.0,42.8,235.5,88,3.6,1317,Gaming,6165
U12447,30,Male,Hyderabad,Android,2.6,49.8,158.5,70,2.8,503,Gaming,6013
U12460,20,Female,Hyderabad,Android,4.2,40.5,41.6,151,3.6,181,Gaming,5392
U12461,50,Female,Hyderabad,iOS,8.4,25.3,298.7,50,3.7,1951,Gaming,10478
U12474,22,Female,Pune,iOS,5.0,26.5,44.3,76,2.2,868,Gaming,5412
U12479,58,Female,Jaipur,Android,4.7,47.9,116.8,118,1.3,1289,Gaming,4288
U12485,34,Male,Chennai,Android,8.9,20.5,87.0,88,2.7,475,Gaming,10278
U12525,23,Other,Lucknow,Android,6.8,4.3,128.6,83,2.7,1603,Gaming,10199
U12530,43,Female,Pune,iOS,7.2,49.9,167.3,190,3.8,465,Gaming,621
U12531,55,Male,Kolkata,iOS,8.4,43.7,234.3,99,2.6,761,Gaming,1728
U12540,22,Female,Mumbai,Android,2.9,14.5,206.2,46,4.7,1556,Gaming,9317
U12551,21,Female,Pune,Android,8.9,33.9,189.7,193,1.2,1923,Gaming,3943
U12555,37,Male,Chennai,iOS,2.9,18.6,270.9,126,3.7,173,Gaming,8173
U12560,19,Other,Mumbai,iOS,10.2,5.2,37.0,86,2.5,715,Gaming,2446
U12562,46,Male,Kolkata,iOS,8.2,22.2,64.6,97,4.3,610,Gaming,5100
U12563,15,Male,Chennai,iOS,7.5,17.4,264.4,88,3.1,1504,Gaming,3641
U12566,37,Male,Lucknow,iOS,7.1,46.1,197.1,56,0.7,1950,Gaming,7890
U12569,24,Male,Chennai,Android,7.3,11.8,211.7,84,3.5,139,Gaming,3325
U12570,55,Female,Hyderabad,Android,2.1,3.2,259.7,35,2.6,1401,Gaming,8956
U12584,59,Male,Jaipur,iOS,10.0,35.4,59.7,183,1.8,804,Gaming,4149
U12589,49,Male,Chennai,iOS,2.0,17.3,206.6,75,0.2,1023,Gaming,9022
U12626,28,Male,Hyderabad,Android,4.3,10.0,235.7,177,2.0,465,Gaming,1082
U12639,18,Male,Chennai,Android,5.5,6.4,75.1,70,2.8,459,Gaming,4340
U12647,53,Male,Kolkata,Android,4.3,18.9,59.7,142,3.6,1667,Gaming,3218
U12649,57,Male,Kolkata,iOS,7.4,13.2,196.2,145,4.9,1041,Gaming,5683
U12652,29,Other,Jaipur,iOS,2.3,26.6,164.5,114,4.0,172,Gaming,2826
U12655,29,Female,Hyderabad,Android,4.5,40.9,251.4,51,3.9,129,Gaming,7566
U12659,21,Female,Jaipur,iOS,5.9,5.5,96.5,85,2.3,1525,Gaming,11450
U12677,38,Female,Kolkata,iOS,3.3,22.0,218.3,134,4.3,539,Gaming,1940
U12686,45,Other,Kolkata,iOS,3.1,46.7,186.9,127,2.0,123,Gaming,1960
U12688,27,Male,Bangalore,Android,11.1,31.5,139.7,153,2.0,823,Gaming,5590
U12690,41,Female,Delhi,iOS,8.4,37.7,274.4,122,1.3,1219,Gaming,3972
U12692,17,Other,Hyderabad,Android,10.9,38.0,214.4,139,0.1,845,Gaming,8899
U12704,16,Female,Kolkata,Android,1.3,38.7,255.4,113,0.1,1901,Gaming,11294
U12719,54,Other,Bangalore,iOS,9.1,22.4,134.2,163,0.9,170,Gaming,6930
U12720,24,Female,Chennai,Android,7.1,19.5,80.9,159,1.2,1665,Gaming,5810
U12721,15,Other,Delhi,iOS,1.7,16.4,61.2,38,0.8,1951,Gaming,7806
U12732,35,Other,Bangalore,Android,5.6,1.3,210.1,32,4.5,819,Gaming,4630
U12742,33,Male,Bangalore,Android,11.6,6.5,149.9,53,2.7,1368,Gaming,3197
U12747,41,Male,Jaipur,Android,5.9,38.2,154.6,21,0.2,1741,Gaming,9742
U12749,56,Other,Ahmedabad,iOS,10.9,48.3,89.4,69,4.9,486,Gaming,1074
U12759,26,Male,Kolkata,Android,1.1,21.3,12.2,98,2.3,1051,Gaming,2149
U12770,33,Other,Lucknow,Android,1.3,31.8,144.9,100,3.4,699,Gaming,2209
U12774,19,Male,Hyderabad,Android,11.3,1.6,74.4,21,4.3,1738,Gaming,6874
U12775,54,Female,Chennai,Android,2.5,27.5,45.6,18,0.7,679,Gaming,5506
U12782,23,Female,Ahmedabad,iOS,8.3,38.9,141.4,27,5.0,1130,Gaming,9329
U12788,34,Female,Ahmedabad,Android,3.4,20.1,96.7,179,3.3,1027,Gaming,2430
U12789,46,Female,Mumbai,Android,8.1,42.9,39.9,86,2.7,1741,Gaming,6200
U12802,42,Male,Chennai,Android,5.1,48.4,27.4,29,2.3,1632,Gaming,8651
U12803,49,Female,Chennai,iOS,2.7,25.5,214.1,81,2.3,813,Gaming,4697
U12808,43,Female,Lucknow,iOS,2.1,34.0,129.8,120,0.8,1978,Gaming,5732
U12809,46,Female,Pune,Android,8.8,1.2,109.5,186,3.2,1064,Gaming,7198
U12811,48,Female,Delhi,iOS,4.3,17.7,126.5,193,2.4,116,Gaming,6674
U12819,25,Other,Jaipur,Android,12.0,30.8,282.2,83,1.2,1041,Gaming,7250
U12837,55,Other,Lucknow,iOS,4.0,13.1,45.7,110,2.4,796,Gaming,3648
U12842,57,Other,Ahmedabad,Android,4.8,43.2,295.0,148,4.0,1139,Gaming,7696
U12854,60,Other,Chennai,Android,3.9,42.0,47.9,13,4.2,1950,Gaming,9160
U12860,45,Male,Bangalore,iOS,4.2,38.8,265.4,55,2.7,185,Gaming,2813
U12865,28,Male,Lucknow,Android,8.6,8.3,132.7,68,3.3,1375,Gaming,8052
U12868,24,Male,Lucknow,iOS,1.9,36.2,19.0,78,1.9,783,Gaming,9732
U12876,47,Other,Mumbai,Android,3.4,36.9,179.3,101,1.5,345,Gaming,4941
U12879,16,Other,Bangalore,iOS,11.7,34.7,259.9,39,4.5,1036,Gaming,5406
U12886,58,Other,Delhi,iOS,2.7,45.9,36.6,38,3.8,518,Gaming,7506
U12892,50,Female,Jaipur,iOS,10.7,36.5,46.0,41,3.6,787,Gaming,6081
U12902,35,Female,Delhi,Android,4.7,32.3,294.2,80,0.5,428,Gaming,6242
U12917,51,Female,Bangalore,iOS,8.6,1.4,42.5,86,2.6,393,Gaming,1928
U12930,16,Male,Hyderabad,iOS,1.5,25.7,97.8,151,3.0,146,Gaming,8364
U12932,47,Other,Mumbai,Android,2.2,32.8,35.4,75,0.4,1516,Gaming,9020
U12945,15,Other,Kolkata,iOS,1.0,2.5,26.4,95,1.0,1008,Gaming,2957
U12948,60,Female,Jaipur,iOS,1.5,7.6,108.3,86,2.1,1693,Gaming,10123
U12954,55,Other,Kolkata,Android,4.7,38.8,220.9,117,4.1,444,Gaming,7262
U12956,21,Other,Chennai,iOS,2.8,40.4,37.3,172,3.4,1997,Gaming,7600
U12961,37,Female,Lucknow,iOS,6.7,31.3,281.2,23,3.2,1159,Gaming,7929
U12969,18,Male,Pune,Android,10.1,48.6,199.5,71,3.8,1638,Gaming,10297
U12972,24,Other,Delhi,iOS,6.1,12.8,78.3,39,2.2,973,Gaming,1983
U12973,36,Other,Chennai,Android,3.7,31.3,22.3,165,4.6,572,Gaming,3865
U12975,56,Other,Hyderabad,iOS,3.5,21.0,159.5,185,1.0,105,Gaming,1275
U12978,22,Other,Mumbai,Android,3.0,6.0,192.1,121,2.3,1740,Gaming,9526
U12980,22,Female,Delhi,Android,11.5,1.6,287.0,64,1.8,1123,Gaming,4684
U12984,41,Female,Delhi,Android,7.9,19.9,99.9,172,3.3,369,Gaming,8684
U12985,34,Male,Chennai,iOS,7.7,35.1,155.4,182,2.5,1513,Gaming,3680
U12992,19,Other,Ahmedabad,Android,8.1,7.6,202.2,140,2.5,1981,Gaming,10492
U12994,30,Male,Kolkata,Android,4.5,5.2,15.2,122,0.6,776,Gaming,1957
U12998,15,Other,Jaipur,Android,5.8,44.9,127.3,199,3.5,869,Gaming,1043
U13000,53,Female,Ahmedabad,iOS,8.0,32.6,178.0,96,4.1,999,Gaming,1720
U13001,39,Female,Ahmedabad,iOS,7.1,37.6,262.2,136,3.3,238,Gaming,9843
U13003,47,Female,Ahmedabad,iOS,3.7,9.7,166.1,45,2.9,1124,Gaming,10648
U13010,51,Female,Delhi,iOS,11.6,43.8,240.5,89,1.3,686,Gaming,1049
U13014,37,Female,Ahmedabad,Android,6.6,31.7,8.0,192,4.4,797,Gaming,10262
U13018,40,Other,Pune,Android,8.8,30.4,179.2,101,0.0,266,Gaming,1487
U13023,28,Other,Kolkata,iOS,11.2,29.2,263.6,196,1.0,380,Gaming,1468
U13027,53,Other,Ahmedabad,Android,8.3,25.0,188.5,104,4.3,1269,Gaming,8215
U13029,59,Other,Jaipur,iOS,5.2,29.1,179.6,57,3.5,812,Gaming,6347
U13036,53,Female,Mumbai,Android,9.7,1.0,60.0,196,0.5,1519,Gaming,6679
U13037,33,Female,Mumbai,iOS,4.3,49.2,282.1,59,4.8,946,Gaming,1960
U13040,50,Male,Jaipur,Android,9.8,31.7,131.2,40,0.9,436,Gaming,3260
U13061,21,Female,Lucknow,iOS,8.2,20.7,56.0,171,0.4,1982,Gaming,6747
U13071,59,Female,Bangalore,iOS,11.1,25.2,153.4,75,3.3,793,Gaming,10147
U13081,29,Male,Bangalore,iOS,2.0,30.5,258.0,189,0.1,1579,Gaming,4560
U13093,17,Male,Delhi,Android,10.3,14.8,28.2,168,0.4,1330,Gaming,3659
U13100,34,Female,Bangalore,Android,5.2,17.3,202.2,69,0.2,1714,Gaming,7401
U13102,20,Female,Delhi,iOS,5.4,47.5,274.8,112,3.1,1174,Gaming,2778
U13110,52,Other,Kolkata,Android,5.9,36.5,235.3,138,1.8,419,Gaming,7215
U13122,43,Female,Lucknow,Android,5.7,16.6,137.5,86,3.6,1056,Gaming,10008
U13128,55,Male,Kolkata,Android,9.2,14.1,60.0,21,4.3,1544,Gaming,3487
U13132,41,Female,Ahmedabad,Android,9.2,42.5,235.5,25,4.2,625,Gaming,7511
U13145,32,Female,Hyderabad,Android,2.1,22.7,123.1,33,4.8,797,Gaming,5859
U13148,36,Other,Jaipur,iOS,10.8,47.5,43.1,23,3.2,1154,Gaming,10325
U13150,46,Female,Bangalore,Android,5.0,22.5,187.5,57,0.7,1005,Gaming,5390
U13157,28,Female,Lucknow,iOS,4.2,40.3,39.5,88,3.6,1164,Gaming,2086
U13161,20,Other,Bangalore,iOS,2.3,28.5,194.4,112,4.0,1182,Gaming,5677
U13164,46,Female,Delhi,iOS,11.7,44.9,177.6,78,1.3,1595,Gaming,9415
U13168,55,Female,Pune,iOS,9.1,5.4,145.8,128,2.2,1584,Gaming,9754
U13170,16,Female,Kolkata,iOS,6.0,48.0,27.4,139,2.3,1870,Gaming,10936
U13171,16,Other,Chennai,iOS,1.5,47.2,152.0,76,2.1,478,Gaming,7969
U13180,50,Male,Pune,Android,11.5,32.4,256.7,14,4.0,199,Gaming,5525
U13186,57,Other,Mumbai,Android,8.0,26.5,33.8,132,1.5,432,Gaming,1514
U13192,43,Female,Mumbai,iOS,4.2,42.1,56.5,174,4.5,851,Gaming,9809
U13194,30,Other,Mumbai,iOS,9.4,14.1,231.7,162,4.9,514,Gaming,4791
U13199,47,Other,Hyderabad,iOS,10.7,2.1,79.3,121,0.5,1892,Gaming,2285
U13206,54,Other,Delhi,Android,3.3,41.4,190.0,114,0.4,1003,Gaming,10735
U13209,52,Female,Hyderabad,Android,11.3,18.4,210.1,173,1.7,1594,Gaming,2016
U13211,18,Male,Mumbai,iOS,4.4,11.9,116.0,69,4.4,1404,Gaming,3338
U13212,17,Other,Chennai,iOS,2.3,12.6,72.3,42,1.9,1204,Gaming,7984
U13215,17,Female,Ahmedabad,iOS,6.5,16.9,174.4,122,2.2,1511,Gaming,7497
U13217,58,Female,Delhi,Android,2.2,42.6,59.3,100,3.0,1602,Gaming,3739
U13225,48,Male,Chennai,iOS,6.1,1.3,280.5,14,4.9,937,Gaming,5779
U13226,25,Female,Kolkata,Android,7.4,15.2,114.8,138,0.6,972,Gaming,1312
U13227,59,Male,Kolkata,Android,10.8,49.4,227.4,94,1.4,1750,Gaming,2780
U13228,27,Other,Chennai,Android,5.1,16.5,21.7,156,1.7,188,Gaming,5040
U13239,21,Male,Chennai,iOS,8.7,23.6,298.0,180,5.0,176,Gaming,3269
U13243,52,Male,Lucknow,iOS,10.0,19.2,250.4,74,1.2,2000,Gaming,9791
U13248,50,Female,Mumbai,iOS,10.4,18.3,23.0,126,0.1,649,Gaming,9084
U13252,23,Male,Mumbai,Android,2.6,27.4,81.2,20,2.4,720,Gaming,8663
U13260,19,Other,Jaipur,iOS,5.6,33.8,68.6,84,2.1,332,Gaming,9353
U13265,44,Female,Kolkata,iOS,11.7,10.8,51.0,116,1.9,595,Gaming,3019
U13267,49,Male,Delhi,Android,5.2,32.4,193.8,140,3.5,138,Gaming,6450
U13272,49,Female,Ahmedabad,Android,1.7,6.3,282.1,116,1.7,1293,Gaming,3485
U13273,25,Other,Pune,iOS,1.3,6.6,99.0,97,2.4,170,Gaming,7416
U13275,25,Female,Ahmedabad,iOS,4.8,36.2,173.0,183,4.8,1610,Gaming,8529
U13291,50,Other,Delhi,Android,6.0,29.1,225.7,79,2.9,998,Gaming,9917
U13294,51,Male,Hyderabad,iOS,4.7,12.5,39.9,159,1.9,1692,Gaming,4855
U13296,33,Other,Bangalore,iOS,5.6,15.9,144.4,197,1.6,243,Gaming,1149
U13300,47,Female,Bangalore,Android,4.2,27.9,222.5,84,4.6,653,Gaming,6129
U13302,33,Male,Chennai,iOS,6.2,4.4,267.8,194,2.8,905,Gaming,2071
U13314,55,Other,Ahmedabad,Android,10.7,8.7,54.7,165,4.5,1082,Gaming,9185
U13318,20,Male,Hyderabad,Android,3.2,38.5,182.8,119,2.4,1792,Gaming,8829
U13319,32,Female,Lucknow,iOS,8.6,2.3,226.5,86,3.1,1170,Gaming,7957
U13321,19,Female,Chennai,iOS,1.3,18.1,63.7,34,3.3,846,Gaming,6917
U13333,25,Female,Chennai,iOS,8.9,34.2,37.2,106,3.6,1163,Gaming,6309
U13336,30,Other,Jaipur,Android,5.7,37.1,62.6,188,2.0,614,Gaming,5042
U13340,42,Other,Chennai,Android,11.0,42.8,261.4,150,4.3,1185,Gaming,1400
U13349,43,Other,Delhi,Android,8.9,21.1,258.8,49,0.3,208,Gaming,696
U13357,44,Male,Delhi,Android,8.3,45.5,136.9,17,2.5,262,Gaming,9121
U13359,29,Male,Hyderabad,iOS,8.5,17.6,143.2,92,0.6,434,Gaming,999
U13360,28,Other,Kolkata,iOS,11.1,2.5,45.0,145,0.8,964,Gaming,1704
U13363,46,Male,Mumbai,Android,1.7,5.1,9.5,123,4.2,1067,Gaming,3669
U13365,23,Male,Bangalore,iOS,8.2,35.9,80.4,109,2.1,1693,Gaming,4104
U13368,46,Female,Lucknow,iOS,5.7,34.2,176.9,175,4.8,1765,Gaming,7985
U13386,44,Other,Chennai,iOS,10.9,15.8,84.2,66,1.4,1648,Gaming,9936
U13392,54,Female,Delhi,iOS,10.4,3.5,182.5,81,3.8,195,Gaming,5271
U13397,29,Other,Lucknow,Android,5.0,42.6,147.1,145,2.3,1413,Gaming,5509
U13400,43,Male,Jaipur,Android,2.8,18.7,189.1,10,4.6,330,Gaming,8108
U13403,54,Female,Lucknow,iOS,11.6,45.4,100.8,57,1.3,221,Gaming,9895
U13405,51,Male,Jaipur,Android,3.0,4.8,92.8,16,3.7,1930,Gaming,10385
U13415,27,Other,Kolkata,iOS,7.5,42.6,59.2,43,3.4,1990,Gaming,10747
U13418,43,Other,Bangalore,iOS,8.1,34.4,275.7,135,0.6,1682,Gaming,7728
U13419,45,Female,Hyderabad,iOS,4.0,36.2,34.8,88,3.1,1812,Gaming,4645
U13428,15,Other,Bangalore,Android,10.1,29.7,228.5,195,1.0,1823,Gaming,5902
U13431,26,Other,Hyderabad,Android,11.5,7.1,55.5,130,0.3,1702,Gaming,3662
U13438,60,Other,Delhi,Android,5.0,28.5,264.4,38,4.0,621,Gaming,1939
U13445,31,Other,Chennai,iOS,6.6,11.3,153.1,135,5.0,1942,Gaming,8362
U13447,49,Other,Ahmedabad,iOS,4.5,26.4,241.0,42,2.3,1787,Gaming,2794
U13454,26,Male,Chennai,iOS,4.5,9.3,205.4,123,1.7,1786,Gaming,8576
U13455,36,Female,Mumbai,iOS,8.7,10.3,172.0,158,4.3,208,Gaming,8063
U13464,52,Male,Kolkata,Android,6.7,7.8,157.6,106,2.0,1565,Gaming,5274
U13466,20,Male,Ahmedabad,Android,6.9,36.3,131.1,87,1.4,820,Gaming,7330
U13467,32,Male,Delhi,iOS,10.0,18.8,293.9,67,3.7,458,Gaming,5115
U13470,27,Other,Hyderabad,iOS,4.0,39.9,209.4,171,4.3,266,Gaming,988
U13491,37,Other,Pune,Android,7.3,16.3,146.0,135,3.1,132,Gaming,1703
U13494,54,Female,Delhi,Android,2.9,21.4,66.7,128,4.0,1024,Gaming,4242
U13507,17,Male,Mumbai,Android,7.7,22.5,155.7,195,1.2,1680,Gaming,7632
U13512,30,Female,Chennai,iOS,1.7,7.1,279.3,11,4.5,446,Gaming,1187
U13514,31,Female,Hyderabad,Android,6.2,18.4,31.0,164,4.6,462,Gaming,1705
U13532,16,Female,Lucknow,Android,11.6,21.6,215.2,77,0.9,797,Gaming,2509
U13534,41,Other,Jaipur,Android,3.1,14.6,20.8,83,5.0,807,Gaming,4905
U13549,21,Female,Jaipur,iOS,11.4,37.1,122.2,106,4.2,908,Gaming,3825
U13551,37,Male,Delhi,Android,10.6,11.6,270.1,114,1.3,246,Gaming,7759
U13552,34,Male,Bangalore,Android,10.6,23.4,23.8,200,3.2,1667,Gaming,11618
U13557,39,Female,Kolkata,Android,7.0,49.7,105.9,138,3.9,1625,Gaming,4776
U13558,59,Male,Pune,iOS,5.7,33.2,137.0,23,2.2,1866,Gaming,3717
U13563,36,Other,Bangalore,Android,11.6,18.8,281.5,113,3.0,1470,Gaming,7250
U13567,19,Male,Bangalore,Android,7.3,18.0,271.7,49,2.9,1984,Gaming,11493
U13573,25,Other,Jaipur,iOS,8.3,21.5,67.3,137,3.6,578,Gaming,8040
U13576,45,Other,Ahmedabad,iOS,5.7,33.2,241.6,21,0.4,443,Gaming,626
U13586,35,Female,Chennai,iOS,10.7,45.9,258.8,20,3.3,944,Gaming,8206
U13591,44,Male,Mumbai,Android,10.3,46.5,117.2,174,3.3,1947,Gaming,4842
U13597,41,Other,Lucknow,iOS,4.6,35.1,109.4,110,4.7,1055,Gaming,2658
U13603,24,Other,Mumbai,iOS,6.5,32.7,169.9,28,0.9,442,Gaming,6905
U13607,52,Male,Pune,Android,10.5,29.3,126.3,85,0.9,646,Gaming,7387
U13619,26,Female,Hyderabad,iOS,3.3,3.9,164.0,70,2.9,330,Gaming,5254
U13628,36,Other,Hyderabad,Android,1.9,31.1,241.6,186,3.4,1334,Gaming,3100
U13631,46,Other,Jaipur,iOS,7.0,23.7,168.2,73,3.1,1056,Gaming,8292
U13639,57,Male,Lucknow,Android,1.1,25.8,104.0,42,2.9,435,Gaming,7421
U13640,43,Other,Jaipur,Android,8.9,28.2,26.7,174,2.7,1039,Gaming,4878
U13643,37,Other,Bangalore,Android,6.5,39.4,206.5,13,3.8,657,Gaming,7982
U13645,24,Male,Mumbai,Android,6.5,25.0,102.0,174,1.1,508,Gaming,5557
U13657,48,Female,Bangalore,Android,1.6,35.9,127.2,145,3.4,622,Gaming,3533
U13670,59,Female,Bangalore,iOS,6.5,17.8,152.0,68,1.9,1668,Gaming,5626
U13675,59,Other,Delhi,Android,7.5,39.0,135.3,118,4.8,499,Gaming,7358
U13677,56,Male,Mumbai,Android,1.4,9.2,262.8,92,4.2,396,Gaming,6476
U13682,38,Other,Hyderabad,Android,8.6,34.4,88.5,20,5.0,504,Gaming,5116
U13688,55,Other,Ahmedabad,iOS,3.5,27.2,115.7,79,0.1,1536,Gaming,8371
U13693,36,Other,Kolkata,Android,11.7,44.4,69.1,88,3.9,1340,Gaming,5343
U13695,45,Male,Hyderabad,iOS,8.7,12.2,160.6,161,3.3,155,Gaming,8371
U13702,17,Male,Delhi,iOS,8.5,21.3,212.4,21,3.3,592,Gaming,2929
U13707,50,Male,Ahmedabad,iOS,3.7,14.6,247.2,57,1.9,1465,Gaming,2969
U13709,47,Other,Bangalore,iOS,11.2,10.9,132.3,105,3.9,464,Gaming,9393
U13710,27,Male,Delhi,Android,5.2,41.1,82.3,119,3.5,823,Gaming,4317
U13713,38,Other,Ahmedabad,iOS,6.4,30.1,144.7,108,2.4,1160,Gaming,2642
U13717,48,Male,Ahmedabad,Android,1.6,10.0,219.5,125,2.8,248,Gaming,7294
U13718,40,Male,Jaipur,Android,11.4,17.1,148.9,49,2.0,782,Gaming,3604
U13722,39,Female,Mumbai,Android,8.4,19.5,82.7,170,4.1,1246,Gaming,2436
U13726,19,Other,Bangalore,iOS,2.1,10.9,293.6,71,2.1,973,Gaming,6221
U13728,18,Other,Mumbai,iOS,2.6,34.1,106.5,145,3.0,296,Gaming,1174
U13731,38,Male,Ahmedabad,iOS,2.5,43.5,99.4,27,3.5,206,Gaming,5785
U13734,19,Female,Jaipur,Android,9.3,17.1,72.2,200,3.8,325,Gaming,8191
U13744,34,Male,Mumbai,iOS,10.0,48.3,98.8,105,2.5,1804,Gaming,5454
U13746,28,Other,Bangalore,iOS,2.1,21.8,295.0,30,3.7,736,Gaming,8903
U13751,46,Other,Kolkata,iOS,3.0,38.4,95.8,29,3.5,536,Gaming,5930
U13754,21,Female,Jaipur,Android,4.1,39.3,195.8,73,1.6,1133,Gaming,2296
U13760,23,Other,Chennai,iOS,10.1,37.6,6.8,115,4.9,1221,Gaming,9902
U13761,22,Male,Chennai,Android,10.4,35.3,196.2,157,0.7,374,Gaming,7803
U13767,15,Male,Lucknow,Android,7.9,38.1,233.3,87,3.6,910,Gaming,10871
U13782,16,Male,Mumbai,Android,5.7,45.4,89.0,108,1.1,1007,Gaming,8139
U13786,32,Male,Bangalore,Android,1.8,8.5,200.8,11,1.1,1518,Gaming,8632
U13795,57,Female,Kolkata,Android,8.6,1.8,30.1,40,2.2,1704,Gaming,7485
U13797,32,Other,Ahmedabad,iOS,7.0,47.4,149.8,68,1.0,329,Gaming,9149
U13799,50,Male,Mumbai,Android,7.7,48.8,267.3,102,2.9,1455,Gaming,9374
U13802,40,Other,Delhi,Android,7.1,30.4,255.0,119,4.8,1166,Gaming,2705
U13806,53,Male,Chennai,iOS,8.8,38.1,292.5,46,2.2,387,Gaming,2284
U13809,60,Female,Lucknow,iOS,2.1,3.7,204.0,68,3.8,510,Gaming,2405
U13810,54,Female,Lucknow,iOS,3.7,28.1,291.2,109,4.2,685,Gaming,4404
U13822,38,Female,Jaipur,Android,4.6,14.0,213.7,15,4.4,1375,Gaming,11189
U13823,22,Female,Chennai,Android,7.6,44.1,68.7,193,3.7,886,Gaming,4154
U13824,59,Female,Kolkata,iOS,7.0,2.1,95.9,159,1.5,1810,Gaming,10876
U13834,36,Other,Lucknow,Android,10.5,46.4,252.9,70,4.7,1272,Gaming,3417
U13848,50,Female,Pune,iOS,9.5,16.6,56.1,44,2.1,1578,Gaming,9051
U13849,49,Other,Hyderabad,iOS,10.1,49.9,179.7,102,1.0,648,Gaming,5029
U13850,17,Male,Chennai,Android,7.6,28.1,30.6,91,2.5,1111,Gaming,2007
U13852,38,Female,Kolkata,Android,10.9,19.3,184.9,163,4.3,1726,Gaming,2989
U13858,17,Female,Lucknow,Android,3.9,46.3,74.4,53,2.0,190,Gaming,6199
U13861,48,Female,Lucknow,iOS,10.2,45.3,223.0,68,2.5,1188,Gaming,4374
U13868,55,Other,Hyderabad,Android,1.7,16.6,171.7,167,4.6,728,Gaming,7485
U13874,20,Female,Bangalore,Android,10.3,27.6,286.4,79,1.1,619,Gaming,3739
U13878,36,Male,Jaipur,iOS,3.6,10.3,295.4,19,1.0,1101,Gaming,3901
U13879,39,Male,Pune,iOS,6.5,43.8,216.1,76,3.2,891,Gaming,6211
U13881,47,Male,Jaipur,Android,1.2,41.3,191.2,106,1.1,834,Gaming,4896
U13885,43,Female,Ahmedabad,iOS,4.1,20.5,49.8,95,4.2,910,Gaming,8011
U13889,18,Female,Ahmedabad,iOS,9.9,17.2,164.4,21,0.0,560,Gaming,8209
U13905,31,Female,Jaipur,iOS,3.7,29.2,33.2,109,0.6,1987,Gaming,5234
U13913,53,Male,Jaipur,iOS,10.5,36.1,208.9,55,3.1,110,Gaming,5666
U13920,20,Other,Kolkata,iOS,8.0,40.0,218.4,93,3.8,1620,Gaming,8934
U13929,23,Other,Delhi,iOS,8.9,35.5,188.8,143,3.0,1722,Gaming,6023
U13935,16,Male,Kolkata,Android,4.9,14.3,181.2,15,4.4,490,Gaming,3055
U13946,54,Other,Delhi,Android,7.2,29.8,273.1,79,4.1,842,Gaming,9850
U13953,36,Male,Ahmedabad,Android,11.5,48.7,276.0,177,3.8,436,Gaming,571
U13957,56,Male,Ahmedabad,iOS,10.6,13.2,66.5,193,4.3,266,Gaming,7043
U13963,32,Other,Delhi,Android,7.6,5.0,16.3,168,3.3,1676,Gaming,7979
U13967,32,Other,Kolkata,Android,9.2,27.7,140.4,109,2.4,1574,Gaming,5532
U13979,19,Female,Lucknow,iOS,5.9,37.0,126.3,93,1.3,1573,Gaming,4079
U13984,49,Male,Ahmedabad,iOS,10.6,5.4,16.3,159,1.1,1479,Gaming,7917
U14003,47,Other,Ahmedabad,iOS,11.4,25.5,253.7,72,1.7,1330,Gaming,3355
U14005,60,Other,Lucknow,iOS,11.8,46.3,141.7,37,1.7,1340,Gaming,10279
U14006,54,Female,Delhi,Android,1.6,48.0,232.8,179,0.5,1046,Gaming,2916
U14012,32,Male,Ahmedabad,iOS,10.9,34.1,286.4,78,1.5,769,Gaming,1806
U14017,28,Male,Mumbai,iOS,6.8,44.6,192.9,152,4.9,1922,Gaming,9085
U14030,24,Other,Bangalore,Android,2.0,38.9,263.0,129,2.7,378,Gaming,1574
U14032,55,Female,Pune,Android,1.9,25.6,31.4,102,4.2,1706,Gaming,1934
U14033,53,Other,Ahmedabad,Android,1.2,47.6,166.0,79,3.6,825,Gaming,1657
U14048,51,Other,Hyderabad,Android,10.5,2.4,66.0,11,4.0,1240,Gaming,4491
U14064,53,Male,Bangalore,iOS,4.9,7.5,208.4,55,4.3,1065,Gaming,4886
U14067,19,Male,Mumbai,iOS,4.4,22.1,231.7,70,2.1,611,Gaming,1274
U14068,46,Female,Lucknow,iOS,9.1,25.7,278.2,100,1.3,991,Gaming,9070
U14074,60,Female,Hyderabad,Android,5.3,9.5,123.1,15,0.2,616,Gaming,5326
U14078,38,Other,Kolkata,iOS,7.4,43.1,283.5,160,2.3,1737,Gaming,8461
U14083,58,Male,Lucknow,iOS,11.3,24.0,123.5,11,1.6,1984,Gaming,9957
U14087,52,Female,Bangalore,Android,8.4,40.4,30.1,60,2.7,1726,Gaming,5950
U14094,48,Male,Lucknow,Android,4.2,37.0,137.9,186,4.9,1435,Gaming,8930
U14110,40,Male,Ahmedabad,iOS,7.5,9.3,231.7,78,2.1,1346,Gaming,3845
U14119,43,Female,Hyderabad,Android,3.1,12.8,5.5,135,2.5,1381,Gaming,8940
U14121,57,Female,Pune,Android,9.4,49.6,122.8,137,3.8,1022,Gaming,5559
U14122,44,Male,Jaipur,Android,10.0,39.5,108.0,59,3.6,1435,Gaming,5935
U14135,60,Male,Bangalore,iOS,5.5,33.8,17.1,89,1.0,892,Gaming,6689
U14140,25,Other,Hyderabad,Android,10.5,48.4,23.9,170,0.8,504,Gaming,2890
U14141,46,Male,Chennai,iOS,10.9,5.9,76.3,54,2.9,601,Gaming,2886
U14147,58,Female,Pune,Android,8.7,2.0,251.4,74,1.0,831,Gaming,3547
U14149,33,Female,Lucknow,Android,3.1,41.0,154.9,29,0.0,372,Gaming,1608
U14151,33,Other,Hyderabad,Android,4.8,16.3,235.1,63,1.2,1637,Gaming,5782
U14153,53,Female,Pune,iOS,1.4,44.9,91.1,193,4.0,883,Gaming,6440
U14172,40,Male,Hyderabad,iOS,9.8,8.7,105.9,15,0.7,961,Gaming,6668
U14173,53,Other,Kolkata,Android,6.7,9.3,69.1,151,2.0,1707,Gaming,7174
U14179,28,Male,Pune,iOS,6.4,10.2,10.1,32,0.4,362,Gaming,9316
U14180,26,Male,Bangalore,iOS,6.0,35.9,41.6,146,1.4,1704,Gaming,5485
U14181,36,Female,Pune,Android,8.6,29.9,112.4,171,1.1,1142,Gaming,5855
U14183,56,Male,Bangalore,iOS,4.7,11.2,213.8,110,0.2,844,Gaming,8929
U14186,50,Other,Ahmedabad,iOS,9.5,16.3,118.3,130,1.4,758,Gaming,1041
U14188,40,Male,Hyderabad,Android,2.5,7.6,295.7,166,1.5,740,Gaming,5826
U14191,20,Male,Chennai,iOS,6.5,46.3,248.6,70,0.3,953,Gaming,2213
U14200,20,Other,Delhi,Android,9.2,25.3,26.3,41,2.8,582,Gaming,5002
U14201,39,Male,Hyderabad,iOS,9.6,32.7,247.1,98,4.2,466,Gaming,1614
U14216,52,Other,Mumbai,Android,7.6,22.9,35.8,68,0.9,133,Gaming,6391
U14221,27,Female,Delhi,iOS,7.0,6.7,114.7,162,1.6,1849,Gaming,6086
U14223,42,Female,Mumbai,Android,1.6,44.8,209.1,190,2.7,104,Gaming,7141
U14225,50,Female,Mumbai,iOS,11.6,14.4,33.5,87,2.7,952,Gaming,2568
U14228,56,Other,Bangalore,Android,3.0,24.7,136.2,175,1.4,1964,Gaming,11781
U14232,45,Female,Delhi,iOS,9.7,23.3,265.4,76,3.2,1741,Gaming,9732
U14236,48,Other,Mumbai,iOS,2.9,7.6,66.1,85,0.5,1377,Gaming,3613
U14240,45,Female,Ahmedabad,iOS,9.6,49.8,137.4,150,4.8,463,Gaming,7764
U14241,44,Other,Lucknow,Android,1.5,40.5,89.4,129,1.7,898,Gaming,3475
U14257,49,Female,Chennai,Android,8.6,42.1,92.7,78,1.6,916,Gaming,1911
U14258,26,Other,Jaipur,Android,5.5,9.4,287.1,71,1.9,775,Gaming,3839
U14260,34,Female,Kolkata,iOS,8.2,9.2,100.5,110,2.6,1851,Gaming,2029
U14264,59,Female,Pune,iOS,11.4,30.0,140.2,33,4.4,1863,Gaming,3550
U14268,53,Male,Delhi,Android,1.5,48.6,281.0,42,2.1,255,Gaming,3585
U14269,20,Other,Delhi,iOS,2.6,16.6,146.2,161,3.7,255,Gaming,7751
U14270,42,Male,Mumbai,Android,10.0,40.7,239.9,43,2.8,1092,Gaming,8382
U14283,33,Other,Lucknow,Android,7.9,41.8,7.0,149,3.5,1116,Gaming,10193
U14284,53,Other,Kolkata,Android,11.6,35.1,182.8,95,4.4,1095,Gaming,5609
U14285,30,Female,Lucknow,Android,7.8,7.1,11.7,99,2.1,202,Gaming,10084
U14292,56,Other,Mumbai,Android,4.6,6.3,137.5,158,2.2,1008,Gaming,6478
U14298,56,Other,Ahmedabad,Android,10.8,40.0,287.1,37,3.4,1423,Gaming,7375
U14305,57,Other,Mumbai,iOS,5.3,3.0,70.6,139,1.2,729,Gaming,4662
U14306,17,Male,Delhi,iOS,8.3,27.2,249.9,56,4.4,736,Gaming,4144
U14307,40,Other,Chennai,iOS,8.0,2.4,24.5,135,1.9,1769,Gaming,8758
U14309,15,Other,Mumbai,Android,7.3,22.2,225.1,158,0.5,857,Gaming,5966
U14317,33,Other,Bangalore,Android,10.4,44.2,107.2,92,3.0,1334,Gaming,5625
U14319,44,Female,Pune,Android,9.7,26.4,156.9,11,4.0,1363,Gaming,8366
U14330,60,Other,Hyderabad,Android,10.5,15.2,214.1,183,2.0,1739,Gaming,10669
U14343,26,Other,Delhi,Android,4.4,43.2,50.1,49,1.8,296,Gaming,4201
U14345,24,Other,Hyderabad,iOS,5.9,26.4,170.9,10,0.7,656,Gaming,2272
U14355,60,Other,Kolkata,iOS,7.9,37.8,14.2,145,0.4,1266,Gaming,3549
U14356,22,Female,Mumbai,iOS,9.7,34.7,265.6,66,1.4,1703,Gaming,6135
U14361,20,Female,Chennai,Android,9.7,10.6,158.1,99,3.6,681,Gaming,1503
U14362,39,Male,Mumbai,iOS,4.4,7.9,15.9,186,1.1,1267,Gaming,9246
U14363,59,Female,Kolkata,iOS,3.0,20.6,276.1,74,0.0,289,Gaming,8187
U14374,39,Other,Bangalore,Android,3.6,13.2,139.3,189,4.4,235,Gaming,2525
U14380,48,Male,Lucknow,Android,1.6,18.9,55.5,197,2.3,261,Gaming,672
U14384,26,Other,Chennai,iOS,7.2,4.3,22.9,166,3.7,391,Gaming,5376
U14386,23,Male,Delhi,iOS,6.7,6.2,258.1,42,4.1,1229,Gaming,10545
U14387,44,Female,Chennai,Android,9.0,35.3,149.4,121,4.4,1728,Gaming,11477
U14396,52,Other,Pune,iOS,11.2,43.2,279.7,103,3.5,750,Gaming,6711
U14412,22,Male,Ahmedabad,iOS,11.2,11.9,267.2,11,2.7,355,Gaming,7779
U14416,28,Female,Mumbai,iOS,4.8,48.1,94.5,33,2.1,1970,Gaming,9706
U14417,32,Male,Chennai,Android,1.6,23.6,96.8,173,2.9,713,Gaming,8210
U14420,49,Female,Jaipur,iOS,4.7,27.3,250.8,190,1.4,1949,Gaming,4659
U14423,29,Female,Chennai,Android,4.8,1.9,11.6,134,0.3,1562,Gaming,4884
U14424,38,Male,Mumbai,Android,4.3,33.1,149.6,120,0.8,1777,Gaming,5872
U14427,52,Other,Kolkata,iOS,9.7,46.2,297.7,117,3.9,435,Gaming,2890
U14428,15,Female,Pune,iOS,9.3,31.8,186.6,137,3.3,1572,Gaming,4902
U14429,54,Other,Ahmedabad,Android,5.2,25.3,43.0,39,3.7,315,Gaming,8802
U14440,44,Other,Pune,Android,8.8,7.2,87.7,197,4.2,1543,Gaming,9156
U14451,30,Female,Jaipur,iOS,4.4,24.3,204.8,105,4.4,187,Gaming,4380
U14452,34,Male,Ahmedabad,Android,1.0,49.8,89.6,24,3.3,1830,Gaming,6898
U14461,48,Female,Ahmedabad,iOS,9.3,13.4,132.4,179,1.0,1696,Gaming,10254
U14463,60,Female,Kolkata,iOS,9.7,6.5,70.5,98,2.6,195,Gaming,6756
U14464,52,Other,Bangalore,iOS,7.9,4.5,202.7,77,3.4,525,Gaming,1670
U14466,37,Male,Hyderabad,iOS,10.9,7.5,107.0,184,0.1,1561,Gaming,4946
U14469,21,Other,Delhi,iOS,11.2,4.1,294.6,134,1.5,927,Gaming,2633
U14477,36,Other,Mumbai,iOS,10.2,19.5,18.8,141,2.2,1648,Gaming,5361
U14482,56,Male,Mumbai,Android,8.8,19.3,156.7,108,2.8,260,Gaming,10028
U14485,26,Female,Jaipur,Android,10.1,12.3,156.2,121,1.5,1687,Gaming,2692
U14492,34,Other,Bangalore,Android,8.0,35.8,183.0,87,0.8,1350,Gaming,5820
U14493,23,Other,Delhi,Android,10.9,37.7,158.0,19,2.2,141,Gaming,2321
U14498,55,Female,Jaipur,Android,10.3,12.8,119.3,126,0.2,1985,Gaming,7473
U14504,22,Other,Chennai,Android,10.4,25.6,290.4,30,2.7,466,Gaming,5469
U14508,60,Male,Hyderabad,iOS,1.4,16.2,238.5,193,0.9,1716,Gaming,3582
U14520,40,Male,Mumbai,Android,7.2,26.4,33.7,176,4.1,305,Gaming,9051
U14522,20,Other,Pune,iOS,7.7,39.6,180.3,184,1.6,673,Gaming,2627
U14523,50,Female,Pune,Android,10.6,32.4,250.1,105,3.7,1207,Gaming,8854
U14532,54,Female,Chennai,iOS,9.1,46.8,157.3,126,1.1,1073,Gaming,9210
U14539,22,Female,Bangalore,Android,6.6,48.2,173.2,180,0.9,577,Gaming,7521
U14552,43,Female,Mumbai,Android,1.4,28.7,197.0,145,4.1,831,Gaming,9824
U14567,27,Other,Chennai,iOS,8.2,35.6,206.4,30,4.8,771,Gaming,6437
U14573,57,Other,Delhi,iOS,2.1,24.0,122.6,71,2.1,1488,Gaming,1681
U14582,22,Male,Ahmedabad,Android,3.3,40.4,183.1,182,2.7,1005,Gaming,7570
U14583,55,Male,Ahmedabad,iOS,7.7,24.0,162.1,115,4.6,451,Gaming,861
U14584,25,Female,Jaipur,Android,1.9,20.0,205.7,52,2.8,171,Gaming,3110
U14590,30,Female,Ahmedabad,iOS,2.5,13.1,64.8,20,3.4,1493,Gaming,6880
U14596,50,Other,Jaipur,iOS,10.6,34.7,143.3,13,4.6,906,Gaming,8730
U14597,55,Other,Mumbai,iOS,5.7,2.3,189.6,146,4.4,614,Gaming,7945
U14600,40,Other,Pune,Android,9.8,47.9,281.8,147,3.5,1769,Gaming,4069
U14606,20,Other,Jaipur,Android,4.5,2.8,71.8,69,1.6,922,Gaming,6604
U14614,58,Other,Delhi,iOS,6.5,34.7,118.9,155,0.2,1689,Gaming,7238
U14618,40,Other,Pune,iOS,9.8,5.5,229.4,75,1.7,1268,Gaming,9702
U14619,34,Other,Mumbai,Android,2.9,12.5,20.5,180,1.0,1888,Gaming,11442
U14625,38,Other,Delhi,iOS,4.9,24.6,7.9,83,5.0,925,Gaming,1349
U14634,54,Other,Mumbai,Android,9.1,29.3,27.8,30,1.9,709,Gaming,6131
U14635,53,Other,Chennai,iOS,6.8,8.3,28.5,199,3.1,898,Gaming,2557
U14640,37,Female,Lucknow,Android,1.3,29.7,205.3,153,0.3,1456,Gaming,7140
U14643,47,Other,Mumbai,iOS,6.5,23.9,148.2,189,2.6,1031,Gaming,1874
U14645,56,Female,Pune,iOS,10.2,37.3,294.4,197,1.5,1450,Gaming,10162
U14647,24,Other,Lucknow,iOS,11.5,13.6,219.2,127,0.7,1942,Gaming,10538
U14649,20,Female,Ahmedabad,iOS,11.5,33.4,68.0,106,1.8,1772,Gaming,3516
U14651,53,Other,Hyderabad,Android,6.2,10.1,195.3,174,3.7,575,Gaming,8612
U14653,27,Female,Ahmedabad,Android,6.3,40.4,194.1,55,1.1,826,Gaming,5015
U14655,57,Other,Mumbai,Android,5.9,36.2,144.3,101,0.8,1757,Gaming,2624
U14666,21,Other,Mumbai,iOS,10.9,28.8,9.0,75,4.4,232,Gaming,6185
U14681,52,Other,Delhi,iOS,7.8,32.9,109.0,51,4.1,1346,Gaming,9305
U14687,48,Female,Jaipur,Android,7.2,27.1,123.5,32,2.1,335,Gaming,9953
U14689,16,Other,Pune,iOS,6.7,27.0,295.5,167,2.3,1260,Gaming,3117
U14690,39,Female,Ahmedabad,Android,1.9,22.5,290.7,102,0.6,918,Gaming,8624
U14697,21,Female,Lucknow,Android,10.1,38.3,102.6,70,3.8,1934,Gaming,9296
U14700,29,Other,Chennai,iOS,9.9,3.4,36.9,93,4.1,1652,Gaming,5709
U14702,45,Female,Pune,iOS,8.7,5.8,135.4,162,1.9,1017,Gaming,9242
U14708,56,Male,Mumbai,iOS,6.3,25.9,267.6,119,2.0,192,Gaming,3280
U14710,44,Male,Kolkata,iOS,11.6,29.5,257.0,158,3.1,421,Gaming,5070
U14715,39,Male,Chennai,Android,6.8,15.2,291.0,44,2.0,173,Gaming,4474
U14716,56,Male,Ahmedabad,iOS,5.1,39.6,82.9,25,0.6,1586,Gaming,7677
U14717,52,Female,Lucknow,Android,11.9,40.3,165.2,139,0.2,622,Gaming,2408
U14718,26,Female,Kolkata,iOS,4.3,36.9,225.0,45,0.3,1964,Gaming,4058
U14719,58,Other,Hyderabad,Android,11.4,15.9,6.6,90,1.4,425,Gaming,7151
U14722,55,Female,Bangalore,Android,1.2,22.3,90.4,74,4.3,1809,Gaming,10620
U14724,44,Other,Delhi,Android,3.3,4.2,67.8,173,2.9,1328,Gaming,6162
U14733,46,Male,Ahmedabad,iOS,7.5,34.0,218.8,124,2.6,765,Gaming,1525
U14743,49,Female,Hyderabad,iOS,2.9,46.9,226.3,138,3.0,1230,Gaming,4472
U14747,59,Female,Kolkata,iOS,6.5,46.5,137.6,68,1.7,500,Gaming,7721
U14754,41,Other,Ahmedabad,Android,4.6,7.6,213.2,99,1.4,597,Gaming,3633
U14762,15,Male,Pune,Android,8.2,1.4,96.2,105,3.5,591,Gaming,2429
U14767,26,Male,Ahmedabad,iOS,12.0,38.8,41.2,87,5.0,1440,Gaming,3603
U14790,42,Other,Ahmedabad,iOS,10.3,18.1,35.2,151,4.5,313,Gaming,3955
U14794,33,Female,Delhi,iOS,7.7,45.3,73.4,195,4.9,343,Gaming,4524
U14799,30,Male,Chennai,Android,8.8,7.5,48.7,74,4.1,1491,Gaming,3772
U14800,45,Other,Hyderabad,iOS,5.4,33.1,45.4,35,0.8,1003,Gaming,3090
U14802,32,Other,Pune,Android,5.0,16.3,290.0,89,4.3,829,Gaming,3911
U14811,28,Female,Bangalore,iOS,4.5,43.6,220.6,28,3.4,1046,Gaming,6531
U14819,54,Male,Ahmedabad,Android,4.6,11.7,90.6,110,0.7,1206,Gaming,4353
U14827,58,Male,Lucknow,iOS,10.0,32.0,206.3,187,2.1,1098,Gaming,7546
U14829,42,Male,Chennai,iOS,4.5,5.6,68.7,143,0.8,311,Gaming,547
U14834,57,Other,Hyderabad,iOS,5.0,38.1,49.4,190,4.6,347,Gaming,7142
U14835,19,Other,Kolkata,iOS,1.6,49.3,88.1,92,1.4,125,Gaming,1643
U14837,36,Other,Hyderabad,Android,6.6,38.5,60.3,78,4.6,377,Gaming,1867
U14848,40,Male,Mumbai,iOS,9.9,36.1,160.0,56,3.5,525,Gaming,5403
U14849,37,Male,Bangalore,Android,10.2,3.9,21.3,159,0.9,953,Gaming,7692
U14857,54,Female,Bangalore,Android,8.9,26.6,31.2,187,4.6,576,Gaming,5807
U14861,49,Female,Ahmedabad,iOS,9.5,9.6,252.3,195,0.2,289,Gaming,6970
U14867,37,Female,Ahmedabad,iOS,9.3,41.4,245.8,66,1.2,1654,Gaming,5596
U14869,15,Male,Lucknow,Android,1.6,21.1,93.4,34,3.1,926,Gaming,7640
U14871,43,Female,Jaipur,Android,11.4,8.2,139.4,105,1.6,124,Gaming,6258
U14874,54,Female,Ahmedabad,Android,2.0,42.3,105.4,67,2.5,1733,Gaming,8460
U14881,49,Female,Pune,Android,1.3,12.7,84.1,188,1.6,195,Gaming,2805
U14882,58,Other,Ahmedabad,Android,1.2,44.8,297.4,86,2.8,997,Gaming,5193
U14890,39,Other,Ahmedabad,Android,1.1,47.8,51.4,200,2.2,251,Gaming,1931
U14897,23,Female,Lucknow,iOS,8.9,27.5,25.5,188,2.3,1700,Gaming,6398
U14900,54,Other,Mumbai,iOS,7.0,4.9,52.8,45,3.7,271,Gaming,5834
U14902,26,Female,Kolkata,iOS,5.0,41.2,42.6,39,0.4,1200,Gaming,2878
U14906,45,Female,Bangalore,iOS,2.4,48.8,54.4,42,0.4,1910,Gaming,9949
U14910,44,Male,Hyderabad,iOS,4.8,30.1,143.7,88,4.1,1097,Gaming,2994
U14911,59,Male,Pune,Android,6.6,9.0,291.7,49,3.1,706,Gaming,5808
U14914,50,Male,Hyderabad,iOS,6.9,30.7,145.1,193,4.6,586,Gaming,10470
U14920,44,Female,Delhi,iOS,9.0,41.6,157.0,42,4.6,445,Gaming,6093
U14925,55,Other,Jaipur,iOS,3.4,2.1,273.2,48,3.9,156,Gaming,8319
U14934,33,Other,Pune,iOS,8.7,9.6,24.4,59,4.2,572,Gaming,10191
U14939,16,Male,Ahmedabad,Android,7.8,22.2,198.6,158,3.3,1297,Gaming,3400
U14941,15,Male,Pune,Android,5.1,30.7,266.5,73,4.2,878,Gaming,8326
U14944,57,Other,Kolkata,iOS,2.7,23.7,157.8,181,2.4,225,Gaming,7927
U14952,25,Male,Hyderabad,iOS,10.1,20.4,44.3,51,3.9,509,Gaming,4361
U14962,52,Female,Pune,Android,11.8,8.2,208.3,41,4.7,764,Gaming,4928
U14965,17,Other,Jaipur,iOS,7.1,2.7,275.9,159,1.5,564,Gaming,949
U14970,20,Female,Pune,Android,2.0,33.2,208.5,16,0.3,463,Gaming,2246
U14977,41,Female,Chennai,Android,3.5,24.4,220.2,179,1.8,1657,Gaming,3576
U14980,46,Other,Hyderabad,Android,1.5,20.9,262.0,13,2.6,1650,Gaming,10976
U14994,54,Female,Pune,iOS,5.4,14.8,175.1,165,1.7,1318,Gaming,6218
U14996,45,Other,Chennai,iOS,5.1,11.4,179.3,19,2.6,1614,Gaming,6693
U15002,35,Other,Pune,iOS,4.0,37.5,34.8,30,1.0,345,Gaming,2640
U15008,49,Female,Lucknow,iOS,6.2,3.2,7.3,77,4.8,794,Gaming,5962
U15010,36,Other,Chennai,iOS,8.3,24.3,271.8,47,4.6,1222,Gaming,3877
U15013,21,Other,Lucknow,Android,7.4,14.5,293.4,22,2.2,1075,Gaming,9330
U15015,50,Male,Chennai,Android,2.4,2.8,231.5,73,1.4,1294,Gaming,5630
U15029,20,Other,Pune,Android,3.3,4.7,227.3,159,2.6,813,Gaming,6925
U15032,40,Female,Pune,Android,10.4,45.7,148.9,60,2.3,947,Gaming,1629
U15034,38,Female,Jaipur,iOS,9.9,36.0,92.0,58,2.6,1084,Gaming,5073
U15038,22,Other,Lucknow,Android,4.2,39.7,297.2,200,2.9,899,Gaming,9855
U15039,33,Male,Chennai,Android,10.7,40.7,147.9,161,0.9,1975,Gaming,4634
U15040,37,Male,Mumbai,iOS,2.4,22.3,126.6,105,1.9,1906,Gaming,2275
U15045,22,Other,Chennai,Android,7.1,13.5,259.8,126,1.5,521,Gaming,1236
U15053,15,Female,Hyderabad,Android,4.0,15.8,36.3,80,2.0,408,Gaming,8608
U15054,41,Other,Hyderabad,Android,5.1,6.8,37.0,88,2.0,1739,Gaming,1903
U15061,16,Other,Ahmedabad,iOS,10.4,15.4,279.8,100,1.5,1777,Gaming,7156
U15065,27,Male,Hyderabad,Android,1.9,10.2,64.5,178,2.4,1254,Gaming,8487
U15090,25,Male,Chennai,iOS,10.3,4.6,171.3,169,1.9,1994,Gaming,4548
U15093,39,Male,Pune,iOS,9.2,24.2,261.4,36,1.8,645,Gaming,5941
U15095,58,Female,Delhi,Android,10.9,46.2,192.8,110,1.3,160,Gaming,9551
U15098,16,Female,Hyderabad,Android,1.7,42.6,20.7,58,2.2,359,Gaming,5448
U15101,58,Female,Pune,iOS,8.6,1.6,140.6,148,3.1,555,Gaming,7568
U15102,37,Male,Pune,Android,8.9,37.8,148.9,186,2.0,1985,Gaming,5068
U15106,46,Female,Chennai,Android,10.1,21.0,77.0,35,1.8,1440,Gaming,10226
U15109,50,Female,Hyderabad,iOS,8.9,47.1,299.5,173,4.6,957,Gaming,10076
U15118,16,Other,Delhi,iOS,5.5,16.5,53.8,178,3.3,1665,Gaming,6436
U15121,35,Other,Chennai,Android,7.0,25.4,285.4,62,2.1,1871,Gaming,10079
U15122,40,Female,Jaipur,Android,4.4,25.2,47.2,124,3.7,1930,Gaming,2133
U15127,28,Male,Chennai,Android,4.0,49.6,272.1,38,1.0,1804,Gaming,9573
U15129,47,Other,Pune,Android,1.6,29.8,292.3,81,1.2,1033,Gaming,2696
U15131,32,Female,Delhi,iOS,3.7,21.1,64.9,125,2.1,1875,Gaming,11641
U15132,24,Male,Pune,iOS,2.8,16.5,249.2,24,2.4,506,Gaming,7288
U15133,24,Male,Mumbai,iOS,10.2,17.5,153.9,81,2.9,722,Gaming,4897
U15135,28,Female,Ahmedabad,iOS,3.3,5.8,228.6,27,4.7,1844,Gaming,7776
U15140,36,Female,Mumbai,iOS,3.8,26.6,41.6,171,4.8,1398,Gaming,5092
U15149,55,Female,Lucknow,iOS,6.6,18.3,200.3,130,4.8,572,Gaming,9513
U15154,53,Female,Chennai,Android,6.1,22.4,157.7,19,4.9,419,Gaming,9183
U15155,21,Other,Kolkata,Android,10.4,48.4,98.9,47,1.8,348,Gaming,1854
U15159,19,Other,Kolkata,Android,3.0,8.4,215.0,20,1.8,302,Gaming,2333
U15167,17,Other,Mumbai,Android,10.8,39.2,180.1,69,4.6,1319,Gaming,3577
U15177,27,Female,Chennai,Android,6.1,46.7,152.1,117,2.7,1584,Gaming,8258
U15186,43,Female,Jaipur,Android,11.8,25.5,208.4,164,4.7,1984,Gaming,4177
U15189,32,Male,Mumbai,iOS,8.5,28.8,292.4,24,2.3,1560,Gaming,3359
U15190,15,Female,Jaipur,Android,6.8,41.2,232.7,90,2.8,247,Gaming,6782
U15195,30,Female,Delhi,iOS,1.8,45.3,62.2,154,0.8,1820,Gaming,10552
U15197,58,Male,Jaipur,iOS,5.3,43.9,261.6,98,0.5,1735,Gaming,4906
U15198,56,Other,Delhi,iOS,9.9,13.6,78.9,19,3.5,795,Gaming,2246
U15199,41,Male,Hyderabad,iOS,2.4,29.9,204.3,157,2.5,1796,Gaming,10902
U15208,33,Male,Kolkata,iOS,6.3,45.2,7.7,55,2.3,1157,Gaming,5428
U15210,42,Male,Hyderabad,Android,8.3,47.9,33.4,120,4.6,414,Gaming,3032
U15213,59,Male,Hyderabad,iOS,10.4,34.4,181.8,133,0.2,866,Gaming,6806
U15217,54,Female,Jaipur,iOS,3.8,41.4,66.9,174,1.9,1410,Gaming,3865
U15221,30,Male,Jaipur,Android,4.3,48.6,68.4,102,0.4,329,Gaming,5780
U15224,40,Female,Delhi,iOS,9.3,26.2,33.1,108,0.8,1486,Gaming,10931
U15226,26,Male,Kolkata,iOS,6.5,31.1,64.9,165,3.7,1883,Gaming,4855
U15231,19,Male,Lucknow,Android,4.4,27.4,226.1,43,0.0,325,Gaming,3802
U15232,31,Female,Kolkata,iOS,2.1,3.5,190.0,116,0.2,509,Gaming,730
U15237,48,Other,Chennai,iOS,3.2,40.2,235.7,25,3.2,1210,Gaming,7172
U15242,48,Female,Delhi,iOS,3.3,46.4,89.0,15,1.0,1987,Gaming,10022
U15245,36,Female,Pune,iOS,3.3,19.1,159.6,171,2.3,825,Gaming,1413
U15249,39,Female,Chennai,Android,8.5,22.5,211.5,89,2.3,1052,Gaming,9869
U15253,31,Other,Bangalore,iOS,4.8,47.5,60.1,191,4.8,1529,Gaming,2518
U15257,47,Male,Bangalore,Android,9.1,31.5,200.4,30,1.9,1466,Gaming,11198
U15270,44,Male,Jaipur,Android,3.0,3.6,285.9,118,1.0,724,Gaming,1239
U15271,35,Female,Bangalore,iOS,5.7,9.7,138.9,51,3.5,590,Gaming,1831
U15273,20,Male,Kolkata,iOS,6.6,35.0,33.6,71,0.5,377,Gaming,5575
U15276,52,Male,Mumbai,iOS,10.1,4.6,173.1,129,4.5,1035,Gaming,7933
U15277,22,Male,Mumbai,iOS,8.0,26.0,272.8,177,0.7,532,Gaming,5137
U15279,56,Male,Pune,iOS,11.6,13.0,300.0,79,0.9,1631,Gaming,7979
U15281,49,Other,Jaipur,iOS,5.8,7.9,198.9,37,4.6,1843,Gaming,10540
U15282,22,Female,Chennai,iOS,1.7,46.0,130.6,75,2.1,1483,Gaming,2536
U15283,24,Other,Chennai,iOS,2.1,18.3,237.3,13,0.3,215,Gaming,1178
U15286,20,Other,Hyderabad,Android,9.6,32.8,53.8,67,2.2,1121,Gaming,7087
U15291,48,Male,Jaipur,iOS,5.9,12.0,54.7,53,3.6,648,Gaming,2914
U15292,50,Female,Ahmedabad,iOS,4.0,47.3,247.8,50,4.8,377,Gaming,1485
U15295,56,Female,Delhi,iOS,6.3,36.3,133.5,121,2.7,159,Gaming,7967
U15298,45,Other,Kolkata,iOS,2.3,24.2,240.5,100,0.0,231,Gaming,5704
U15302,22,Other,Ahmedabad,Android,10.5,34.0,270.0,122,3.1,1597,Gaming,4040
U15314,45,Male,Chennai,iOS,10.9,7.7,123.3,94,1.2,809,Gaming,5788
U15317,33,Female,Bangalore,Android,5.2,43.4,250.6,61,1.9,860,Gaming,7141
U15322,51,Other,Ahmedabad,iOS,9.9,33.4,186.9,187,1.8,1155,Gaming,4302
U15332,30,Female,Chennai,Android,6.8,47.0,227.9,43,4.1,926,Gaming,2967
U15339,34,Male,Kolkata,iOS,2.7,41.2,174.8,53,0.3,1302,Gaming,10646
U15347,31,Male,Bangalore,Android,4.3,23.4,153.2,13,1.0,350,Gaming,8397
U15348,59,Female,Hyderabad,iOS,5.9,16.7,288.3,29,1.4,1271,Gaming,7511
U15357,47,Other,Kolkata,iOS,3.1,45.7,292.3,87,0.6,1770,Gaming,9618
U15358,33,Other,Bangalore,iOS,5.5,27.0,126.3,99,3.1,1591,Gaming,5745
U15367,60,Female,Delhi,Android,11.1,41.2,235.0,82,3.9,1997,Gaming,3999
U15368,48,Other,Pune,Android,3.6,44.9,27.9,106,0.6,1478,Gaming,5714
U15372,25,Male,Bangalore,iOS,11.6,16.2,143.3,21,0.4,550,Gaming,4893
U15383,49,Female,Pune,iOS,9.8,8.3,286.6,187,1.5,980,Gaming,1145
U15384,19,Male,Pune,Android,6.4,9.1,94.9,117,2.3,336,Gaming,6853
U15387,52,Female,Lucknow,Android,7.8,9.6,81.7,59,2.3,690,Gaming,10002
U15389,54,Male,Pune,Android,1.4,9.3,214.5,89,2.6,1645,Gaming,7116
U15398,58,Female,Chennai,Android,11.1,2.8,265.7,199,3.0,1766,Gaming,8252
U15409,50,Male,Jaipur,Android,2.0,13.9,172.5,57,2.7,110,Gaming,3100
U15411,25,Male,Jaipur,iOS,2.2,43.5,192.1,103,1.6,872,Gaming,5355
U15416,32,Other,Bangalore,Android,11.9,5.5,184.5,60,2.9,867,Gaming,7735
U15417,24,Female,Kolkata,iOS,2.6,42.8,260.3,101,1.0,643,Gaming,5037
U15418,19,Other,Kolkata,iOS,10.0,37.7,14.1,169,1.1,1637,Gaming,6967
U15419,22,Other,Chennai,iOS,2.7,45.4,172.6,39,3.2,1408,Gaming,8150
U15421,40,Other,Hyderabad,Android,7.9,29.3,240.7,147,1.7,377,Gaming,8653
U15424,47,Female,Pune,iOS,1.0,39.7,195.5,164,2.2,1762,Gaming,7690
U15425,30,Male,Lucknow,Android,10.2,22.9,138.7,88,4.6,1828,Gaming,5320
U15426,22,Male,Kolkata,iOS,1.7,4.8,53.6,169,4.1,1340,Gaming,7199
U15427,44,Male,Pune,Android,4.1,22.3,18.0,85,2.0,127,Gaming,254
U15437,31,Female,Delhi,Android,3.1,39.2,184.1,156,0.5,1891,Gaming,6919
U15449,40,Male,Pune,Android,4.9,2.6,137.0,91,0.8,611,Gaming,9956
U15455,22,Other,Lucknow,iOS,5.4,48.9,292.6,149,3.7,1064,Gaming,8202
U15460,25,Other,Bangalore,Android,7.0,45.8,290.5,97,4.8,942,Gaming,2298
U15461,17,Female,Hyderabad,Android,2.1,30.7,182.3,30,1.7,1960,Gaming,8980
U15465,60,Other,Bangalore,iOS,11.8,11.4,295.6,136,1.6,1635,Gaming,8039
U15474,49,Female,Mumbai,Android,3.0,24.3,88.8,118,0.4,337,Gaming,7271
U15476,54,Male,Hyderabad,iOS,2.6,36.3,38.0,21,3.9,1101,Gaming,6166
U15483,51,Female,Delhi,iOS,10.6,6.6,295.7,173,3.4,1705,Gaming,8224
U15484,15,Other,Hyderabad,iOS,7.1,11.5,252.9,50,0.4,946,Gaming,3881
U15485,16,Male,Pune,Android,6.4,14.5,264.4,40,2.8,628,Gaming,10260
U15493,59,Other,Delhi,iOS,2.7,30.3,114.9,116,2.1,990,Gaming,10497
U15495,48,Other,Delhi,iOS,7.5,39.8,83.8,193,3.1,1240,Gaming,9388
U15500,49,Other,Bangalore,Android,5.4,3.6,235.6,42,2.2,166,Gaming,4224
U15503,32,Male,Pune,Android,7.3,15.4,107.4,198,2.5,137,Gaming,1697
U15507,34,Male,Ahmedabad,iOS,11.9,18.3,266.6,141,0.8,1396,Gaming,1971
U15518,19,Female,Bangalore,Android,4.2,18.3,210.1,155,4.9,569,Gaming,4749
U15521,19,Female,Kolkata,Android,2.5,3.2,169.7,173,4.4,419,Gaming,1938
U15524,39,Other,Jaipur,iOS,8.5,2.0,203.2,127,3.6,260,Gaming,3450
U15534,56,Female,Lucknow,Android,6.3,45.3,271.3,34,4.9,101,Gaming,9107
U15543,25,Female,Chennai,Android,2.2,26.4,16.5,180,1.3,1810,Gaming,2539
U15545,55,Other,Lucknow,iOS,3.1,18.0,265.7,126,1.3,1039,Gaming,9726
U15548,57,Other,Ahmedabad,iOS,4.9,23.7,94.0,134,1.7,1155,Gaming,8957
U15549,53,Other,Kolkata,Android,4.9,29.0,198.6,44,3.5,1701,Gaming,11147
U15552,37,Male,Delhi,iOS,4.7,31.3,8.9,191,1.3,1322,Gaming,4400
U15554,39,Other,Ahmedabad,Android,11.0,5.4,137.9,99,4.8,294,Gaming,3927
U15555,16,Female,Mumbai,Android,1.1,33.2,72.4,132,1.8,392,Gaming,1742
U15558,41,Male,Delhi,iOS,10.1,43.3,108.7,157,3.5,1345,Gaming,4543
U15561,21,Male,Chennai,Android,7.4,46.9,71.7,173,1.4,449,Gaming,9446
U15562,42,Male,Hyderabad,Android,11.9,11.7,122.8,135,4.7,111,Gaming,9043
U15581,39,Male,Pune,Android,11.2,11.7,55.1,76,2.9,352,Gaming,2452
U15595,58,Other,Pune,Android,11.2,42.9,244.5,15,0.1,1944,Gaming,11007
U15596,33,Male,Ahmedabad,iOS,1.3,21.7,221.8,188,0.6,425,Gaming,4018
U15609,52,Other,Bangalore,Android,10.4,13.1,218.9,200,0.5,921,Gaming,3554
U15612,43,Other,Hyderabad,iOS,4.2,47.5,65.4,171,2.3,143,Gaming,9918
U15616,38,Male,Jaipur,Android,8.9,29.2,234.1,107,2.9,1154,Gaming,1701
U15619,22,Male,Ahmedabad,iOS,3.4,26.7,6.8,200,3.0,459,Gaming,9023
U15640,56,Female,Lucknow,Android,11.2,29.4,201.3,93,1.6,1660,Gaming,7953
U15647,48,Other,Jaipur,iOS,2.3,19.2,185.2,161,0.1,393,Gaming,3347
U15653,60,Female,Hyderabad,iOS,4.0,17.7,173.0,116,0.7,1999,Gaming,7677
U15658,57,Other,Hyderabad,iOS,5.6,31.6,255.1,46,0.6,743,Gaming,7590
U15659,37,Female,Chennai,Android,4.9,49.1,24.4,169,4.3,1577,Gaming,8715
U15665,60,Male,Hyderabad,Android,1.6,15.8,273.2,17,1.0,1678,Gaming,11081
U15667,45,Other,Mumbai,Android,4.0,29.2,146.1,168,3.8,1581,Gaming,5842
U15679,50,Other,Kolkata,iOS,5.8,20.4,60.1,82,2.7,1789,Gaming,3293
U15682,30,Male,Jaipur,Android,1.2,5.9,166.0,41,2.6,1343,Gaming,10477
U15686,15,Female,Bangalore,Android,3.7,32.8,43.0,200,2.0,986,Gaming,1235
U15688,49,Male,Mumbai,iOS,3.6,20.4,42.3,151,1.3,361,Gaming,8404
U15703,46,Other,Ahmedabad,Android,7.7,46.3,186.6,116,2.7,115,Gaming,2688
U15711,48,Female,Kolkata,iOS,9.9,49.7,8.7,159,3.0,627,Gaming,3481
U15712,20,Female,Bangalore,iOS,11.2,21.4,25.3,164,4.6,1355,Gaming,10735
U15713,50,Male,Hyderabad,Android,8.0,18.1,215.7,189,2.7,1348,Gaming,10899
U15724,40,Other,Jaipur,Android,8.2,42.8,80.4,132,0.1,1330,Gaming,7961
U15731,49,Female,Mumbai,iOS,3.7,41.5,168.1,158,0.8,1399,Gaming,7198
U15732,19,Other,Lucknow,iOS,11.4,38.8,150.0,164,4.3,936,Gaming,9346
U15734,43,Other,Hyderabad,iOS,3.5,22.8,76.3,30,2.8,696,Gaming,5450
U15738,24,Female,Ahmedabad,iOS,3.5,22.2,129.8,88,3.1,447,Gaming,4908
U15740,35,Female,Kolkata,Android,5.1,46.9,81.5,102,4.0,686,Gaming,1630
U15742,45,Male,Ahmedabad,iOS,10.4,1.9,297.9,51,4.9,146,Gaming,4244
U15749,59,Male,Pune,iOS,1.9,48.8,108.8,141,0.4,893,Gaming,1332
U15759,18,Other,Hyderabad,Android,7.6,22.3,254.5,60,4.3,1721,Gaming,5496
U15761,51,Female,Bangalore,iOS,1.5,20.6,181.1,78,4.8,1214,Gaming,3999
U15766,33,Other,Delhi,Android,2.7,38.9,22.2,167,2.4,1558,Gaming,6476
U15767,44,Female,Jaipur,Android,3.6,11.9,12.4,194,2.5,1892,Gaming,5609
U15794,19,Male,Hyderabad,iOS,6.8,19.4,275.9,187,2.5,736,Gaming,10213
U15795,24,Male,Hyderabad,iOS,11.7,13.6,10.4,146,0.0,1628,Gaming,8767
U15797,24,Male,Lucknow,iOS,3.3,32.5,177.5,137,4.3,1325,Gaming,3591
U15799,40,Male,Bangalore,Android,4.6,20.7,284.9,143,4.3,325,Gaming,4799
U15804,24,Male,Chennai,Android,2.4,12.4,86.9,124,4.6,1200,Gaming,2498
U15805,43,Other,Chennai,iOS,6.4,16.8,54.3,70,1.0,1613,Gaming,6949
U15810,26,Other,Kolkata,Android,5.7,44.0,129.9,147,3.9,609,Gaming,5135
U15813,32,Female,Kolkata,Android,5.7,20.4,31.6,103,4.2,1581,Gaming,11342
U15822,39,Male,Chennai,iOS,6.6,2.4,299.3,68,3.2,561,Gaming,7656
U15826,30,Female,Kolkata,Android,10.1,12.8,203.0,164,0.5,984,Gaming,6181
U15829,55,Female,Hyderabad,Android,11.6,23.6,74.5,113,4.6,591,Gaming,5413
U15834,59,Male,Pune,iOS,4.2,24.2,41.4,42,1.7,1940,Gaming,6421
U15838,40,Female,Pune,iOS,3.8,34.4,209.7,21,3.6,670,Gaming,10098
U15843,38,Male,Delhi,Android,7.9,42.3,93.0,49,5.0,692,Gaming,4093
U15845,47,Female,Ahmedabad,Android,9.2,5.9,67.2,95,3.4,819,Gaming,9376
U15850,24,Other,Delhi,iOS,11.3,7.6,79.3,122,1.2,381,Gaming,7848
U15852,19,Male,Mumbai,iOS,10.9,32.0,264.8,124,4.6,1151,Gaming,9625
U15855,37,Male,Chennai,Android,8.9,31.3,39.4,20,2.0,1218,Gaming,5229
U15861,27,Other,Bangalore,Android,10.9,5.1,105.9,51,4.0,269,Gaming,3717
U15864,41,Other,Ahmedabad,iOS,9.6,27.5,211.4,34,0.3,156,Gaming,6120
U15870,18,Male,Hyderabad,iOS,11.8,10.9,166.3,93,0.9,1856,Gaming,4705
U15877,51,Other,Pune,Android,1.1,2.2,66.1,172,0.4,915,Gaming,4880
U15879,27,Female,Kolkata,Android,6.5,28.9,17.3,62,1.2,959,Gaming,2258
U15880,40,Male,Mumbai,Android,8.3,19.8,93.9,37,0.8,507,Gaming,4937
U15882,34,Other,Jaipur,iOS,11.4,49.7,136.6,165,1.6,134,Gaming,3378
U15889,26,Female,Hyderabad,iOS,10.8,26.7,33.9,182,0.6,1012,Gaming,2977
U15890,32,Male,Kolkata,Android,8.3,15.5,191.3,123,4.7,218,Gaming,9405
U15892,29,Female,Hyderabad,Android,9.2,31.0,18.0,99,2.9,576,Gaming,4715
U15903,43,Male,Jaipur,iOS,9.9,49.6,95.6,93,3.8,1626,Gaming,9423
U15917,53,Other,Pune,iOS,8.4,49.9,83.6,55,4.6,1440,Gaming,7294
U15919,36,Male,Bangalore,iOS,6.9,18.3,249.1,130,0.8,1931,Gaming,3164
U15921,36,Male,Jaipur,Android,11.9,49.2,26.6,128,2.4,227,Gaming,9418
U15923,20,Other,Bangalore,Android,7.5,24.8,139.7,194,0.4,467,Gaming,6993
U15926,23,Female,Bangalore,Android,2.4,27.6,61.2,54,2.1,1537,Gaming,7095
U15930,27,Other,Chennai,Android,1.3,48.0,150.4,191,0.7,1159,Gaming,5389
U15931,41,Other,Kolkata,iOS,9.6,25.9,153.7,69,3.5,1024,Gaming,9105
U15932,17,Male,Delhi,Android,10.6,30.5,298.3,99,4.9,1684,Gaming,8748
U15933,35,Male,Mumbai,Android,5.4,19.9,110.8,129,1.0,300,Gaming,1543
U15945,41,Other,Mumbai,Android,11.8,10.3,103.1,78,2.5,1121,Gaming,7458
U15963,41,Other,Mumbai,Android,3.8,20.2,149.6,168,1.0,1542,Gaming,9262
U15966,20,Female,Hyderabad,Android,1.3,35.5,136.8,16,4.3,243,Gaming,1885
U15967,47,Female,Mumbai,Android,7.6,46.1,154.4,169,0.3,576,Gaming,1124
U15972,48,Female,Kolkata,iOS,9.0,24.4,31.2,88,3.4,573,Gaming,6577
U15976,18,Female,Jaipur,iOS,1.7,5.7,68.0,78,1.8,913,Gaming,8709
U15979,50,Male,Delhi,iOS,6.4,20.1,271.7,65,0.8,282,Gaming,3552
U15981,33,Male,Lucknow,iOS,2.6,38.4,218.3,82,4.8,1155,Gaming,2188
U15983,26,Male,Pune,iOS,1.3,5.8,77.7,198,1.4,1129,Gaming,9586
U15989,23,Female,Bangalore,iOS,8.7,6.4,197.3,58,3.0,857,Gaming,1439
U15990,17,Other,Kolkata,Android,3.0,11.6,9.2,35,0.4,1234,Gaming,9365
U15991,26,Female,Kolkata,Android,9.4,26.2,178.0,137,1.7,637,Gaming,2053
U15992,32,Other,Jaipur,Android,4.8,14.9,86.8,135,2.6,1897,Gaming,4008
U15998,42,Male,Bangalore,Android,2.5,18.2,153.6,195,2.9,766,Gaming,10063
U16000,52,Male,Mumbai,iOS,12.0,25.6,30.1,98,3.4,1084,Gaming,1870
U16004,41,Male,Kolkata,iOS,3.2,17.4,207.3,175,3.9,1973,Gaming,2903
U16007,41,Male,Hyderabad,Android,4.8,44.2,88.3,95,1.6,1046,Gaming,6574
U16011,40,Male,Mumbai,Android,4.7,5.7,65.4,80,3.1,1710,Gaming,8214
U16014,41,Male,Chennai,Android,1.2,20.9,247.4,107,1.7,717,Gaming,3750
U16017,41,Other,Lucknow,Android,6.3,29.6,247.3,179,1.4,1658,Gaming,4569
U16019,59,Other,Hyderabad,Android,9.8,8.9,208.3,155,5.0,1404,Gaming,8757
U16027,58,Male,Jaipur,Android,9.0,21.7,222.5,140,0.5,181,Gaming,1779
U16031,37,Male,Kolkata,iOS,11.7,33.2,183.9,195,4.8,264,Gaming,1688
U16032,27,Male,Chennai,iOS,6.3,47.5,187.1,24,0.8,1682,Gaming,7899
U16046,33,Male,Ahmedabad,Android,3.7,3.0,50.5,59,2.9,1888,Gaming,5946
U16049,24,Male,Kolkata,Android,9.5,28.1,31.7,158,4.6,1338,Gaming,4621
U16054,26,Male,Mumbai,Android,2.6,4.9,136.6,54,4.7,1161,Gaming,8639
U16057,16,Male,Ahmedabad,Android,9.5,23.4,50.6,162,2.9,754,Gaming,2749
U16063,52,Other,Jaipur,Android,5.5,42.6,25.5,172,0.7,465,Gaming,6189
U16064,17,Other,Lucknow,iOS,4.3,26.7,85.7,117,0.4,380,Gaming,4239
U16065,30,Other,Chennai,iOS,10.1,6.4,246.8,187,1.5,247,Gaming,6492
U16072,21,Female,Lucknow,Android,2.5,43.5,122.9,10,4.9,1295,Gaming,2191
U16074,17,Male,Bangalore,Android,1.1,37.3,113.4,93,3.4,1495,Gaming,10943
U16079,60,Female,Kolkata,iOS,8.6,37.2,114.0,71,2.6,136,Gaming,2065
U16084,51,Female,Lucknow,Android,10.2,11.3,75.2,62,1.2,862,Gaming,5434
U16091,17,Female,Jaipur,Android,1.0,14.1,229.8,81,0.4,1688,Gaming,4500
U16092,36,Other,Delhi,Android,8.4,23.4,53.5,181,2.3,1057,Gaming,5597
U16097,17,Male,Delhi,Android,10.6,40.0,241.5,67,4.5,738,Gaming,8574
U16098,40,Female,Mumbai,iOS,3.8,8.2,186.8,71,2.7,1347,Gaming,7809
U16104,21,Other,Delhi,iOS,3.3,37.4,242.1,10,1.9,861,Gaming,7584
U16106,50,Other,Chennai,iOS,2.0,45.0,90.5,83,0.1,1408,Gaming,4918
U16107,20,Female,Bangalore,iOS,8.1,39.1,263.5,99,1.3,1249,Gaming,3452
U16114,38,Female,Hyderabad,iOS,2.1,3.0,196.0,160,4.8,1391,Gaming,9750
U16115,20,Male,Lucknow,iOS,5.0,29.8,66.3,190,2.4,1069,Gaming,8117
U16116,51,Female,Hyderabad,Android,8.9,20.8,194.9,145,2.6,1274,Gaming,3772
U16117,30,Male,Lucknow,iOS,11.8,12.0,255.1,57,3.6,1680,Gaming,6944
U16120,43,Other,Pune,iOS,3.0,41.4,24.3,99,2.8,721,Gaming,10561
U16123,31,Other,Bangalore,Android,11.9,41.9,6.2,13,2.6,1721,Gaming,5271
U16125,49,Other,Bangalore,Android,9.3,29.8,77.3,75,0.8,941,Gaming,1338
U16130,25,Other,Jaipur,iOS,10.6,29.6,139.3,52,3.9,1567,Gaming,7846
U16131,42,Other,Lucknow,iOS,7.8,21.7,180.2,129,4.0,805,Gaming,7967
U16132,20,Female,Hyderabad,Android,6.4,46.9,71.4,96,4.7,1593,Gaming,10414
U16142,44,Male,Pune,Android,5.7,8.2,109.8,170,0.2,1792,Gaming,6375
U16151,19,Female,Bangalore,iOS,7.4,9.0,190.3,104,4.0,921,Gaming,9818
U16171,45,Other,Jaipur,iOS,2.3,23.9,289.5,73,2.7,671,Gaming,2786
U16178,46,Other,Lucknow,iOS,4.4,24.9,276.5,67,5.0,1769,Gaming,6686
U16183,15,Female,Mumbai,Android,2.0,39.6,27.8,41,4.3,1476,Gaming,11027
U16185,60,Female,Delhi,Android,6.1,26.3,86.8,124,4.5,554,Gaming,8411
U16191,48,Male,Ahmedabad,iOS,7.2,4.3,258.3,119,4.3,1281,Gaming,7915
U16196,22,Other,Ahmedabad,iOS,7.6,3.4,64.1,42,1.3,1701,Gaming,10189
U16201,57,Female,Jaipur,Android,8.9,27.4,83.0,134,2.2,1825,Gaming,11591
U16206,49,Other,Chennai,iOS,8.6,6.4,54.7,112,3.8,523,Gaming,4519
U16212,17,Female,Hyderabad,iOS,11.3,9.8,24.5,48,4.0,1520,Gaming,4386
U16215,54,Other,Pune,Android,9.4,12.5,258.0,20,0.7,1018,Gaming,7592
U16227,34,Other,Chennai,Android,3.6,38.6,186.0,184,4.7,1801,Gaming,5739
U16234,57,Female,Delhi,iOS,6.7,11.2,126.3,97,3.6,955,Gaming,9808
U16239,27,Male,Kolkata,Android,7.5,32.1,125.3,98,3.0,916,Gaming,10779
U16240,20,Male,Bangalore,Android,1.5,48.0,238.2,127,4.5,1113,Gaming,5678
U16242,49,Male,Lucknow,Android,11.4,3.1,84.7,163,4.5,755,Gaming,1702
U16243,16,Female,Lucknow,Android,10.3,2.6,70.4,157,0.9,1064,Gaming,6935
U16247,20,Male,Lucknow,Android,10.1,16.9,179.8,74,1.2,517,Gaming,3319
U16248,15,Female,Bangalore,Android,4.7,23.3,64.4,65,5.0,945,Gaming,4092
U16249,57,Other,Delhi,Android,2.3,46.4,258.6,122,2.1,668,Gaming,3407
U16250,43,Female,Jaipur,Android,6.5,4.8,77.0,100,4.9,462,Gaming,1508
U16251,23,Female,Pune,iOS,5.0,42.3,10.7,184,1.9,1829,Gaming,10718
U16252,49,Male,Lucknow,Android,1.6,29.6,179.6,173,2.1,1449,Gaming,7850
U16255,38,Male,Pune,iOS,10.3,12.8,252.3,188,0.2,1842,Gaming,10465
U16257,60,Male,Ahmedabad,iOS,6.1,40.5,230.9,135,3.2,1032,Gaming,9872
U16261,29,Male,Kolkata,Android,3.1,16.8,24.4,42,4.2,1980,Gaming,8964
U16275,22,Female,Bangalore,Android,1.4,14.0,169.1,89,0.6,981,Gaming,9013
U16277,24,Female,Kolkata,Android,1.5,38.8,297.8,35,2.5,564,Gaming,1111
U16278,40,Other,Pune,iOS,11.9,1.1,168.3,169,4.9,742,Gaming,7045
U16283,55,Male,Lucknow,Android,9.3,22.9,93.2,21,0.5,601,Gaming,6838
U16286,53,Other,Lucknow,iOS,10.8,3.7,135.1,196,2.4,1384,Gaming,8530
U16288,43,Male,Kolkata,iOS,3.7,41.7,179.4,180,1.9,1451,Gaming,3704
U16289,45,Other,Hyderabad,iOS,6.2,34.1,290.0,139,2.7,213,Gaming,7848
U16293,23,Female,Delhi,Android,9.1,33.2,225.8,65,4.2,1851,Gaming,8872
U16295,56,Female,Pune,Android,4.8,40.4,54.4,106,2.9,1644,Gaming,3322
U16297,22,Other,Chennai,Android,6.3,27.1,288.6,84,0.2,551,Gaming,3870
U16308,58,Male,Delhi,iOS,2.2,38.8,61.2,119,0.6,1803,Gaming,7114
U16318,22,Other,Bangalore,iOS,10.3,28.6,67.6,85,1.7,1854,Gaming,3187
U16321,53,Other,Kolkata,Android,3.1,41.0,120.1,172,4.5,1522,Gaming,10301
U16322,25,Male,Chennai,Android,6.5,39.0,20.9,38,3.4,444,Gaming,7913
U16324,33,Other,Lucknow,iOS,1.1,15.5,53.8,11,2.0,144,Gaming,3505
U16329,32,Female,Chennai,Android,11.7,35.8,10.5,78,4.5,1562,Gaming,4821
U16340,43,Other,Chennai,iOS,10.5,6.0,227.1,81,3.2,181,Gaming,5208
U16346,58,Male,Lucknow,iOS,8.0,39.0,96.9,182,1.1,1061,Gaming,1939
U16347,42,Male,Lucknow,iOS,5.0,48.4,107.1,195,0.0,1682,Gaming,11538
U16350,32,Other,Delhi,Android,9.3,35.2,146.6,120,3.7,1326,Gaming,2204
U16368,45,Female,Hyderabad,iOS,10.2,8.8,186.4,157,4.9,654,Gaming,7684
U16374,22,Female,Delhi,iOS,4.4,45.2,21.3,185,1.0,296,Gaming,4568
U16392,52,Male,Bangalore,Android,7.6,22.5,251.7,162,2.4,1484,Gaming,8755
U16393,27,Female,Pune,iOS,9.5,9.6,131.5,169,2.2,634,Gaming,9975
U16404,18,Male,Jaipur,Android,1.4,8.8,133.1,97,4.3,1217,Gaming,6168
U16410,36,Male,Kolkata,Android,11.5,6.4,123.7,171,1.5,1973,Gaming,2370
U16411,54,Female,Kolkata,Android,8.5,2.4,286.3,175,3.5,1236,Gaming,4992
U16416,28,Female,Delhi,Android,9.6,6.4,14.6,47,2.9,992,Gaming,3245
U16418,48,Other,Chennai,Android,5.2,42.3,290.5,176,1.4,1527,Gaming,4862
U16426,46,Male,Kolkata,Android,2.5,33.3,253.5,84,0.1,299,Gaming,3573
U16428,49,Other,Mumbai,Android,1.1,2.1,68.1,150,4.6,1208,Gaming,4076
U16430,39,Male,Jaipur,iOS,3.1,5.1,190.8,145,3.1,1579,Gaming,8744
U16436,57,Female,Kolkata,Android,10.1,7.2,55.0,12,0.2,1355,Gaming,9796
U16440,54,Other,Delhi,Android,10.7,48.0,144.4,83,2.5,378,Gaming,2973
U16446,47,Other,Pune,Android,8.8,15.0,115.8,168,3.9,414,Gaming,5003
U16455,19,Male,Hyderabad,Android,6.1,5.7,296.0,136,2.0,1075,Gaming,7762
U16457,30,Female,Kolkata,Android,5.8,15.6,83.2,31,2.4,939,Gaming,9175
U16458,32,Other,Bangalore,iOS,1.6,10.3,74.2,107,0.5,1256,Gaming,6935
U16464,26,Female,Chennai,iOS,11.4,4.7,278.6,177,2.8,1473,Gaming,6077
U16479,29,Other,Ahmedabad,iOS,3.2,21.3,294.1,135,4.1,1460,Gaming,8523
U16485,53,Female,Kolkata,iOS,1.2,30.7,140.9,25,3.8,1347,Gaming,3132
U16486,48,Other,Hyderabad,Android,5.2,7.7,239.5,144,3.8,1995,Gaming,10834
U16487,40,Female,Pune,iOS,1.8,11.5,215.1,52,0.2,1202,Gaming,4241
U16502,44,Male,Delhi,Android,1.0,22.8,83.1,51,2.4,1110,Gaming,1571
U16503,52,Other,Kolkata,iOS,9.9,24.6,19.8,72,2.1,1960,Gaming,3413
U16506,54,Female,Delhi,iOS,3.7,43.9,68.6,159,0.7,1824,Gaming,11567
U16507,58,Other,Chennai,Android,1.4,21.2,102.9,55,4.0,1788,Gaming,8246
U16516,60,Female,Kolkata,Android,4.5,16.8,152.6,116,2.0,1017,Gaming,4086
U16519,46,Male,Chennai,Android,11.8,1.9,70.0,161,1.1,978,Gaming,1604
U16521,47,Male,Ahmedabad,iOS,2.7,11.0,54.1,65,2.1,118,Gaming,6548
U16523,16,Female,Ahmedabad,Android,7.3,2.3,83.1,154,4.5,1826,Gaming,5849
U16526,21,Female,Lucknow,iOS,3.9,12.7,59.8,96,2.9,554,Gaming,2664
U16530,15,Male,Pune,iOS,8.3,32.3,177.4,30,1.3,480,Gaming,1427
U16536,46,Female,Mumbai,Android,11.7,7.1,88.5,82,2.6,230,Gaming,9659
U16542,54,Female,Jaipur,Android,5.0,49.6,78.6,70,0.4,1729,Gaming,11645
U16543,21,Female,Mumbai,Android,2.9,42.8,279.6,128,2.6,1881,Gaming,10362
U16545,26,Male,Chennai,Android,8.9,35.9,53.3,134,3.9,477,Gaming,5297
U16566,56,Male,Ahmedabad,Android,1.6,36.2,77.9,119,0.3,251,Gaming,8487
U16567,33,Male,Lucknow,Android,1.7,13.0,59.9,198,0.6,1069,Gaming,3014
U16575,20,Other,Mumbai,iOS,8.9,19.7,188.8,153,4.3,1269,Gaming,8701
U16579,43,Male,Mumbai,Android,4.6,1.6,212.6,83,0.1,866,Gaming,5623
U16580,30,Other,Chennai,iOS,9.1,17.7,39.9,111,3.9,210,Gaming,8421
U16591,60,Female,Kolkata,Android,9.3,2.9,204.9,40,0.7,1423,Gaming,7727
U16597,30,Female,Lucknow,iOS,6.6,27.5,75.4,153,4.7,977,Gaming,1542
U16606,26,Male,Lucknow,iOS,8.3,24.4,120.3,166,0.7,1646,Gaming,10823
U16609,50,Male,Chennai,Android,10.6,43.0,247.6,12,2.6,1318,Gaming,11029
U16620,51,Male,Kolkata,iOS,4.3,31.1,25.4,20,1.4,1183,Gaming,6577
U16630,42,Other,Jaipur,Android,10.0,11.9,77.0,43,3.8,812,Gaming,9908
U16633,59,Female,Hyderabad,Android,10.3,38.6,290.4,188,2.5,1683,Gaming,7515
U16637,25,Male,Chennai,Android,9.4,2.1,67.1,45,3.8,112,Gaming,8118
U16640,52,Other,Lucknow,iOS,5.8,3.3,182.1,27,2.4,1176,Gaming,3294
U16642,58,Male,Jaipur,iOS,8.3,16.6,264.5,90,3.5,1731,Gaming,6307
U16645,23,Other,Mumbai,iOS,7.1,29.2,73.5,135,4.9,930,Gaming,1958
U16646,32,Male,Hyderabad,iOS,2.8,12.9,150.7,151,1.5,301,Gaming,4728
U16651,21,Female,Mumbai,iOS,3.5,26.9,47.5,27,3.6,1113,Gaming,2160
U16654,59,Female,Ahmedabad,Android,9.7,12.4,183.4,174,3.4,632,Gaming,9811
U16655,16,Female,Mumbai,iOS,8.6,47.6,294.5,49,1.8,1885,Gaming,10130
U16657,40,Other,Ahmedabad,iOS,1.1,30.0,56.7,107,1.1,230,Gaming,7129
U16658,18,Male,Mumbai,Android,4.0,33.0,239.1,148,1.2,1104,Gaming,6501
U16669,32,Female,Bangalore,iOS,10.0,24.5,214.4,85,3.8,1170,Gaming,3280
U16683,56,Other,Mumbai,iOS,10.2,14.6,213.7,135,1.1,1607,Gaming,7470
U16695,31,Other,Hyderabad,iOS,9.2,36.9,242.1,59,3.9,733,Gaming,6075
U16696,51,Other,Ahmedabad,iOS,5.6,47.9,287.9,48,4.0,1008,Gaming,10081
U16697,50,Male,Delhi,Android,4.4,16.5,156.0,156,0.7,1980,Gaming,6820
U16703,42,Other,Lucknow,iOS,8.1,48.1,209.9,153,2.0,790,Gaming,6045
U16706,54,Male,Chennai,iOS,9.8,7.5,52.4,97,1.1,1672,Gaming,8099
U16730,41,Female,Mumbai,iOS,2.9,7.6,21.2,17,1.3,1747,Gaming,6004
U16732,34,Male,Delhi,Android,10.0,20.4,20.8,32,2.6,1117,Gaming,8891
U16744,60,Male,Mumbai,Android,1.6,20.1,112.6,116,1.0,1399,Gaming,7707
U16747,29,Other,Lucknow,iOS,5.1,42.5,14.9,123,4.4,986,Gaming,3759
U16750,22,Female,Delhi,Android,8.9,1.9,47.8,29,3.0,321,Gaming,5236
U16751,26,Male,Lucknow,Android,3.6,9.9,113.5,32,0.2,1305,Gaming,3909
U16779,15,Female,Hyderabad,iOS,5.0,38.1,10.4,60,0.4,852,Gaming,2788
U16784,30,Female,Ahmedabad,Android,8.8,11.8,254.8,89,2.6,427,Gaming,1859
U16788,27,Female,Lucknow,iOS,11.6,23.2,55.4,178,3.8,397,Gaming,7169
U16790,30,Female,Hyderabad,iOS,5.0,3.2,13.0,149,2.4,253,Gaming,7530
U16792,19,Other,Kolkata,Android,4.0,15.5,227.8,177,4.8,1086,Gaming,4857
U16793,34,Female,Pune,Android,2.3,49.5,202.2,152,4.2,1675,Gaming,4391
U16799,25,Female,Delhi,iOS,11.3,31.4,276.0,26,0.6,395,Gaming,4329
U16802,29,Male,Delhi,iOS,11.6,16.1,174.5,47,0.0,1018,Gaming,4241
U16805,16,Female,Jaipur,Android,7.2,22.4,292.8,163,3.1,1524,Gaming,9962
U16823,59,Other,Ahmedabad,iOS,1.0,20.6,223.9,115,2.8,268,Gaming,7848
U16824,37,Other,Chennai,Android,4.1,16.7,30.9,98,3.8,199,Gaming,829
U16826,38,Female,Chennai,Android,6.8,32.7,191.1,174,2.1,1687,Gaming,3031
U16831,58,Male,Chennai,iOS,6.1,26.0,240.5,159,3.1,1734,Gaming,7899
U16842,17,Other,Delhi,iOS,4.7,43.7,73.4,25,1.5,412,Gaming,9581
U16844,50,Female,Lucknow,iOS,11.0,29.7,218.5,141,0.5,1634,Gaming,2673
U16847,32,Female,Bangalore,iOS,5.6,7.8,88.7,151,0.6,1357,Gaming,9665
U16852,46,Male,Pune,iOS,8.8,11.3,64.6,48,4.8,1484,Gaming,1841
U16855,16,Male,Hyderabad,Android,7.4,25.9,224.5,28,0.1,930,Gaming,2912
U16869,22,Other,Bangalore,Android,8.4,6.4,224.7,110,2.6,1185,Gaming,6039
U16873,29,Female,Delhi,iOS,5.4,34.4,192.4,153,1.6,556,Gaming,8928
U16875,53,Other,Lucknow,iOS,6.0,47.1,26.0,13,1.6,1991,Gaming,8910
U16883,49,Male,Pune,Android,11.2,30.0,125.2,193,4.3,282,Gaming,7443
U16886,42,Male,Jaipur,Android,1.2,15.3,21.1,42,0.1,1140,Gaming,4037
U16889,60,Other,Pune,iOS,6.3,30.5,14.8,113,0.2,1789,Gaming,10808
U16902,38,Female,Delhi,iOS,9.1,21.6,68.8,110,3.5,790,Gaming,7529
U16903,59,Male,Jaipur,iOS,7.1,6.4,102.0,141,4.8,173,Gaming,5827
U16905,27,Female,Kolkata,iOS,4.2,23.2,107.8,52,3.5,1331,Gaming,1969
U16913,29,Female,Mumbai,Android,8.6,21.2,251.3,108,2.4,570,Gaming,10465
U16918,18,Male,Bangalore,Android,8.7,3.2,69.1,63,4.4,444,Gaming,1335
U16923,15,Other,Ahmedabad,iOS,8.7,31.8,157.0,161,1.8,569,Gaming,8582
U16927,58,Other,Lucknow,Android,3.0,25.8,196.4,131,2.4,1107,Gaming,1375
U16929,36,Female,Delhi,Android,11.0,47.9,167.6,189,3.0,1860,Gaming,7862
U16930,26,Female,Bangalore,iOS,7.3,7.9,157.6,193,2.0,446,Gaming,5661
U16937,52,Female,Mumbai,Android,6.9,31.2,262.6,196,2.8,855,Gaming,8670
U16938,34,Other,Hyderabad,Android,11.1,38.5,262.1,50,3.5,1994,Gaming,3013
U16944,33,Female,Kolkata,iOS,5.3,38.2,232.0,186,2.4,1430,Gaming,8504
U16947,54,Other,Chennai,Android,7.4,8.8,276.4,150,1.7,1260,Gaming,3238
U16948,44,Female,Chennai,Android,2.1,38.8,185.4,123,1.4,103,Gaming,2220
U16949,33,Female,Chennai,Android,1.8,33.6,174.2,83,4.6,695,Gaming,6304
U16954,39,Male,Jaipur,Android,8.9,48.4,175.2,168,2.7,167,Gaming,4175
U16962,39,Male,Mumbai,Android,2.8,32.7,177.1,55,3.6,367,Gaming,9592
U16976,37,Female,Delhi,iOS,10.6,7.7,267.6,52,0.4,1690,Gaming,5297
U16977,23,Female,Pune,iOS,3.5,3.7,157.2,87,0.4,1842,Gaming,9920
U16980,58,Other,Bangalore,iOS,5.4,9.7,282.8,29,0.4,776,Gaming,4058
U16986,36,Female,Pune,Android,10.8,27.6,295.9,137,2.0,141,Gaming,8540
U16990,46,Male,Kolkata,iOS,9.6,10.1,221.8,131,3.9,1861,Gaming,2801
U16991,22,Other,Bangalore,iOS,6.7,5.9,196.6,165,4.2,744,Gaming,870
U16992,28,Female,Mumbai,Android,5.7,45.6,30.7,171,1.1,1557,Gaming,8754
U16998,21,Female,Jaipur,iOS,6.5,43.5,204.9,88,1.1,170,Gaming,841
U16999,16,Female,Bangalore,iOS,3.3,35.8,14.3,142,2.2,309,Gaming,6816
U17003,29,Male,Ahmedabad,Android,5.4,48.3,51.8,82,0.1,694,Gaming,7819
U17008,21,Other,Bangalore,iOS,3.8,23.0,244.9,46,1.0,680,Gaming,1837
U17009,16,Female,Chennai,iOS,2.7,42.5,101.9,30,4.7,1102,Gaming,7609
U17016,59,Other,Chennai,iOS,11.2,43.7,68.0,59,1.6,979,Gaming,7950
U17018,47,Other,Chennai,Android,5.8,48.6,259.3,78,1.2,381,Gaming,7166
U17041,60,Female,Delhi,iOS,8.7,14.5,13.3,108,2.6,1110,Gaming,10236
U17045,55,Male,Lucknow,Android,10.3,35.4,81.3,184,0.7,792,Gaming,8428
U17046,45,Other,Chennai,Android,4.5,7.2,98.3,114,1.5,1921,Gaming,10549
U17048,21,Male,Kolkata,Android,7.1,6.8,51.2,55,3.7,1639,Gaming,5888
U17049,49,Female,Bangalore,iOS,2.2,7.7,48.2,56,3.7,961,Gaming,2596
U17051,42,Other,Jaipur,iOS,3.0,5.6,264.3,98,4.1,787,Gaming,9773
U17052,19,Other,Chennai,Android,3.5,2.3,113.5,156,3.2,986,Gaming,8880
U17053,24,Male,Kolkata,Android,10.7,42.4,13.1,76,4.6,865,Gaming,1144
U17055,23,Male,Hyderabad,iOS,5.2,22.3,182.0,29,2.2,888,Gaming,1729
U17058,22,Male,Pune,Android,3.5,4.6,43.0,83,0.6,555,Gaming,6900
U17059,54,Other,Kolkata,Android,5.0,27.9,161.0,135,4.8,596,Gaming,5683
U17061,35,Other,Delhi,Android,8.7,39.0,184.6,105,3.3,1638,Gaming,2100
U17062,36,Male,Delhi,iOS,5.7,49.8,58.6,95,0.0,1397,Gaming,2581
U17065,51,Other,Pune,iOS,3.0,28.4,240.5,153,4.0,485,Gaming,1324
U17072,39,Male,Pune,iOS,3.6,33.7,37.7,98,3.1,946,Gaming,9718
U17083,22,Female,Kolkata,Android,9.9,44.5,18.1,58,2.6,431,Gaming,6032
U17085,40,Other,Chennai,iOS,9.4,37.4,88.8,95,3.0,1642,Gaming,6671
U17088,20,Other,Lucknow,iOS,2.8,23.0,21.6,193,3.0,1755,Gaming,6473
U17098,15,Male,Mumbai,Android,7.6,22.7,13.7,34,2.8,999,Gaming,2405
U17099,28,Male,Mumbai,Android,7.0,30.7,36.9,95,2.0,976,Gaming,9305
U17106,40,Female,Hyderabad,iOS,5.6,26.6,98.7,180,1.2,1849,Gaming,10608
U17117,23,Other,Kolkata,iOS,10.6,21.9,176.5,55,3.7,1927,Gaming,6731
U17124,59,Female,Lucknow,Android,3.7,7.1,148.7,20,1.5,1514,Gaming,8116
U17128,36,Female,Chennai,Android,8.7,5.6,138.5,161,4.0,1864,Gaming,8113
U17130,57,Other,Delhi,iOS,2.5,23.6,239.7,130,4.2,533,Gaming,1349
U17131,29,Other,Ahmedabad,iOS,11.0,11.9,113.8,95,3.2,1493,Gaming,5656
U17133,28,Other,Lucknow,iOS,6.8,16.2,122.4,101,3.2,757,Gaming,2179
U17137,58,Other,Kolkata,iOS,4.0,22.3,9.5,106,1.2,1408,Gaming,6101
U17148,37,Female,Kolkata,Android,7.7,17.9,22.9,148,4.9,503,Gaming,9284
U17149,53,Female,Hyderabad,Android,5.5,17.8,159.7,46,4.4,326,Gaming,8967
U17156,17,Other,Lucknow,iOS,10.3,40.9,113.0,190,2.2,830,Gaming,5890
U17159,54,Female,Jaipur,iOS,11.7,23.6,94.2,130,4.0,580,Gaming,10182
U17160,43,Male,Mumbai,iOS,3.6,48.3,210.9,31,2.8,397,Gaming,6682
U17164,15,Male,Jaipur,Android,4.0,26.4,294.6,70,3.2,311,Gaming,7464
U17166,35,Other,Hyderabad,iOS,5.0,29.5,174.7,111,0.8,1608,Gaming,2336
U17170,59,Other,Chennai,Android,9.9,23.8,200.9,147,3.8,1872,Gaming,7505
U17178,15,Male,Hyderabad,Android,6.1,4.8,74.2,43,2.1,1127,Gaming,2085
U17179,48,Female,Bangalore,iOS,6.0,25.6,260.5,32,1.4,1616,Gaming,6532
U17185,40,Other,Kolkata,iOS,1.3,37.0,37.5,83,2.5,418,Gaming,1479
U17190,40,Other,Delhi,Android,9.9,30.1,62.3,58,0.8,136,Gaming,7948
U17195,25,Other,Jaipur,iOS,1.3,25.4,104.7,196,0.7,1968,Gaming,6895
U17202,60,Other,Kolkata,Android,9.5,9.5,126.3,195,2.1,1398,Gaming,2385
U17204,56,Male,Mumbai,Android,3.3,19.4,115.7,195,3.7,1914,Gaming,4551
U17212,31,Male,Chennai,iOS,11.7,9.4,47.7,71,2.6,182,Gaming,3192
U17220,41,Female,Kolkata,iOS,5.9,17.1,280.3,155,0.1,1801,Gaming,8740
U17224,38,Other,Delhi,iOS,2.2,39.8,218.5,71,1.5,707,Gaming,3200
U17232,26,Other,Ahmedabad,iOS,2.9,29.2,146.8,143,4.0,1914,Gaming,5285
U17234,56,Other,Bangalore,Android,3.8,18.8,268.5,196,2.0,1629,Gaming,9566
U17238,42,Female,Delhi,iOS,4.8,18.1,268.8,51,2.5,1860,Gaming,6080
U17245,18,Other,Bangalore,Android,5.8,49.3,58.9,37,4.0,1321,Gaming,4836
U17253,45,Other,Jaipur,Android,4.2,8.2,295.2,153,2.6,892,Gaming,9417
U17256,32,Other,Chennai,iOS,8.0,30.4,160.1,181,0.6,1073,Gaming,4069
U17257,31,Female,Delhi,Android,9.2,7.3,7.8,139,0.5,1020,Gaming,3497
U17261,60,Male,Delhi,Android,6.0,23.0,289.4,156,3.7,1865,Gaming,8737
U17265,36,Female,Ahmedabad,Android,9.4,40.6,105.8,109,4.3,1217,Gaming,9566
U17271,17,Other,Pune,Android,2.1,12.0,109.1,14,5.0,1811,Gaming,3989
U17282,28,Male,Bangalore,iOS,10.1,4.9,140.0,86,4.5,1731,Gaming,6324
U17283,44,Male,Mumbai,Android,1.8,19.0,238.9,47,4.7,123,Gaming,1037
U17309,38,Female,Mumbai,iOS,4.2,36.8,298.9,141,1.3,1683,Gaming,2966
U17311,18,Female,Lucknow,Android,11.7,42.2,115.4,176,0.2,115,Gaming,8551
U17312,21,Female,Hyderabad,iOS,8.6,45.2,113.9,125,0.7,1396,Gaming,5187
U17316,54,Female,Mumbai,Android,10.9,43.8,48.7,48,1.3,1685,Gaming,5274
U17323,54,Male,Lucknow,iOS,1.8,18.2,254.7,106,4.4,396,Gaming,9322
U17325,22,Other,Mumbai,Android,3.6,48.2,229.4,101,4.2,429,Gaming,8843
U17331,46,Male,Delhi,Android,5.3,21.4,7.8,173,3.9,328,Gaming,3567
U17335,18,Female,Hyderabad,iOS,11.2,24.5,281.9,34,2.6,1892,Gaming,11184
U17338,17,Female,Kolkata,Android,2.7,21.3,245.2,94,4.8,126,Gaming,8942
U17339,60,Other,Jaipur,iOS,2.7,15.1,161.3,196,3.7,384,Gaming,4325
U17345,54,Female,Ahmedabad,iOS,7.5,27.7,10.7,69,1.2,938,Gaming,1048
U17348,22,Female,Mumbai,iOS,5.5,9.0,178.5,72,4.2,1262,Gaming,3365
U17354,60,Male,Jaipur,Android,8.1,27.5,151.4,173,3.0,1358,Gaming,8873
U17355,17,Female,Bangalore,Android,3.3,38.2,226.5,162,3.4,1962,Gaming,7587
U17356,44,Other,Lucknow,iOS,3.9,24.8,291.1,135,1.3,1882,Gaming,8515
U17361,47,Other,Pune,Android,8.2,15.5,87.5,104,0.9,403,Gaming,5051
U17365,42,Other,Chennai,Android,2.1,34.7,206.7,190,0.6,1195,Gaming,5797
U17376,60,Male,Mumbai,Android,5.9,30.9,127.8,114,0.1,370,Gaming,4627
U17379,39,Other,Lucknow,iOS,5.9,46.5,228.3,145,2.8,1018,Gaming,3634
U17382,26,Female,Pune,Android,1.3,30.2,123.6,200,1.1,1539,Gaming,6651
U17392,29,Other,Pune,iOS,4.1,7.0,177.0,10,3.9,1915,Gaming,5835
U17399,25,Female,Bangalore,iOS,5.1,15.5,159.4,142,1.6,595,Gaming,10418
U17403,57,Female,Lucknow,iOS,3.9,17.2,132.2,127,0.9,419,Gaming,6936
U17404,42,Male,Bangalore,Android,7.4,46.7,234.2,169,0.9,1329,Gaming,7352
U17407,51,Other,Mumbai,Android,1.3,10.0,206.2,94,4.9,666,Gaming,9247
U17408,44,Other,Chennai,iOS,2.7,14.6,111.6,86,2.0,235,Gaming,7568
U17419,47,Other,Lucknow,Android,3.3,4.2,45.7,24,0.5,1518,Gaming,1624
U17424,18,Male,Kolkata,iOS,9.8,11.4,164.2,135,1.3,1512,Gaming,4077
U17429,29,Male,Pune,Android,8.6,16.4,154.1,196,3.1,1331,Gaming,9195
U17430,39,Male,Hyderabad,Android,2.9,29.5,81.1,122,1.0,105,Gaming,6137
U17432,56,Other,Chennai,iOS,9.6,44.9,123.6,42,1.9,217,Gaming,9475
U17433,57,Male,Jaipur,Android,11.5,17.4,211.0,116,0.6,1222,Gaming,1390
U17441,26,Other,Bangalore,Android,6.1,12.1,174.3,151,1.8,318,Gaming,5746
U17450,57,Other,Delhi,iOS,9.4,40.6,287.8,49,3.5,1126,Gaming,6292
U17452,33,Other,Hyderabad,iOS,7.1,39.1,198.6,112,4.5,158,Gaming,770
U17456,44,Female,Jaipur,Android,11.6,31.5,168.0,196,0.3,527,Gaming,3538
U17458,51,Female,Ahmedabad,iOS,7.0,30.4,182.1,167,3.8,591,Gaming,9029
U17463,31,Other,Chennai,iOS,3.0,9.0,63.2,182,1.4,674,Gaming,5451
U17464,22,Male,Jaipur,iOS,3.5,5.0,293.7,198,2.3,798,Gaming,7238
U17474,39,Other,Mumbai,Android,10.5,49.1,287.4,92,3.4,389,Gaming,4800
U17478,22,Male,Mumbai,Android,1.4,31.0,144.8,141,3.9,319,Gaming,2843
U17501,50,Other,Delhi,Android,11.1,18.9,40.3,40,1.2,726,Gaming,8060
U17507,26,Female,Delhi,Android,5.0,43.9,7.4,82,1.5,1098,Gaming,3019
U17508,50,Other,Jaipur,Android,5.4,49.7,202.4,131,1.8,704,Gaming,3312
U17512,22,Male,Kolkata,Android,8.7,13.7,108.9,57,2.4,1460,Gaming,3838
U17521,53,Female,Delhi,iOS,10.3,15.2,177.7,193,3.0,609,Gaming,10510
U17523,40,Other,Mumbai,iOS,11.9,32.8,253.1,152,4.4,1752,Gaming,9657
U17524,31,Female,Ahmedabad,iOS,3.5,37.4,110.3,128,0.7,947,Gaming,3983
U17526,38,Female,Pune,iOS,7.7,38.3,280.4,132,0.8,131,Gaming,2493
U17531,48,Female,Bangalore,Android,7.1,15.9,164.5,13,0.4,1162,Gaming,9371
U17537,32,Other,Pune,iOS,7.7,5.3,101.5,198,1.6,855,Gaming,9949
U17541,48,Male,Jaipur,iOS,4.0,20.5,107.8,46,4.7,127,Gaming,9263
U17542,52,Male,Bangalore,iOS,1.2,38.7,92.6,189,3.8,526,Gaming,1433
U17544,15,Female,Lucknow,Android,8.2,23.3,109.7,58,3.6,268,Gaming,9779
U17549,60,Other,Bangalore,iOS,6.0,33.0,31.5,69,2.8,359,Gaming,1659
U17551,25,Male,Lucknow,iOS,7.8,45.9,190.9,50,2.0,458,Gaming,975
U17553,45,Other,Mumbai,iOS,7.7,13.1,102.1,31,3.9,872,Gaming,5820
U17558,53,Male,Bangalore,Android,4.8,36.8,16.8,140,0.8,1166,Gaming,6246
U17567,35,Other,Ahmedabad,iOS,4.4,38.4,28.1,29,1.9,533,Gaming,9312
U17571,42,Male,Chennai,iOS,4.9,3.5,223.4,66,0.4,1055,Gaming,10852
U17572,60,Female,Pune,iOS,3.3,7.0,159.7,136,1.1,1109,Gaming,8189
U17574,34,Other,Kolkata,Android,9.9,7.6,134.9,139,4.4,878,Gaming,10504
U17586,42,Other,Delhi,Android,6.3,36.2,188.0,40,1.5,1034,Gaming,7655
U17593,60,Other,Lucknow,Android,9.9,10.5,51.6,149,1.6,1263,Gaming,4085
U17594,28,Female,Bangalore,Android,5.5,39.5,234.3,48,2.7,207,Gaming,1226
U17598,17,Other,Ahmedabad,iOS,3.9,7.8,160.7,32,1.8,477,Gaming,9589
U17607,28,Female,Kolkata,iOS,5.4,31.1,184.3,36,0.2,1836,Gaming,7316
U17613,43,Male,Delhi,Android,6.9,16.6,103.6,123,1.1,964,Gaming,2385
U17618,58,Other,Chennai,Android,8.7,30.7,46.6,13,1.2,1908,Gaming,2402
U17622,51,Female,Chennai,iOS,8.9,18.6,83.8,34,4.0,473,Gaming,7258
U17630,41,Male,Pune,Android,4.9,41.5,95.0,27,1.1,1308,Gaming,6703
U17631,40,Other,Mumbai,Android,6.3,46.0,49.2,143,3.8,982,Gaming,10540
U17636,37,Male,Pune,Android,8.6,20.5,19.5,63,3.8,1616,Gaming,6915
U17637,32,Male,Pune,iOS,6.5,19.8,23.7,23,1.8,230,Gaming,3521
U17639,19,Male,Pune,Android,7.1,42.0,299.0,42,3.7,1207,Gaming,2149
U17640,22,Other,Jaipur,Android,7.5,8.7,8.1,16,4.0,1414,Gaming,3836
U17649,50,Female,Jaipur,iOS,11.6,46.8,254.9,47,1.4,1236,Gaming,9475
U17650,24,Female,Jaipur,iOS,1.9,2.0,279.3,109,1.2,1082,Gaming,1897
U17653,19,Female,Jaipur,Android,4.0,39.9,50.9,63,1.5,1771,Gaming,4767
U17655,40,Male,Jaipur,Android,4.2,25.7,127.7,189,4.2,1850,Gaming,5822
U17661,46,Male,Ahmedabad,Android,4.5,23.0,243.6,110,1.3,874,Gaming,2153
U17686,43,Other,Kolkata,iOS,5.6,22.5,215.2,78,3.6,1098,Gaming,6430
